ISO-10303-21;
HEADER;
FILE_DESCRIPTION(('Open CASCADE Model'),'2;1');
FILE_NAME('Open CASCADE Shape Model','2026-08-05T21:01:33',('Author'),(
    'Open CASCADE'),'Open CASCADE STEP processor 7.9','Open CASCADE 7.9'
  ,'Unknown');
FILE_SCHEMA(('AUTOMOTIVE_DESIGN { 1 0 10303 214 1 1 1 1 }'));
ENDSEC;
DATA;
#1 = APPLICATION_PROTOCOL_DEFINITION('international standard',
  'automotive_design',2000,#2);
#2 = APPLICATION_CONTEXT(
  'core data for automotive mechanical design processes');
#3 = SHAPE_DEFINITION_REPRESENTATION(#4,#10);
#4 = PRODUCT_DEFINITION_SHAPE('','',#5);
#5 = PRODUCT_DEFINITION('design','',#6,#9);
#6 = PRODUCT_DEFINITION_FORMATION('','',#7);
#7 = PRODUCT('Open CASCADE STEP translator 7.9 1',
  'Open CASCADE STEP translator 7.9 1','',(#8));
#8 = PRODUCT_CONTEXT('',#2,'mechanical');
#9 = PRODUCT_DEFINITION_CONTEXT('part definition',#2,'design');
#10 = SHAPE_REPRESENTATION('',(#11,#15,#19,#23,#27,#31),#35);
#11 = AXIS2_PLACEMENT_3D('',#12,#13,#14);
#12 = CARTESIAN_POINT('',(0.,0.,0.));
#13 = DIRECTION('',(0.,0.,1.));
#14 = DIRECTION('',(1.,0.,-0.));
#15 = AXIS2_PLACEMENT_3D('',#16,#17,#18);
#16 = CARTESIAN_POINT('',(0.,0.,0.));
#17 = DIRECTION('',(0.,0.,1.));
#18 = DIRECTION('',(1.,0.,-0.));
#19 = AXIS2_PLACEMENT_3D('',#20,#21,#22);
#20 = CARTESIAN_POINT('',(0.,0.,0.));
#21 = DIRECTION('',(0.,0.,1.));
#22 = DIRECTION('',(1.,0.,-0.));
#23 = AXIS2_PLACEMENT_3D('',#24,#25,#26);
#24 = CARTESIAN_POINT('',(0.,-34.8,30.));
#25 = DIRECTION('',(0.,-1.,0.));
#26 = DIRECTION('',(1.,0.,0.));
#27 = AXIS2_PLACEMENT_3D('',#28,#29,#30);
#28 = CARTESIAN_POINT('',(0.,-34.8,30.));
#29 = DIRECTION('',(0.,-1.,0.));
#30 = DIRECTION('',(1.,0.,0.));
#31 = AXIS2_PLACEMENT_3D('',#32,#33,#34);
#32 = CARTESIAN_POINT('',(0.,-34.8,30.));
#33 = DIRECTION('',(0.,-1.,0.));
#34 = DIRECTION('',(1.,0.,0.));
#35 = ( GEOMETRIC_REPRESENTATION_CONTEXT(3) 
GLOBAL_UNCERTAINTY_ASSIGNED_CONTEXT((#39)) GLOBAL_UNIT_ASSIGNED_CONTEXT(
(#36,#37,#38)) REPRESENTATION_CONTEXT('Context #1',
  '3D Context with UNIT and UNCERTAINTY') );
#36 = ( LENGTH_UNIT() NAMED_UNIT(*) SI_UNIT(.MILLI.,.METRE.) );
#37 = ( NAMED_UNIT(*) PLANE_ANGLE_UNIT() SI_UNIT($,.RADIAN.) );
#38 = ( NAMED_UNIT(*) SI_UNIT($,.STERADIAN.) SOLID_ANGLE_UNIT() );
#39 = UNCERTAINTY_MEASURE_WITH_UNIT(LENGTH_MEASURE(5.E-07),#36,
  'distance_accuracy_value','confusion accuracy');
#40 = PRODUCT_RELATED_PRODUCT_CATEGORY('part',$,(#7));
#41 = SHAPE_DEFINITION_REPRESENTATION(#42,#48);
#42 = PRODUCT_DEFINITION_SHAPE('','',#43);
#43 = PRODUCT_DEFINITION('design','',#44,#47);
#44 = PRODUCT_DEFINITION_FORMATION('','',#45);
#45 = PRODUCT('Open CASCADE STEP translator 7.9 1.1',
  'Open CASCADE STEP translator 7.9 1.1','',(#46));
#46 = PRODUCT_CONTEXT('',#2,'mechanical');
#47 = PRODUCT_DEFINITION_CONTEXT('part definition',#2,'design');
#48 = ADVANCED_BREP_SHAPE_REPRESENTATION('',(#11,#49),#2893);
#49 = MANIFOLD_SOLID_BREP('',#50);
#50 = CLOSED_SHELL('',(#51,#900,#926,#931,#957,#962,#997,#1056,#1320,
    #1634,#1689,#2094,#2827,#2853,#2879,#2886));
#51 = ADVANCED_FACE('',(#52,#402,#657),#77,.T.);
#52 = FACE_BOUND('',#53,.T.);
#53 = EDGE_LOOP('',(#54,#301,#351,#352));
#54 = ORIENTED_EDGE('',*,*,#55,.F.);
#55 = EDGE_CURVE('',#56,#58,#60,.T.);
#56 = VERTEX_POINT('',#57);
#57 = CARTESIAN_POINT('',(30.,0.,0.));
#58 = VERTEX_POINT('',#59);
#59 = CARTESIAN_POINT('',(23.1,0.,92.));
#60 = SEAM_CURVE('',#61,(#76,#294),.PCURVE_S1.);
#61 = ( BOUNDED_CURVE() B_SPLINE_CURVE(3,(#62,#63,#64,#65,#66,#67,#68,
    #69,#70,#71,#72,#73,#74,#75),.UNSPECIFIED.,.F.,.F.) 
B_SPLINE_CURVE_WITH_KNOTS((4,1,1,1,1,1,1,1,1,1,1,4),(0.,
    4.579008005579E-02,9.702069105622E-02,0.545482166273,0.657873118079,
    0.734828180939,0.812075293297,0.872493718083,0.913876484981,
0.954645710001,0.97961538749,1.),.UNSPECIFIED.) CURVE() 
GEOMETRIC_REPRESENTATION_ITEM() RATIONAL_B_SPLINE_CURVE((1.,1.,1.,1.,1.,
    1.,1.,1.,1.,1.,1.,1.000000000001,0.999999999999,1.)) 
REPRESENTATION_ITEM('') );
#62 = CARTESIAN_POINT('',(30.,4.420639675098E-15,0.));
#63 = CARTESIAN_POINT('',(31.465143575764,1.891418455991E-14,
    0.896629584989));
#64 = CARTESIAN_POINT('',(33.049212624446,2.289486355213E-14,
    2.745484831954));
#65 = CARTESIAN_POINT('',(32.858999342918,-4.743248980672E-14,
    22.181376230497));
#66 = CARTESIAN_POINT('',(32.934986067454,-4.892638665708E-15,
    40.753321031017));
#67 = CARTESIAN_POINT('',(33.055595542185,1.517297070386E-14,
    61.972592144051));
#68 = CARTESIAN_POINT('',(30.459368399314,3.555231282299E-14,
    70.236436902927));
#69 = CARTESIAN_POINT('',(26.903929040617,3.633782571361E-14,
    75.618526409961));
#70 = CARTESIAN_POINT('',(23.833929026185,-4.127144870498E-14,
    79.94108665347));
#71 = CARTESIAN_POINT('',(21.757006599032,-6.76534879293E-15,
    83.778043558037));
#72 = CARTESIAN_POINT('',(21.491099353222,-4.7009611636E-15,
    87.716702984429));
#73 = CARTESIAN_POINT('',(23.144360384944,-2.642170667334E-14,
    89.869518240163));
#74 = CARTESIAN_POINT('',(23.578258469467,-3.074593302241E-14,
    91.055589339382));
#75 = CARTESIAN_POINT('',(23.1,-2.542171076189E-14,92.));
#76 = PCURVE('',#77,#288);
#77 = ( BOUNDED_SURFACE() B_SPLINE_SURFACE(14,3,(
    (#78,#79,#80,#81,#82,#83,#84,#85,#86,#87,#88,#89,#90,#91)
    ,(#92,#93,#94,#95,#96,#97,#98,#99,#100,#101,#102,#103,#104,#105)
    ,(#106,#107,#108,#109,#110,#111,#112,#113,#114,#115,#116,#117,#118
      ,#119)
    ,(#120,#121,#122,#123,#124,#125,#126,#127,#128,#129,#130,#131,#132
      ,#133)
    ,(#134,#135,#136,#137,#138,#139,#140,#141,#142,#143,#144,#145,#146
      ,#147)
    ,(#148,#149,#150,#151,#152,#153,#154,#155,#156,#157,#158,#159,#160
      ,#161)
    ,(#162,#163,#164,#165,#166,#167,#168,#169,#170,#171,#172,#173,#174
      ,#175)
    ,(#176,#177,#178,#179,#180,#181,#182,#183,#184,#185,#186,#187,#188
      ,#189)
    ,(#190,#191,#192,#193,#194,#195,#196,#197,#198,#199,#200,#201,#202
      ,#203)
    ,(#204,#205,#206,#207,#208,#209,#210,#211,#212,#213,#214,#215,#216
      ,#217)
    ,(#218,#219,#220,#221,#222,#223,#224,#225,#226,#227,#228,#229,#230
      ,#231)
    ,(#232,#233,#234,#235,#236,#237,#238,#239,#240,#241,#242,#243,#244
      ,#245)
    ,(#246,#247,#248,#249,#250,#251,#252,#253,#254,#255,#256,#257,#258
      ,#259)
    ,(#260,#261,#262,#263,#264,#265,#266,#267,#268,#269,#270,#271,#272
      ,#273)
    ,(#274,#275,#276,#277,#278,#279,#280,#281,#282,#283,#284,#285,#286
,#287
    )),.UNSPECIFIED.,.T.,.F.,.F.) B_SPLINE_SURFACE_WITH_KNOTS((15,15),(4
    ,1,1,1,1,1,1,1,1,1,1,4),(0.,1.),(0.,4.579008005579E-02,
    9.702069105622E-02,0.545482166273,0.657873118079,0.734828180939,
    0.812075293297,0.872493718083,0.913876484981,0.954645710001,
0.97961538749,1.),.UNSPECIFIED.) GEOMETRIC_REPRESENTATION_ITEM() 
RATIONAL_B_SPLINE_SURFACE((
    (1.,1.,1.,1.,1.,1.,1.,1.,1.,1.,1.,1.000000000001,0.999999999999,1.)
    ,(1.,1.,1.,1.,1.,1.,1.,1.,1.,1.,1.,1.000000000001,0.999999999999,1.)
    ,(1.,1.,1.,1.,1.,1.,1.,1.,1.,1.,1.,1.000000000001,0.999999999999,1.)
    ,(1.,1.,1.,1.,1.,1.,1.,1.,1.,1.,1.,1.000000000001,0.999999999999,1.)
    ,(1.,1.,1.,1.,1.,1.,1.,1.,1.,1.,1.,1.000000000001,0.999999999999,1.)
    ,(1.,1.,1.,1.,1.,1.,1.,1.,1.,1.,1.,1.000000000001,0.999999999999,1.)
    ,(1.,1.,1.,1.,1.,1.,1.,1.,1.,1.,1.,1.000000000001,0.999999999999,1.)
    ,(1.,1.,1.,1.,1.,1.,1.,1.,1.,1.,1.,1.000000000001,0.999999999999,1.)
    ,(1.,1.,1.,1.,1.,1.,1.,1.,1.,1.,1.,1.000000000001,0.999999999999,1.)
    ,(1.,1.,1.,1.,1.,1.,1.,1.,1.,1.,1.,1.000000000001,0.999999999999,1.)
    ,(1.,1.,1.,1.,1.,1.,1.,1.,1.,1.,1.,1.000000000001,0.999999999999,1.)
    ,(1.,1.,1.,1.,1.,1.,1.,1.,1.,1.,1.,1.000000000001,0.999999999999,1.)
    ,(1.,1.,1.,1.,1.,1.,1.,1.,1.,1.,1.,1.000000000001,0.999999999999,1.)
    ,(1.,1.,1.,1.,1.,1.,1.,1.,1.,1.,1.,1.000000000001,0.999999999999,1.)
    ,(1.,1.,1.,1.,1.,1.,1.,1.,1.,1.,1.,1.000000000001,0.999999999999,1.
))) REPRESENTATION_ITEM('') SURFACE() );
#78 = CARTESIAN_POINT('',(30.,4.420639675098E-15,0.));
#79 = CARTESIAN_POINT('',(31.465143575764,1.891418455991E-14,
    0.896629584989));
#80 = CARTESIAN_POINT('',(33.049212624446,2.289486355213E-14,
    2.745484831954));
#81 = CARTESIAN_POINT('',(32.858999342918,-4.743248980672E-14,
    22.181376230497));
#82 = CARTESIAN_POINT('',(32.934986067454,-4.892638665708E-15,
    40.753321031017));
#83 = CARTESIAN_POINT('',(33.055595542185,1.517297070386E-14,
    61.972592144051));
#84 = CARTESIAN_POINT('',(30.459368399314,3.555231282299E-14,
    70.236436902927));
#85 = CARTESIAN_POINT('',(26.903929040617,3.633782571361E-14,
    75.618526409961));
#86 = CARTESIAN_POINT('',(23.833929026185,-4.127144870498E-14,
    79.94108665347));
#87 = CARTESIAN_POINT('',(21.757006599032,-6.76534879293E-15,
    83.778043558037));
#88 = CARTESIAN_POINT('',(21.491099353222,-4.7009611636E-15,
    87.716702984429));
#89 = CARTESIAN_POINT('',(23.144360384944,-2.642170667334E-14,
    89.869518240163));
#90 = CARTESIAN_POINT('',(23.578258469467,-3.074593302241E-14,
    91.055589339382));
#91 = CARTESIAN_POINT('',(23.1,-2.542171076189E-14,92.));
#92 = CARTESIAN_POINT('',(30.000000000005,13.463968515395,0.));
#93 = CARTESIAN_POINT('',(31.46514357579,14.121523414552,0.89662958499)
  );
#94 = CARTESIAN_POINT('',(33.049212624453,14.832451941137,2.745484831953
    ));
#95 = CARTESIAN_POINT('',(32.858999342922,14.747084420004,
    22.181376230501));
#96 = CARTESIAN_POINT('',(32.934986067471,14.78118718224,40.753321031027
    ));
#97 = CARTESIAN_POINT('',(33.055595542185,14.835316587915,
    61.972592144045));
#98 = CARTESIAN_POINT('',(30.459368399329,13.670132570908,
    70.236436902929));
#99 = CARTESIAN_POINT('',(26.903929040618,12.074455118105,
    75.618526409967));
#100 = CARTESIAN_POINT('',(23.833929026191,10.696642333561,
    79.941086653474));
#101 = CARTESIAN_POINT('',(21.757006599043,9.764521727935,
    83.778043558025));
#102 = CARTESIAN_POINT('',(21.4910993532,9.645182835166,87.716702984371)
  );
#103 = CARTESIAN_POINT('',(23.144360384998,10.387164650932,
    89.869518240266));
#104 = CARTESIAN_POINT('',(23.578258469378,10.581897656253,
    91.055589339194));
#105 = CARTESIAN_POINT('',(23.100000000003,10.367255756854,
    92.000000000002));
#106 = CARTESIAN_POINT('',(23.492569163996,26.927942000619,0.));
#107 = CARTESIAN_POINT('',(24.639902056884,28.243052041637,0.89662958497
    ));
#108 = CARTESIAN_POINT('',(25.88036377983,29.664909357242,2.745484831962
    ));
#109 = CARTESIAN_POINT('',(25.731410490815,29.494174283542,
    22.181376230464));
#110 = CARTESIAN_POINT('',(25.790914603442,29.562379820521,
    40.753321030967));
#111 = CARTESIAN_POINT('',(25.885362151095,29.670638651888,
    61.972592144087));
#112 = CARTESIAN_POINT('',(23.852293960367,27.34027018774,
    70.236436902912));
#113 = CARTESIAN_POINT('',(21.068080459029,24.14891469316,75.61852640997
    ));
#114 = CARTESIAN_POINT('',(18.664007536548,21.393288615491,
    79.941086653394));
#115 = CARTESIAN_POINT('',(17.037599411014,19.529047060186,
    83.778043558252));
#116 = CARTESIAN_POINT('',(16.82937126544,19.290369230435,
    87.716702984227));
#117 = CARTESIAN_POINT('',(18.124016236845,20.774333136239,
    89.869518240642));
#118 = CARTESIAN_POINT('',(18.463795595035,21.163799218061,
    91.055589338572));
#119 = CARTESIAN_POINT('',(18.089278256282,20.73451534048,92.));
#120 = CARTESIAN_POINT('',(10.477699172957,36.984580397217,0.));
#121 = CARTESIAN_POINT('',(10.989410294237,38.790837742966,
    0.896629584987));
#122 = CARTESIAN_POINT('',(11.542656926113,40.743708712438,
    2.745484831956));
#123 = CARTESIAN_POINT('',(11.476223674551,40.509210098859,
    22.181376230508));
#124 = CARTESIAN_POINT('',(11.502762542838,40.602888003092,
    40.753321031149));
#125 = CARTESIAN_POINT('',(11.544886202375,40.751577696859,
    61.972592143931));
#126 = CARTESIAN_POINT('',(10.638136636351,37.550898647097,
    70.236436902943));
#127 = CARTESIAN_POINT('',(9.396375835202,33.167684220099,
    75.618526409933));
#128 = CARTESIAN_POINT('',(8.32415794825,29.382928808275,79.941086653593
    ));
#129 = CARTESIAN_POINT('',(7.598779001623,26.82245865885,83.778043557571
    ));
#130 = CARTESIAN_POINT('',(7.505909130551,26.494643061781,
    87.716702984413));
#131 = CARTESIAN_POINT('',(8.083321522283,28.532815246674,
    89.869518239888));
#132 = CARTESIAN_POINT('',(8.234863308533,29.06773319958,91.055589339679
    ));
#133 = CARTESIAN_POINT('',(8.067828363163,28.478126905847,
    91.999999999968));
#134 = CARTESIAN_POINT('',(-7.098318442193,40.226927874736,0.));
#135 = CARTESIAN_POINT('',(-7.444986964782,42.191535372929,
    0.896629584906));
#136 = CARTESIAN_POINT('',(-7.81979451583,44.315609752035,2.745484831993
    ));
#137 = CARTESIAN_POINT('',(-7.774788034079,44.060553220444,
    22.181376230369));
#138 = CARTESIAN_POINT('',(-7.792767300222,44.162443636383,
    40.753321030781));
#139 = CARTESIAN_POINT('',(-7.821304781631,44.324168591206,
    61.972592144346));
#140 = CARTESIAN_POINT('',(-7.207009881846,40.842893856971,
    70.236436902927));
#141 = CARTESIAN_POINT('',(-6.365755189057,36.075413768849,
    75.618526410097));
#142 = CARTESIAN_POINT('',(-5.639360598676,31.958858130423,
    79.941086653269));
#143 = CARTESIAN_POINT('',(-5.147938706238,29.173917840931,
    83.778043559076));
#144 = CARTESIAN_POINT('',(-5.085022229366,28.817363454375,
    87.716702984591));
#145 = CARTESIAN_POINT('',(-5.47620133844,31.034217197028,
    89.869518240694));
#146 = CARTESIAN_POINT('',(-5.578866230866,31.616030095583,
    91.055589339023));
#147 = CARTESIAN_POINT('',(-5.465705200458,30.974734463568,
    92.000000000144));
#148 = CARTESIAN_POINT('',(-25.34326981205,34.469305830378,0.));
#149 = CARTESIAN_POINT('',(-26.58098744311,36.152721897148,
    0.896629585114));
#150 = CARTESIAN_POINT('',(-27.9191704204,37.972780580142,2.745484831892
    ));
#151 = CARTESIAN_POINT('',(-27.75848287032,37.754229920487,
    22.181376230664));
#152 = CARTESIAN_POINT('',(-27.82267460483,37.841536909243,
    40.753321031355));
#153 = CARTESIAN_POINT('',(-27.92456255444,37.980114404731,
    61.972592143492));
#154 = CARTESIAN_POINT('',(-25.73133305445,34.997109491874,
    70.236436902863));
#155 = CARTESIAN_POINT('',(-22.72778442295,30.911991937919,
    75.618526409623));
#156 = CARTESIAN_POINT('',(-20.13432313284,27.384632957822,
    79.941086653674));
#157 = CARTESIAN_POINT('',(-18.37978961817,24.998297147288,
    83.778043556291));
#158 = CARTESIAN_POINT('',(-18.1551576489,24.692775874488,87.71670298371
    ));
#159 = CARTESIAN_POINT('',(-19.55179232885,26.592334545424,
    89.869518239834));
#160 = CARTESIAN_POINT('',(-19.91833886966,27.090873403934,
    91.055589338697));
#161 = CARTESIAN_POINT('',(-19.51431775533,26.541365489353,
    91.999999999635));
#162 = CARTESIAN_POINT('',(-39.27125104982,19.976557357835,0.));
#163 = CARTESIAN_POINT('',(-41.1891850904,20.952174846909,0.89662958477)
  );
#164 = CARTESIAN_POINT('',(-43.26279753267,22.006983054144,
    2.745484832065));
#165 = CARTESIAN_POINT('',(-43.01380041439,21.880322837283,
    22.181376230241));
#166 = CARTESIAN_POINT('',(-43.11327020679,21.930921275238,
    40.753321030634));
#167 = CARTESIAN_POINT('',(-43.27115303749,22.011233345173,
    61.972592144881));
#168 = CARTESIAN_POINT('',(-39.8725834416,20.282443997066,
    70.236436903079));
#169 = CARTESIAN_POINT('',(-35.21836505233,17.914929387806,
    75.61852641058));
#170 = CARTESIAN_POINT('',(-31.19960700999,15.870661675502,
    79.941086653303));
#171 = CARTESIAN_POINT('',(-28.48082894124,14.487669675283,
    83.778043560549));
#172 = CARTESIAN_POINT('',(-28.13274526795,14.310605963646,
    87.716702985532));
#173 = CARTESIAN_POINT('',(-30.29693290184,15.411488091546,
    89.869518240749));
#174 = CARTESIAN_POINT('',(-30.86492358942,15.700414423578,
    91.055589340419));
#175 = CARTESIAN_POINT('',(-30.23886330829,15.381949165584,
    92.000000000648));
#176 = CARTESIAN_POINT('',(-44.51485806137,5.003997216591E-10,0.));
#177 = CARTESIAN_POINT('',(-46.6888800041,7.755211740296E-10,
    0.896629585238));
#178 = CARTESIAN_POINT('',(-49.03936696701,5.380445984923E-10,
    2.745484831825));
#179 = CARTESIAN_POINT('',(-48.75712305996,-3.647603028807E-10,
    22.181376230755));
#180 = CARTESIAN_POINT('',(-48.86987433386,5.166877530829E-10,
    40.753321031372));
#181 = CARTESIAN_POINT('',(-49.04883812367,2.048622232932E-10,
    61.97259214307));
#182 = CARTESIAN_POINT('',(-45.19648203044,5.219471634133E-10,
    70.236436902697));
#183 = CARTESIAN_POINT('',(-39.92081941826,3.441353638701E-10,
    75.618526409115));
#184 = CARTESIAN_POINT('',(-35.36546558788,-3.377351518123E-11,
    79.941086653561));
#185 = CARTESIAN_POINT('',(-32.28366868672,4.60453820857E-10,
    83.778043555094));
#186 = CARTESIAN_POINT('',(-31.88910790983,3.948664686102E-10,
    87.716702983114));
#187 = CARTESIAN_POINT('',(-34.34226391528,3.161154937725E-10,
    89.869518239334));
#188 = CARTESIAN_POINT('',(-34.98609430358,3.331968523433E-10,
    91.055589338212));
#189 = CARTESIAN_POINT('',(-34.27644070734,3.296705131106E-10,
    91.999999999137));
#190 = CARTESIAN_POINT('',(-39.27125104984,-19.97655735875,0.));
#191 = CARTESIAN_POINT('',(-41.18918509042,-20.95217484832,
    0.896629584732));
#192 = CARTESIAN_POINT('',(-43.26279753269,-22.00698305513,
    2.745484832087));
#193 = CARTESIAN_POINT('',(-43.01380041445,-21.88032283662,
    22.181376230249));
#194 = CARTESIAN_POINT('',(-43.11327020687,-21.93092127619,
    40.753321030749));
#195 = CARTESIAN_POINT('',(-43.27115303749,-22.01123334555,
    61.972592144981));
#196 = CARTESIAN_POINT('',(-39.8725834416,-20.28244399802,
    70.236436903177));
#197 = CARTESIAN_POINT('',(-35.21836505236,-17.91492938843,
    75.618526410869));
#198 = CARTESIAN_POINT('',(-31.19960700997,-15.87066167545,
    79.941086653428));
#199 = CARTESIAN_POINT('',(-28.48082894131,-14.48766967611,
    83.778043560896));
#200 = CARTESIAN_POINT('',(-28.13274526771,-14.31060596442,
    87.71670298555));
#201 = CARTESIAN_POINT('',(-30.2969329023,-15.41148809201,
    89.869518241323));
#202 = CARTESIAN_POINT('',(-30.86492358861,-15.70041442438,
    91.055589339982));
#203 = CARTESIAN_POINT('',(-30.23886330829,-15.38194916619,
    92.000000000894));
#204 = CARTESIAN_POINT('',(-25.34326981201,-34.46930582968,0.));
#205 = CARTESIAN_POINT('',(-26.58098744308,-36.15272189606,
    0.896629585177));
#206 = CARTESIAN_POINT('',(-27.91917042037,-37.97278057938,
    2.745484831855));
#207 = CARTESIAN_POINT('',(-27.75848287023,-37.75422992095,
    22.181376230662));
#208 = CARTESIAN_POINT('',(-27.8226746047,-37.8415369085,40.753321031182
    ));
#209 = CARTESIAN_POINT('',(-27.92456255445,-37.98011440443,
    61.97259214334));
#210 = CARTESIAN_POINT('',(-25.73133305445,-34.99710949114,
    70.236436902712));
#211 = CARTESIAN_POINT('',(-22.72778442292,-30.91199193743,
    75.618526409192));
#212 = CARTESIAN_POINT('',(-20.13432313283,-27.38463295787,
    79.941086653484));
#213 = CARTESIAN_POINT('',(-18.3797896182,-24.99829714659,83.77804355579
    ));
#214 = CARTESIAN_POINT('',(-18.15515764884,-24.69277587408,
    87.716702983615));
#215 = CARTESIAN_POINT('',(-19.55179232897,-26.59233454466,
    89.869518239104));
#216 = CARTESIAN_POINT('',(-19.9183388694,-27.090873404,91.055589339118)
  );
#217 = CARTESIAN_POINT('',(-19.51431775532,-26.54136548888,
    91.999999999268));
#218 = CARTESIAN_POINT('',(-7.09831844222,-40.22692787517,0.));
#219 = CARTESIAN_POINT('',(-7.4449869648,-42.1915353736,0.896629584845)
  );
#220 = CARTESIAN_POINT('',(-7.819794515856,-44.3156097525,2.745484832028
    ));
#221 = CARTESIAN_POINT('',(-7.774788034159,-44.06055322018,
    22.181376230363));
#222 = CARTESIAN_POINT('',(-7.792767300328,-44.16244363685,
    40.753321030942));
#223 = CARTESIAN_POINT('',(-7.821304781622,-44.32416859139,
    61.972592144484));
#224 = CARTESIAN_POINT('',(-7.207009881848,-40.84289385742,
    70.236436903073));
#225 = CARTESIAN_POINT('',(-6.365755189084,-36.07541376915,
    75.618526410476));
#226 = CARTESIAN_POINT('',(-5.639360598686,-31.95885813038,
    79.941086653466));
#227 = CARTESIAN_POINT('',(-5.14793870622,-29.17391784138,
    83.778043559446));
#228 = CARTESIAN_POINT('',(-5.08502222938,-28.81736345459,
    87.716702984939));
#229 = CARTESIAN_POINT('',(-5.476201338389,-31.03421719757,
    89.869518240831));
#230 = CARTESIAN_POINT('',(-5.578866230985,-31.61603009541,
    91.055589339571));
#231 = CARTESIAN_POINT('',(-5.465705200466,-30.97473446386,
    92.000000000474));
#232 = CARTESIAN_POINT('',(10.477699172974,-36.984580397,0.));
#233 = CARTESIAN_POINT('',(10.989410294251,-38.79083774263,
    0.896629585038));
#234 = CARTESIAN_POINT('',(11.542656926124,-40.7437087122,2.745484831927
    ));
#235 = CARTESIAN_POINT('',(11.476223674611,-40.50921009897,
    22.181376230532));
#236 = CARTESIAN_POINT('',(11.502762542901,-40.60288800285,
    40.753321031045));
#237 = CARTESIAN_POINT('',(11.544886202369,-40.75157769676,
    61.972592143843));
#238 = CARTESIAN_POINT('',(10.638136636354,-37.55089864687,
    70.236436902851));
#239 = CARTESIAN_POINT('',(9.396375835216,-33.16768421995,
    75.618526409689));
#240 = CARTESIAN_POINT('',(8.324157948257,-29.38292880827,
    79.941086653491));
#241 = CARTESIAN_POINT('',(7.598779001609,-26.82245865865,
    83.778043557302));
#242 = CARTESIAN_POINT('',(7.505909130571,-26.49464306159,
    87.716702984312));
#243 = CARTESIAN_POINT('',(8.083321522229,-28.53281524655,
    89.869518239566));
#244 = CARTESIAN_POINT('',(8.23486330865,-29.06773319938,91.055589339753
    ));
#245 = CARTESIAN_POINT('',(8.067828363169,-28.47812690569,
    91.999999999764));
#246 = CARTESIAN_POINT('',(23.492569163989,-26.92794200069,0.));
#247 = CARTESIAN_POINT('',(24.639902056882,-28.24305204175,
    0.896629584952));
#248 = CARTESIAN_POINT('',(25.880363779825,-29.66490935733,
    2.745484831973));
#249 = CARTESIAN_POINT('',(25.731410490791,-29.49417428349,
    22.181376230457));
#250 = CARTESIAN_POINT('',(25.790914603417,-29.56237982061,
    40.753321031012));
#251 = CARTESIAN_POINT('',(25.885362151097,-29.67063865192,
    61.972592144124));
#252 = CARTESIAN_POINT('',(23.852293960367,-27.34027018782,
    70.236436902954));
#253 = CARTESIAN_POINT('',(21.068080459018,-24.14891469322,
    75.618526410071));
#254 = CARTESIAN_POINT('',(18.664007536562,-21.39328861546,
    79.941086653443));
#255 = CARTESIAN_POINT('',(17.037599410979,-19.52904706033,
    83.778043558345));
#256 = CARTESIAN_POINT('',(16.82937126556,-19.29036923028,
    87.716702984335));
#257 = CARTESIAN_POINT('',(18.12401623661,-20.77433313672,89.86951824065
    ));
#258 = CARTESIAN_POINT('',(18.463795595441,-21.16379921734,
    91.055589338768));
#259 = CARTESIAN_POINT('',(18.089278256279,-20.73451534053,
    92.000000000086));
#260 = CARTESIAN_POINT('',(30.000000000007,-13.46396851537,0.));
#261 = CARTESIAN_POINT('',(31.465143575794,-14.12152341452,
    0.896629584989));
#262 = CARTESIAN_POINT('',(33.049212624452,-14.83245194111,
    2.745484831953));
#263 = CARTESIAN_POINT('',(32.858999342932,-14.74708442001,
    22.181376230496));
#264 = CARTESIAN_POINT('',(32.934986067476,-14.78118718221,
    40.753321031017));
#265 = CARTESIAN_POINT('',(33.055595542184,-14.8353165879,
    61.972592144036));
#266 = CARTESIAN_POINT('',(30.459368399331,-13.67013257088,
    70.236436902919));
#267 = CARTESIAN_POINT('',(26.903929040618,-12.07445511809,
    75.618526409942));
#268 = CARTESIAN_POINT('',(23.833929026194,-10.69664233355,
    79.941086653464));
#269 = CARTESIAN_POINT('',(21.757006599035,-9.764521727944,83.778043558)
  );
#270 = CARTESIAN_POINT('',(21.491099353222,-9.645182835074,
    87.716702984355));
#271 = CARTESIAN_POINT('',(23.144360384953,-10.38716465107,
    89.869518240245));
#272 = CARTESIAN_POINT('',(23.578258469461,-10.58189765596,
    91.05558933918));
#273 = CARTESIAN_POINT('',(23.100000000004,-10.36725575684,
    91.999999999981));
#274 = CARTESIAN_POINT('',(30.,1.940963655982E-14,0.));
#275 = CARTESIAN_POINT('',(31.465143575761,-4.357261765258E-14,
    0.896629584976));
#276 = CARTESIAN_POINT('',(33.049212624447,-2.193439981557E-14,
    2.74548483196));
#277 = CARTESIAN_POINT('',(32.858999342914,1.553655648724E-14,
    22.181376230479));
#278 = CARTESIAN_POINT('',(32.934986067455,-6.409461961502E-14,
    40.75332103102));
#279 = CARTESIAN_POINT('',(33.055595542185,2.193786316993E-14,
    61.972592144049));
#280 = CARTESIAN_POINT('',(30.459368399315,-3.884914031288E-14,
    70.23643690293));
#281 = CARTESIAN_POINT('',(26.903929040615,-2.99287012834E-15,
    75.61852640995));
#282 = CARTESIAN_POINT('',(23.833929026192,5.167562048157E-15,
    79.941086653498));
#283 = CARTESIAN_POINT('',(21.757006599016,-1.782945353061E-14,
    83.778043557967));
#284 = CARTESIAN_POINT('',(21.491099353272,-1.251624500878E-14,
    87.716702984645));
#285 = CARTESIAN_POINT('',(23.144360384844,-1.437368441247E-14,
    89.869518239727));
#286 = CARTESIAN_POINT('',(23.578258469644,-1.714820620072E-14,
    91.055589340154));
#287 = CARTESIAN_POINT('',(23.1,-1.501705153787E-14,92.));
#288 = DEFINITIONAL_REPRESENTATION('',(#289),#293);
#289 = LINE('',#290,#291);
#290 = CARTESIAN_POINT('',(0.,0.));
#291 = VECTOR('',#292,1.);
#292 = DIRECTION('',(0.,1.));
#293 = ( GEOMETRIC_REPRESENTATION_CONTEXT(2) 
PARAMETRIC_REPRESENTATION_CONTEXT() REPRESENTATION_CONTEXT('2D SPACE',''
  ) );
#294 = PCURVE('',#77,#295);
#295 = DEFINITIONAL_REPRESENTATION('',(#296),#300);
#296 = LINE('',#297,#298);
#297 = CARTESIAN_POINT('',(1.,0.));
#298 = VECTOR('',#299,1.);
#299 = DIRECTION('',(0.,1.));
#300 = ( GEOMETRIC_REPRESENTATION_CONTEXT(2) 
PARAMETRIC_REPRESENTATION_CONTEXT() REPRESENTATION_CONTEXT('2D SPACE',''
  ) );
#301 = ORIENTED_EDGE('',*,*,#302,.T.);
#302 = EDGE_CURVE('',#56,#56,#303,.T.);
#303 = SURFACE_CURVE('',#304,(#320,#327),.PCURVE_S1.);
#304 = B_SPLINE_CURVE_WITH_KNOTS('',14,(#305,#306,#307,#308,#309,#310,
    #311,#312,#313,#314,#315,#316,#317,#318,#319),.UNSPECIFIED.,.T.,.F.,
  (15,15),(0.,1.),.PIECEWISE_BEZIER_KNOTS.);
#305 = CARTESIAN_POINT('',(30.,4.420639675098E-15,0.));
#306 = CARTESIAN_POINT('',(30.000000000005,13.463968515395,0.));
#307 = CARTESIAN_POINT('',(23.492569163996,26.927942000619,0.));
#308 = CARTESIAN_POINT('',(10.477699172957,36.984580397217,0.));
#309 = CARTESIAN_POINT('',(-7.098318442193,40.226927874736,0.));
#310 = CARTESIAN_POINT('',(-25.34326981205,34.469305830378,0.));
#311 = CARTESIAN_POINT('',(-39.27125104982,19.976557357835,0.));
#312 = CARTESIAN_POINT('',(-44.51485806137,5.003997216591E-10,0.));
#313 = CARTESIAN_POINT('',(-39.27125104984,-19.97655735875,0.));
#314 = CARTESIAN_POINT('',(-25.34326981201,-34.46930582968,0.));
#315 = CARTESIAN_POINT('',(-7.09831844222,-40.22692787517,0.));
#316 = CARTESIAN_POINT('',(10.477699172974,-36.984580397,0.));
#317 = CARTESIAN_POINT('',(23.492569163989,-26.92794200069,0.));
#318 = CARTESIAN_POINT('',(30.000000000007,-13.46396851537,0.));
#319 = CARTESIAN_POINT('',(30.,1.940963655982E-14,0.));
#320 = PCURVE('',#77,#321);
#321 = DEFINITIONAL_REPRESENTATION('',(#322),#326);
#322 = LINE('',#323,#324);
#323 = CARTESIAN_POINT('',(0.,0.));
#324 = VECTOR('',#325,1.);
#325 = DIRECTION('',(1.,0.));
#326 = ( GEOMETRIC_REPRESENTATION_CONTEXT(2) 
PARAMETRIC_REPRESENTATION_CONTEXT() REPRESENTATION_CONTEXT('2D SPACE',''
  ) );
#327 = PCURVE('',#328,#333);
#328 = PLANE('',#329);
#329 = AXIS2_PLACEMENT_3D('',#330,#331,#332);
#330 = CARTESIAN_POINT('',(30.,4.420639675098E-15,0.));
#331 = DIRECTION('',(0.,0.,1.));
#332 = DIRECTION('',(-1.,-1.446543327259E-17,0.));
#333 = DEFINITIONAL_REPRESENTATION('',(#334),#350);
#334 = B_SPLINE_CURVE_WITH_KNOTS('',14,(#335,#336,#337,#338,#339,#340,
    #341,#342,#343,#344,#345,#346,#347,#348,#349),.UNSPECIFIED.,.F.,.F.,
  (15,15),(0.,1.),.PIECEWISE_BEZIER_KNOTS.);
#335 = CARTESIAN_POINT('',(0.,0.));
#336 = CARTESIAN_POINT('',(-5.414335646492E-12,-13.46396851539));
#337 = CARTESIAN_POINT('',(6.507430836004,-26.92794200061));
#338 = CARTESIAN_POINT('',(19.522300827042,-36.98458039721));
#339 = CARTESIAN_POINT('',(37.098318442193,-40.22692787473));
#340 = CARTESIAN_POINT('',(55.34326981205,-34.46930583037));
#341 = CARTESIAN_POINT('',(69.271251049823,-19.97655735783));
#342 = CARTESIAN_POINT('',(74.514858061378,-5.003963789091E-10));
#343 = CARTESIAN_POINT('',(69.271251049844,19.976557358751));
#344 = CARTESIAN_POINT('',(55.343269812018,34.46930582968));
#345 = CARTESIAN_POINT('',(37.09831844222,40.226927875171));
#346 = CARTESIAN_POINT('',(19.522300827026,36.984580397003));
#347 = CARTESIAN_POINT('',(6.507430836011,26.927942000697));
#348 = CARTESIAN_POINT('',(-7.066347507134E-12,13.463968515378));
#349 = CARTESIAN_POINT('',(-1.06581410364E-14,-1.498899688472E-14));
#350 = ( GEOMETRIC_REPRESENTATION_CONTEXT(2) 
PARAMETRIC_REPRESENTATION_CONTEXT() REPRESENTATION_CONTEXT('2D SPACE',''
  ) );
#351 = ORIENTED_EDGE('',*,*,#55,.T.);
#352 = ORIENTED_EDGE('',*,*,#353,.F.);
#353 = EDGE_CURVE('',#58,#58,#354,.T.);
#354 = SURFACE_CURVE('',#355,(#371,#378),.PCURVE_S1.);
#355 = B_SPLINE_CURVE_WITH_KNOTS('',14,(#356,#357,#358,#359,#360,#361,
    #362,#363,#364,#365,#366,#367,#368,#369,#370),.UNSPECIFIED.,.T.,.F.,
  (15,15),(0.,1.),.PIECEWISE_BEZIER_KNOTS.);
#356 = CARTESIAN_POINT('',(23.1,-2.542171076189E-14,92.));
#357 = CARTESIAN_POINT('',(23.100000000003,10.367255756854,
    92.000000000002));
#358 = CARTESIAN_POINT('',(18.089278256282,20.73451534048,92.));
#359 = CARTESIAN_POINT('',(8.067828363163,28.478126905847,
    91.999999999968));
#360 = CARTESIAN_POINT('',(-5.465705200458,30.974734463568,
    92.000000000144));
#361 = CARTESIAN_POINT('',(-19.51431775533,26.541365489353,
    91.999999999635));
#362 = CARTESIAN_POINT('',(-30.23886330829,15.381949165584,
    92.000000000648));
#363 = CARTESIAN_POINT('',(-34.27644070734,3.296705131106E-10,
    91.999999999137));
#364 = CARTESIAN_POINT('',(-30.23886330829,-15.38194916619,
    92.000000000894));
#365 = CARTESIAN_POINT('',(-19.51431775532,-26.54136548888,
    91.999999999268));
#366 = CARTESIAN_POINT('',(-5.465705200466,-30.97473446386,
    92.000000000474));
#367 = CARTESIAN_POINT('',(8.067828363169,-28.47812690569,
    91.999999999764));
#368 = CARTESIAN_POINT('',(18.089278256279,-20.73451534053,
    92.000000000086));
#369 = CARTESIAN_POINT('',(23.100000000004,-10.36725575684,
    91.999999999981));
#370 = CARTESIAN_POINT('',(23.1,-1.501705153787E-14,92.));
#371 = PCURVE('',#77,#372);
#372 = DEFINITIONAL_REPRESENTATION('',(#373),#377);
#373 = LINE('',#374,#375);
#374 = CARTESIAN_POINT('',(0.,1.));
#375 = VECTOR('',#376,1.);
#376 = DIRECTION('',(1.,0.));
#377 = ( GEOMETRIC_REPRESENTATION_CONTEXT(2) 
PARAMETRIC_REPRESENTATION_CONTEXT() REPRESENTATION_CONTEXT('2D SPACE',''
  ) );
#378 = PCURVE('',#379,#384);
#379 = PLANE('',#380);
#380 = AXIS2_PLACEMENT_3D('',#381,#382,#383);
#381 = CARTESIAN_POINT('',(23.1,-2.542171076189E-14,92.));
#382 = DIRECTION('',(3.075942579252E-16,1.01672023477E-15,-1.));
#383 = DIRECTION('',(-1.,6.07927403092E-16,-3.075942579252E-16));
#384 = DEFINITIONAL_REPRESENTATION('',(#385),#401);
#385 = B_SPLINE_CURVE_WITH_KNOTS('',14,(#386,#387,#388,#389,#390,#391,
    #392,#393,#394,#395,#396,#397,#398,#399,#400),.UNSPECIFIED.,.F.,.F.,
  (15,15),(0.,1.),.PIECEWISE_BEZIER_KNOTS.);
#386 = CARTESIAN_POINT('',(0.,0.));
#387 = CARTESIAN_POINT('',(-3.087308186878E-12,10.367255756854));
#388 = CARTESIAN_POINT('',(5.010721743718,20.73451534048));
#389 = CARTESIAN_POINT('',(15.032171636837,28.478126905847));
#390 = CARTESIAN_POINT('',(28.565705200458,30.974734463569));
#391 = CARTESIAN_POINT('',(42.614317755331,26.541365489353));
#392 = CARTESIAN_POINT('',(53.33886330829,15.381949165584));
#393 = CARTESIAN_POINT('',(57.376440707349,3.296610541108E-10));
#394 = CARTESIAN_POINT('',(53.338863308294,-15.38194916619));
#395 = CARTESIAN_POINT('',(42.614317755323,-26.54136548888));
#396 = CARTESIAN_POINT('',(28.565705200466,-30.97473446386));
#397 = CARTESIAN_POINT('',(15.032171636831,-28.47812690569));
#398 = CARTESIAN_POINT('',(5.010721743721,-20.73451534053));
#399 = CARTESIAN_POINT('',(-3.769429213207E-12,-10.36725575684));
#400 = CARTESIAN_POINT('',(-1.42108547152E-14,1.040465922402E-14));
#401 = ( GEOMETRIC_REPRESENTATION_CONTEXT(2) 
PARAMETRIC_REPRESENTATION_CONTEXT() REPRESENTATION_CONTEXT('2D SPACE',''
  ) );
#402 = FACE_BOUND('',#403,.T.);
#403 = EDGE_LOOP('',(#404,#613));
#404 = ORIENTED_EDGE('',*,*,#405,.T.);
#405 = EDGE_CURVE('',#406,#408,#410,.T.);
#406 = VERTEX_POINT('',#407);
#407 = CARTESIAN_POINT('',(-9.287458940528,-31.6,18.221073630079));
#408 = VERTEX_POINT('',#409);
#409 = CARTESIAN_POINT('',(-9.335421249736,-31.6,41.740950135742));
#410 = SURFACE_CURVE('',#411,(#462,#535),.PCURVE_S1.);
#411 = B_SPLINE_CURVE_WITH_KNOTS('',7,(#412,#413,#414,#415,#416,#417,
    #418,#419,#420,#421,#422,#423,#424,#425,#426,#427,#428,#429,#430,
    #431,#432,#433,#434,#435,#436,#437,#438,#439,#440,#441,#442,#443,
    #444,#445,#446,#447,#448,#449,#450,#451,#452,#453,#454,#455,#456,
    #457,#458,#459,#460,#461),.UNSPECIFIED.,.F.,.F.,(8,6,6,6,6,6,6,6,8),
  (2.423209156958E-07,0.212813452459,0.711922665378,1.,1.253185611229,
    1.564933511297,1.729419806822,2.290678494868,2.500744008507),
  .UNSPECIFIED.);
#412 = CARTESIAN_POINT('',(-9.287458940528,-31.6,18.221073630079));
#413 = CARTESIAN_POINT('',(-9.540823272514,-31.52472324169,
    18.420846576816));
#414 = CARTESIAN_POINT('',(-9.788806948059,-31.4484454333,
    18.626687999271));
#415 = CARTESIAN_POINT('',(-10.0313151294,-31.37136842331,
    18.838469428049));
#416 = CARTESIAN_POINT('',(-10.26825469162,-31.29369624681,
    19.056069108677));
#417 = CARTESIAN_POINT('',(-10.49953339598,-31.21563492832,
    19.279372727857));
#418 = CARTESIAN_POINT('',(-10.72505906329,-31.1373922845,
    19.508274139705));
#419 = CARTESIAN_POINT('',(-11.45995184944,-30.87574171635,
    20.292417218718));
#420 = CARTESIAN_POINT('',(-11.94289446026,-30.69250125352,
    20.872290718581));
#421 = CARTESIAN_POINT('',(-12.39256203509,-30.51209733188,
    21.481199859895));
#422 = CARTESIAN_POINT('',(-12.80749762155,-30.33734600083,
    22.117996754603));
#423 = CARTESIAN_POINT('',(-13.18596033812,-30.17123622305,
    22.781368084854));
#424 = CARTESIAN_POINT('',(-13.52597208317,-30.01685851551,
    23.46976624619));
#425 = CARTESIAN_POINT('',(-13.9982500994,-29.79661984068,
    24.591903882737));
#426 = CARTESIAN_POINT('',(-14.15754485624,-29.72094269399,
    25.010191191596));
#427 = CARTESIAN_POINT('',(-14.30287114129,-29.65077525334,
    25.435664356859));
#428 = CARTESIAN_POINT('',(-14.43378452009,-29.58669804819,
    25.867790863579));
#429 = CARTESIAN_POINT('',(-14.54984418809,-29.52926376143,
    26.305940325354));
#430 = CARTESIAN_POINT('',(-14.6506386048,-29.47897129751,
    26.749369430511));
#431 = CARTESIAN_POINT('',(-14.81068040717,-29.39867222585,
    27.59079571042));
#432 = CARTESIAN_POINT('',(-14.8734848155,-29.36694437361,
    27.987810123971));
#433 = CARTESIAN_POINT('',(-14.9239881123,-29.3413342924,28.387629179219
    ));
#434 = CARTESIAN_POINT('',(-14.96199542352,-29.32206755619,
    28.789600552833));
#435 = CARTESIAN_POINT('',(-14.98736884107,-29.30930197701,
    29.193035292749));
#436 = CARTESIAN_POINT('',(-15.000036214,-29.3031185374,29.597206224218)
  );
#437 = CARTESIAN_POINT('',(-14.9999552748,-29.30399719195,
    30.498964829364));
#438 = CARTESIAN_POINT('',(-14.98065091103,-29.3144541025,
    30.996603327022));
#439 = CARTESIAN_POINT('',(-14.9420841792,-29.3348802621,31.492806792438
    ));
#440 = CARTESIAN_POINT('',(-14.88443370618,-29.36507561979,
    31.986232668355));
#441 = CARTESIAN_POINT('',(-14.8080179895,-29.40466809575,32.47564335075
    ));
#442 = CARTESIAN_POINT('',(-14.71326619594,-29.45314406571,
    32.959899412606));
#443 = CARTESIAN_POINT('',(-14.54130895761,-29.53982161738,
    33.690187411598));
#444 = CARTESIAN_POINT('',(-14.47695434496,-29.5720614518,
    33.940708904252));
#445 = CARTESIAN_POINT('',(-14.40771066718,-29.60651424693,
    34.189374627393));
#446 = CARTESIAN_POINT('',(-14.33365551731,-29.64308383287,
    34.43605421591));
#447 = CARTESIAN_POINT('',(-14.25486914451,-29.68166883077,
    34.680629446922));
#448 = CARTESIAN_POINT('',(-14.17143283843,-29.72216425709,
    34.922993299171));
#449 = CARTESIAN_POINT('',(-13.78313563698,-29.90879496218,
    35.982165001693));
#450 = CARTESIAN_POINT('',(-13.4297803832,-30.07405891369,
    36.774036618986));
#451 = CARTESIAN_POINT('',(-13.02644580895,-30.25606930594,
    37.535443279778));
#452 = CARTESIAN_POINT('',(-12.57609611242,-30.45037020923,
    38.263976507928));
#453 = CARTESIAN_POINT('',(-12.08132545968,-30.65265280606,
    38.957682523447));
#454 = CARTESIAN_POINT('',(-11.54428368138,-30.85890286905,
    39.614940361733));
#455 = CARTESIAN_POINT('',(-10.7500131157,-31.14269094675,
    40.466027710373));
#456 = CARTESIAN_POINT('',(-10.52799262415,-31.22000477794,
    40.692471400711));
#457 = CARTESIAN_POINT('',(-10.30035576217,-31.29714390228,
    40.913476319845));
#458 = CARTESIAN_POINT('',(-10.0671911009,-31.37390930687,
    41.128940141182));
#459 = CARTESIAN_POINT('',(-9.828587250841,-31.45010370297,
    41.338752825132));
#460 = CARTESIAN_POINT('',(-9.584633632917,-31.52553170339,
    41.542797298813));
#461 = CARTESIAN_POINT('',(-9.335421249736,-31.6,41.740950135742));
#462 = PCURVE('',#77,#463);
#463 = DEFINITIONAL_REPRESENTATION('',(#464),#534);
#464 = B_SPLINE_CURVE_WITH_KNOTS('',3,(#465,#466,#467,#468,#469,#470,
    #471,#472,#473,#474,#475,#476,#477,#478,#479,#480,#481,#482,#483,
    #484,#485,#486,#487,#488,#489,#490,#491,#492,#493,#494,#495,#496,
    #497,#498,#499,#500,#501,#502,#503,#504,#505,#506,#507,#508,#509,
    #510,#511,#512,#513,#514,#515,#516,#517,#518,#519,#520,#521,#522,
    #523,#524,#525,#526,#527,#528,#529,#530,#531,#532,#533),
  .UNSPECIFIED.,.F.,.F.,(4,1,1,1,1,1,1,1,1,1,1,1,1,1,1,1,1,1,1,1,1,1,1,1
    ,1,1,1,1,1,1,1,1,1,1,1,1,1,1,1,1,1,1,1,1,1,1,1,1,1,1,1,1,1,1,1,1,1,1
    ,1,1,1,1,1,1,1,1,4),(2.423209156958E-07,3.789029938433E-02,
    7.578035644775E-02,0.113670413511,0.151560470575,0.189450527638,
    0.227340584701,0.265230641765,0.303120698828,0.341010755892,
    0.378900812955,0.416790870019,0.454680927082,0.492570984145,
    0.530461041209,0.568351098272,0.606241155336,0.644131212399,
    0.682021269462,0.719911326526,0.757801383589,0.795691440653,
    0.833581497716,0.87147155478,0.909361611843,0.947251668906,
    0.98514172597,1.023031783033,1.060921840097,1.09881189716,
    1.136701954223,1.174592011287,1.21248206835,1.250372125414,
    1.288262182477,1.326152239541,1.364042296604,1.401932353667,
    1.439822410731,1.477712467794,1.515602524858,1.553492581921,
    1.591382638984,1.629272696048,1.667162753111,1.705052810175,
    1.742942867238,1.780832924302,1.818722981365,1.856613038428,
    1.894503095492,1.932393152555,1.970283209619,2.008173266682,
    2.046063323746,2.083953380809,2.121843437872,2.159733494936,
    2.197623551999,2.235513609063,2.273403666126,2.311293723189,
    2.349183780253,2.387073837316,2.42496389438,2.462853951443,
    2.500744008507),.QUASI_UNIFORM_KNOTS.);
#465 = CARTESIAN_POINT('',(0.70450436758,0.196788646596));
#466 = CARTESIAN_POINT('',(0.703973780267,0.197618726112));
#467 = CARTESIAN_POINT('',(0.70292303425,0.199306680267));
#468 = CARTESIAN_POINT('',(0.701378917347,0.201920795465));
#469 = CARTESIAN_POINT('',(0.69986751245,0.204615869094));
#470 = CARTESIAN_POINT('',(0.698389551891,0.207390760068));
#471 = CARTESIAN_POINT('',(0.696945792296,0.210244368195));
#472 = CARTESIAN_POINT('',(0.69553698576,0.213175716994));
#473 = CARTESIAN_POINT('',(0.694164058834,0.216183559252));
#474 = CARTESIAN_POINT('',(0.692827776744,0.219267092717));
#475 = CARTESIAN_POINT('',(0.69152899492,0.222425460797));
#476 = CARTESIAN_POINT('',(0.690268635548,0.225657775396));
#477 = CARTESIAN_POINT('',(0.68904768814,0.228963101432));
#478 = CARTESIAN_POINT('',(0.687867203918,0.232340451711));
#479 = CARTESIAN_POINT('',(0.686728291994,0.235788779079));
#480 = CARTESIAN_POINT('',(0.685632115182,0.239306968859));
#481 = CARTESIAN_POINT('',(0.684579885624,0.24289383206));
#482 = CARTESIAN_POINT('',(0.683572861229,0.246548093785));
#483 = CARTESIAN_POINT('',(0.682612338312,0.250268398069));
#484 = CARTESIAN_POINT('',(0.68169965743,0.254053249198));
#485 = CARTESIAN_POINT('',(0.680836158681,0.257901187461));
#486 = CARTESIAN_POINT('',(0.68002333714,0.261810025744));
#487 = CARTESIAN_POINT('',(0.679262685264,0.265777373762));
#488 = CARTESIAN_POINT('',(0.678555665401,0.269800746325));
#489 = CARTESIAN_POINT('',(0.677903738382,0.273877342974));
#490 = CARTESIAN_POINT('',(0.67730833558,0.278004087082));
#491 = CARTESIAN_POINT('',(0.676770844456,0.282177595831));
#492 = CARTESIAN_POINT('',(0.676292589818,0.286394161859));
#493 = CARTESIAN_POINT('',(0.675874811894,0.290649752077));
#494 = CARTESIAN_POINT('',(0.675518638569,0.294940100418));
#495 = CARTESIAN_POINT('',(0.675225086606,0.299260424244));
#496 = CARTESIAN_POINT('',(0.674995007751,0.303605823007));
#497 = CARTESIAN_POINT('',(0.674829085748,0.307971189441));
#498 = CARTESIAN_POINT('',(0.674727822457,0.312351250829));
#499 = CARTESIAN_POINT('',(0.674691527481,0.316740479688));
#500 = CARTESIAN_POINT('',(0.674720305553,0.321133397953));
#501 = CARTESIAN_POINT('',(0.674814061751,0.32552454263));
#502 = CARTESIAN_POINT('',(0.674972492674,0.32990823734));
#503 = CARTESIAN_POINT('',(0.675195100606,0.334279103715));
#504 = CARTESIAN_POINT('',(0.675481208173,0.338631923806));
#505 = CARTESIAN_POINT('',(0.675829972287,0.342961674518));
#506 = CARTESIAN_POINT('',(0.676240397308,0.347263515808));
#507 = CARTESIAN_POINT('',(0.676711348761,0.351532791701));
#508 = CARTESIAN_POINT('',(0.677241562196,0.355765026069));
#509 = CARTESIAN_POINT('',(0.677829745275,0.359956512151));
#510 = CARTESIAN_POINT('',(0.678474508769,0.364103531342));
#511 = CARTESIAN_POINT('',(0.679174418229,0.368202694822));
#512 = CARTESIAN_POINT('',(0.679928042842,0.372251031445));
#513 = CARTESIAN_POINT('',(0.680733775092,0.376245026527));
#514 = CARTESIAN_POINT('',(0.681590205009,0.380182483023));
#515 = CARTESIAN_POINT('',(0.682495938599,0.384061310922));
#516 = CARTESIAN_POINT('',(0.683449605721,0.387879560454));
#517 = CARTESIAN_POINT('',(0.684449865993,0.391635400311));
#518 = CARTESIAN_POINT('',(0.685495414629,0.3953271115));
#519 = CARTESIAN_POINT('',(0.6865849878,0.398953077749));
#520 = CARTESIAN_POINT('',(0.687717367707,0.402511777464));
#521 = CARTESIAN_POINT('',(0.688891387452,0.406001775803));
#522 = CARTESIAN_POINT('',(0.690105935687,0.409421716943));
#523 = CARTESIAN_POINT('',(0.691359961492,0.412770317048));
#524 = CARTESIAN_POINT('',(0.692652478219,0.416046355252));
#525 = CARTESIAN_POINT('',(0.693982571398,0.419248672213));
#526 = CARTESIAN_POINT('',(0.695349392139,0.422376140107));
#527 = CARTESIAN_POINT('',(0.696752205681,0.425427738402));
#528 = CARTESIAN_POINT('',(0.698190056262,0.428401853227));
#529 = CARTESIAN_POINT('',(0.699662190356,0.431297225648));
#530 = CARTESIAN_POINT('',(0.701167854277,0.434112479402));
#531 = CARTESIAN_POINT('',(0.702706317523,0.436846196934));
#532 = CARTESIAN_POINT('',(0.703753354105,0.438613317987));
#533 = CARTESIAN_POINT('',(0.704282101964,0.439482793145));
#534 = ( GEOMETRIC_REPRESENTATION_CONTEXT(2) 
PARAMETRIC_REPRESENTATION_CONTEXT() REPRESENTATION_CONTEXT('2D SPACE',''
  ) );
#535 = PCURVE('',#536,#541);
#536 = CYLINDRICAL_SURFACE('',#537,15.);
#537 = AXIS2_PLACEMENT_3D('',#538,#539,#540);
#538 = CARTESIAN_POINT('',(0.,-31.6,30.));
#539 = DIRECTION('',(0.,-1.,0.));
#540 = DIRECTION('',(1.,0.,0.));
#541 = DEFINITIONAL_REPRESENTATION('',(#542),#612);
#542 = B_SPLINE_CURVE_WITH_KNOTS('',3,(#543,#544,#545,#546,#547,#548,
    #549,#550,#551,#552,#553,#554,#555,#556,#557,#558,#559,#560,#561,
    #562,#563,#564,#565,#566,#567,#568,#569,#570,#571,#572,#573,#574,
    #575,#576,#577,#578,#579,#580,#581,#582,#583,#584,#585,#586,#587,
    #588,#589,#590,#591,#592,#593,#594,#595,#596,#597,#598,#599,#600,
    #601,#602,#603,#604,#605,#606,#607,#608,#609,#610,#611),
  .UNSPECIFIED.,.F.,.F.,(4,1,1,1,1,1,1,1,1,1,1,1,1,1,1,1,1,1,1,1,1,1,1,1
    ,1,1,1,1,1,1,1,1,1,1,1,1,1,1,1,1,1,1,1,1,1,1,1,1,1,1,1,1,1,1,1,1,1,1
    ,1,1,1,1,1,1,1,1,4),(2.423209156958E-07,3.789029938433E-02,
    7.578035644775E-02,0.113670413511,0.151560470575,0.189450527638,
    0.227340584701,0.265230641765,0.303120698828,0.341010755892,
    0.378900812955,0.416790870019,0.454680927082,0.492570984145,
    0.530461041209,0.568351098272,0.606241155336,0.644131212399,
    0.682021269462,0.719911326526,0.757801383589,0.795691440653,
    0.833581497716,0.87147155478,0.909361611843,0.947251668906,
    0.98514172597,1.023031783033,1.060921840097,1.09881189716,
    1.136701954223,1.174592011287,1.21248206835,1.250372125414,
    1.288262182477,1.326152239541,1.364042296604,1.401932353667,
    1.439822410731,1.477712467794,1.515602524858,1.553492581921,
    1.591382638984,1.629272696048,1.667162753111,1.705052810175,
    1.742942867238,1.780832924302,1.818722981365,1.856613038428,
    1.894503095492,1.932393152555,1.970283209619,2.008173266682,
    2.046063323746,2.083953380809,2.121843437872,2.159733494936,
    2.197623551999,2.235513609063,2.273403666126,2.311293723189,
    2.349183780253,2.387073837316,2.42496389438,2.462853951443,
    2.500744008507),.QUASI_UNIFORM_KNOTS.);
#543 = CARTESIAN_POINT('',(4.044711427772,0.));
#544 = CARTESIAN_POINT('',(4.035775412154,-3.127248247627E-02));
#545 = CARTESIAN_POINT('',(4.017917275826,-9.426225906462E-02));
#546 = CARTESIAN_POINT('',(3.991164401497,-0.189839310433));
#547 = CARTESIAN_POINT('',(3.964438587654,-0.28626732378));
#548 = CARTESIAN_POINT('',(3.937732267508,-0.383302690899));
#549 = CARTESIAN_POINT('',(3.91103779152,-0.480699907335));
#550 = CARTESIAN_POINT('',(3.884346731424,-0.578213763753));
#551 = CARTESIAN_POINT('',(3.857653333472,-0.675586737223));
#552 = CARTESIAN_POINT('',(3.83094804345,-0.772572593773));
#553 = CARTESIAN_POINT('',(3.804222119214,-0.868919389333));
#554 = CARTESIAN_POINT('',(3.777467260603,-0.96437076953));
#555 = CARTESIAN_POINT('',(3.750675649102,-1.05866588091));
#556 = CARTESIAN_POINT('',(3.723839887395,-1.151539752166));
#557 = CARTESIAN_POINT('',(3.696952974043,-1.242723653581));
#558 = CARTESIAN_POINT('',(3.670008279257,-1.331945563603));
#559 = CARTESIAN_POINT('',(3.64299952054,-1.418930739079));
#560 = CARTESIAN_POINT('',(3.615920775844,-1.503402294532));
#561 = CARTESIAN_POINT('',(3.588766384378,-1.58508219277));
#562 = CARTESIAN_POINT('',(3.561531297246,-1.663691152704));
#563 = CARTESIAN_POINT('',(3.534209780232,-1.73895306895));
#564 = CARTESIAN_POINT('',(3.506800730768,-1.810581921267));
#565 = CARTESIAN_POINT('',(3.479303744876,-1.878295901681));
#566 = CARTESIAN_POINT('',(3.451718357136,-1.941820765414));
#567 = CARTESIAN_POINT('',(3.424045528655,-2.000888227748));
#568 = CARTESIAN_POINT('',(3.396287319202,-2.055239379405));
#569 = CARTESIAN_POINT('',(3.36844705694,-2.10462699111));
#570 = CARTESIAN_POINT('',(3.340529436208,-2.148818224534));
#571 = CARTESIAN_POINT('',(3.312540517251,-2.18759781015));
#572 = CARTESIAN_POINT('',(3.284487133528,-2.220771515975));
#573 = CARTESIAN_POINT('',(3.256378774484,-2.248167054631));
#574 = CARTESIAN_POINT('',(3.228225029933,-2.269640367456));
#575 = CARTESIAN_POINT('',(3.20003625731,-2.285076399106));
#576 = CARTESIAN_POINT('',(3.171823407808,-2.294391069606));
#577 = CARTESIAN_POINT('',(3.143598706899,-2.297532902814));
#578 = CARTESIAN_POINT('',(3.115373813679,-2.294484831791));
#579 = CARTESIAN_POINT('',(3.087160170003,-2.285263157202));
#580 = CARTESIAN_POINT('',(3.058970594666,-2.269918820714));
#581 = CARTESIAN_POINT('',(3.030816125717,-2.248535494789));
#582 = CARTESIAN_POINT('',(3.002707019767,-2.221227717497));
#583 = CARTESIAN_POINT('',(2.974652633426,-2.188138901572));
#584 = CARTESIAN_POINT('',(2.946661591795,-2.14943929113));
#585 = CARTESIAN_POINT('',(2.918741861962,-2.105323741278));
#586 = CARTESIAN_POINT('',(2.89090086411,-2.056009746237));
#587 = CARTESIAN_POINT('',(2.863141613106,-2.001727010611));
#588 = CARTESIAN_POINT('',(2.83546784732,-1.942722821701));
#589 = CARTESIAN_POINT('',(2.807881814675,-1.879256188678));
#590 = CARTESIAN_POINT('',(2.780383610941,-1.811592544561));
#591 = CARTESIAN_POINT('',(2.752977764141,-1.740018743248));
#592 = CARTESIAN_POINT('',(2.725660517026,-1.664808690457));
#593 = CARTESIAN_POINT('',(2.698427866788,-1.586239254648));
#594 = CARTESIAN_POINT('',(2.671275323864,-1.504588857107));
#595 = CARTESIAN_POINT('',(2.644198003404,-1.420136393254));
#596 = CARTESIAN_POINT('',(2.617190617071,-1.333160212483));
#597 = CARTESIAN_POINT('',(2.590247481652,-1.243937224392));
#598 = CARTESIAN_POINT('',(2.563362513925,-1.152742108561));
#599 = CARTESIAN_POINT('',(2.536529219862,-1.059846627328));
#600 = CARTESIAN_POINT('',(2.50974067774,-0.96551904249));
#601 = CARTESIAN_POINT('',(2.482989509242,-0.870023608708));
#602 = CARTESIAN_POINT('',(2.456267862183,-0.7736202275));
#603 = CARTESIAN_POINT('',(2.429567314805,-0.676563929412));
#604 = CARTESIAN_POINT('',(2.40287903589,-0.579105406023));
#605 = CARTESIAN_POINT('',(2.37619295046,-0.481488013537));
#606 = CARTESIAN_POINT('',(2.349503942775,-0.383970652369));
#607 = CARTESIAN_POINT('',(2.322803648174,-0.286797777208));
#608 = CARTESIAN_POINT('',(2.296084409118,-0.19021385384));
#609 = CARTESIAN_POINT('',(2.269338671318,-9.446151057998E-02));
#610 = CARTESIAN_POINT('',(2.251485672854,-3.134127700512E-02));
#611 = CARTESIAN_POINT('',(2.242552322822,-1.7763568394E-14));
#612 = ( GEOMETRIC_REPRESENTATION_CONTEXT(2) 
PARAMETRIC_REPRESENTATION_CONTEXT() REPRESENTATION_CONTEXT('2D SPACE',''
  ) );
#613 = ORIENTED_EDGE('',*,*,#614,.T.);
#614 = EDGE_CURVE('',#408,#406,#615,.T.);
#615 = SURFACE_CURVE('',#616,(#626,#639),.PCURVE_S1.);
#616 = B_SPLINE_CURVE_WITH_KNOTS('',8,(#617,#618,#619,#620,#621,#622,
    #623,#624,#625),.UNSPECIFIED.,.F.,.F.,(9,9),(0.,1.),
  .PIECEWISE_BEZIER_KNOTS.);
#617 = CARTESIAN_POINT('',(-9.385780502502,-31.6,45.));
#618 = CARTESIAN_POINT('',(-9.324363820015,-31.6,41.250315171331));
#619 = CARTESIAN_POINT('',(-9.271162085476,-31.6,37.500467031591));
#620 = CARTESIAN_POINT('',(-9.230417276457,-31.6,33.750424338972));
#621 = CARTESIAN_POINT('',(-9.206491124976,-31.6,30.000207725028));
#622 = CARTESIAN_POINT('',(-9.203408132557,-31.6,26.249892006455));
#623 = CARTESIAN_POINT('',(-9.223939102951,-31.6,22.499610264203));
#624 = CARTESIAN_POINT('',(-9.269422164912,-31.6,18.749559136489));
#625 = CARTESIAN_POINT('',(-9.340015312927,-31.6,15.));
#626 = PCURVE('',#77,#627);
#627 = DEFINITIONAL_REPRESENTATION('',(#628),#638);
#628 = B_SPLINE_CURVE_WITH_KNOTS('',8,(#629,#630,#631,#632,#633,#634,
    #635,#636,#637),.UNSPECIFIED.,.F.,.F.,(9,9),(0.,1.),
  .PIECEWISE_BEZIER_KNOTS.);
#629 = CARTESIAN_POINT('',(0.704048925724,0.473393146395));
#630 = CARTESIAN_POINT('',(0.704333177205,0.434471686976));
#631 = CARTESIAN_POINT('',(0.704579752739,0.395259718025));
#632 = CARTESIAN_POINT('',(0.70476885451,0.35594660561));
#633 = CARTESIAN_POINT('',(0.704880037148,0.316742045498));
#634 = CARTESIAN_POINT('',(0.704894366705,0.277859461593));
#635 = CARTESIAN_POINT('',(0.70479892877,0.239483885655));
#636 = CARTESIAN_POINT('',(0.704587802178,0.201761514879));
#637 = CARTESIAN_POINT('',(0.704260821889,0.164800731596));
#638 = ( GEOMETRIC_REPRESENTATION_CONTEXT(2) 
PARAMETRIC_REPRESENTATION_CONTEXT() REPRESENTATION_CONTEXT('2D SPACE',''
  ) );
#639 = PCURVE('',#640,#645);
#640 = PLANE('',#641);
#641 = AXIS2_PLACEMENT_3D('',#642,#643,#644);
#642 = CARTESIAN_POINT('',(-7.29301404021E-16,-31.6,30.));
#643 = DIRECTION('',(-0.,-1.,-0.));
#644 = DIRECTION('',(0.,0.,-1.));
#645 = DEFINITIONAL_REPRESENTATION('',(#646),#656);
#646 = B_SPLINE_CURVE_WITH_KNOTS('',8,(#647,#648,#649,#650,#651,#652,
    #653,#654,#655),.UNSPECIFIED.,.F.,.F.,(9,9),(0.,1.),
  .PIECEWISE_BEZIER_KNOTS.);
#647 = CARTESIAN_POINT('',(-15.,-9.385780502502));
#648 = CARTESIAN_POINT('',(-11.25031517133,-9.324363820015));
#649 = CARTESIAN_POINT('',(-7.500467031591,-9.271162085476));
#650 = CARTESIAN_POINT('',(-3.750424338972,-9.230417276457));
#651 = CARTESIAN_POINT('',(-2.077250277921E-04,-9.206491124976));
#652 = CARTESIAN_POINT('',(3.750107993545,-9.203408132557));
#653 = CARTESIAN_POINT('',(7.500389735797,-9.223939102951));
#654 = CARTESIAN_POINT('',(11.250440863511,-9.269422164912));
#655 = CARTESIAN_POINT('',(15.,-9.340015312927));
#656 = ( GEOMETRIC_REPRESENTATION_CONTEXT(2) 
PARAMETRIC_REPRESENTATION_CONTEXT() REPRESENTATION_CONTEXT('2D SPACE',''
  ) );
#657 = FACE_BOUND('',#658,.T.);
#658 = EDGE_LOOP('',(#659,#707));
#659 = ORIENTED_EDGE('',*,*,#660,.T.);
#660 = EDGE_CURVE('',#661,#663,#665,.T.);
#661 = VERTEX_POINT('',#662);
#662 = CARTESIAN_POINT('',(9.28745894552,-31.6,18.221073634015));
#663 = VERTEX_POINT('',#664);
#664 = CARTESIAN_POINT('',(9.335421254964,-31.6,41.740950131585));
#665 = SURFACE_CURVE('',#666,(#676,#689),.PCURVE_S1.);
#666 = B_SPLINE_CURVE_WITH_KNOTS('',8,(#667,#668,#669,#670,#671,#672,
    #673,#674,#675),.UNSPECIFIED.,.F.,.F.,(9,9),(0.,1.),
  .PIECEWISE_BEZIER_KNOTS.);
#667 = CARTESIAN_POINT('',(9.340015318239,-31.6,15.));
#668 = CARTESIAN_POINT('',(9.269422169979,-31.6,18.749559130553));
#669 = CARTESIAN_POINT('',(9.223939107348,-31.6,22.499610273894));
#670 = CARTESIAN_POINT('',(9.203408137598,-31.6,26.249892024161));
#671 = CARTESIAN_POINT('',(9.206491128645,-31.6,30.000207738178));
#672 = CARTESIAN_POINT('',(9.230417282279,-31.6,33.750424342554));
#673 = CARTESIAN_POINT('',(9.271162090035,-31.6,37.500467028972));
#674 = CARTESIAN_POINT('',(9.324363825238,-31.6,41.250315167783));
#675 = CARTESIAN_POINT('',(9.385780508044,-31.6,45.));
#676 = PCURVE('',#77,#677);
#677 = DEFINITIONAL_REPRESENTATION('',(#678),#688);
#678 = B_SPLINE_CURVE_WITH_KNOTS('',8,(#679,#680,#681,#682,#683,#684,
    #685,#686,#687),.UNSPECIFIED.,.F.,.F.,(9,9),(0.,1.),
  .PIECEWISE_BEZIER_KNOTS.);
#679 = CARTESIAN_POINT('',(0.795739178136,0.164800731596));
#680 = CARTESIAN_POINT('',(0.795412197847,0.201761514821));
#681 = CARTESIAN_POINT('',(0.795201071216,0.239483886014));
#682 = CARTESIAN_POINT('',(0.795105633455,0.277859460753));
#683 = CARTESIAN_POINT('',(0.795119962628,0.316742047456));
#684 = CARTESIAN_POINT('',(0.795231145757,0.355946603841));
#685 = CARTESIAN_POINT('',(0.795420247157,0.395259718952));
#686 = CARTESIAN_POINT('',(0.795666822838,0.434471686807));
#687 = CARTESIAN_POINT('',(0.795951074319,0.473393146263));
#688 = ( GEOMETRIC_REPRESENTATION_CONTEXT(2) 
PARAMETRIC_REPRESENTATION_CONTEXT() REPRESENTATION_CONTEXT('2D SPACE',''
  ) );
#689 = PCURVE('',#690,#695);
#690 = PLANE('',#691);
#691 = AXIS2_PLACEMENT_3D('',#692,#693,#694);
#692 = CARTESIAN_POINT('',(-7.29301404021E-16,-31.6,30.));
#693 = DIRECTION('',(-0.,-1.,-0.));
#694 = DIRECTION('',(0.,0.,-1.));
#695 = DEFINITIONAL_REPRESENTATION('',(#696),#706);
#696 = B_SPLINE_CURVE_WITH_KNOTS('',8,(#697,#698,#699,#700,#701,#702,
    #703,#704,#705),.UNSPECIFIED.,.F.,.F.,(9,9),(0.,1.),
  .PIECEWISE_BEZIER_KNOTS.);
#697 = CARTESIAN_POINT('',(15.,9.340015318239));
#698 = CARTESIAN_POINT('',(11.250440869447,9.269422169979));
#699 = CARTESIAN_POINT('',(7.500389726106,9.223939107348));
#700 = CARTESIAN_POINT('',(3.750107975839,9.203408137598));
#701 = CARTESIAN_POINT('',(-2.077381778207E-04,9.206491128645));
#702 = CARTESIAN_POINT('',(-3.750424342554,9.230417282279));
#703 = CARTESIAN_POINT('',(-7.500467028972,9.271162090035));
#704 = CARTESIAN_POINT('',(-11.25031516778,9.324363825238));
#705 = CARTESIAN_POINT('',(-15.,9.385780508044));
#706 = ( GEOMETRIC_REPRESENTATION_CONTEXT(2) 
PARAMETRIC_REPRESENTATION_CONTEXT() REPRESENTATION_CONTEXT('2D SPACE',''
  ) );
#707 = ORIENTED_EDGE('',*,*,#708,.T.);
#708 = EDGE_CURVE('',#663,#661,#709,.T.);
#709 = SURFACE_CURVE('',#710,(#749,#822),.PCURVE_S1.);
#710 = B_SPLINE_CURVE_WITH_KNOTS('',7,(#711,#712,#713,#714,#715,#716,
    #717,#718,#719,#720,#721,#722,#723,#724,#725,#726,#727,#728,#729,
    #730,#731,#732,#733,#734,#735,#736,#737,#738,#739,#740,#741,#742,
    #743,#744,#745,#746,#747,#748),.UNSPECIFIED.,.F.,.F.,(8,6,6,6,6,6,8)
  ,(1.938034823047E-07,0.160371161888,0.620331348434,1.,1.384163695205,
    1.839319046274,2.004359729639),.UNSPECIFIED.);
#711 = CARTESIAN_POINT('',(9.335421254964,-31.6,41.740950131585));
#712 = CARTESIAN_POINT('',(9.572785668314,-31.52907205005,
    41.552217808841));
#713 = CARTESIAN_POINT('',(9.805379573893,-31.45727344197,
    41.358140626457));
#714 = CARTESIAN_POINT('',(10.033124159639,-31.38477125462,
    41.15882537301));
#715 = CARTESIAN_POINT('',(10.255942036109,-31.31173424965,
    40.954373531853));
#716 = CARTESIAN_POINT('',(10.473756619164,-31.23833272768,
    40.744880732144));
#717 = CARTESIAN_POINT('',(10.686491512662,-31.16473838459,
    40.530436199876));
#718 = CARTESIAN_POINT('',(11.489425714135,-30.87999113462,
    39.682107460131));
#719 = CARTESIAN_POINT('',(12.042160231383,-30.66876696471,
    39.01325162068));
#720 = CARTESIAN_POINT('',(12.550859469488,-30.46140872528,
    38.306176267873));
#721 = CARTESIAN_POINT('',(13.013240855464,-30.26219496537,
    37.562607139501));
#722 = CARTESIAN_POINT('',(13.426543283507,-30.07572821832,
    36.784622925311));
#723 = CARTESIAN_POINT('',(13.787601761344,-29.90677511675,
    35.974784419293));
#724 = CARTESIAN_POINT('',(14.345307762862,-29.63848488955,
    34.44460412555));
#725 = CARTESIAN_POINT('',(14.559665647903,-29.53213763004,
    33.733282322016));
#726 = CARTESIAN_POINT('',(14.734057654716,-29.44340830023,
    33.005256134384));
#727 = CARTESIAN_POINT('',(14.866538219582,-29.37470365935,
    32.263743086664));
#728 = CARTESIAN_POINT('',(14.955523201773,-29.32794326925,
    31.512557209583));
#729 = CARTESIAN_POINT('',(15.,-29.30421273989,30.75620362748));
#730 = CARTESIAN_POINT('',(15.,-29.30280106156,29.234843386038));
#731 = CARTESIAN_POINT('',(14.95446381113,-29.3256680638,28.469439839918
    ));
#732 = CARTESIAN_POINT('',(14.863338907223,-29.37215601549,
    27.709308973074));
#733 = CARTESIAN_POINT('',(14.727670949053,-29.44116639171,
    26.959128967798));
#734 = CARTESIAN_POINT('',(14.549107731508,-29.53071728571,
    26.222857831096));
#735 = CARTESIAN_POINT('',(14.32967749576,-29.63831159789,
    25.503829617222));
#736 = CARTESIAN_POINT('',(13.765849863939,-29.9067942271,
    23.976650324426));
#737 = CARTESIAN_POINT('',(13.405823015553,-30.07387093467,
    23.176504127394));
#738 = CARTESIAN_POINT('',(12.994731468338,-30.25809203817,
    22.407710807138));
#739 = CARTESIAN_POINT('',(12.535649604105,-30.45483194129,
    21.672746680106));
#740 = CARTESIAN_POINT('',(12.031261181711,-30.6596181984,
    20.973620030228));
#741 = CARTESIAN_POINT('',(11.48378503093,-30.86828673177,
    20.311997672276));
#742 = CARTESIAN_POINT('',(10.68096627613,-31.15265494682,
    19.463702763564));
#743 = CARTESIAN_POINT('',(10.461870239859,-31.22832264153,
    19.243126415553));
#744 = CARTESIAN_POINT('',(10.23740050491,-31.30379531076,
    19.027802722409));
#745 = CARTESIAN_POINT('',(10.007640403311,-31.37888496594,
    18.817828392881));
#746 = CARTESIAN_POINT('',(9.772673493069,-31.45340515198,
    18.613307390163));
#747 = CARTESIAN_POINT('',(9.532584280993,-31.52717111998,
    18.414350289202));
#748 = CARTESIAN_POINT('',(9.28745894552,-31.6,18.221073634015));
#749 = PCURVE('',#77,#750);
#750 = DEFINITIONAL_REPRESENTATION('',(#751),#821);
#751 = B_SPLINE_CURVE_WITH_KNOTS('',3,(#752,#753,#754,#755,#756,#757,
    #758,#759,#760,#761,#762,#763,#764,#765,#766,#767,#768,#769,#770,
    #771,#772,#773,#774,#775,#776,#777,#778,#779,#780,#781,#782,#783,
    #784,#785,#786,#787,#788,#789,#790,#791,#792,#793,#794,#795,#796,
    #797,#798,#799,#800,#801,#802,#803,#804,#805,#806,#807,#808,#809,
    #810,#811,#812,#813,#814,#815,#816,#817,#818,#819,#820),
  .UNSPECIFIED.,.F.,.F.,(4,1,1,1,1,1,1,1,1,1,1,1,1,1,1,1,1,1,1,1,1,1,1,1
    ,1,1,1,1,1,1,1,1,1,1,1,1,1,1,1,1,1,1,1,1,1,1,1,1,1,1,1,1,1,1,1,1,1,1
    ,1,1,1,1,1,1,1,1,4),(1.938034823047E-07,3.036927767979E-02,
    6.073836155609E-02,9.110744543239E-02,0.121476529309,0.151845613185,
    0.182214697061,0.212583780938,0.242952864814,0.27332194869,
    0.303691032567,0.334060116443,0.364429200319,0.394798284195,
    0.425167368072,0.455536451948,0.485905535824,0.516274619701,
    0.546643703577,0.577012787453,0.60738187133,0.637750955206,
    0.668120039082,0.698489122958,0.728858206835,0.759227290711,
    0.789596374587,0.819965458464,0.85033454234,0.880703626216,
    0.911072710093,0.941441793969,0.971810877845,1.002179961721,
    1.032549045598,1.062918129474,1.09328721335,1.123656297227,
    1.154025381103,1.184394464979,1.214763548856,1.245132632732,
    1.275501716608,1.305870800485,1.336239884361,1.366608968237,
    1.396978052113,1.42734713599,1.457716219866,1.488085303742,
    1.518454387619,1.548823471495,1.579192555371,1.609561639248,
    1.639930723124,1.670299807,1.700668890876,1.731037974753,
    1.761407058629,1.791776142505,1.822145226382,1.852514310258,
    1.882883394134,1.913252478011,1.943621561887,1.973990645763,
    2.004359729639),.QUASI_UNIFORM_KNOTS.);
#752 = CARTESIAN_POINT('',(0.795717898061,0.439482793102));
#753 = CARTESIAN_POINT('',(0.796246623364,0.438613355036));
#754 = CARTESIAN_POINT('',(0.79729361588,0.436846310266));
#755 = CARTESIAN_POINT('',(0.798832015623,0.434112714575));
#756 = CARTESIAN_POINT('',(0.800337619181,0.431297588728));
#757 = CARTESIAN_POINT('',(0.801809692753,0.428402357609));
#758 = CARTESIAN_POINT('',(0.803247497159,0.425428366213));
#759 = CARTESIAN_POINT('',(0.804650229322,0.422376980934));
#760 = CARTESIAN_POINT('',(0.806016971619,0.419249741501));
#761 = CARTESIAN_POINT('',(0.807347006767,0.416047624504));
#762 = CARTESIAN_POINT('',(0.808639475233,0.412771779457));
#763 = CARTESIAN_POINT('',(0.809893460813,0.409423368746));
#764 = CARTESIAN_POINT('',(0.811107973968,0.40600362007));
#765 = CARTESIAN_POINT('',(0.812281962292,0.402513821736));
#766 = CARTESIAN_POINT('',(0.813414313535,0.398955333176));
#767 = CARTESIAN_POINT('',(0.814503860581,0.39532959145));
#768 = CARTESIAN_POINT('',(0.815549385954,0.391638118943));
#769 = CARTESIAN_POINT('',(0.816549626572,0.387882531279));
#770 = CARTESIAN_POINT('',(0.817503278853,0.384064544763));
#771 = CARTESIAN_POINT('',(0.818409003505,0.380185987676));
#772 = CARTESIAN_POINT('',(0.819265432987,0.37624879945));
#773 = CARTESIAN_POINT('',(0.820071170866,0.372255077839));
#774 = CARTESIAN_POINT('',(0.820824823585,0.368206950252));
#775 = CARTESIAN_POINT('',(0.821524902186,0.364107170546));
#776 = CARTESIAN_POINT('',(0.82216985475,0.359959249357));
#777 = CARTESIAN_POINT('',(0.822758209228,0.355766786));
#778 = CARTESIAN_POINT('',(0.823288557135,0.351533622302));
#779 = CARTESIAN_POINT('',(0.823759574594,0.347263808043));
#780 = CARTESIAN_POINT('',(0.824170034286,0.342961617176));
#781 = CARTESIAN_POINT('',(0.824518820796,0.338631550045));
#782 = CARTESIAN_POINT('',(0.824804946034,0.334278341615));
#783 = CARTESIAN_POINT('',(0.825027565664,0.329906960423));
#784 = CARTESIAN_POINT('',(0.825185996378,0.325522639454));
#785 = CARTESIAN_POINT('',(0.825279733828,0.321130789469));
#786 = CARTESIAN_POINT('',(0.825308472364,0.316737351543));
#787 = CARTESIAN_POINT('',(0.825272122364,0.31234749453));
#788 = CARTESIAN_POINT('',(0.825170779756,0.307966666437));
#789 = CARTESIAN_POINT('',(0.825004759673,0.303600648456));
#790 = CARTESIAN_POINT('',(0.824774573335,0.299254764235));
#791 = CARTESIAN_POINT('',(0.824480910362,0.294934102167));
#792 = CARTESIAN_POINT('',(0.824124620712,0.290643466106));
#793 = CARTESIAN_POINT('',(0.823706697793,0.286387398802));
#794 = CARTESIAN_POINT('',(0.823228262214,0.282170185476));
#795 = CARTESIAN_POINT('',(0.822690546556,0.277995863542));
#796 = CARTESIAN_POINT('',(0.822094880078,0.273868226898));
#797 = CARTESIAN_POINT('',(0.821442677122,0.269790845112));
#798 = CARTESIAN_POINT('',(0.820735415145,0.26576702765));
#799 = CARTESIAN_POINT('',(0.819974654683,0.261799992153));
#800 = CARTESIAN_POINT('',(0.81916187719,0.25789212657));
#801 = CARTESIAN_POINT('',(0.818298478549,0.254045260357));
#802 = CARTESIAN_POINT('',(0.817385857555,0.250261184206));
#803 = CARTESIAN_POINT('',(0.816425383974,0.2465415285));
#804 = CARTESIAN_POINT('',(0.815418399154,0.242887810167));
#805 = CARTESIAN_POINT('',(0.814366208494,0.239301433397));
#806 = CARTESIAN_POINT('',(0.813270076586,0.235783701844));
#807 = CARTESIAN_POINT('',(0.812131222037,0.232335827012));
#808 = CARTESIAN_POINT('',(0.810950812659,0.228958937));
#809 = CARTESIAN_POINT('',(0.809729960854,0.225654084884));
#810 = CARTESIAN_POINT('',(0.808469718642,0.222422256064));
#811 = CARTESIAN_POINT('',(0.807171074282,0.219264378623));
#812 = CARTESIAN_POINT('',(0.805834942689,0.21618132181));
#813 = CARTESIAN_POINT('',(0.804462178404,0.213173938818));
#814 = CARTESIAN_POINT('',(0.803053503313,0.210242944642));
#815 = CARTESIAN_POINT('',(0.801609867801,0.207389646907));
#816 = CARTESIAN_POINT('',(0.800132042967,0.204615060294));
#817 = CARTESIAN_POINT('',(0.798620779139,0.201920272627));
#818 = CARTESIAN_POINT('',(0.797076809893,0.199306427695));
#819 = CARTESIAN_POINT('',(0.796026166954,0.197618643527));
#820 = CARTESIAN_POINT('',(0.795495632444,0.196788646635));
#821 = ( GEOMETRIC_REPRESENTATION_CONTEXT(2) 
PARAMETRIC_REPRESENTATION_CONTEXT() REPRESENTATION_CONTEXT('2D SPACE',''
  ) );
#822 = PCURVE('',#823,#828);
#823 = CYLINDRICAL_SURFACE('',#824,15.);
#824 = AXIS2_PLACEMENT_3D('',#825,#826,#827);
#825 = CARTESIAN_POINT('',(0.,-31.6,30.));
#826 = DIRECTION('',(0.,-1.,0.));
#827 = DIRECTION('',(1.,0.,0.));
#828 = DEFINITIONAL_REPRESENTATION('',(#829),#899);
#829 = B_SPLINE_CURVE_WITH_KNOTS('',3,(#830,#831,#832,#833,#834,#835,
    #836,#837,#838,#839,#840,#841,#842,#843,#844,#845,#846,#847,#848,
    #849,#850,#851,#852,#853,#854,#855,#856,#857,#858,#859,#860,#861,
    #862,#863,#864,#865,#866,#867,#868,#869,#870,#871,#872,#873,#874,
    #875,#876,#877,#878,#879,#880,#881,#882,#883,#884,#885,#886,#887,
    #888,#889,#890,#891,#892,#893,#894,#895,#896,#897,#898),
  .UNSPECIFIED.,.F.,.F.,(4,1,1,1,1,1,1,1,1,1,1,1,1,1,1,1,1,1,1,1,1,1,1,1
    ,1,1,1,1,1,1,1,1,1,1,1,1,1,1,1,1,1,1,1,1,1,1,1,1,1,1,1,1,1,1,1,1,1,1
    ,1,1,1,1,1,1,1,1,4),(1.938034823047E-07,3.036927767979E-02,
    6.073836155609E-02,9.110744543239E-02,0.121476529309,0.151845613185,
    0.182214697061,0.212583780938,0.242952864814,0.27332194869,
    0.303691032567,0.334060116443,0.364429200319,0.394798284195,
    0.425167368072,0.455536451948,0.485905535824,0.516274619701,
    0.546643703577,0.577012787453,0.60738187133,0.637750955206,
    0.668120039082,0.698489122958,0.728858206835,0.759227290711,
    0.789596374587,0.819965458464,0.85033454234,0.880703626216,
    0.911072710093,0.941441793969,0.971810877845,1.002179961721,
    1.032549045598,1.062918129474,1.09328721335,1.123656297227,
    1.154025381103,1.184394464979,1.214763548856,1.245132632732,
    1.275501716608,1.305870800485,1.336239884361,1.366608968237,
    1.396978052113,1.42734713599,1.457716219866,1.488085303742,
    1.518454387619,1.548823471495,1.579192555371,1.609561639248,
    1.639930723124,1.670299807,1.700668890876,1.731037974753,
    1.761407058629,1.791776142505,1.822145226382,1.852514310258,
    1.882883394134,1.913252478011,1.943621561887,1.973990645763,
    2.004359729639),.QUASI_UNIFORM_KNOTS.);
#830 = CARTESIAN_POINT('',(7.182225637502,-1.42108547152E-14));
#831 = CARTESIAN_POINT('',(7.173292668566,-3.133993967297E-02));
#832 = CARTESIAN_POINT('',(7.155440428294,-9.44574716054E-02));
#833 = CARTESIAN_POINT('',(7.128695828615,-0.190205668957));
#834 = CARTESIAN_POINT('',(7.101977720066,-0.286785419015));
#835 = CARTESIAN_POINT('',(7.075278614391,-0.383953884569));
#836 = CARTESIAN_POINT('',(7.048590582073,-0.481467631075));
#837 = CARTESIAN_POINT('',(7.021906202277,-0.579078785459));
#838 = CARTESIAN_POINT('',(6.995219676159,-0.676530998039));
#839 = CARTESIAN_POINT('',(6.96852057397,-0.773582255882));
#840 = CARTESIAN_POINT('',(6.941800263464,-0.869981175548));
#841 = CARTESIAN_POINT('',(6.915050355588,-0.965472643763));
#842 = CARTESIAN_POINT('',(6.888263058745,-1.059796577663));
#843 = CARTESIAN_POINT('',(6.861431032055,-1.152688632011));
#844 = CARTESIAN_POINT('',(6.834547382494,-1.243880493154));
#845 = CARTESIAN_POINT('',(6.807605632747,-1.333100396773));
#846 = CARTESIAN_POINT('',(6.780599705303,-1.420073704944));
#847 = CARTESIAN_POINT('',(6.753523912402,-1.504523586875));
#848 = CARTESIAN_POINT('',(6.72637294743,-1.586171813855));
#849 = CARTESIAN_POINT('',(6.699141906234,-1.664739605393));
#850 = CARTESIAN_POINT('',(6.671826230213,-1.7399487916));
#851 = CARTESIAN_POINT('',(6.644421977526,-1.811522318129));
#852 = CARTESIAN_POINT('',(6.616924908244,-1.879187746853));
#853 = CARTESIAN_POINT('',(6.589334480736,-1.942669104851));
#854 = CARTESIAN_POINT('',(6.56165452568,-2.001690198953));
#855 = CARTESIAN_POINT('',(6.533888696275,-2.055988523549));
#856 = CARTESIAN_POINT('',(6.506041536305,-2.105314925887));
#857 = CARTESIAN_POINT('',(6.478118270785,-2.149436641679));
#858 = CARTESIAN_POINT('',(6.450124952201,-2.188139508685));
#859 = CARTESIAN_POINT('',(6.422068521163,-2.221230455405));
#860 = CARTESIAN_POINT('',(6.393956918088,-2.248539945154));
#861 = CARTESIAN_POINT('',(6.365799146968,-2.269924433848));
#862 = CARTESIAN_POINT('',(6.337605557944,-2.285268804445));
#863 = CARTESIAN_POINT('',(6.309387389629,-2.294488744395));
#864 = CARTESIAN_POINT('',(6.281159150611,-2.297533114355));
#865 = CARTESIAN_POINT('',(6.252930384132,-2.294386025003));
#866 = CARTESIAN_POINT('',(6.22471254155,-2.285063919359));
#867 = CARTESIAN_POINT('',(6.196519469612,-2.269618714898));
#868 = CARTESIAN_POINT('',(6.168362447363,-2.248135313817));
#869 = CARTESIAN_POINT('',(6.140251713531,-2.220729390189));
#870 = CARTESIAN_POINT('',(6.112196232159,-2.187545008576));
#871 = CARTESIAN_POINT('',(6.084203910551,-2.148752221666));
#872 = CARTESIAN_POINT('',(6.056281676025,-2.104544628035));
#873 = CARTESIAN_POINT('',(6.028435580983,-2.055136943978));
#874 = CARTESIAN_POINT('',(6.000670860211,-2.000762518525));
#875 = CARTESIAN_POINT('',(5.972992082527,-1.94167114712));
#876 = CARTESIAN_POINT('',(5.945402910419,-1.878125958912));
#877 = CARTESIAN_POINT('',(5.917907275647,-1.810404048313));
#878 = CARTESIAN_POINT('',(5.890504225161,-1.738780957632));
#879 = CARTESIAN_POINT('',(5.863189541331,-1.663529674308));
#880 = CARTESIAN_POINT('',(5.835959282975,-1.58492780895));
#881 = CARTESIAN_POINT('',(5.808808889636,-1.503254103753));
#882 = CARTESIAN_POINT('',(5.781733447724,-1.418787919411));
#883 = CARTESIAN_POINT('',(5.754727634916,-1.331808069914));
#884 = CARTESIAN_POINT('',(5.727785740998,-1.242591972931));
#885 = CARTESIAN_POINT('',(5.700901659119,-1.151414852188));
#886 = CARTESIAN_POINT('',(5.674068875527,-1.058549055053));
#887 = CARTESIAN_POINT('',(5.647280452923,-0.964263472698));
#888 = CARTESIAN_POINT('',(5.620528999213,-0.868823026706));
#889 = CARTESIAN_POINT('',(5.593806658873,-0.772488355856));
#890 = CARTESIAN_POINT('',(5.567104984849,-0.675515180914));
#891 = CARTESIAN_POINT('',(5.540415219724,-0.578155278929));
#892 = CARTESIAN_POINT('',(5.513727009988,-0.480651839822));
#893 = CARTESIAN_POINT('',(5.487035108455,-0.383264143012));
#894 = CARTESIAN_POINT('',(5.460331446936,-0.286238631278));
#895 = CARTESIAN_POINT('',(5.433608265745,-0.189820324489));
#896 = CARTESIAN_POINT('',(5.406858028018,-9.425286083969E-02));
#897 = CARTESIAN_POINT('',(5.389001659688,-3.126936973166E-02));
#898 = CARTESIAN_POINT('',(5.380066533421,3.552713678801E-15));
#899 = ( GEOMETRIC_REPRESENTATION_CONTEXT(2) 
PARAMETRIC_REPRESENTATION_CONTEXT() REPRESENTATION_CONTEXT('2D SPACE',''
  ) );
#900 = ADVANCED_FACE('',(#901),#823,.T.);
#901 = FACE_BOUND('',#902,.T.);
#902 = EDGE_LOOP('',(#903,#904));
#903 = ORIENTED_EDGE('',*,*,#708,.F.);
#904 = ORIENTED_EDGE('',*,*,#905,.F.);
#905 = EDGE_CURVE('',#661,#663,#906,.T.);
#906 = SURFACE_CURVE('',#907,(#912,#919),.PCURVE_S1.);
#907 = CIRCLE('',#908,15.);
#908 = AXIS2_PLACEMENT_3D('',#909,#910,#911);
#909 = CARTESIAN_POINT('',(0.,-31.6,30.));
#910 = DIRECTION('',(0.,-1.,0.));
#911 = DIRECTION('',(0.619163929701,0.,-0.785261757732));
#912 = PCURVE('',#823,#913);
#913 = DEFINITIONAL_REPRESENTATION('',(#914),#918);
#914 = LINE('',#915,#916);
#915 = CARTESIAN_POINT('',(5.380066533421,0.));
#916 = VECTOR('',#917,1.);
#917 = DIRECTION('',(1.,0.));
#918 = ( GEOMETRIC_REPRESENTATION_CONTEXT(2) 
PARAMETRIC_REPRESENTATION_CONTEXT() REPRESENTATION_CONTEXT('2D SPACE',''
  ) );
#919 = PCURVE('',#690,#920);
#920 = DEFINITIONAL_REPRESENTATION('',(#921),#925);
#921 = CIRCLE('',#922,15.);
#922 = AXIS2_PLACEMENT_2D('',#923,#924);
#923 = CARTESIAN_POINT('',(-3.552713678801E-15,7.29301404021E-16));
#924 = DIRECTION('',(0.785261757732,0.619163929701));
#925 = ( GEOMETRIC_REPRESENTATION_CONTEXT(2) 
PARAMETRIC_REPRESENTATION_CONTEXT() REPRESENTATION_CONTEXT('2D SPACE',''
  ) );
#926 = ADVANCED_FACE('',(#927),#690,.T.);
#927 = FACE_BOUND('',#928,.T.);
#928 = EDGE_LOOP('',(#929,#930));
#929 = ORIENTED_EDGE('',*,*,#905,.T.);
#930 = ORIENTED_EDGE('',*,*,#660,.F.);
#931 = ADVANCED_FACE('',(#932),#640,.T.);
#932 = FACE_BOUND('',#933,.T.);
#933 = EDGE_LOOP('',(#934,#935));
#934 = ORIENTED_EDGE('',*,*,#614,.F.);
#935 = ORIENTED_EDGE('',*,*,#936,.T.);
#936 = EDGE_CURVE('',#408,#406,#937,.T.);
#937 = SURFACE_CURVE('',#938,(#943,#950),.PCURVE_S1.);
#938 = CIRCLE('',#939,15.);
#939 = AXIS2_PLACEMENT_3D('',#940,#941,#942);
#940 = CARTESIAN_POINT('',(0.,-31.6,30.));
#941 = DIRECTION('',(0.,-1.,0.));
#942 = DIRECTION('',(1.,0.,0.));
#943 = PCURVE('',#640,#944);
#944 = DEFINITIONAL_REPRESENTATION('',(#945),#949);
#945 = CIRCLE('',#946,15.);
#946 = AXIS2_PLACEMENT_2D('',#947,#948);
#947 = CARTESIAN_POINT('',(-3.552713678801E-15,7.29301404021E-16));
#948 = DIRECTION('',(0.,1.));
#949 = ( GEOMETRIC_REPRESENTATION_CONTEXT(2) 
PARAMETRIC_REPRESENTATION_CONTEXT() REPRESENTATION_CONTEXT('2D SPACE',''
  ) );
#950 = PCURVE('',#536,#951);
#951 = DEFINITIONAL_REPRESENTATION('',(#952),#956);
#952 = LINE('',#953,#954);
#953 = CARTESIAN_POINT('',(0.,0.));
#954 = VECTOR('',#955,1.);
#955 = DIRECTION('',(1.,0.));
#956 = ( GEOMETRIC_REPRESENTATION_CONTEXT(2) 
PARAMETRIC_REPRESENTATION_CONTEXT() REPRESENTATION_CONTEXT('2D SPACE',''
  ) );
#957 = ADVANCED_FACE('',(#958),#536,.T.);
#958 = FACE_BOUND('',#959,.T.);
#959 = EDGE_LOOP('',(#960,#961));
#960 = ORIENTED_EDGE('',*,*,#936,.F.);
#961 = ORIENTED_EDGE('',*,*,#405,.F.);
#962 = ADVANCED_FACE('',(#963,#966),#379,.F.);
#963 = FACE_BOUND('',#964,.F.);
#964 = EDGE_LOOP('',(#965));
#965 = ORIENTED_EDGE('',*,*,#353,.F.);
#966 = FACE_BOUND('',#967,.F.);
#967 = EDGE_LOOP('',(#968));
#968 = ORIENTED_EDGE('',*,*,#969,.F.);
#969 = EDGE_CURVE('',#970,#970,#972,.T.);
#970 = VERTEX_POINT('',#971);
#971 = CARTESIAN_POINT('',(19.,0.,92.));
#972 = SURFACE_CURVE('',#973,(#978,#985),.PCURVE_S1.);
#973 = CIRCLE('',#974,19.);
#974 = AXIS2_PLACEMENT_3D('',#975,#976,#977);
#975 = CARTESIAN_POINT('',(0.,0.,92.));
#976 = DIRECTION('',(0.,0.,-1.));
#977 = DIRECTION('',(1.,0.,0.));
#978 = PCURVE('',#379,#979);
#979 = DEFINITIONAL_REPRESENTATION('',(#980),#984);
#980 = CIRCLE('',#981,19.);
#981 = AXIS2_PLACEMENT_2D('',#982,#983);
#982 = CARTESIAN_POINT('',(23.1,1.137858775046E-14));
#983 = DIRECTION('',(-1.,6.07927403092E-16));
#984 = ( GEOMETRIC_REPRESENTATION_CONTEXT(2) 
PARAMETRIC_REPRESENTATION_CONTEXT() REPRESENTATION_CONTEXT('2D SPACE',''
  ) );
#985 = PCURVE('',#986,#991);
#986 = CYLINDRICAL_SURFACE('',#987,19.);
#987 = AXIS2_PLACEMENT_3D('',#988,#989,#990);
#988 = CARTESIAN_POINT('',(0.,0.,82.));
#989 = DIRECTION('',(-0.,-0.,-1.));
#990 = DIRECTION('',(1.,0.,0.));
#991 = DEFINITIONAL_REPRESENTATION('',(#992),#996);
#992 = LINE('',#993,#994);
#993 = CARTESIAN_POINT('',(-6.28318530718,-10.));
#994 = VECTOR('',#995,1.);
#995 = DIRECTION('',(1.,-0.));
#996 = ( GEOMETRIC_REPRESENTATION_CONTEXT(2) 
PARAMETRIC_REPRESENTATION_CONTEXT() REPRESENTATION_CONTEXT('2D SPACE',''
  ) );
#997 = ADVANCED_FACE('',(#998),#986,.F.);
#998 = FACE_BOUND('',#999,.T.);
#999 = EDGE_LOOP('',(#1000,#1023,#1054,#1055));
#1000 = ORIENTED_EDGE('',*,*,#1001,.F.);
#1001 = EDGE_CURVE('',#1002,#970,#1004,.T.);
#1002 = VERTEX_POINT('',#1003);
#1003 = CARTESIAN_POINT('',(19.,0.,89.));
#1004 = SEAM_CURVE('',#1005,(#1009,#1016),.PCURVE_S1.);
#1005 = LINE('',#1006,#1007);
#1006 = CARTESIAN_POINT('',(19.,0.,82.));
#1007 = VECTOR('',#1008,1.);
#1008 = DIRECTION('',(0.,0.,1.));
#1009 = PCURVE('',#986,#1010);
#1010 = DEFINITIONAL_REPRESENTATION('',(#1011),#1015);
#1011 = LINE('',#1012,#1013);
#1012 = CARTESIAN_POINT('',(-6.28318530718,0.));
#1013 = VECTOR('',#1014,1.);
#1014 = DIRECTION('',(-0.,-1.));
#1015 = ( GEOMETRIC_REPRESENTATION_CONTEXT(2) 
PARAMETRIC_REPRESENTATION_CONTEXT() REPRESENTATION_CONTEXT('2D SPACE',''
  ) );
#1016 = PCURVE('',#986,#1017);
#1017 = DEFINITIONAL_REPRESENTATION('',(#1018),#1022);
#1018 = LINE('',#1019,#1020);
#1019 = CARTESIAN_POINT('',(-0.,0.));
#1020 = VECTOR('',#1021,1.);
#1021 = DIRECTION('',(-0.,-1.));
#1022 = ( GEOMETRIC_REPRESENTATION_CONTEXT(2) 
PARAMETRIC_REPRESENTATION_CONTEXT() REPRESENTATION_CONTEXT('2D SPACE',''
  ) );
#1023 = ORIENTED_EDGE('',*,*,#1024,.T.);
#1024 = EDGE_CURVE('',#1002,#1002,#1025,.T.);
#1025 = SURFACE_CURVE('',#1026,(#1031,#1038),.PCURVE_S1.);
#1026 = CIRCLE('',#1027,19.);
#1027 = AXIS2_PLACEMENT_3D('',#1028,#1029,#1030);
#1028 = CARTESIAN_POINT('',(0.,0.,89.));
#1029 = DIRECTION('',(0.,0.,-1.));
#1030 = DIRECTION('',(1.,0.,0.));
#1031 = PCURVE('',#986,#1032);
#1032 = DEFINITIONAL_REPRESENTATION('',(#1033),#1037);
#1033 = LINE('',#1034,#1035);
#1034 = CARTESIAN_POINT('',(-6.28318530718,-7.));
#1035 = VECTOR('',#1036,1.);
#1036 = DIRECTION('',(1.,-0.));
#1037 = ( GEOMETRIC_REPRESENTATION_CONTEXT(2) 
PARAMETRIC_REPRESENTATION_CONTEXT() REPRESENTATION_CONTEXT('2D SPACE',''
  ) );
#1038 = PCURVE('',#1039,#1044);
#1039 = PLANE('',#1040);
#1040 = AXIS2_PLACEMENT_3D('',#1041,#1042,#1043);
#1041 = CARTESIAN_POINT('',(20.1,2.68333970625E-15,89.));
#1042 = DIRECTION('',(-3.535038486603E-16,4.432798056193E-16,1.));
#1043 = DIRECTION('',(-1.,-4.677723171948E-19,-3.535038486603E-16));
#1044 = DEFINITIONAL_REPRESENTATION('',(#1045),#1053);
#1045 = ( BOUNDED_CURVE() B_SPLINE_CURVE(2,(#1046,#1047,#1048,#1049,
#1050,#1051,#1052),.UNSPECIFIED.,.T.,.F.) B_SPLINE_CURVE_WITH_KNOTS((1,2
    ,2,2,2,1),(-2.094395102393,0.,2.094395102393,4.188790204786,
6.28318530718,8.377580409573),.UNSPECIFIED.) CURVE() 
GEOMETRIC_REPRESENTATION_ITEM() RATIONAL_B_SPLINE_CURVE((1.,0.5,1.,0.5,
1.,0.5,1.)) REPRESENTATION_ITEM('') );
#1046 = CARTESIAN_POINT('',(1.1,2.682825156701E-15));
#1047 = CARTESIAN_POINT('',(1.1,32.908965343809));
#1048 = CARTESIAN_POINT('',(29.6,16.454482671904));
#1049 = CARTESIAN_POINT('',(58.1,7.309819971381E-15));
#1050 = CARTESIAN_POINT('',(29.6,-16.4544826719));
#1051 = CARTESIAN_POINT('',(1.1,-32.9089653438));
#1052 = CARTESIAN_POINT('',(1.1,2.682825156701E-15));
#1053 = ( GEOMETRIC_REPRESENTATION_CONTEXT(2) 
PARAMETRIC_REPRESENTATION_CONTEXT() REPRESENTATION_CONTEXT('2D SPACE',''
  ) );
#1054 = ORIENTED_EDGE('',*,*,#1001,.T.);
#1055 = ORIENTED_EDGE('',*,*,#969,.F.);
#1056 = ADVANCED_FACE('',(#1057,#1317),#1039,.F.);
#1057 = FACE_BOUND('',#1058,.F.);
#1058 = EDGE_LOOP('',(#1059));
#1059 = ORIENTED_EDGE('',*,*,#1060,.T.);
#1060 = EDGE_CURVE('',#1061,#1061,#1063,.T.);
#1061 = VERTEX_POINT('',#1062);
#1062 = CARTESIAN_POINT('',(20.1,0.,89.));
#1063 = SURFACE_CURVE('',#1064,(#1080,#1099),.PCURVE_S1.);
#1064 = B_SPLINE_CURVE_WITH_KNOTS('',14,(#1065,#1066,#1067,#1068,#1069,
    #1070,#1071,#1072,#1073,#1074,#1075,#1076,#1077,#1078,#1079),
  .UNSPECIFIED.,.T.,.F.,(15,15),(0.,1.),.PIECEWISE_BEZIER_KNOTS.);
#1065 = CARTESIAN_POINT('',(20.1,2.68333970625E-15,89.));
#1066 = CARTESIAN_POINT('',(20.100000000001,9.020858905314,
    88.999999999996));
#1067 = CARTESIAN_POINT('',(15.740021339891,18.041721140419,
    89.000000000027));
#1068 = CARTESIAN_POINT('',(7.020058445843,24.779668866122,
    88.999999999892));
#1069 = CARTESIAN_POINT('',(-4.755873356187,26.952041676104,
    89.000000000305));
#1070 = CARTESIAN_POINT('',(-16.97999077421,23.094434906299,
    88.999999999358));
#1071 = CARTESIAN_POINT('',(-26.31173820318,13.384293429826,
    89.000000001042));
#1072 = CARTESIAN_POINT('',(-29.82495490135,2.474749294379E-10,
    88.99999999867));
#1073 = CARTESIAN_POINT('',(-26.31173820317,-13.38429343028,
    89.000000001353));
#1074 = CARTESIAN_POINT('',(-16.97999077422,-23.09443490594,
    88.999999998899));
#1075 = CARTESIAN_POINT('',(-4.755873356183,-26.95204167632,
    89.000000000713));
#1076 = CARTESIAN_POINT('',(7.020058445842,-24.77966886601,
    88.999999999642));
#1077 = CARTESIAN_POINT('',(15.740021339891,-18.04172114046,
    89.000000000131));
#1078 = CARTESIAN_POINT('',(20.100000000001,-9.020858905305,
    88.999999999971));
#1079 = CARTESIAN_POINT('',(20.1,-1.825369566013E-14,89.));
#1080 = PCURVE('',#1039,#1081);
#1081 = DEFINITIONAL_REPRESENTATION('',(#1082),#1098);
#1082 = B_SPLINE_CURVE_WITH_KNOTS('',14,(#1083,#1084,#1085,#1086,#1087,
    #1088,#1089,#1090,#1091,#1092,#1093,#1094,#1095,#1096,#1097),
  .UNSPECIFIED.,.F.,.F.,(15,15),(0.,1.),.PIECEWISE_BEZIER_KNOTS.);
#1083 = CARTESIAN_POINT('',(0.,0.));
#1084 = CARTESIAN_POINT('',(-7.780442956573E-13,-9.020858905314));
#1085 = CARTESIAN_POINT('',(4.359978660109,-18.04172114041));
#1086 = CARTESIAN_POINT('',(13.079941554157,-24.77966886612));
#1087 = CARTESIAN_POINT('',(24.855873356187,-26.9520416761));
#1088 = CARTESIAN_POINT('',(37.079990774215,-23.09443490629));
#1089 = CARTESIAN_POINT('',(46.411738203183,-13.38429342982));
#1090 = CARTESIAN_POINT('',(49.924954901352,-2.474722694517E-10));
#1091 = CARTESIAN_POINT('',(46.411738203179,13.384293430281));
#1092 = CARTESIAN_POINT('',(37.07999077422,23.094434905949));
#1093 = CARTESIAN_POINT('',(24.855873356183,26.952041676325));
#1094 = CARTESIAN_POINT('',(13.079941554159,24.779668866011));
#1095 = CARTESIAN_POINT('',(4.359978660109,18.04172114046));
#1096 = CARTESIAN_POINT('',(-7.496225862269E-13,9.020858905305));
#1097 = CARTESIAN_POINT('',(-1.06581410364E-14,2.093703536638E-14));
#1098 = ( GEOMETRIC_REPRESENTATION_CONTEXT(2) 
PARAMETRIC_REPRESENTATION_CONTEXT() REPRESENTATION_CONTEXT('2D SPACE',''
  ) );
#1099 = PCURVE('',#1100,#1311);
#1100 = ( BOUNDED_SURFACE() B_SPLINE_SURFACE(14,3,(
    (#1101,#1102,#1103,#1104,#1105,#1106,#1107,#1108,#1109,#1110,#1111
      ,#1112,#1113,#1114)
    ,(#1115,#1116,#1117,#1118,#1119,#1120,#1121,#1122,#1123,#1124,#1125
      ,#1126,#1127,#1128)
    ,(#1129,#1130,#1131,#1132,#1133,#1134,#1135,#1136,#1137,#1138,#1139
      ,#1140,#1141,#1142)
    ,(#1143,#1144,#1145,#1146,#1147,#1148,#1149,#1150,#1151,#1152,#1153
      ,#1154,#1155,#1156)
    ,(#1157,#1158,#1159,#1160,#1161,#1162,#1163,#1164,#1165,#1166,#1167
      ,#1168,#1169,#1170)
    ,(#1171,#1172,#1173,#1174,#1175,#1176,#1177,#1178,#1179,#1180,#1181
      ,#1182,#1183,#1184)
    ,(#1185,#1186,#1187,#1188,#1189,#1190,#1191,#1192,#1193,#1194,#1195
      ,#1196,#1197,#1198)
    ,(#1199,#1200,#1201,#1202,#1203,#1204,#1205,#1206,#1207,#1208,#1209
      ,#1210,#1211,#1212)
    ,(#1213,#1214,#1215,#1216,#1217,#1218,#1219,#1220,#1221,#1222,#1223
      ,#1224,#1225,#1226)
    ,(#1227,#1228,#1229,#1230,#1231,#1232,#1233,#1234,#1235,#1236,#1237
      ,#1238,#1239,#1240)
    ,(#1241,#1242,#1243,#1244,#1245,#1246,#1247,#1248,#1249,#1250,#1251
      ,#1252,#1253,#1254)
    ,(#1255,#1256,#1257,#1258,#1259,#1260,#1261,#1262,#1263,#1264,#1265
      ,#1266,#1267,#1268)
    ,(#1269,#1270,#1271,#1272,#1273,#1274,#1275,#1276,#1277,#1278,#1279
      ,#1280,#1281,#1282)
    ,(#1283,#1284,#1285,#1286,#1287,#1288,#1289,#1290,#1291,#1292,#1293
      ,#1294,#1295,#1296)
    ,(#1297,#1298,#1299,#1300,#1301,#1302,#1303,#1304,#1305,#1306,#1307
      ,#1308,#1309,#1310
)),.UNSPECIFIED.,.T.,.F.,.F.) B_SPLINE_SURFACE_WITH_KNOTS((15,15),(4,1,1
    ,1,1,1,1,1,1,1,1,4),(0.,1.),(0.,3.104927641487E-02,
    8.307130695661E-02,0.538460694375,0.652587881485,0.73073175977,
    0.809172199185,0.870523978485,0.912546033686,0.953945068906,
0.97930048239,1.),.UNSPECIFIED.) GEOMETRIC_REPRESENTATION_ITEM() 
RATIONAL_B_SPLINE_SURFACE((
    (1.,1.,1.,1.,1.,1.,1.,1.,1.,1.,1.,1.000000000001,0.999999999999,1.)
    ,(1.,1.,1.,1.,1.,1.,1.,1.,1.,1.,1.,1.000000000001,0.999999999999,1.)
    ,(1.,1.,1.,1.,1.,1.,1.,1.,1.,1.,1.,1.000000000001,0.999999999999,1.)
    ,(1.,1.,1.,1.,1.,1.,1.,1.,1.,1.,1.,1.000000000001,0.999999999999,1.)
    ,(1.,1.,1.,1.,1.,1.,1.,1.,1.,1.,1.,1.000000000001,0.999999999999,1.)
    ,(1.,1.,1.,1.,1.,1.,1.,1.,1.,1.,1.,1.000000000001,0.999999999999,1.)
    ,(1.,1.,1.,1.,1.,1.,1.,1.,1.,1.,1.,1.000000000001,0.999999999999,1.)
    ,(1.,1.,1.,1.,1.,1.,1.,1.,1.,1.,1.,1.000000000001,0.999999999999,1.)
    ,(1.,1.,1.,1.,1.,1.,1.,1.,1.,1.,1.,1.000000000001,0.999999999999,1.)
    ,(1.,1.,1.,1.,1.,1.,1.,1.,1.,1.,1.,1.000000000001,0.999999999999,1.)
    ,(1.,1.,1.,1.,1.,1.,1.,1.,1.,1.,1.,1.000000000001,0.999999999999,1.)
    ,(1.,1.,1.,1.,1.,1.,1.,1.,1.,1.,1.,1.000000000001,0.999999999999,1.)
    ,(1.,1.,1.,1.,1.,1.,1.,1.,1.,1.,1.,1.000000000001,0.999999999999,1.)
    ,(1.,1.,1.,1.,1.,1.,1.,1.,1.,1.,1.,1.000000000001,0.999999999999,1.)
    ,(1.,1.,1.,1.,1.,1.,1.,1.,1.,1.,1.,1.000000000001,0.999999999999,1.
))) REPRESENTATION_ITEM('') SURFACE() );
#1101 = CARTESIAN_POINT('',(29.6,-9.91150996027E-15,3.));
#1102 = CARTESIAN_POINT('',(29.537885575909,1.25333361621E-14,
    0.856465080908));
#1103 = CARTESIAN_POINT('',(29.575586023491,-2.940506153371E-14,
    -1.492572880966));
#1104 = CARTESIAN_POINT('',(31.394348306538,1.11953878755E-13,
    25.017310069442));
#1105 = CARTESIAN_POINT('',(29.777247668597,8.405741162248E-14,
    37.153748258035));
#1106 = CARTESIAN_POINT('',(30.067608908072,-5.941344590944E-14,
    59.018256711102));
#1107 = CARTESIAN_POINT('',(27.456639314153,5.387433167207E-14,
    67.226060499564));
#1108 = CARTESIAN_POINT('',(23.904492522923,-5.361417719014E-14,
    72.620678676645));
#1109 = CARTESIAN_POINT('',(20.833845274159,8.483302180963E-15,
    76.940742483101));
#1110 = CARTESIAN_POINT('',(18.757014062493,8.914390676923E-15,
    80.778135232866));
#1111 = CARTESIAN_POINT('',(18.49113498241,1.305116836249E-14,
    84.716641404595));
#1112 = CARTESIAN_POINT('',(20.144283145714,2.741485174406E-15,
    86.869620199129));
#1113 = CARTESIAN_POINT('',(20.578396445269,-1.06878621637E-15,
    88.055412311558));
#1114 = CARTESIAN_POINT('',(20.1,2.68333970625E-15,89.));
#1115 = CARTESIAN_POINT('',(29.600000000002,13.284448935188,3.));
#1116 = CARTESIAN_POINT('',(29.537885575911,13.256572046847,
    0.856465080908));
#1117 = CARTESIAN_POINT('',(29.575586023493,13.273491968151,
    -1.492572880967));
#1118 = CARTESIAN_POINT('',(31.394348306554,14.089750572031,
    25.017310069443));
#1119 = CARTESIAN_POINT('',(29.777247668611,13.363997502836,
    37.153748258027));
#1120 = CARTESIAN_POINT('',(30.067608908071,13.494311322383,
    59.018256711114));
#1121 = CARTESIAN_POINT('',(27.456639314162,12.322510908816,
    67.226060499562));
#1122 = CARTESIAN_POINT('',(23.904492522923,10.728311156828,
    72.620678676642));
#1123 = CARTESIAN_POINT('',(20.833845274182,9.350207894208,
    76.940742483108));
#1124 = CARTESIAN_POINT('',(18.757014062461,8.418128225979,
    80.778135232852));
#1125 = CARTESIAN_POINT('',(18.491134982531,8.298801973996,
    84.716641404619));
#1126 = CARTESIAN_POINT('',(20.144283145488,9.040733134451,
    86.869620199012));
#1127 = CARTESIAN_POINT('',(20.578396445669,9.235562728207,
    88.055412311766));
#1128 = CARTESIAN_POINT('',(20.100000000001,9.020858905314,
    88.999999999996));
#1129 = CARTESIAN_POINT('',(23.179334908491,26.568902773953,
    2.999999999999));
#1130 = CARTESIAN_POINT('',(23.130693995022,26.513148986972,
    0.85646508091));
#1131 = CARTESIAN_POINT('',(23.160216674104,26.546988835844,
    -1.492572880968));
#1132 = CARTESIAN_POINT('',(24.584463298273,28.179506344812,
    25.017310069451));
#1133 = CARTESIAN_POINT('',(23.318135012235,26.727999938611,
    37.153748258079));
#1134 = CARTESIAN_POINT('',(23.545512728988,26.988627625793,
    59.018256711054));
#1135 = CARTESIAN_POINT('',(21.500899936614,24.645026366099,
    67.226060499579));
#1136 = CARTESIAN_POINT('',(18.719264797495,21.45662627374,
    72.620678676651));
#1137 = CARTESIAN_POINT('',(16.314685035153,18.70041923976,
    76.940742483108));
#1138 = CARTESIAN_POINT('',(14.688348339101,16.836259559291,
    80.778135232857));
#1139 = CARTESIAN_POINT('',(14.480142249804,16.597607011142,
    84.716641404738));
#1140 = CARTESIAN_POINT('',(15.774698835354,18.081469606232,
    86.869620199178));
#1141 = CARTESIAN_POINT('',(16.114646725823,18.471128865102,
    88.055412311489));
#1142 = CARTESIAN_POINT('',(15.740021339891,18.041721140419,
    89.000000000027));
#1143 = CARTESIAN_POINT('',(10.337996517278,36.491452658563,
    3.000000000002));
#1144 = CARTESIAN_POINT('',(10.316302642285,36.414876794858,
    0.85646508089));
#1145 = CARTESIAN_POINT('',(10.329469773886,36.46135463598,
    -1.492572880952));
#1146 = CARTESIAN_POINT('',(10.964684576391,38.703559965511,
    25.017310069385));
#1147 = CARTESIAN_POINT('',(10.399901442421,36.709967013545,
    37.153748257907));
#1148 = CARTESIAN_POINT('',(10.501312032896,37.067929967097,
    59.018256711219));
#1149 = CARTESIAN_POINT('',(9.589413567825,33.849076138438,
    67.226060499498));
#1150 = CARTESIAN_POINT('',(8.348802717928,29.469920852212,
    72.620678676629));
#1151 = CARTESIAN_POINT('',(7.27635878001,25.684367517508,
    76.940742483004));
#1152 = CARTESIAN_POINT('',(6.551011690994,23.124009820208,
    80.778135232981));
#1153 = CARTESIAN_POINT('',(6.458151657197,22.796228946439,
    84.716641403807));
#1154 = CARTESIAN_POINT('',(7.03552462838,24.834261984891,
    86.869620199699));
#1155 = CARTESIAN_POINT('',(7.187141580622,25.369445259158,
    88.055412310421));
#1156 = CARTESIAN_POINT('',(7.020058445843,24.779668866122,
    88.999999999892));
#1157 = CARTESIAN_POINT('',(-7.003674196217,39.690568836458,
    2.999999999998));
#1158 = CARTESIAN_POINT('',(-6.988977264158,39.6072797545,0.856465080943
    ));
#1159 = CARTESIAN_POINT('',(-6.997897590206,39.657832194084,
    -1.492572880994));
#1160 = CARTESIAN_POINT('',(-7.42823605249,42.096606166442,
    25.01731006957));
#1161 = CARTESIAN_POINT('',(-7.045612876286,39.928239809147,
    37.153748258308));
#1162 = CARTESIAN_POINT('',(-7.114315427358,40.317584497007,
    59.018256710918));
#1163 = CARTESIAN_POINT('',(-6.496532306851,36.816541645669,
    67.226060499729));
#1164 = CARTESIAN_POINT('',(-5.656056670929,32.053476553566,
    72.620678676762));
#1165 = CARTESIAN_POINT('',(-4.929508937815,27.936053039898,
    76.94074248328));
#1166 = CARTESIAN_POINT('',(-4.438108628042,25.151235061228,
    80.778135232921));
#1167 = CARTESIAN_POINT('',(-4.375198815602,24.79471844193,
    84.716641405557));
#1168 = CARTESIAN_POINT('',(-4.766351218457,27.011420839738,
    86.869620199451));
#1169 = CARTESIAN_POINT('',(-4.869067033217,27.593522319424,
    88.055412311439));
#1170 = CARTESIAN_POINT('',(-4.755873356187,26.952041676104,
    89.000000000305));
#1171 = CARTESIAN_POINT('',(-25.00535954802,34.009715085887,
    2.999999999999));
#1172 = CARTESIAN_POINT('',(-24.95288679437,33.938347049926,
    0.856465080842));
#1173 = CARTESIAN_POINT('',(-24.98473521492,33.981663991736,
    -1.492572880913));
#1174 = CARTESIAN_POINT('',(-26.52118132301,36.071379771251,
    25.017310069188));
#1175 = CARTESIAN_POINT('',(-25.15509406392,34.213368555769,
    37.153748257575));
#1176 = CARTESIAN_POINT('',(-25.40038417223,34.546986901385,
    59.018256711312));
#1177 = CARTESIAN_POINT('',(-23.19470060896,31.547043253302,
    67.226060499228));
#1178 = CARTESIAN_POINT('',(-20.19393345755,27.465708782778,
    72.620678676386));
#1179 = CARTESIAN_POINT('',(-17.59992540003,23.937606145966,
    76.940742482668));
#1180 = CARTESIAN_POINT('',(-15.84546894173,21.551375139454,
    80.778135232703));
#1181 = CARTESIAN_POINT('',(-15.6208607661,21.245886228948,
    84.716641402837));
#1182 = CARTESIAN_POINT('',(-17.01740009786,23.145315215627,
    86.86962019875));
#1183 = CARTESIAN_POINT('',(-17.38412844736,23.644101353017,
    88.055412311176));
#1184 = CARTESIAN_POINT('',(-16.97999077421,23.094434906299,
    88.999999999358));
#1185 = CARTESIAN_POINT('',(-38.74763436898,19.710203259846,
    3.000000000004));
#1186 = CARTESIAN_POINT('',(-38.66632399759,19.668842181252,
    0.856465080976));
#1187 = CARTESIAN_POINT('',(-38.71567545558,19.693946353187,
    -1.492572881024));
#1188 = CARTESIAN_POINT('',(-41.09651113042,20.905033321281,
    25.017310069757));
#1189 = CARTESIAN_POINT('',(-38.9796589592,19.828229867131,
    37.153748258665));
#1190 = CARTESIAN_POINT('',(-39.35975392961,20.021577132121,
    59.018256710945));
#1191 = CARTESIAN_POINT('',(-35.94188584976,18.282971003518,
    67.226060500078));
#1192 = CARTESIAN_POINT('',(-31.29197756963,15.917648866892,
    72.620678677104));
#1193 = CARTESIAN_POINT('',(-27.27237227,13.872950170088,76.940742483793
    ));
#1194 = CARTESIAN_POINT('',(-24.55371360654,12.490018909312,
    80.778135233347));
#1195 = CARTESIAN_POINT('',(-24.20566680328,12.312973952827,
    84.716641406623));
#1196 = CARTESIAN_POINT('',(-26.36970668769,13.413780923099,
    86.869620200479));
#1197 = CARTESIAN_POINT('',(-26.93797909961,13.702850564314,
    88.055412310964));
#1198 = CARTESIAN_POINT('',(-26.31173820318,13.384293429826,
    89.000000001042));
#1199 = CARTESIAN_POINT('',(-43.92132662075,3.670450610116E-10,
    2.999999999992));
#1200 = CARTESIAN_POINT('',(-43.82915946167,4.542988944467E-10,
    0.856465080837));
#1201 = CARTESIAN_POINT('',(-43.88510046416,2.767328280983E-10,
    -1.492572880906));
#1202 = CARTESIAN_POINT('',(-46.58383195905,1.23608481091E-09,
    25.017310069087));
#1203 = CARTESIAN_POINT('',(-44.1843317805,3.596867997395E-10,
    37.153748257336));
#1204 = CARTESIAN_POINT('',(-44.61517809323,5.526064855019E-10,
    59.018256711159));
#1205 = CARTESIAN_POINT('',(-40.74094673032,7.320298398355E-10,
    67.226060498935));
#1206 = CARTESIAN_POINT('',(-35.47016972279,-9.761681766376E-11,
    72.620678676067));
#1207 = CARTESIAN_POINT('',(-30.91385550823,4.028266367681E-10,
    76.940742482143));
#1208 = CARTESIAN_POINT('',(-27.83219395474,3.698715818302E-10,
    80.778135232271));
#1209 = CARTESIAN_POINT('',(-27.43767497106,4.645501594803E-10,
    84.716641402092));
#1210 = CARTESIAN_POINT('',(-29.89066349911,2.492914607416E-10,
    86.869620198078));
#1211 = CARTESIAN_POINT('',(-30.53481323093,1.677479953449E-10,
    88.055412311073));
#1212 = CARTESIAN_POINT('',(-29.82495490135,2.474749294379E-10,
    88.99999999867));
#1213 = CARTESIAN_POINT('',(-38.74763436899,-19.71020326052,
    3.000000000009));
#1214 = CARTESIAN_POINT('',(-38.6663239976,-19.66884218208,
    0.856465080967));
#1215 = CARTESIAN_POINT('',(-38.71567545559,-19.69394635369,
    -1.492572881018));
#1216 = CARTESIAN_POINT('',(-41.09651113047,-20.90503332353,
    25.017310069763));
#1217 = CARTESIAN_POINT('',(-38.97965895922,-19.82822986779,
    37.153748258669));
#1218 = CARTESIAN_POINT('',(-39.35975392962,-20.02157713313,
    59.018256711143));
#1219 = CARTESIAN_POINT('',(-35.94188584977,-18.28297100485,
    67.226060500169));
#1220 = CARTESIAN_POINT('',(-31.29197756964,-15.91764886671,
    72.620678677238));
#1221 = CARTESIAN_POINT('',(-27.27237227,-13.87295017082,76.940742484096
    ));
#1222 = CARTESIAN_POINT('',(-24.55371360651,-12.49001890997,
    80.77813523354));
#1223 = CARTESIAN_POINT('',(-24.20566680332,-12.31297395371,
    84.716641406805));
#1224 = CARTESIAN_POINT('',(-26.36970668758,-13.41378092348,
    86.869620200237));
#1225 = CARTESIAN_POINT('',(-26.93797909981,-13.70285056475,
    88.055412312008));
#1226 = CARTESIAN_POINT('',(-26.31173820317,-13.38429343028,
    89.000000001353));
#1227 = CARTESIAN_POINT('',(-25.00535954799,-34.00971508536,
    2.999999999992));
#1228 = CARTESIAN_POINT('',(-24.95288679435,-33.93834704928,
    0.856465080864));
#1229 = CARTESIAN_POINT('',(-24.9847352149,-33.98166399134,
    -1.492572880928));
#1230 = CARTESIAN_POINT('',(-26.52118132294,-36.07137976954,
    25.017310069199));
#1231 = CARTESIAN_POINT('',(-25.15509406389,-34.21336855526,
    37.153748257569));
#1232 = CARTESIAN_POINT('',(-25.4003841722,-34.54698690061,
    59.018256711016));
#1233 = CARTESIAN_POINT('',(-23.19470060894,-31.54704325228,
    67.226060499095));
#1234 = CARTESIAN_POINT('',(-20.19393345753,-27.46570878289,
    72.620678676164));
#1235 = CARTESIAN_POINT('',(-17.59992540005,-23.9376061454,
    76.940742482278));
#1236 = CARTESIAN_POINT('',(-15.84546894172,-21.55137513893,
    80.778135232272));
#1237 = CARTESIAN_POINT('',(-15.62086076621,-21.24588622832,
    84.716641403015));
#1238 = CARTESIAN_POINT('',(-17.01740009769,-23.14531521523,
    86.869620198185));
#1239 = CARTESIAN_POINT('',(-17.38412844767,-23.64410135284,
    88.055412311254));
#1240 = CARTESIAN_POINT('',(-16.97999077422,-23.09443490594,
    88.999999998899));
#1241 = CARTESIAN_POINT('',(-7.003674196235,-39.69056883678,
    3.000000000005));
#1242 = CARTESIAN_POINT('',(-6.988977264175,-39.60727975489,
    0.856465080926));
#1243 = CARTESIAN_POINT('',(-6.997897590224,-39.65783219434,
    -1.492572880983));
#1244 = CARTESIAN_POINT('',(-7.428236052546,-42.09660616746,
    25.01731006957));
#1245 = CARTESIAN_POINT('',(-7.045612876311,-39.92823980946,
    37.153748258317));
#1246 = CARTESIAN_POINT('',(-7.114315427384,-40.31758449748,
    59.018256711181));
#1247 = CARTESIAN_POINT('',(-6.49653230687,-36.8165416463,
    67.226060499855));
#1248 = CARTESIAN_POINT('',(-5.656056670936,-32.05347655349,
    72.620678676948));
#1249 = CARTESIAN_POINT('',(-4.929508937803,-27.93605304025,
    76.94074248365));
#1250 = CARTESIAN_POINT('',(-4.438108628026,-25.15123506153,
    80.778135233246));
#1251 = CARTESIAN_POINT('',(-4.37519881559,-24.79471844237,
    84.716641405589));
#1252 = CARTESIAN_POINT('',(-4.766351218437,-27.01142083985,
    86.8696201996));
#1253 = CARTESIAN_POINT('',(-4.869067033246,-27.59352231976,
    88.055412312017));
#1254 = CARTESIAN_POINT('',(-4.755873356183,-26.95204167632,
    89.000000000713));
#1255 = CARTESIAN_POINT('',(10.33799651729,-36.49145265839,
    2.999999999997));
#1256 = CARTESIAN_POINT('',(10.316302642297,-36.41487679465,
    0.856465080896));
#1257 = CARTESIAN_POINT('',(10.329469773897,-36.46135463585,
    -1.492572880956));
#1258 = CARTESIAN_POINT('',(10.964684576424,-38.703559965,
    25.017310069372));
#1259 = CARTESIAN_POINT('',(10.399901442434,-36.70996701338,
    37.153748257903));
#1260 = CARTESIAN_POINT('',(10.501312032913,-37.06792996686,
    59.018256711055));
#1261 = CARTESIAN_POINT('',(9.589413567836,-33.84907613812,
    67.226060499422));
#1262 = CARTESIAN_POINT('',(8.348802717934,-29.46992085224,
    72.620678676493));
#1263 = CARTESIAN_POINT('',(7.276358779999,-25.68436751733,
    76.940742482832));
#1264 = CARTESIAN_POINT('',(6.551011690993,-23.12400982004,
    80.778135232648));
#1265 = CARTESIAN_POINT('',(6.458151657163,-22.79622894625,
    84.716641404199));
#1266 = CARTESIAN_POINT('',(7.035524628421,-24.83426198475,
    86.869620198763));
#1267 = CARTESIAN_POINT('',(7.187141580547,-25.36944525911,
    88.05541231155));
#1268 = CARTESIAN_POINT('',(7.020058445842,-24.77966886601,
    88.999999999642));
#1269 = CARTESIAN_POINT('',(23.179334908486,-26.56890277401,
    3.000000000001));
#1270 = CARTESIAN_POINT('',(23.130693995016,-26.51314898704,
    0.856465080908));
#1271 = CARTESIAN_POINT('',(23.1602166741,-26.54698883589,
    -1.492572880967));
#1272 = CARTESIAN_POINT('',(24.584463298257,-28.17950634498,
    25.017310069456));
#1273 = CARTESIAN_POINT('',(23.318135012231,-26.72799993866,
    37.153748258082));
#1274 = CARTESIAN_POINT('',(23.54551272898,-26.98862762587,
    59.018256711122));
#1275 = CARTESIAN_POINT('',(21.500899936608,-24.64502636621,
    67.226060499613));
#1276 = CARTESIAN_POINT('',(18.719264797495,-21.45662627373,
    72.620678676705));
#1277 = CARTESIAN_POINT('',(16.314685035152,-18.70041923981,
    76.940742483186));
#1278 = CARTESIAN_POINT('',(14.688348339114,-16.83625955935,
    80.778135232979));
#1279 = CARTESIAN_POINT('',(14.480142249778,-16.59760701119,
    84.716641404631));
#1280 = CARTESIAN_POINT('',(15.774698835415,-18.0814696063,
    86.869620199462));
#1281 = CARTESIAN_POINT('',(16.114646725714,-18.47112886507,
    88.05541231121));
#1282 = CARTESIAN_POINT('',(15.740021339891,-18.04172114046,
    89.000000000131));
#1283 = CARTESIAN_POINT('',(29.600000000003,-13.28444893517,3.));
#1284 = CARTESIAN_POINT('',(29.537885575913,-13.25657204683,
    0.856465080906));
#1285 = CARTESIAN_POINT('',(29.575586023494,-13.27349196814,
    -1.492572880965));
#1286 = CARTESIAN_POINT('',(31.394348306559,-14.08975057199,
    25.017310069435));
#1287 = CARTESIAN_POINT('',(29.77724766861,-13.36399750282,
    37.153748258026));
#1288 = CARTESIAN_POINT('',(30.067608908074,-13.49431132236,
    59.018256711098));
#1289 = CARTESIAN_POINT('',(27.456639314161,-12.32251090879,
    67.226060499553));
#1290 = CARTESIAN_POINT('',(23.904492522928,-10.72831115683,
    72.620678676632));
#1291 = CARTESIAN_POINT('',(20.833845274168,-9.350207894186,
    76.940742483083));
#1292 = CARTESIAN_POINT('',(18.757014062493,-8.418128225987,
    80.77813523284));
#1293 = CARTESIAN_POINT('',(18.491134982429,-8.298801973916,
    84.716641404592));
#1294 = CARTESIAN_POINT('',(20.144283145691,-9.040733134573,
    86.86962019905));
#1295 = CARTESIAN_POINT('',(20.578396445309,-9.235562727968,
    88.055412311645));
#1296 = CARTESIAN_POINT('',(20.100000000001,-9.020858905305,
    88.999999999971));
#1297 = CARTESIAN_POINT('',(29.6,5.635545884131E-15,3.));
#1298 = CARTESIAN_POINT('',(29.537885575907,1.876818850211E-15,
    0.856465080907));
#1299 = CARTESIAN_POINT('',(29.575586023493,6.017073571902E-15,
    -1.492572880966));
#1300 = CARTESIAN_POINT('',(31.394348306533,6.365068067046E-14,
    25.017310069439));
#1301 = CARTESIAN_POINT('',(29.777247668599,5.832193250597E-15,
    37.153748258036));
#1302 = CARTESIAN_POINT('',(30.067608908071,2.619750693708E-14,
    59.018256711102));
#1303 = CARTESIAN_POINT('',(27.456639314156,6.297259880015E-15,
    67.226060499564));
#1304 = CARTESIAN_POINT('',(23.904492522914,3.41339674621E-15,
    72.620678676644));
#1305 = CARTESIAN_POINT('',(20.833845274181,-1.787178869842E-14,
    76.940742483104));
#1306 = CARTESIAN_POINT('',(18.757014062439,-1.569561630701E-15,
    80.778135232858));
#1307 = CARTESIAN_POINT('',(18.491134982578,4.824676040052E-15,
    84.716641404619));
#1308 = CARTESIAN_POINT('',(20.144283145377,-1.866926857518E-14,
    86.869620199082));
#1309 = CARTESIAN_POINT('',(20.578396445867,-2.554398103652E-14,
    88.055412311641));
#1310 = CARTESIAN_POINT('',(20.1,-1.825369566013E-14,89.));
#1311 = DEFINITIONAL_REPRESENTATION('',(#1312),#1316);
#1312 = LINE('',#1313,#1314);
#1313 = CARTESIAN_POINT('',(0.,1.));
#1314 = VECTOR('',#1315,1.);
#1315 = DIRECTION('',(1.,0.));
#1316 = ( GEOMETRIC_REPRESENTATION_CONTEXT(2) 
PARAMETRIC_REPRESENTATION_CONTEXT() REPRESENTATION_CONTEXT('2D SPACE',''
  ) );
#1317 = FACE_BOUND('',#1318,.F.);
#1318 = EDGE_LOOP('',(#1319));
#1319 = ORIENTED_EDGE('',*,*,#1024,.T.);
#1320 = ADVANCED_FACE('',(#1321),#1100,.F.);
#1321 = FACE_BOUND('',#1322,.F.);
#1322 = EDGE_LOOP('',(#1323,#1600,#1632,#1633));
#1323 = ORIENTED_EDGE('',*,*,#1324,.F.);
#1324 = EDGE_CURVE('',#1325,#1325,#1327,.T.);
#1325 = VERTEX_POINT('',#1326);
#1326 = CARTESIAN_POINT('',(19.,4.829116339352E-15,84.999999999997));
#1327 = SURFACE_CURVE('',#1328,(#1415,#1505),.PCURVE_S1.);
#1328 = B_SPLINE_CURVE_WITH_KNOTS('',8,(#1329,#1330,#1331,#1332,#1333,
    #1334,#1335,#1336,#1337,#1338,#1339,#1340,#1341,#1342,#1343,#1344,
    #1345,#1346,#1347,#1348,#1349,#1350,#1351,#1352,#1353,#1354,#1355,
    #1356,#1357,#1358,#1359,#1360,#1361,#1362,#1363,#1364,#1365,#1366,
    #1367,#1368,#1369,#1370,#1371,#1372,#1373,#1374,#1375,#1376,#1377,
    #1378,#1379,#1380,#1381,#1382,#1383,#1384,#1385,#1386,#1387,#1388,
    #1389,#1390,#1391,#1392,#1393,#1394,#1395,#1396,#1397,#1398,#1399,
    #1400,#1401,#1402,#1403,#1404,#1405,#1406,#1407,#1408,#1409,#1410,
    #1411,#1412,#1413,#1414),.UNSPECIFIED.,.T.,.F.,(9,7,7,7,7,7,7,7,7,7,
    7,7,9),(0.,3.470605648197E-02,9.300616815995E-02,0.163889280237,
    0.249083445472,0.343477742562,0.420786585097,0.539627817553,
    0.659255167398,0.752153582934,0.837527613722,0.967710291634,1.),
  .UNSPECIFIED.);
#1329 = CARTESIAN_POINT('',(19.,-1.06581410364E-14,85.));
#1330 = CARTESIAN_POINT('',(19.,-0.517843479397,84.999999999997));
#1331 = CARTESIAN_POINT('',(18.98386984292,-1.035689145025,
    84.99999999493));
#1332 = CARTESIAN_POINT('',(18.951609668008,-1.552947758652,
    84.999999986977));
#1333 = CARTESIAN_POINT('',(18.903245049308,-2.06903288259,
    84.999999978034));
#1334 = CARTESIAN_POINT('',(18.838826995671,-2.583360879693,
    84.999999969712));
#1335 = CARTESIAN_POINT('',(18.758431950743,-3.095350913362,
    84.999999963342));
#1336 = CARTESIAN_POINT('',(18.662161792974,-3.604424947539,
    84.99999995997));
#1337 = CARTESIAN_POINT('',(18.361973236992,-4.959298523075,
    84.999999961012));
#1338 = CARTESIAN_POINT('',(18.129358309495,-5.798770557453,
    84.99999997101));
#1339 = CARTESIAN_POINT('',(17.852904013429,-6.625670489671,
    84.99999999104));
#1340 = CARTESIAN_POINT('',(17.533416856319,-7.437328908768,
    85.000000015553));
#1341 = CARTESIAN_POINT('',(17.17188937773,-8.231154609385,
    85.00000003783));
#1342 = CARTESIAN_POINT('',(16.76949478842,-9.004633098225,
    85.000000053081));
#1343 = CARTESIAN_POINT('',(16.327591763828,-9.755329350604,
    85.000000059583));
#1344 = CARTESIAN_POINT('',(15.264319764031,-11.36306016458,
    85.000000055764));
#1345 = CARTESIAN_POINT('',(14.624739083812,-12.20817051521,
    85.000000041568));
#1346 = CARTESIAN_POINT('',(13.931798460354,-13.01196223505,
    85.000000015678));
#1347 = CARTESIAN_POINT('',(13.188642919673,-13.77052321548,
    84.999999984522));
#1348 = CARTESIAN_POINT('',(12.398723130815,-14.48025670185,
    84.999999955811));
#1349 = CARTESIAN_POINT('',(11.56578138362,-15.13787044206,
    84.999999935412));
#1350 = CARTESIAN_POINT('',(10.693861818115,-15.74039115496,
    84.999999925853));
#1351 = CARTESIAN_POINT('',(8.697805389347,-16.9400133603,
    84.999999927173));
#1352 = CARTESIAN_POINT('',(7.558042941082,-17.51160767295,
    84.999999942505));
#1353 = CARTESIAN_POINT('',(6.375697699931,-17.99534210784,
    84.999999972298));
#1354 = CARTESIAN_POINT('',(5.158715532755,-18.38759446048,
    85.000000008761));
#1355 = CARTESIAN_POINT('',(3.915297036135,-18.68561769516,
    85.000000042411));
#1356 = CARTESIAN_POINT('',(2.653874837799,-18.88749229368,
    85.000000066055));
#1357 = CARTESIAN_POINT('',(1.383119197454,-18.99217872808,
    85.000000076801));
#1358 = CARTESIAN_POINT('',(-1.296446787508,-19.0079703767,
    85.00000007532));
#1359 = CARTESIAN_POINT('',(-2.705869676168,-18.89695255362,
    85.000000060511));
#1360 = CARTESIAN_POINT('',(-4.104049635824,-18.66646109848,
    85.00000003246));
#1361 = CARTESIAN_POINT('',(-5.479179507756,-18.31793515152,
    84.999999999063));
#1362 = CARTESIAN_POINT('',(-6.819827451068,-17.85412972576,
    84.999999969262));
#1363 = CARTESIAN_POINT('',(-8.114926598973,-17.27901945739,
    84.999999949188));
#1364 = CARTESIAN_POINT('',(-9.353819017967,-16.59788486355,
    84.99999994054));
#1365 = CARTESIAN_POINT('',(-11.48665901753,-15.17851304914,
    84.999999941714));
#1366 = CARTESIAN_POINT('',(-12.40271584971,-14.4727527469,
    84.999999948511));
#1367 = CARTESIAN_POINT('',(-13.26897794323,-13.70396015307,
    84.999999960726));
#1368 = CARTESIAN_POINT('',(-14.08041484118,-12.87627987349,
    84.999999975833));
#1369 = CARTESIAN_POINT('',(-14.83245047964,-11.99427830633,
    84.999999990929));
#1370 = CARTESIAN_POINT('',(-15.52094471868,-11.0629203859,
    85.000000003663));
#1371 = CARTESIAN_POINT('',(-16.1422180779,-10.08758593186,
    85.000000012781));
#1372 = CARTESIAN_POINT('',(-17.53998043325,-7.516207124094,
    85.000000026768));
#1373 = CARTESIAN_POINT('',(-18.22112446028,-5.867134905436,
    85.000000026673));
#1374 = CARTESIAN_POINT('',(-18.7243068151,-4.148702131378,
    85.000000017797));
#1375 = CARTESIAN_POINT('',(-19.04184921972,-2.383463411283,
    85.000000005452));
#1376 = CARTESIAN_POINT('',(-19.16919577697,-0.594417685382,
    85.000000000663));
#1377 = CARTESIAN_POINT('',(-19.10509284033,1.195022558492,
    85.000000004728));
#1378 = CARTESIAN_POINT('',(-18.85142263781,2.961105469703,
    85.000000012302));
#1379 = CARTESIAN_POINT('',(-17.97505096787,6.409645799617,
    85.000000023976));
#1380 = CARTESIAN_POINT('',(-17.34944416804,8.09334322103,
    85.000000028054));
#1381 = CARTESIAN_POINT('',(-16.54379231924,9.705964707384,
    85.00000002491));
#1382 = CARTESIAN_POINT('',(-15.56800733125,11.22531842796,
    85.000000008996));
#1383 = CARTESIAN_POINT('',(-14.43465327154,12.631057054743,
    84.99999998026));
#1384 = CARTESIAN_POINT('',(-13.15906718896,13.904832600707,
    84.999999953556));
#1385 = CARTESIAN_POINT('',(-11.75917420573,15.030230781781,
    84.999999939658));
#1386 = CARTESIAN_POINT('',(-9.089841707871,16.742046308198,
    84.999999942495));
#1387 = CARTESIAN_POINT('',(-7.860412241322,17.393174100577,
    84.999999952989));
#1388 = CARTESIAN_POINT('',(-6.578136255475,17.940809022348,
    84.999999974373));
#1389 = CARTESIAN_POINT('',(-5.253243547494,18.380068538287,
    85.000000004429));
#1390 = CARTESIAN_POINT('',(-3.89633210227,18.707300740658,
    85.000000036936));
#1391 = CARTESIAN_POINT('',(-2.518329060046,18.92000540645,
    85.00000006339));
#1392 = CARTESIAN_POINT('',(-1.130499296605,19.016921631673,
    85.000000076595));
#1393 = CARTESIAN_POINT('',(1.529236024936,18.981152182893,
    85.00000007567));
#1394 = CARTESIAN_POINT('',(2.801843946427,18.866422188769,
    85.000000063659));
#1395 = CARTESIAN_POINT('',(4.064323212117,18.654166694743,
    85.000000038832));
#1396 = CARTESIAN_POINT('',(5.307956574367,18.34550010602,
    85.000000004478));
#1397 = CARTESIAN_POINT('',(6.524273606366,17.942422180675,
    84.999999968108));
#1398 = CARTESIAN_POINT('',(7.705044840385,17.447764914733,
    84.999999939269));
#1399 = CARTESIAN_POINT('',(8.842304912151,16.865240730295,
    84.999999925507));
#1400 = CARTESIAN_POINT('',(11.584545097741,15.184576770722,
    84.999999927933));
#1401 = CARTESIAN_POINT('',(13.12335823071,13.975285061578,
    84.999999964794));
#1402 = CARTESIAN_POINT('',(14.516166119377,12.588585841675,
    85.000000032189));
#1403 = CARTESIAN_POINT('',(15.739817228229,11.045653723745,
    85.00000012126));
#1404 = CARTESIAN_POINT('',(16.774687434006,9.370241696823,
    85.000000108389));
#1405 = CARTESIAN_POINT('',(17.605112676298,7.588882382945,
    84.999999995797));
#1406 = CARTESIAN_POINT('',(18.219052990834,5.730546585748,
    84.999999956019));
#1407 = CARTESIAN_POINT('',(18.707463135393,3.356031047953,
    84.999999961726));
#1408 = CARTESIAN_POINT('',(18.790853942359,2.881306205497,
    84.999999966029));
#1409 = CARTESIAN_POINT('',(18.860473642956,2.404231397438,
    84.999999972661));
#1410 = CARTESIAN_POINT('',(18.916245865174,1.925273018737,
    84.999999980619));
#1411 = CARTESIAN_POINT('',(18.958113307573,1.444899415877,
    84.999999988739));
#1412 = CARTESIAN_POINT('',(18.986037739281,0.963580886864,
    84.999999995695));
#1413 = CARTESIAN_POINT('',(19.,0.481789681223,84.999999999998));
#1414 = CARTESIAN_POINT('',(19.,1.42108547152E-14,85.));
#1415 = PCURVE('',#1100,#1416);
#1416 = DEFINITIONAL_REPRESENTATION('',(#1417),#1504);
#1417 = B_SPLINE_CURVE_WITH_KNOTS('',8,(#1418,#1419,#1420,#1421,#1422,
    #1423,#1424,#1425,#1426,#1427,#1428,#1429,#1430,#1431,#1432,#1433,
    #1434,#1435,#1436,#1437,#1438,#1439,#1440,#1441,#1442,#1443,#1444,
    #1445,#1446,#1447,#1448,#1449,#1450,#1451,#1452,#1453,#1454,#1455,
    #1456,#1457,#1458,#1459,#1460,#1461,#1462,#1463,#1464,#1465,#1466,
    #1467,#1468,#1469,#1470,#1471,#1472,#1473,#1474,#1475,#1476,#1477,
    #1478,#1479,#1480,#1481,#1482,#1483,#1484,#1485,#1486,#1487,#1488,
    #1489,#1490,#1491,#1492,#1493,#1494,#1495,#1496,#1497,#1498,#1499,
    #1500,#1501,#1502,#1503),.UNSPECIFIED.,.F.,.F.,(9,7,7,7,7,7,7,7,7,7,
    7,7,9),(0.,3.470605648197E-02,9.300616815995E-02,0.163889280237,
    0.249083445472,0.343477742562,0.420786585097,0.539627817553,
    0.659255167398,0.752153582934,0.837527613722,0.967710291634,1.),
  .UNSPECIFIED.);
#1418 = CARTESIAN_POINT('',(1.,0.953945068906));
#1419 = CARTESIAN_POINT('',(0.995662244763,0.953945068906));
#1420 = CARTESIAN_POINT('',(0.991324482978,0.953945068848));
#1421 = CARTESIAN_POINT('',(0.986986716984,0.953945068756));
#1422 = CARTESIAN_POINT('',(0.982648948998,0.953945068654));
#1423 = CARTESIAN_POINT('',(0.978311181116,0.953945068558));
#1424 = CARTESIAN_POINT('',(0.973973415307,0.953945068485));
#1425 = CARTESIAN_POINT('',(0.969635653419,0.953945068446));
#1426 = CARTESIAN_POINT('',(0.958011224509,0.953945068458));
#1427 = CARTESIAN_POINT('',(0.950724321079,0.953945068573));
#1428 = CARTESIAN_POINT('',(0.943437517841,0.953945068803));
#1429 = CARTESIAN_POINT('',(0.936150841259,0.953945069085));
#1430 = CARTESIAN_POINT('',(0.92886416506,0.95394506934));
#1431 = CARTESIAN_POINT('',(0.921577362393,0.953945069516));
#1432 = CARTESIAN_POINT('',(0.91429045839,0.95394506959));
#1433 = CARTESIAN_POINT('',(0.898144413885,0.953945069546));
#1434 = CARTESIAN_POINT('',(0.889284443385,0.953945069383));
#1435 = CARTESIAN_POINT('',(0.880424739966,0.953945069086));
#1436 = CARTESIAN_POINT('',(0.871565370493,0.953945068728));
#1437 = CARTESIAN_POINT('',(0.862706001085,0.953945068398));
#1438 = CARTESIAN_POINT('',(0.8538462978,0.953945068164));
#1439 = CARTESIAN_POINT('',(0.844986327294,0.953945068054));
#1440 = CARTESIAN_POINT('',(0.825478911762,0.953945068069));
#1441 = CARTESIAN_POINT('',(0.814829375328,0.953945068246));
#1442 = CARTESIAN_POINT('',(0.804180500368,0.953945068588));
#1443 = CARTESIAN_POINT('',(0.793532453451,0.953945069007));
#1444 = CARTESIAN_POINT('',(0.782884406893,0.953945069393));
#1445 = CARTESIAN_POINT('',(0.772235531879,0.953945069665));
#1446 = CARTESIAN_POINT('',(0.761585993347,0.953945069788));
#1447 = CARTESIAN_POINT('',(0.739140015589,0.953945069771));
#1448 = CARTESIAN_POINT('',(0.727339615173,0.953945069601));
#1449 = CARTESIAN_POINT('',(0.715540312059,0.953945069279));
#1450 = CARTESIAN_POINT('',(0.703742381596,0.953945068895));
#1451 = CARTESIAN_POINT('',(0.691944451515,0.953945068553));
#1452 = CARTESIAN_POINT('',(0.680145148109,0.953945068322));
#1453 = CARTESIAN_POINT('',(0.668344744887,0.953945068223));
#1454 = CARTESIAN_POINT('',(0.646884318877,0.953945068236));
#1455 = CARTESIAN_POINT('',(0.637220899714,0.953945068315));
#1456 = CARTESIAN_POINT('',(0.627557889965,0.953945068455));
#1457 = CARTESIAN_POINT('',(0.617895393022,0.953945068628));
#1458 = CARTESIAN_POINT('',(0.60823289651,0.953945068802));
#1459 = CARTESIAN_POINT('',(0.598569887415,0.953945068948));
#1460 = CARTESIAN_POINT('',(0.588906467738,0.953945069053));
#1461 = CARTESIAN_POINT('',(0.564390520214,0.953945069213));
#1462 = CARTESIAN_POINT('',(0.549529183829,0.953945069212));
#1463 = CARTESIAN_POINT('',(0.534672130312,0.95394506911));
#1464 = CARTESIAN_POINT('',(0.519818311726,0.953945068969));
#1465 = CARTESIAN_POINT('',(0.504964491352,0.953945068914));
#1466 = CARTESIAN_POINT('',(0.490107433555,0.95394506896));
#1467 = CARTESIAN_POINT('',(0.475246094455,0.953945069047));
#1468 = CARTESIAN_POINT('',(0.44544094972,0.953945069181));
#1469 = CARTESIAN_POINT('',(0.430481100029,0.953945069228));
#1470 = CARTESIAN_POINT('',(0.415525684552,0.953945069192));
#1471 = CARTESIAN_POINT('',(0.400573597467,0.953945069009));
#1472 = CARTESIAN_POINT('',(0.385621509465,0.953945068679));
#1473 = CARTESIAN_POINT('',(0.370666091719,0.953945068372));
#1474 = CARTESIAN_POINT('',(0.355706240654,0.953945068213));
#1475 = CARTESIAN_POINT('',(0.329143580213,0.953945068245));
#1476 = CARTESIAN_POINT('',(0.317530333276,0.953945068366));
#1477 = CARTESIAN_POINT('',(0.305918101775,0.953945068612));
#1478 = CARTESIAN_POINT('',(0.294307139206,0.953945068957));
#1479 = CARTESIAN_POINT('',(0.282696176724,0.95394506933));
#1480 = CARTESIAN_POINT('',(0.271083945412,0.953945069634));
#1481 = CARTESIAN_POINT('',(0.259470698546,0.953945069786));
#1482 = CARTESIAN_POINT('',(0.237189208964,0.953945069775));
#1483 = CARTESIAN_POINT('',(0.226517178538,0.953945069637));
#1484 = CARTESIAN_POINT('',(0.215845816347,0.953945069352));
#1485 = CARTESIAN_POINT('',(0.205175290753,0.953945068957));
#1486 = CARTESIAN_POINT('',(0.1945047654,0.95394506854));
#1487 = CARTESIAN_POINT('',(0.1838334025,0.953945068208));
#1488 = CARTESIAN_POINT('',(0.173161368719,0.95394506805));
#1489 = CARTESIAN_POINT('',(0.146219882665,0.953945068078));
#1490 = CARTESIAN_POINT('',(0.129936506519,0.953945068502));
#1491 = CARTESIAN_POINT('',(0.113660086239,0.953945069276));
#1492 = CARTESIAN_POINT('',(9.738843561533E-02,0.953945070299));
#1493 = CARTESIAN_POINT('',(8.111678342079E-02,0.953945070151));
#1494 = CARTESIAN_POINT('',(6.484036618753E-02,0.953945068858));
#1495 = CARTESIAN_POINT('',(4.855698440383E-02,0.953945068401));
#1496 = CARTESIAN_POINT('',(2.825027662378E-02,0.953945068466));
#1497 = CARTESIAN_POINT('',(2.421452420674E-02,0.953945068516));
#1498 = CARTESIAN_POINT('',(2.017876900861E-02,0.953945068592));
#1499 = CARTESIAN_POINT('',(1.614301234575E-02,0.953945068683));
#1500 = CARTESIAN_POINT('',(1.210725560956E-02,0.953945068777));
#1501 = CARTESIAN_POINT('',(8.071500266414E-03,0.953945068857));
#1502 = CARTESIAN_POINT('',(4.035747857749E-03,0.953945068906));
#1503 = CARTESIAN_POINT('',(0.,0.953945068906));
#1504 = ( GEOMETRIC_REPRESENTATION_CONTEXT(2) 
PARAMETRIC_REPRESENTATION_CONTEXT() REPRESENTATION_CONTEXT('2D SPACE',''
  ) );
#1505 = PCURVE('',#1506,#1511);
#1506 = CYLINDRICAL_SURFACE('',#1507,19.);
#1507 = AXIS2_PLACEMENT_3D('',#1508,#1509,#1510);
#1508 = CARTESIAN_POINT('',(0.,0.,82.));
#1509 = DIRECTION('',(-0.,-0.,-1.));
#1510 = DIRECTION('',(1.,0.,0.));
#1511 = DEFINITIONAL_REPRESENTATION('',(#1512),#1599);
#1512 = B_SPLINE_CURVE_WITH_KNOTS('',8,(#1513,#1514,#1515,#1516,#1517,
    #1518,#1519,#1520,#1521,#1522,#1523,#1524,#1525,#1526,#1527,#1528,
    #1529,#1530,#1531,#1532,#1533,#1534,#1535,#1536,#1537,#1538,#1539,
    #1540,#1541,#1542,#1543,#1544,#1545,#1546,#1547,#1548,#1549,#1550,
    #1551,#1552,#1553,#1554,#1555,#1556,#1557,#1558,#1559,#1560,#1561,
    #1562,#1563,#1564,#1565,#1566,#1567,#1568,#1569,#1570,#1571,#1572,
    #1573,#1574,#1575,#1576,#1577,#1578,#1579,#1580,#1581,#1582,#1583,
    #1584,#1585,#1586,#1587,#1588,#1589,#1590,#1591,#1592,#1593,#1594,
    #1595,#1596,#1597,#1598),.UNSPECIFIED.,.F.,.F.,(9,7,7,7,7,7,7,7,7,7,
    7,7,9),(0.,3.470605648197E-02,9.300616815995E-02,0.163889280237,
    0.249083445472,0.343477742562,0.420786585097,0.539627817553,
    0.659255167398,0.752153582934,0.837527613722,0.967710291634,1.),
  .UNSPECIFIED.);
#1513 = CARTESIAN_POINT('',(-6.28318530718,-3.));
#1514 = CARTESIAN_POINT('',(-6.255930387211,-2.999999999997));
#1515 = CARTESIAN_POINT('',(-6.228675425515,-2.99999999493));
#1516 = CARTESIAN_POINT('',(-6.201420437173,-2.999999986977));
#1517 = CARTESIAN_POINT('',(-6.174165436389,-2.999999978034));
#1518 = CARTESIAN_POINT('',(-6.146910436487,-2.999999969712));
#1519 = CARTESIAN_POINT('',(-6.119655449915,-2.999999963342));
#1520 = CARTESIAN_POINT('',(-6.092400488239,-2.99999995997));
#1521 = CARTESIAN_POINT('',(-6.019362047808,-2.999999961012));
#1522 = CARTESIAN_POINT('',(-5.973577084028,-2.99999997101));
#1523 = CARTESIAN_POINT('',(-5.927792749986,-2.99999999104));
#1524 = CARTESIAN_POINT('',(-5.882009211665,-3.000000015553));
#1525 = CARTESIAN_POINT('',(-5.836225675473,-3.00000003783));
#1526 = CARTESIAN_POINT('',(-5.790441344331,-3.000000053081));
#1527 = CARTESIAN_POINT('',(-5.74465637624,-3.000000059583));
#1528 = CARTESIAN_POINT('',(-5.643207786367,-3.000000055764));
#1529 = CARTESIAN_POINT('',(-5.587538949471,-3.000000041569));
#1530 = CARTESIAN_POINT('',(-5.531871790551,-3.000000015678));
#1531 = CARTESIAN_POINT('',(-5.476206729913,-2.999999984522));
#1532 = CARTESIAN_POINT('',(-5.42054166985,-2.999999955811));
#1533 = CARTESIAN_POINT('',(-5.364874512162,-2.999999935412));
#1534 = CARTESIAN_POINT('',(-5.309205675618,-2.999999925853));
#1535 = CARTESIAN_POINT('',(-5.186636969096,-2.999999927173));
#1536 = CARTESIAN_POINT('',(-5.119723958464,-2.999999942505));
#1537 = CARTESIAN_POINT('',(-5.05281510404,-2.999999972298));
#1538 = CARTESIAN_POINT('',(-4.985911452304,-3.000000008761));
#1539 = CARTESIAN_POINT('',(-4.919007802691,-3.000000042411));
#1540 = CARTESIAN_POINT('',(-4.852098947633,-3.000000066055));
#1541 = CARTESIAN_POINT('',(-4.785185923541,-3.000000076801));
#1542 = CARTESIAN_POINT('',(-4.644153685778,-3.00000007532));
#1543 = CARTESIAN_POINT('',(-4.570009583217,-3.000000060511));
#1544 = CARTESIAN_POINT('',(-4.495872375297,-3.00000003246));
#1545 = CARTESIAN_POINT('',(-4.421743792126,-2.999999999063));
#1546 = CARTESIAN_POINT('',(-4.347615211451,-2.999999969262));
#1547 = CARTESIAN_POINT('',(-4.273478001936,-2.999999949188));
#1548 = CARTESIAN_POINT('',(-4.199333881977,-2.99999994054));
#1549 = CARTESIAN_POINT('',(-4.064494048691,-2.999999941714));
#1550 = CARTESIAN_POINT('',(-4.003776995345,-2.999999948511));
#1551 = CARTESIAN_POINT('',(-3.94306251432,-2.999999960726));
#1552 = CARTESIAN_POINT('',(-3.882351255244,-2.999999975833));
#1553 = CARTESIAN_POINT('',(-3.821639998788,-2.999999990929));
#1554 = CARTESIAN_POINT('',(-3.76092552165,-3.000000003663));
#1555 = CARTESIAN_POINT('',(-3.700208464772,-3.000000012781));
#1556 = CARTESIAN_POINT('',(-3.546170222811,-3.000000026768));
#1557 = CARTESIAN_POINT('',(-3.452793692148,-3.000000026673));
#1558 = CARTESIAN_POINT('',(-3.359444071855,-3.000000017797));
#1559 = CARTESIAN_POINT('',(-3.266114777664,-3.000000005452));
#1560 = CARTESIAN_POINT('',(-3.172785472504,-3.000000000663));
#1561 = CARTESIAN_POINT('',(-3.079435825987,-3.000000004728));
#1562 = CARTESIAN_POINT('',(-2.986059279003,-3.000000012302));
#1563 = CARTESIAN_POINT('',(-2.798788031944,-3.000000023976));
#1564 = CARTESIAN_POINT('',(-2.704792524074,-3.000000028054));
#1565 = CARTESIAN_POINT('',(-2.61082487685,-3.00000002491));
#1566 = CARTESIAN_POINT('',(-2.51687814226,-3.000000008996));
#1567 = CARTESIAN_POINT('',(-2.422931401949,-2.99999998026));
#1568 = CARTESIAN_POINT('',(-2.328963740533,-2.999999953556));
#1569 = CARTESIAN_POINT('',(-2.23496822403,-2.999999939658));
#1570 = CARTESIAN_POINT('',(-2.068070106414,-2.999999942495));
#1571 = CARTESIAN_POINT('',(-1.99510192409,-2.999999952989));
#1572 = CARTESIAN_POINT('',(-1.922140122011,-2.999999974373));
#1573 = CARTESIAN_POINT('',(-1.849186292846,-3.000000004429));
#1574 = CARTESIAN_POINT('',(-1.776232464129,-3.000000036936));
#1575 = CARTESIAN_POINT('',(-1.703270662993,-3.00000006339));
#1576 = CARTESIAN_POINT('',(-1.630302480863,-3.000000076595));
#1577 = CARTESIAN_POINT('',(-1.490303752791,-3.00000007567));
#1578 = CARTESIAN_POINT('',(-1.423249407963,-3.000000063659));
#1579 = CARTESIAN_POINT('',(-1.356199261814,-3.000000038832));
#1580 = CARTESIAN_POINT('',(-1.289154372264,-3.000000004478));
#1581 = CARTESIAN_POINT('',(-1.222109484356,-2.999999968108));
#1582 = CARTESIAN_POINT('',(-1.155059334043,-2.999999939269));
#1583 = CARTESIAN_POINT('',(-1.088004968401,-2.999999925507));
#1584 = CARTESIAN_POINT('',(-0.918726619217,-2.999999927933));
#1585 = CARTESIAN_POINT('',(-0.816415149228,-2.999999964794));
#1586 = CARTESIAN_POINT('',(-0.714147383402,-3.000000032189));
#1587 = CARTESIAN_POINT('',(-0.611909586096,-3.00000012126));
#1588 = CARTESIAN_POINT('',(-0.509671777676,-3.000000108389));
#1589 = CARTESIAN_POINT('',(-0.407404035325,-2.999999995797));
#1590 = CARTESIAN_POINT('',(-0.305092533111,-2.999999956019));
#1591 = CARTESIAN_POINT('',(-0.17750172564,-2.999999961726));
#1592 = CARTESIAN_POINT('',(-0.152144345332,-2.999999966029));
#1593 = CARTESIAN_POINT('',(-0.126786947326,-2.999999972661));
#1594 = CARTESIAN_POINT('',(-0.101429539872,-2.999999980619));
#1595 = CARTESIAN_POINT('',(-7.607213177405E-02,-2.999999988739));
#1596 = CARTESIAN_POINT('',(-5.071473239221E-02,-2.999999995695));
#1597 = CARTESIAN_POINT('',(-2.535735164331E-02,-2.999999999998));
#1598 = CARTESIAN_POINT('',(0.,-3.));
#1599 = ( GEOMETRIC_REPRESENTATION_CONTEXT(2) 
PARAMETRIC_REPRESENTATION_CONTEXT() REPRESENTATION_CONTEXT('2D SPACE',''
  ) );
#1600 = ORIENTED_EDGE('',*,*,#1601,.T.);
#1601 = EDGE_CURVE('',#1325,#1061,#1602,.T.);
#1602 = SEAM_CURVE('',#1603,(#1618,#1625),.PCURVE_S1.);
#1603 = ( BOUNDED_CURVE() B_SPLINE_CURVE(3,(#1604,#1605,#1606,#1607,
    #1608,#1609,#1610,#1611,#1612,#1613,#1614,#1615,#1616,#1617),
.UNSPECIFIED.,.F.,.F.) B_SPLINE_CURVE_WITH_KNOTS((4,1,1,1,1,1,1,1,1,1,1,
    4),(0.,3.104927641487E-02,8.307130695661E-02,0.538460694375,
    0.652587881485,0.73073175977,0.809172199185,0.870523978485,
0.912546033686,0.953945068906,0.97930048239,1.),.UNSPECIFIED.) CURVE() 
GEOMETRIC_REPRESENTATION_ITEM() RATIONAL_B_SPLINE_CURVE((1.,1.,1.,1.,1.,
    1.,1.,1.,1.,1.,1.,1.000000000001,0.999999999999,1.)) 
REPRESENTATION_ITEM('') );
#1604 = CARTESIAN_POINT('',(29.6,-9.91150996027E-15,3.));
#1605 = CARTESIAN_POINT('',(29.537885575909,1.25333361621E-14,
    0.856465080908));
#1606 = CARTESIAN_POINT('',(29.575586023491,-2.940506153371E-14,
    -1.492572880966));
#1607 = CARTESIAN_POINT('',(31.394348306538,1.11953878755E-13,
    25.017310069442));
#1608 = CARTESIAN_POINT('',(29.777247668597,8.405741162248E-14,
    37.153748258035));
#1609 = CARTESIAN_POINT('',(30.067608908072,-5.941344590944E-14,
    59.018256711102));
#1610 = CARTESIAN_POINT('',(27.456639314153,5.387433167207E-14,
    67.226060499564));
#1611 = CARTESIAN_POINT('',(23.904492522923,-5.361417719014E-14,
    72.620678676645));
#1612 = CARTESIAN_POINT('',(20.833845274159,8.483302180963E-15,
    76.940742483101));
#1613 = CARTESIAN_POINT('',(18.757014062493,8.914390676923E-15,
    80.778135232866));
#1614 = CARTESIAN_POINT('',(18.49113498241,1.305116836249E-14,
    84.716641404595));
#1615 = CARTESIAN_POINT('',(20.144283145714,2.741485174406E-15,
    86.869620199129));
#1616 = CARTESIAN_POINT('',(20.578396445269,-1.06878621637E-15,
    88.055412311558));
#1617 = CARTESIAN_POINT('',(20.1,2.68333970625E-15,89.));
#1618 = PCURVE('',#1100,#1619);
#1619 = DEFINITIONAL_REPRESENTATION('',(#1620),#1624);
#1620 = LINE('',#1621,#1622);
#1621 = CARTESIAN_POINT('',(0.,0.));
#1622 = VECTOR('',#1623,1.);
#1623 = DIRECTION('',(0.,1.));
#1624 = ( GEOMETRIC_REPRESENTATION_CONTEXT(2) 
PARAMETRIC_REPRESENTATION_CONTEXT() REPRESENTATION_CONTEXT('2D SPACE',''
  ) );
#1625 = PCURVE('',#1100,#1626);
#1626 = DEFINITIONAL_REPRESENTATION('',(#1627),#1631);
#1627 = LINE('',#1628,#1629);
#1628 = CARTESIAN_POINT('',(1.,0.));
#1629 = VECTOR('',#1630,1.);
#1630 = DIRECTION('',(0.,1.));
#1631 = ( GEOMETRIC_REPRESENTATION_CONTEXT(2) 
PARAMETRIC_REPRESENTATION_CONTEXT() REPRESENTATION_CONTEXT('2D SPACE',''
  ) );
#1632 = ORIENTED_EDGE('',*,*,#1060,.F.);
#1633 = ORIENTED_EDGE('',*,*,#1601,.F.);
#1634 = ADVANCED_FACE('',(#1635),#1506,.F.);
#1635 = FACE_BOUND('',#1636,.T.);
#1636 = EDGE_LOOP('',(#1637,#1666,#1687,#1688));
#1637 = ORIENTED_EDGE('',*,*,#1638,.F.);
#1638 = EDGE_CURVE('',#1639,#1639,#1641,.T.);
#1639 = VERTEX_POINT('',#1640);
#1640 = CARTESIAN_POINT('',(19.,0.,82.));
#1641 = SURFACE_CURVE('',#1642,(#1647,#1654),.PCURVE_S1.);
#1642 = CIRCLE('',#1643,19.);
#1643 = AXIS2_PLACEMENT_3D('',#1644,#1645,#1646);
#1644 = CARTESIAN_POINT('',(0.,0.,82.));
#1645 = DIRECTION('',(0.,0.,1.));
#1646 = DIRECTION('',(1.,0.,0.));
#1647 = PCURVE('',#1506,#1648);
#1648 = DEFINITIONAL_REPRESENTATION('',(#1649),#1653);
#1649 = LINE('',#1650,#1651);
#1650 = CARTESIAN_POINT('',(-0.,0.));
#1651 = VECTOR('',#1652,1.);
#1652 = DIRECTION('',(-1.,0.));
#1653 = ( GEOMETRIC_REPRESENTATION_CONTEXT(2) 
PARAMETRIC_REPRESENTATION_CONTEXT() REPRESENTATION_CONTEXT('2D SPACE',''
  ) );
#1654 = PCURVE('',#1655,#1660);
#1655 = PLANE('',#1656);
#1656 = AXIS2_PLACEMENT_3D('',#1657,#1658,#1659);
#1657 = CARTESIAN_POINT('',(-1.727292798997E-15,3.759188932048E-16,82.)
  );
#1658 = DIRECTION('',(0.,0.,1.));
#1659 = DIRECTION('',(1.,0.,-0.));
#1660 = DEFINITIONAL_REPRESENTATION('',(#1661),#1665);
#1661 = CIRCLE('',#1662,19.);
#1662 = AXIS2_PLACEMENT_2D('',#1663,#1664);
#1663 = CARTESIAN_POINT('',(1.727292798997E-15,-3.759188932048E-16));
#1664 = DIRECTION('',(1.,0.));
#1665 = ( GEOMETRIC_REPRESENTATION_CONTEXT(2) 
PARAMETRIC_REPRESENTATION_CONTEXT() REPRESENTATION_CONTEXT('2D SPACE',''
  ) );
#1666 = ORIENTED_EDGE('',*,*,#1667,.T.);
#1667 = EDGE_CURVE('',#1639,#1325,#1668,.T.);
#1668 = SEAM_CURVE('',#1669,(#1673,#1680),.PCURVE_S1.);
#1669 = LINE('',#1670,#1671);
#1670 = CARTESIAN_POINT('',(19.,0.,82.));
#1671 = VECTOR('',#1672,1.);
#1672 = DIRECTION('',(0.,0.,1.));
#1673 = PCURVE('',#1506,#1674);
#1674 = DEFINITIONAL_REPRESENTATION('',(#1675),#1679);
#1675 = LINE('',#1676,#1677);
#1676 = CARTESIAN_POINT('',(-6.28318530718,0.));
#1677 = VECTOR('',#1678,1.);
#1678 = DIRECTION('',(-0.,-1.));
#1679 = ( GEOMETRIC_REPRESENTATION_CONTEXT(2) 
PARAMETRIC_REPRESENTATION_CONTEXT() REPRESENTATION_CONTEXT('2D SPACE',''
  ) );
#1680 = PCURVE('',#1506,#1681);
#1681 = DEFINITIONAL_REPRESENTATION('',(#1682),#1686);
#1682 = LINE('',#1683,#1684);
#1683 = CARTESIAN_POINT('',(-0.,0.));
#1684 = VECTOR('',#1685,1.);
#1685 = DIRECTION('',(-0.,-1.));
#1686 = ( GEOMETRIC_REPRESENTATION_CONTEXT(2) 
PARAMETRIC_REPRESENTATION_CONTEXT() REPRESENTATION_CONTEXT('2D SPACE',''
  ) );
#1687 = ORIENTED_EDGE('',*,*,#1324,.F.);
#1688 = ORIENTED_EDGE('',*,*,#1667,.F.);
#1689 = ADVANCED_FACE('',(#1690,#1693),#1655,.T.);
#1690 = FACE_BOUND('',#1691,.T.);
#1691 = EDGE_LOOP('',(#1692));
#1692 = ORIENTED_EDGE('',*,*,#1638,.T.);
#1693 = FACE_BOUND('',#1694,.T.);
#1694 = EDGE_LOOP('',(#1695));
#1695 = ORIENTED_EDGE('',*,*,#1696,.T.);
#1696 = EDGE_CURVE('',#1697,#1697,#1699,.T.);
#1697 = VERTEX_POINT('',#1698);
#1698 = CARTESIAN_POINT('',(18.791963694549,1.035723906859E-14,82.));
#1699 = SURFACE_CURVE('',#1700,(#1759,#1821),.PCURVE_S1.);
#1700 = B_SPLINE_CURVE_WITH_KNOTS('',8,(#1701,#1702,#1703,#1704,#1705,
    #1706,#1707,#1708,#1709,#1710,#1711,#1712,#1713,#1714,#1715,#1716,
    #1717,#1718,#1719,#1720,#1721,#1722,#1723,#1724,#1725,#1726,#1727,
    #1728,#1729,#1730,#1731,#1732,#1733,#1734,#1735,#1736,#1737,#1738,
    #1739,#1740,#1741,#1742,#1743,#1744,#1745,#1746,#1747,#1748,#1749,
    #1750,#1751,#1752,#1753,#1754,#1755,#1756,#1757,#1758),
  .UNSPECIFIED.,.T.,.F.,(9,7,7,7,7,7,7,7,9),(0.,0.125998988103,
    0.251997976135,0.375998968384,0.500998978271,0.624999970788,
    0.749999980419,0.874999990182,1.),.UNSPECIFIED.);
#1701 = CARTESIAN_POINT('',(18.79196369458,-6.729508464396E-15,82.));
#1702 = CARTESIAN_POINT('',(18.791963766539,-1.859165643181,82.));
#1703 = CARTESIAN_POINT('',(18.581751893818,-3.719638967088,82.));
#1704 = CARTESIAN_POINT('',(18.16081510599,-5.551651977656,82.));
#1705 = CARTESIAN_POINT('',(17.53429684097,-7.32756467239,82.));
#1706 = CARTESIAN_POINT('',(16.71089457087,-9.02119973888,82.));
#1707 = CARTESIAN_POINT('',(15.703123188948,-10.6079751789,82.));
#1708 = CARTESIAN_POINT('',(14.527035451377,-12.06480996903,82.));
#1709 = CARTESIAN_POINT('',(11.881310100623,-14.67749536278,82.));
#1710 = CARTESIAN_POINT('',(10.409811585123,-15.83518363277,82.));
#1711 = CARTESIAN_POINT('',(8.810497732639,-16.82293596372,82.));
#1712 = CARTESIAN_POINT('',(7.106649470729,-17.62499091418,82.));
#1713 = CARTESIAN_POINT('',(5.323004109339,-18.22914343444,82.));
#1714 = CARTESIAN_POINT('',(3.48584623681,-18.62702584193,82.));
#1715 = CARTESIAN_POINT('',(1.622878287084,-18.81384235257,82.));
#1716 = CARTESIAN_POINT('',(-2.065680569292,-18.76748810794,82.));
#1717 = CARTESIAN_POINT('',(-3.893869283139,-18.54089920128,82.));
#1718 = CARTESIAN_POINT('',(-5.692394122332,-18.11060270857,82.));
#1719 = CARTESIAN_POINT('',(-7.434962186749,-17.48173055007,82.));
#1720 = CARTESIAN_POINT('',(-9.096682587701,-16.66276231992,82.));
#1721 = CARTESIAN_POINT('',(-10.65418174507,-15.66574524494,82.));
#1722 = CARTESIAN_POINT('',(-12.08552492906,-14.50605856147,82.));
#1723 = CARTESIAN_POINT('',(-14.66713807335,-11.89179834075,82.));
#1724 = CARTESIAN_POINT('',(-15.81679559084,-10.43315725745,82.));
#1725 = CARTESIAN_POINT('',(-16.79937782629,-8.848563062267,82.));
#1726 = CARTESIAN_POINT('',(-17.59945469034,-7.160714158552,82.));
#1727 = CARTESIAN_POINT('',(-18.2050482152,-5.393735552891,82.));
#1728 = CARTESIAN_POINT('',(-18.60789061441,-3.573261819157,82.));
#1729 = CARTESIAN_POINT('',(-18.80318161178,-1.726316327836,82.));
#1730 = CARTESIAN_POINT('',(-18.78009664573,1.947720966363,82.));
#1731 = CARTESIAN_POINT('',(-18.56499897163,3.777297284381,82.));
#1732 = CARTESIAN_POINT('',(-18.14601134193,5.57849023336,82.));
#1733 = CARTESIAN_POINT('',(-17.52810038338,7.324975190337,82.));
#1734 = CARTESIAN_POINT('',(-16.71958913999,8.991808483787,82.));
#1735 = CARTESIAN_POINT('',(-15.73237774214,10.555541302274,82.));
#1736 = CARTESIAN_POINT('',(-14.5817072972,11.994142719135,82.));
#1737 = CARTESIAN_POINT('',(-11.98371934524,14.592130696597,82.));
#1738 = CARTESIAN_POINT('',(-10.53233052556,15.750930384835,82.));
#1739 = CARTESIAN_POINT('',(-8.953941316861,16.743449463145,82.));
#1740 = CARTESIAN_POINT('',(-7.271152725477,17.554115523631,82.));
#1741 = CARTESIAN_POINT('',(-5.508014024357,18.170799254872,82.));
#1742 = CARTESIAN_POINT('',(-3.690107338297,18.585071979649,82.));
#1743 = CARTESIAN_POINT('',(-1.844425346061,18.791963734274,82.));
#1744 = CARTESIAN_POINT('',(1.844425345405,18.791963732811,82.));
#1745 = CARTESIAN_POINT('',(3.690107338238,18.585071976326,82.));
#1746 = CARTESIAN_POINT('',(5.50801402656,18.170799252457,82.));
#1747 = CARTESIAN_POINT('',(7.271152732063,17.554115526962,82.));
#1748 = CARTESIAN_POINT('',(8.953941328668,16.743449472363,82.));
#1749 = CARTESIAN_POINT('',(10.532330536802,15.750930388814,82.));
#1750 = CARTESIAN_POINT('',(11.983719351935,14.592130688735,82.));
#1751 = CARTESIAN_POINT('',(14.592130668207,11.983719325694,82.));
#1752 = CARTESIAN_POINT('',(15.7509303331,10.532330495937,82.));
#1753 = CARTESIAN_POINT('',(16.743449414292,8.953941289846,82.));
#1754 = CARTESIAN_POINT('',(17.554115489491,7.271152705512,82.));
#1755 = CARTESIAN_POINT('',(18.170799300191,5.508014032007,82.));
#1756 = CARTESIAN_POINT('',(18.585072020344,3.690107345497,82.));
#1757 = CARTESIAN_POINT('',(18.791963761144,1.844425343438,82.));
#1758 = CARTESIAN_POINT('',(18.791963694549,1.458677360841E-14,82.));
#1759 = PCURVE('',#1655,#1760);
#1760 = DEFINITIONAL_REPRESENTATION('',(#1761),#1820);
#1761 = B_SPLINE_CURVE_WITH_KNOTS('',8,(#1762,#1763,#1764,#1765,#1766,
    #1767,#1768,#1769,#1770,#1771,#1772,#1773,#1774,#1775,#1776,#1777,
    #1778,#1779,#1780,#1781,#1782,#1783,#1784,#1785,#1786,#1787,#1788,
    #1789,#1790,#1791,#1792,#1793,#1794,#1795,#1796,#1797,#1798,#1799,
    #1800,#1801,#1802,#1803,#1804,#1805,#1806,#1807,#1808,#1809,#1810,
    #1811,#1812,#1813,#1814,#1815,#1816,#1817,#1818,#1819),
  .UNSPECIFIED.,.F.,.F.,(9,7,7,7,7,7,7,7,9),(0.,0.125998988103,
    0.251997976135,0.375998968384,0.500998978271,0.624999970788,
    0.749999980419,0.874999990182,1.),.UNSPECIFIED.);
#1762 = CARTESIAN_POINT('',(18.79196369458,-7.105427357601E-15));
#1763 = CARTESIAN_POINT('',(18.791963766539,-1.859165643181));
#1764 = CARTESIAN_POINT('',(18.581751893818,-3.719638967088));
#1765 = CARTESIAN_POINT('',(18.16081510599,-5.551651977656));
#1766 = CARTESIAN_POINT('',(17.53429684097,-7.32756467239));
#1767 = CARTESIAN_POINT('',(16.71089457087,-9.02119973888));
#1768 = CARTESIAN_POINT('',(15.703123188948,-10.6079751789));
#1769 = CARTESIAN_POINT('',(14.527035451377,-12.06480996903));
#1770 = CARTESIAN_POINT('',(11.881310100623,-14.67749536278));
#1771 = CARTESIAN_POINT('',(10.409811585123,-15.83518363277));
#1772 = CARTESIAN_POINT('',(8.810497732639,-16.82293596372));
#1773 = CARTESIAN_POINT('',(7.106649470729,-17.62499091418));
#1774 = CARTESIAN_POINT('',(5.323004109339,-18.22914343444));
#1775 = CARTESIAN_POINT('',(3.48584623681,-18.62702584193));
#1776 = CARTESIAN_POINT('',(1.622878287084,-18.81384235257));
#1777 = CARTESIAN_POINT('',(-2.065680569292,-18.76748810794));
#1778 = CARTESIAN_POINT('',(-3.893869283139,-18.54089920128));
#1779 = CARTESIAN_POINT('',(-5.692394122332,-18.11060270857));
#1780 = CARTESIAN_POINT('',(-7.434962186749,-17.48173055007));
#1781 = CARTESIAN_POINT('',(-9.096682587701,-16.66276231992));
#1782 = CARTESIAN_POINT('',(-10.65418174507,-15.66574524494));
#1783 = CARTESIAN_POINT('',(-12.08552492906,-14.50605856147));
#1784 = CARTESIAN_POINT('',(-14.66713807335,-11.89179834075));
#1785 = CARTESIAN_POINT('',(-15.81679559084,-10.43315725745));
#1786 = CARTESIAN_POINT('',(-16.79937782629,-8.848563062267));
#1787 = CARTESIAN_POINT('',(-17.59945469034,-7.160714158552));
#1788 = CARTESIAN_POINT('',(-18.2050482152,-5.393735552891));
#1789 = CARTESIAN_POINT('',(-18.60789061441,-3.573261819157));
#1790 = CARTESIAN_POINT('',(-18.80318161178,-1.726316327836));
#1791 = CARTESIAN_POINT('',(-18.78009664573,1.947720966363));
#1792 = CARTESIAN_POINT('',(-18.56499897163,3.777297284381));
#1793 = CARTESIAN_POINT('',(-18.14601134193,5.57849023336));
#1794 = CARTESIAN_POINT('',(-17.52810038338,7.324975190337));
#1795 = CARTESIAN_POINT('',(-16.71958913999,8.991808483787));
#1796 = CARTESIAN_POINT('',(-15.73237774214,10.555541302274));
#1797 = CARTESIAN_POINT('',(-14.5817072972,11.994142719135));
#1798 = CARTESIAN_POINT('',(-11.98371934524,14.592130696597));
#1799 = CARTESIAN_POINT('',(-10.53233052556,15.750930384835));
#1800 = CARTESIAN_POINT('',(-8.953941316861,16.743449463145));
#1801 = CARTESIAN_POINT('',(-7.271152725477,17.554115523631));
#1802 = CARTESIAN_POINT('',(-5.508014024357,18.170799254872));
#1803 = CARTESIAN_POINT('',(-3.690107338297,18.585071979649));
#1804 = CARTESIAN_POINT('',(-1.844425346061,18.791963734274));
#1805 = CARTESIAN_POINT('',(1.844425345405,18.791963732811));
#1806 = CARTESIAN_POINT('',(3.690107338238,18.585071976326));
#1807 = CARTESIAN_POINT('',(5.50801402656,18.170799252457));
#1808 = CARTESIAN_POINT('',(7.271152732063,17.554115526962));
#1809 = CARTESIAN_POINT('',(8.953941328668,16.743449472363));
#1810 = CARTESIAN_POINT('',(10.532330536802,15.750930388814));
#1811 = CARTESIAN_POINT('',(11.983719351935,14.592130688735));
#1812 = CARTESIAN_POINT('',(14.592130668207,11.983719325694));
#1813 = CARTESIAN_POINT('',(15.7509303331,10.532330495937));
#1814 = CARTESIAN_POINT('',(16.743449414292,8.953941289846));
#1815 = CARTESIAN_POINT('',(17.554115489491,7.271152705512));
#1816 = CARTESIAN_POINT('',(18.170799300191,5.508014032007));
#1817 = CARTESIAN_POINT('',(18.585072020344,3.690107345497));
#1818 = CARTESIAN_POINT('',(18.791963761144,1.844425343438));
#1819 = CARTESIAN_POINT('',(18.791963694549,1.42108547152E-14));
#1820 = ( GEOMETRIC_REPRESENTATION_CONTEXT(2) 
PARAMETRIC_REPRESENTATION_CONTEXT() REPRESENTATION_CONTEXT('2D SPACE',''
  ) );
#1821 = PCURVE('',#1822,#2033);
#1822 = ( BOUNDED_SURFACE() B_SPLINE_SURFACE(14,3,(
    (#1823,#1824,#1825,#1826,#1827,#1828,#1829,#1830,#1831,#1832,#1833
      ,#1834,#1835,#1836)
    ,(#1837,#1838,#1839,#1840,#1841,#1842,#1843,#1844,#1845,#1846,#1847
      ,#1848,#1849,#1850)
    ,(#1851,#1852,#1853,#1854,#1855,#1856,#1857,#1858,#1859,#1860,#1861
      ,#1862,#1863,#1864)
    ,(#1865,#1866,#1867,#1868,#1869,#1870,#1871,#1872,#1873,#1874,#1875
      ,#1876,#1877,#1878)
    ,(#1879,#1880,#1881,#1882,#1883,#1884,#1885,#1886,#1887,#1888,#1889
      ,#1890,#1891,#1892)
    ,(#1893,#1894,#1895,#1896,#1897,#1898,#1899,#1900,#1901,#1902,#1903
      ,#1904,#1905,#1906)
    ,(#1907,#1908,#1909,#1910,#1911,#1912,#1913,#1914,#1915,#1916,#1917
      ,#1918,#1919,#1920)
    ,(#1921,#1922,#1923,#1924,#1925,#1926,#1927,#1928,#1929,#1930,#1931
      ,#1932,#1933,#1934)
    ,(#1935,#1936,#1937,#1938,#1939,#1940,#1941,#1942,#1943,#1944,#1945
      ,#1946,#1947,#1948)
    ,(#1949,#1950,#1951,#1952,#1953,#1954,#1955,#1956,#1957,#1958,#1959
      ,#1960,#1961,#1962)
    ,(#1963,#1964,#1965,#1966,#1967,#1968,#1969,#1970,#1971,#1972,#1973
      ,#1974,#1975,#1976)
    ,(#1977,#1978,#1979,#1980,#1981,#1982,#1983,#1984,#1985,#1986,#1987
      ,#1988,#1989,#1990)
    ,(#1991,#1992,#1993,#1994,#1995,#1996,#1997,#1998,#1999,#2000,#2001
      ,#2002,#2003,#2004)
    ,(#2005,#2006,#2007,#2008,#2009,#2010,#2011,#2012,#2013,#2014,#2015
      ,#2016,#2017,#2018)
    ,(#2019,#2020,#2021,#2022,#2023,#2024,#2025,#2026,#2027,#2028,#2029
      ,#2030,#2031,#2032
)),.UNSPECIFIED.,.T.,.F.,.F.) B_SPLINE_SURFACE_WITH_KNOTS((15,15),(4,1,1
    ,1,1,1,1,1,1,1,1,4),(0.,1.),(0.,3.104927641487E-02,
    8.307130695661E-02,0.538460694375,0.652587881485,0.73073175977,
    0.809172199185,0.870523978485,0.912546033686,0.953945068906,
0.97930048239,1.),.UNSPECIFIED.) GEOMETRIC_REPRESENTATION_ITEM() 
RATIONAL_B_SPLINE_SURFACE((
    (1.,1.,1.,1.,1.,1.,1.,1.,1.,1.,1.,1.000000000001,0.999999999999,1.)
    ,(1.,1.,1.,1.,1.,1.,1.,1.,1.,1.,1.,1.000000000001,0.999999999999,1.)
    ,(1.,1.,1.,1.,1.,1.,1.,1.,1.,1.,1.,1.000000000001,0.999999999999,1.)
    ,(1.,1.,1.,1.,1.,1.,1.,1.,1.,1.,1.,1.000000000001,0.999999999999,1.)
    ,(1.,1.,1.,1.,1.,1.,1.,1.,1.,1.,1.,1.000000000001,0.999999999999,1.)
    ,(1.,1.,1.,1.,1.,1.,1.,1.,1.,1.,1.,1.000000000001,0.999999999999,1.)
    ,(1.,1.,1.,1.,1.,1.,1.,1.,1.,1.,1.,1.000000000001,0.999999999999,1.)
    ,(1.,1.,1.,1.,1.,1.,1.,1.,1.,1.,1.,1.000000000001,0.999999999999,1.)
    ,(1.,1.,1.,1.,1.,1.,1.,1.,1.,1.,1.,1.000000000001,0.999999999999,1.)
    ,(1.,1.,1.,1.,1.,1.,1.,1.,1.,1.,1.,1.000000000001,0.999999999999,1.)
    ,(1.,1.,1.,1.,1.,1.,1.,1.,1.,1.,1.,1.000000000001,0.999999999999,1.)
    ,(1.,1.,1.,1.,1.,1.,1.,1.,1.,1.,1.,1.000000000001,0.999999999999,1.)
    ,(1.,1.,1.,1.,1.,1.,1.,1.,1.,1.,1.,1.000000000001,0.999999999999,1.)
    ,(1.,1.,1.,1.,1.,1.,1.,1.,1.,1.,1.,1.000000000001,0.999999999999,1.)
    ,(1.,1.,1.,1.,1.,1.,1.,1.,1.,1.,1.,1.000000000001,0.999999999999,1.
))) REPRESENTATION_ITEM('') SURFACE() );
#1823 = CARTESIAN_POINT('',(29.6,-9.91150996027E-15,3.));
#1824 = CARTESIAN_POINT('',(29.537885575909,1.25333361621E-14,
    0.856465080908));
#1825 = CARTESIAN_POINT('',(29.575586023491,-2.940506153371E-14,
    -1.492572880966));
#1826 = CARTESIAN_POINT('',(31.394348306538,1.11953878755E-13,
    25.017310069442));
#1827 = CARTESIAN_POINT('',(29.777247668597,8.405741162248E-14,
    37.153748258035));
#1828 = CARTESIAN_POINT('',(30.067608908072,-5.941344590944E-14,
    59.018256711102));
#1829 = CARTESIAN_POINT('',(27.456639314153,5.387433167207E-14,
    67.226060499564));
#1830 = CARTESIAN_POINT('',(23.904492522923,-5.361417719014E-14,
    72.620678676645));
#1831 = CARTESIAN_POINT('',(20.833845274159,8.483302180963E-15,
    76.940742483101));
#1832 = CARTESIAN_POINT('',(18.757014062493,8.914390676923E-15,
    80.778135232866));
#1833 = CARTESIAN_POINT('',(18.49113498241,1.305116836249E-14,
    84.716641404595));
#1834 = CARTESIAN_POINT('',(20.144283145714,2.741485174406E-15,
    86.869620199129));
#1835 = CARTESIAN_POINT('',(20.578396445269,-1.06878621637E-15,
    88.055412311558));
#1836 = CARTESIAN_POINT('',(20.1,2.68333970625E-15,89.));
#1837 = CARTESIAN_POINT('',(29.600000000002,13.284448935188,3.));
#1838 = CARTESIAN_POINT('',(29.537885575911,13.256572046847,
    0.856465080908));
#1839 = CARTESIAN_POINT('',(29.575586023493,13.273491968151,
    -1.492572880967));
#1840 = CARTESIAN_POINT('',(31.394348306554,14.089750572031,
    25.017310069443));
#1841 = CARTESIAN_POINT('',(29.777247668611,13.363997502836,
    37.153748258027));
#1842 = CARTESIAN_POINT('',(30.067608908071,13.494311322383,
    59.018256711114));
#1843 = CARTESIAN_POINT('',(27.456639314162,12.322510908816,
    67.226060499562));
#1844 = CARTESIAN_POINT('',(23.904492522923,10.728311156828,
    72.620678676642));
#1845 = CARTESIAN_POINT('',(20.833845274182,9.350207894208,
    76.940742483108));
#1846 = CARTESIAN_POINT('',(18.757014062461,8.418128225979,
    80.778135232852));
#1847 = CARTESIAN_POINT('',(18.491134982531,8.298801973996,
    84.716641404619));
#1848 = CARTESIAN_POINT('',(20.144283145488,9.040733134451,
    86.869620199012));
#1849 = CARTESIAN_POINT('',(20.578396445669,9.235562728207,
    88.055412311766));
#1850 = CARTESIAN_POINT('',(20.100000000001,9.020858905314,
    88.999999999996));
#1851 = CARTESIAN_POINT('',(23.179334908491,26.568902773953,
    2.999999999999));
#1852 = CARTESIAN_POINT('',(23.130693995022,26.513148986972,
    0.85646508091));
#1853 = CARTESIAN_POINT('',(23.160216674104,26.546988835844,
    -1.492572880968));
#1854 = CARTESIAN_POINT('',(24.584463298273,28.179506344812,
    25.017310069451));
#1855 = CARTESIAN_POINT('',(23.318135012235,26.727999938611,
    37.153748258079));
#1856 = CARTESIAN_POINT('',(23.545512728988,26.988627625793,
    59.018256711054));
#1857 = CARTESIAN_POINT('',(21.500899936614,24.645026366099,
    67.226060499579));
#1858 = CARTESIAN_POINT('',(18.719264797495,21.45662627374,
    72.620678676651));
#1859 = CARTESIAN_POINT('',(16.314685035153,18.70041923976,
    76.940742483108));
#1860 = CARTESIAN_POINT('',(14.688348339101,16.836259559291,
    80.778135232857));
#1861 = CARTESIAN_POINT('',(14.480142249804,16.597607011142,
    84.716641404738));
#1862 = CARTESIAN_POINT('',(15.774698835354,18.081469606232,
    86.869620199178));
#1863 = CARTESIAN_POINT('',(16.114646725823,18.471128865102,
    88.055412311489));
#1864 = CARTESIAN_POINT('',(15.740021339891,18.041721140419,
    89.000000000027));
#1865 = CARTESIAN_POINT('',(10.337996517278,36.491452658563,
    3.000000000002));
#1866 = CARTESIAN_POINT('',(10.316302642285,36.414876794858,
    0.85646508089));
#1867 = CARTESIAN_POINT('',(10.329469773886,36.46135463598,
    -1.492572880952));
#1868 = CARTESIAN_POINT('',(10.964684576391,38.703559965511,
    25.017310069385));
#1869 = CARTESIAN_POINT('',(10.399901442421,36.709967013545,
    37.153748257907));
#1870 = CARTESIAN_POINT('',(10.501312032896,37.067929967097,
    59.018256711219));
#1871 = CARTESIAN_POINT('',(9.589413567825,33.849076138438,
    67.226060499498));
#1872 = CARTESIAN_POINT('',(8.348802717928,29.469920852212,
    72.620678676629));
#1873 = CARTESIAN_POINT('',(7.27635878001,25.684367517508,
    76.940742483004));
#1874 = CARTESIAN_POINT('',(6.551011690994,23.124009820208,
    80.778135232981));
#1875 = CARTESIAN_POINT('',(6.458151657197,22.796228946439,
    84.716641403807));
#1876 = CARTESIAN_POINT('',(7.03552462838,24.834261984891,
    86.869620199699));
#1877 = CARTESIAN_POINT('',(7.187141580622,25.369445259158,
    88.055412310421));
#1878 = CARTESIAN_POINT('',(7.020058445843,24.779668866122,
    88.999999999892));
#1879 = CARTESIAN_POINT('',(-7.003674196217,39.690568836458,
    2.999999999998));
#1880 = CARTESIAN_POINT('',(-6.988977264158,39.6072797545,0.856465080943
    ));
#1881 = CARTESIAN_POINT('',(-6.997897590206,39.657832194084,
    -1.492572880994));
#1882 = CARTESIAN_POINT('',(-7.42823605249,42.096606166442,
    25.01731006957));
#1883 = CARTESIAN_POINT('',(-7.045612876286,39.928239809147,
    37.153748258308));
#1884 = CARTESIAN_POINT('',(-7.114315427358,40.317584497007,
    59.018256710918));
#1885 = CARTESIAN_POINT('',(-6.496532306851,36.816541645669,
    67.226060499729));
#1886 = CARTESIAN_POINT('',(-5.656056670929,32.053476553566,
    72.620678676762));
#1887 = CARTESIAN_POINT('',(-4.929508937815,27.936053039898,
    76.94074248328));
#1888 = CARTESIAN_POINT('',(-4.438108628042,25.151235061228,
    80.778135232921));
#1889 = CARTESIAN_POINT('',(-4.375198815602,24.79471844193,
    84.716641405557));
#1890 = CARTESIAN_POINT('',(-4.766351218457,27.011420839738,
    86.869620199451));
#1891 = CARTESIAN_POINT('',(-4.869067033217,27.593522319424,
    88.055412311439));
#1892 = CARTESIAN_POINT('',(-4.755873356187,26.952041676104,
    89.000000000305));
#1893 = CARTESIAN_POINT('',(-25.00535954802,34.009715085887,
    2.999999999999));
#1894 = CARTESIAN_POINT('',(-24.95288679437,33.938347049926,
    0.856465080842));
#1895 = CARTESIAN_POINT('',(-24.98473521492,33.981663991736,
    -1.492572880913));
#1896 = CARTESIAN_POINT('',(-26.52118132301,36.071379771251,
    25.017310069188));
#1897 = CARTESIAN_POINT('',(-25.15509406392,34.213368555769,
    37.153748257575));
#1898 = CARTESIAN_POINT('',(-25.40038417223,34.546986901385,
    59.018256711312));
#1899 = CARTESIAN_POINT('',(-23.19470060896,31.547043253302,
    67.226060499228));
#1900 = CARTESIAN_POINT('',(-20.19393345755,27.465708782778,
    72.620678676386));
#1901 = CARTESIAN_POINT('',(-17.59992540003,23.937606145966,
    76.940742482668));
#1902 = CARTESIAN_POINT('',(-15.84546894173,21.551375139454,
    80.778135232703));
#1903 = CARTESIAN_POINT('',(-15.6208607661,21.245886228948,
    84.716641402837));
#1904 = CARTESIAN_POINT('',(-17.01740009786,23.145315215627,
    86.86962019875));
#1905 = CARTESIAN_POINT('',(-17.38412844736,23.644101353017,
    88.055412311176));
#1906 = CARTESIAN_POINT('',(-16.97999077421,23.094434906299,
    88.999999999358));
#1907 = CARTESIAN_POINT('',(-38.74763436898,19.710203259846,
    3.000000000004));
#1908 = CARTESIAN_POINT('',(-38.66632399759,19.668842181252,
    0.856465080976));
#1909 = CARTESIAN_POINT('',(-38.71567545558,19.693946353187,
    -1.492572881024));
#1910 = CARTESIAN_POINT('',(-41.09651113042,20.905033321281,
    25.017310069757));
#1911 = CARTESIAN_POINT('',(-38.9796589592,19.828229867131,
    37.153748258665));
#1912 = CARTESIAN_POINT('',(-39.35975392961,20.021577132121,
    59.018256710945));
#1913 = CARTESIAN_POINT('',(-35.94188584976,18.282971003518,
    67.226060500078));
#1914 = CARTESIAN_POINT('',(-31.29197756963,15.917648866892,
    72.620678677104));
#1915 = CARTESIAN_POINT('',(-27.27237227,13.872950170088,76.940742483793
    ));
#1916 = CARTESIAN_POINT('',(-24.55371360654,12.490018909312,
    80.778135233347));
#1917 = CARTESIAN_POINT('',(-24.20566680328,12.312973952827,
    84.716641406623));
#1918 = CARTESIAN_POINT('',(-26.36970668769,13.413780923099,
    86.869620200479));
#1919 = CARTESIAN_POINT('',(-26.93797909961,13.702850564314,
    88.055412310964));
#1920 = CARTESIAN_POINT('',(-26.31173820318,13.384293429826,
    89.000000001042));
#1921 = CARTESIAN_POINT('',(-43.92132662075,3.670450610116E-10,
    2.999999999992));
#1922 = CARTESIAN_POINT('',(-43.82915946167,4.542988944467E-10,
    0.856465080837));
#1923 = CARTESIAN_POINT('',(-43.88510046416,2.767328280983E-10,
    -1.492572880906));
#1924 = CARTESIAN_POINT('',(-46.58383195905,1.23608481091E-09,
    25.017310069087));
#1925 = CARTESIAN_POINT('',(-44.1843317805,3.596867997395E-10,
    37.153748257336));
#1926 = CARTESIAN_POINT('',(-44.61517809323,5.526064855019E-10,
    59.018256711159));
#1927 = CARTESIAN_POINT('',(-40.74094673032,7.320298398355E-10,
    67.226060498935));
#1928 = CARTESIAN_POINT('',(-35.47016972279,-9.761681766376E-11,
    72.620678676067));
#1929 = CARTESIAN_POINT('',(-30.91385550823,4.028266367681E-10,
    76.940742482143));
#1930 = CARTESIAN_POINT('',(-27.83219395474,3.698715818302E-10,
    80.778135232271));
#1931 = CARTESIAN_POINT('',(-27.43767497106,4.645501594803E-10,
    84.716641402092));
#1932 = CARTESIAN_POINT('',(-29.89066349911,2.492914607416E-10,
    86.869620198078));
#1933 = CARTESIAN_POINT('',(-30.53481323093,1.677479953449E-10,
    88.055412311073));
#1934 = CARTESIAN_POINT('',(-29.82495490135,2.474749294379E-10,
    88.99999999867));
#1935 = CARTESIAN_POINT('',(-38.74763436899,-19.71020326052,
    3.000000000009));
#1936 = CARTESIAN_POINT('',(-38.6663239976,-19.66884218208,
    0.856465080967));
#1937 = CARTESIAN_POINT('',(-38.71567545559,-19.69394635369,
    -1.492572881018));
#1938 = CARTESIAN_POINT('',(-41.09651113047,-20.90503332353,
    25.017310069763));
#1939 = CARTESIAN_POINT('',(-38.97965895922,-19.82822986779,
    37.153748258669));
#1940 = CARTESIAN_POINT('',(-39.35975392962,-20.02157713313,
    59.018256711143));
#1941 = CARTESIAN_POINT('',(-35.94188584977,-18.28297100485,
    67.226060500169));
#1942 = CARTESIAN_POINT('',(-31.29197756964,-15.91764886671,
    72.620678677238));
#1943 = CARTESIAN_POINT('',(-27.27237227,-13.87295017082,76.940742484096
    ));
#1944 = CARTESIAN_POINT('',(-24.55371360651,-12.49001890997,
    80.77813523354));
#1945 = CARTESIAN_POINT('',(-24.20566680332,-12.31297395371,
    84.716641406805));
#1946 = CARTESIAN_POINT('',(-26.36970668758,-13.41378092348,
    86.869620200237));
#1947 = CARTESIAN_POINT('',(-26.93797909981,-13.70285056475,
    88.055412312008));
#1948 = CARTESIAN_POINT('',(-26.31173820317,-13.38429343028,
    89.000000001353));
#1949 = CARTESIAN_POINT('',(-25.00535954799,-34.00971508536,
    2.999999999992));
#1950 = CARTESIAN_POINT('',(-24.95288679435,-33.93834704928,
    0.856465080864));
#1951 = CARTESIAN_POINT('',(-24.9847352149,-33.98166399134,
    -1.492572880928));
#1952 = CARTESIAN_POINT('',(-26.52118132294,-36.07137976954,
    25.017310069199));
#1953 = CARTESIAN_POINT('',(-25.15509406389,-34.21336855526,
    37.153748257569));
#1954 = CARTESIAN_POINT('',(-25.4003841722,-34.54698690061,
    59.018256711016));
#1955 = CARTESIAN_POINT('',(-23.19470060894,-31.54704325228,
    67.226060499095));
#1956 = CARTESIAN_POINT('',(-20.19393345753,-27.46570878289,
    72.620678676164));
#1957 = CARTESIAN_POINT('',(-17.59992540005,-23.9376061454,
    76.940742482278));
#1958 = CARTESIAN_POINT('',(-15.84546894172,-21.55137513893,
    80.778135232272));
#1959 = CARTESIAN_POINT('',(-15.62086076621,-21.24588622832,
    84.716641403015));
#1960 = CARTESIAN_POINT('',(-17.01740009769,-23.14531521523,
    86.869620198185));
#1961 = CARTESIAN_POINT('',(-17.38412844767,-23.64410135284,
    88.055412311254));
#1962 = CARTESIAN_POINT('',(-16.97999077422,-23.09443490594,
    88.999999998899));
#1963 = CARTESIAN_POINT('',(-7.003674196235,-39.69056883678,
    3.000000000005));
#1964 = CARTESIAN_POINT('',(-6.988977264175,-39.60727975489,
    0.856465080926));
#1965 = CARTESIAN_POINT('',(-6.997897590224,-39.65783219434,
    -1.492572880983));
#1966 = CARTESIAN_POINT('',(-7.428236052546,-42.09660616746,
    25.01731006957));
#1967 = CARTESIAN_POINT('',(-7.045612876311,-39.92823980946,
    37.153748258317));
#1968 = CARTESIAN_POINT('',(-7.114315427384,-40.31758449748,
    59.018256711181));
#1969 = CARTESIAN_POINT('',(-6.49653230687,-36.8165416463,
    67.226060499855));
#1970 = CARTESIAN_POINT('',(-5.656056670936,-32.05347655349,
    72.620678676948));
#1971 = CARTESIAN_POINT('',(-4.929508937803,-27.93605304025,
    76.94074248365));
#1972 = CARTESIAN_POINT('',(-4.438108628026,-25.15123506153,
    80.778135233246));
#1973 = CARTESIAN_POINT('',(-4.37519881559,-24.79471844237,
    84.716641405589));
#1974 = CARTESIAN_POINT('',(-4.766351218437,-27.01142083985,
    86.8696201996));
#1975 = CARTESIAN_POINT('',(-4.869067033246,-27.59352231976,
    88.055412312017));
#1976 = CARTESIAN_POINT('',(-4.755873356183,-26.95204167632,
    89.000000000713));
#1977 = CARTESIAN_POINT('',(10.33799651729,-36.49145265839,
    2.999999999997));
#1978 = CARTESIAN_POINT('',(10.316302642297,-36.41487679465,
    0.856465080896));
#1979 = CARTESIAN_POINT('',(10.329469773897,-36.46135463585,
    -1.492572880956));
#1980 = CARTESIAN_POINT('',(10.964684576424,-38.703559965,
    25.017310069372));
#1981 = CARTESIAN_POINT('',(10.399901442434,-36.70996701338,
    37.153748257903));
#1982 = CARTESIAN_POINT('',(10.501312032913,-37.06792996686,
    59.018256711055));
#1983 = CARTESIAN_POINT('',(9.589413567836,-33.84907613812,
    67.226060499422));
#1984 = CARTESIAN_POINT('',(8.348802717934,-29.46992085224,
    72.620678676493));
#1985 = CARTESIAN_POINT('',(7.276358779999,-25.68436751733,
    76.940742482832));
#1986 = CARTESIAN_POINT('',(6.551011690993,-23.12400982004,
    80.778135232648));
#1987 = CARTESIAN_POINT('',(6.458151657163,-22.79622894625,
    84.716641404199));
#1988 = CARTESIAN_POINT('',(7.035524628421,-24.83426198475,
    86.869620198763));
#1989 = CARTESIAN_POINT('',(7.187141580547,-25.36944525911,
    88.05541231155));
#1990 = CARTESIAN_POINT('',(7.020058445842,-24.77966886601,
    88.999999999642));
#1991 = CARTESIAN_POINT('',(23.179334908486,-26.56890277401,
    3.000000000001));
#1992 = CARTESIAN_POINT('',(23.130693995016,-26.51314898704,
    0.856465080908));
#1993 = CARTESIAN_POINT('',(23.1602166741,-26.54698883589,
    -1.492572880967));
#1994 = CARTESIAN_POINT('',(24.584463298257,-28.17950634498,
    25.017310069456));
#1995 = CARTESIAN_POINT('',(23.318135012231,-26.72799993866,
    37.153748258082));
#1996 = CARTESIAN_POINT('',(23.54551272898,-26.98862762587,
    59.018256711122));
#1997 = CARTESIAN_POINT('',(21.500899936608,-24.64502636621,
    67.226060499613));
#1998 = CARTESIAN_POINT('',(18.719264797495,-21.45662627373,
    72.620678676705));
#1999 = CARTESIAN_POINT('',(16.314685035152,-18.70041923981,
    76.940742483186));
#2000 = CARTESIAN_POINT('',(14.688348339114,-16.83625955935,
    80.778135232979));
#2001 = CARTESIAN_POINT('',(14.480142249778,-16.59760701119,
    84.716641404631));
#2002 = CARTESIAN_POINT('',(15.774698835415,-18.0814696063,
    86.869620199462));
#2003 = CARTESIAN_POINT('',(16.114646725714,-18.47112886507,
    88.05541231121));
#2004 = CARTESIAN_POINT('',(15.740021339891,-18.04172114046,
    89.000000000131));
#2005 = CARTESIAN_POINT('',(29.600000000003,-13.28444893517,3.));
#2006 = CARTESIAN_POINT('',(29.537885575913,-13.25657204683,
    0.856465080906));
#2007 = CARTESIAN_POINT('',(29.575586023494,-13.27349196814,
    -1.492572880965));
#2008 = CARTESIAN_POINT('',(31.394348306559,-14.08975057199,
    25.017310069435));
#2009 = CARTESIAN_POINT('',(29.77724766861,-13.36399750282,
    37.153748258026));
#2010 = CARTESIAN_POINT('',(30.067608908074,-13.49431132236,
    59.018256711098));
#2011 = CARTESIAN_POINT('',(27.456639314161,-12.32251090879,
    67.226060499553));
#2012 = CARTESIAN_POINT('',(23.904492522928,-10.72831115683,
    72.620678676632));
#2013 = CARTESIAN_POINT('',(20.833845274168,-9.350207894186,
    76.940742483083));
#2014 = CARTESIAN_POINT('',(18.757014062493,-8.418128225987,
    80.77813523284));
#2015 = CARTESIAN_POINT('',(18.491134982429,-8.298801973916,
    84.716641404592));
#2016 = CARTESIAN_POINT('',(20.144283145691,-9.040733134573,
    86.86962019905));
#2017 = CARTESIAN_POINT('',(20.578396445309,-9.235562727968,
    88.055412311645));
#2018 = CARTESIAN_POINT('',(20.100000000001,-9.020858905305,
    88.999999999971));
#2019 = CARTESIAN_POINT('',(29.6,5.635545884131E-15,3.));
#2020 = CARTESIAN_POINT('',(29.537885575907,1.876818850211E-15,
    0.856465080907));
#2021 = CARTESIAN_POINT('',(29.575586023493,6.017073571902E-15,
    -1.492572880966));
#2022 = CARTESIAN_POINT('',(31.394348306533,6.365068067046E-14,
    25.017310069439));
#2023 = CARTESIAN_POINT('',(29.777247668599,5.832193250597E-15,
    37.153748258036));
#2024 = CARTESIAN_POINT('',(30.067608908071,2.619750693708E-14,
    59.018256711102));
#2025 = CARTESIAN_POINT('',(27.456639314156,6.297259880015E-15,
    67.226060499564));
#2026 = CARTESIAN_POINT('',(23.904492522914,3.41339674621E-15,
    72.620678676644));
#2027 = CARTESIAN_POINT('',(20.833845274181,-1.787178869842E-14,
    76.940742483104));
#2028 = CARTESIAN_POINT('',(18.757014062439,-1.569561630701E-15,
    80.778135232858));
#2029 = CARTESIAN_POINT('',(18.491134982578,4.824676040052E-15,
    84.716641404619));
#2030 = CARTESIAN_POINT('',(20.144283145377,-1.866926857518E-14,
    86.869620199082));
#2031 = CARTESIAN_POINT('',(20.578396445867,-2.554398103652E-14,
    88.055412311641));
#2032 = CARTESIAN_POINT('',(20.1,-1.825369566013E-14,89.));
#2033 = DEFINITIONAL_REPRESENTATION('',(#2034),#2093);
#2034 = B_SPLINE_CURVE_WITH_KNOTS('',8,(#2035,#2036,#2037,#2038,#2039,
    #2040,#2041,#2042,#2043,#2044,#2045,#2046,#2047,#2048,#2049,#2050,
    #2051,#2052,#2053,#2054,#2055,#2056,#2057,#2058,#2059,#2060,#2061,
    #2062,#2063,#2064,#2065,#2066,#2067,#2068,#2069,#2070,#2071,#2072,
    #2073,#2074,#2075,#2076,#2077,#2078,#2079,#2080,#2081,#2082,#2083,
    #2084,#2085,#2086,#2087,#2088,#2089,#2090,#2091,#2092),
  .UNSPECIFIED.,.F.,.F.,(9,7,7,7,7,7,7,7,9),(0.,0.125998988103,
    0.251997976135,0.375998968384,0.500998978271,0.624999970788,
    0.749999980419,0.874999990182,1.),.UNSPECIFIED.);
#2035 = CARTESIAN_POINT('',(1.,0.922852039152));
#2036 = CARTESIAN_POINT('',(0.984254148369,0.922852039152));
#2037 = CARTESIAN_POINT('',(0.968497253764,0.922852039152));
#2038 = CARTESIAN_POINT('',(0.952746417738,0.922852039152));
#2039 = CARTESIAN_POINT('',(0.936999999892,0.922852039152));
#2040 = CARTESIAN_POINT('',(0.921253581945,0.922852039152));
#2041 = CARTESIAN_POINT('',(0.905502747232,0.922852039152));
#2042 = CARTESIAN_POINT('',(0.88974585154,0.922852039152));
#2043 = CARTESIAN_POINT('',(0.858254148469,0.922852039152));
#2044 = CARTESIAN_POINT('',(0.842497252662,0.922852039152));
#2045 = CARTESIAN_POINT('',(0.826746417775,0.922852039152));
#2046 = CARTESIAN_POINT('',(0.811000000123,0.922852039152));
#2047 = CARTESIAN_POINT('',(0.795253582454,0.922852039152));
#2048 = CARTESIAN_POINT('',(0.779502747542,0.922852039152));
#2049 = CARTESIAN_POINT('',(0.763745851671,0.922852039152));
#2050 = CARTESIAN_POINT('',(0.732503834026,0.922852039152));
#2051 = CARTESIAN_POINT('',(0.716997470536,0.922852039152));
#2052 = CARTESIAN_POINT('',(0.701496674449,0.922852039152));
#2053 = CARTESIAN_POINT('',(0.6859999999,0.922852039152));
#2054 = CARTESIAN_POINT('',(0.670503325383,0.922852039152));
#2055 = CARTESIAN_POINT('',(0.655002529328,0.922852039152));
#2056 = CARTESIAN_POINT('',(0.639496165892,0.922852039152));
#2057 = CARTESIAN_POINT('',(0.608378988792,0.922852039152));
#2058 = CARTESIAN_POINT('',(0.592747363502,0.922852039152));
#2059 = CARTESIAN_POINT('',(0.577121548107,0.922852039152));
#2060 = CARTESIAN_POINT('',(0.561500000306,0.922852039152));
#2061 = CARTESIAN_POINT('',(0.545878452443,0.922852039152));
#2062 = CARTESIAN_POINT('',(0.530252636877,0.922852039152));
#2063 = CARTESIAN_POINT('',(0.514621011379,0.922852039152));
#2064 = CARTESIAN_POINT('',(0.483503833905,0.922852039152));
#2065 = CARTESIAN_POINT('',(0.467997470329,0.922852039152));
#2066 = CARTESIAN_POINT('',(0.452496674208,0.922852039152));
#2067 = CARTESIAN_POINT('',(0.436999999703,0.922852039152));
#2068 = CARTESIAN_POINT('',(0.421503325257,0.922852039152));
#2069 = CARTESIAN_POINT('',(0.406002529302,0.922852039152));
#2070 = CARTESIAN_POINT('',(0.390496165927,0.922852039152));
#2071 = CARTESIAN_POINT('',(0.359378988823,0.922852039152));
#2072 = CARTESIAN_POINT('',(0.343747363464,0.922852039152));
#2073 = CARTESIAN_POINT('',(0.328121547968,0.922852039152));
#2074 = CARTESIAN_POINT('',(0.312500000091,0.922852039152));
#2075 = CARTESIAN_POINT('',(0.296878452193,0.922852039152));
#2076 = CARTESIAN_POINT('',(0.281252636663,0.922852039152));
#2077 = CARTESIAN_POINT('',(0.265621011258,0.922852039152));
#2078 = CARTESIAN_POINT('',(0.234378988725,0.922852039152));
#2079 = CARTESIAN_POINT('',(0.218747363322,0.922852039152));
#2080 = CARTESIAN_POINT('',(0.203121547787,0.922852039152));
#2081 = CARTESIAN_POINT('',(0.187499999871,0.922852039152));
#2082 = CARTESIAN_POINT('',(0.171878451965,0.922852039152));
#2083 = CARTESIAN_POINT('',(0.156252636469,0.922852039152));
#2084 = CARTESIAN_POINT('',(0.140621011135,0.922852039152));
#2085 = CARTESIAN_POINT('',(0.109378988858,0.922852039152));
#2086 = CARTESIAN_POINT('',(9.374736363552E-02,0.922852039152));
#2087 = CARTESIAN_POINT('',(7.812154828776E-02,0.922852039152));
#2088 = CARTESIAN_POINT('',(6.250000009766E-02,0.922852039152));
#2089 = CARTESIAN_POINT('',(4.687845197986E-02,0.922852039152));
#2090 = CARTESIAN_POINT('',(3.125263538721E-02,0.922852039152));
#2091 = CARTESIAN_POINT('',(1.562101123306E-02,0.922852039152));
#2092 = CARTESIAN_POINT('',(0.,0.922852039152));
#2093 = ( GEOMETRIC_REPRESENTATION_CONTEXT(2) 
PARAMETRIC_REPRESENTATION_CONTEXT() REPRESENTATION_CONTEXT('2D SPACE',''
  ) );
#2094 = ADVANCED_FACE('',(#2095,#2319),#1822,.F.);
#2095 = FACE_BOUND('',#2096,.F.);
#2096 = EDGE_LOOP('',(#2097,#2131,#2317,#2318));
#2097 = ORIENTED_EDGE('',*,*,#2098,.F.);
#2098 = EDGE_CURVE('',#2099,#1697,#2101,.T.);
#2099 = VERTEX_POINT('',#2100);
#2100 = CARTESIAN_POINT('',(29.6,-9.911509960271E-15,9.133806594478E-16)
  );
#2101 = SEAM_CURVE('',#2102,(#2117,#2124),.PCURVE_S1.);
#2102 = ( BOUNDED_CURVE() B_SPLINE_CURVE(3,(#2103,#2104,#2105,#2106,
    #2107,#2108,#2109,#2110,#2111,#2112,#2113,#2114,#2115,#2116),
.UNSPECIFIED.,.F.,.F.) B_SPLINE_CURVE_WITH_KNOTS((4,1,1,1,1,1,1,1,1,1,1,
    4),(0.,3.104927641487E-02,8.307130695661E-02,0.538460694375,
    0.652587881485,0.73073175977,0.809172199185,0.870523978485,
0.912546033686,0.953945068906,0.97930048239,1.),.UNSPECIFIED.) CURVE() 
GEOMETRIC_REPRESENTATION_ITEM() RATIONAL_B_SPLINE_CURVE((1.,1.,1.,1.,1.,
    1.,1.,1.,1.,1.,1.,1.000000000001,0.999999999999,1.)) 
REPRESENTATION_ITEM('') );
#2103 = CARTESIAN_POINT('',(29.6,-9.91150996027E-15,3.));
#2104 = CARTESIAN_POINT('',(29.537885575909,1.25333361621E-14,
    0.856465080908));
#2105 = CARTESIAN_POINT('',(29.575586023491,-2.940506153371E-14,
    -1.492572880966));
#2106 = CARTESIAN_POINT('',(31.394348306538,1.11953878755E-13,
    25.017310069442));
#2107 = CARTESIAN_POINT('',(29.777247668597,8.405741162248E-14,
    37.153748258035));
#2108 = CARTESIAN_POINT('',(30.067608908072,-5.941344590944E-14,
    59.018256711102));
#2109 = CARTESIAN_POINT('',(27.456639314153,5.387433167207E-14,
    67.226060499564));
#2110 = CARTESIAN_POINT('',(23.904492522923,-5.361417719014E-14,
    72.620678676645));
#2111 = CARTESIAN_POINT('',(20.833845274159,8.483302180963E-15,
    76.940742483101));
#2112 = CARTESIAN_POINT('',(18.757014062493,8.914390676923E-15,
    80.778135232866));
#2113 = CARTESIAN_POINT('',(18.49113498241,1.305116836249E-14,
    84.716641404595));
#2114 = CARTESIAN_POINT('',(20.144283145714,2.741485174406E-15,
    86.869620199129));
#2115 = CARTESIAN_POINT('',(20.578396445269,-1.06878621637E-15,
    88.055412311558));
#2116 = CARTESIAN_POINT('',(20.1,2.68333970625E-15,89.));
#2117 = PCURVE('',#1822,#2118);
#2118 = DEFINITIONAL_REPRESENTATION('',(#2119),#2123);
#2119 = LINE('',#2120,#2121);
#2120 = CARTESIAN_POINT('',(0.,0.));
#2121 = VECTOR('',#2122,1.);
#2122 = DIRECTION('',(0.,1.));
#2123 = ( GEOMETRIC_REPRESENTATION_CONTEXT(2) 
PARAMETRIC_REPRESENTATION_CONTEXT() REPRESENTATION_CONTEXT('2D SPACE',''
  ) );
#2124 = PCURVE('',#1822,#2125);
#2125 = DEFINITIONAL_REPRESENTATION('',(#2126),#2130);
#2126 = LINE('',#2127,#2128);
#2127 = CARTESIAN_POINT('',(1.,0.));
#2128 = VECTOR('',#2129,1.);
#2129 = DIRECTION('',(0.,1.));
#2130 = ( GEOMETRIC_REPRESENTATION_CONTEXT(2) 
PARAMETRIC_REPRESENTATION_CONTEXT() REPRESENTATION_CONTEXT('2D SPACE',''
  ) );
#2131 = ORIENTED_EDGE('',*,*,#2132,.F.);
#2132 = EDGE_CURVE('',#2099,#2099,#2133,.T.);
#2133 = SURFACE_CURVE('',#2134,(#2193,#2255),.PCURVE_S1.);
#2134 = B_SPLINE_CURVE_WITH_KNOTS('',8,(#2135,#2136,#2137,#2138,#2139,
    #2140,#2141,#2142,#2143,#2144,#2145,#2146,#2147,#2148,#2149,#2150,
    #2151,#2152,#2153,#2154,#2155,#2156,#2157,#2158,#2159,#2160,#2161,
    #2162,#2163,#2164,#2165,#2166,#2167,#2168,#2169,#2170,#2171,#2172,
    #2173,#2174,#2175,#2176,#2177,#2178,#2179,#2180,#2181,#2182,#2183,
    #2184,#2185,#2186,#2187,#2188,#2189,#2190,#2191,#2192),
  .UNSPECIFIED.,.T.,.F.,(9,7,7,7,7,7,7,7,9),(0.,0.125000004929,
    0.250998987985,0.37499997542,0.499999980433,0.624999985447,
    0.749999990191,0.874999995068,1.),.UNSPECIFIED.);
#2135 = CARTESIAN_POINT('',(29.6,2.388939563026E-13,0.));
#2136 = CARTESIAN_POINT('',(29.600000104895,-2.90523068569,0.));
#2137 = CARTESIAN_POINT('',(29.274116365714,-5.812440873511,0.));
#2138 = CARTESIAN_POINT('',(28.621578233752,-8.675900956202,0.));
#2139 = CARTESIAN_POINT('',(27.650214040497,-11.45309364893,0.));
#2140 = CARTESIAN_POINT('',(26.373300356478,-14.10372359238,0.));
#2141 = CARTESIAN_POINT('',(24.809942475794,-16.58990978932,0.));
#2142 = CARTESIAN_POINT('',(22.984669105258,-18.87605245666,0.));
#2143 = CARTESIAN_POINT('',(18.859634860168,-23.00108678775,0.));
#2144 = CARTESIAN_POINT('',(16.55331980091,-24.83913674797,0.));
#2145 = CARTESIAN_POINT('',(14.043999679886,-26.41078376599,0.));
#2146 = CARTESIAN_POINT('',(11.36818855367,-27.69097148878,0.));
#2147 = CARTESIAN_POINT('',(8.564729586241,-28.66023079603,0.));
#2148 = CARTESIAN_POINT('',(5.674941062683,-29.30512155557,0.));
#2149 = CARTESIAN_POINT('',(2.742409876626,-29.61781565447,0.));
#2150 = CARTESIAN_POINT('',(-3.067935896443,-29.58130768226,0.));
#2151 = CARTESIAN_POINT('',(-5.949777351578,-29.24249845721,0.));
#2152 = CARTESIAN_POINT('',(-8.786910939889,-28.58253370972,0.));
#2153 = CARTESIAN_POINT('',(-11.53787168318,-27.60923661672,0.));
#2154 = CARTESIAN_POINT('',(-14.16336979129,-26.3357171091,0.));
#2155 = CARTESIAN_POINT('',(-16.6264701005,-24.78071957193,0.));
#2156 = CARTESIAN_POINT('',(-18.89247077068,-22.96825085541,0.));
#2157 = CARTESIAN_POINT('',(-22.98466911733,-18.87605249104,0.));
#2158 = CARTESIAN_POINT('',(-24.80994250567,-16.58990982739,0.));
#2159 = CARTESIAN_POINT('',(-26.37330037424,-14.10372362207,0.));
#2160 = CARTESIAN_POINT('',(-27.65021404782,-11.45309367131,0.));
#2161 = CARTESIAN_POINT('',(-28.6215781485,-8.675900942953,0.));
#2162 = CARTESIAN_POINT('',(-29.27411632108,-5.812440866785,0.));
#2163 = CARTESIAN_POINT('',(-29.60000010155,-2.905230693386,0.));
#2164 = CARTESIAN_POINT('',(-29.60000010152,2.90523069339,0.));
#2165 = CARTESIAN_POINT('',(-29.27411632122,5.812440866757,0.));
#2166 = CARTESIAN_POINT('',(-28.6215781482,8.675900943031,0.));
#2167 = CARTESIAN_POINT('',(-27.6502140482,11.453093671196,0.));
#2168 = CARTESIAN_POINT('',(-26.37330037394,14.103723622193,0.));
#2169 = CARTESIAN_POINT('',(-24.8099425058,16.589909827329,0.));
#2170 = CARTESIAN_POINT('',(-22.98466911729,18.87605249106,0.));
#2171 = CARTESIAN_POINT('',(-18.87605248746,22.984669149986,0.));
#2172 = CARTESIAN_POINT('',(-16.589909836,24.80994255724,0.));
#2173 = CARTESIAN_POINT('',(-14.1037236349,26.373300433562,0.));
#2174 = CARTESIAN_POINT('',(-11.45309368045,27.650214094104,0.));
#2175 = CARTESIAN_POINT('',(-8.675900944124,28.621578162504,0.));
#2176 = CARTESIAN_POINT('',(-5.812440862194,29.274116301558,0.));
#2177 = CARTESIAN_POINT('',(-2.905230689827,29.600000062581,0.));
#2178 = CARTESIAN_POINT('',(2.905230688757,29.600000060283,0.));
#2179 = CARTESIAN_POINT('',(5.812440862229,29.274116296293,0.));
#2180 = CARTESIAN_POINT('',(8.675900947326,28.621578158774,0.));
#2181 = CARTESIAN_POINT('',(11.45309369113,27.650214099245,0.));
#2182 = CARTESIAN_POINT('',(14.103723653271,26.373300448174,0.));
#2183 = CARTESIAN_POINT('',(16.5899098538,24.809942563453,0.));
#2184 = CARTESIAN_POINT('',(18.876052497984,22.984669137612,0.));
#2185 = CARTESIAN_POINT('',(22.984669105257,18.876052456655,0.));
#2186 = CARTESIAN_POINT('',(24.809942475795,16.589909789371,0.));
#2187 = CARTESIAN_POINT('',(26.373300356481,14.103723592269,0.));
#2188 = CARTESIAN_POINT('',(27.650214040489,11.45309364908,0.));
#2189 = CARTESIAN_POINT('',(28.621578233758,8.675900956095,0.));
#2190 = CARTESIAN_POINT('',(29.274116365712,5.812440873558,0.));
#2191 = CARTESIAN_POINT('',(29.600000104895,2.90523068568,0.));
#2192 = CARTESIAN_POINT('',(29.6,-9.796001213413E-15,0.));
#2193 = PCURVE('',#1822,#2194);
#2194 = DEFINITIONAL_REPRESENTATION('',(#2195),#2254);
#2195 = B_SPLINE_CURVE_WITH_KNOTS('',8,(#2196,#2197,#2198,#2199,#2200,
    #2201,#2202,#2203,#2204,#2205,#2206,#2207,#2208,#2209,#2210,#2211,
    #2212,#2213,#2214,#2215,#2216,#2217,#2218,#2219,#2220,#2221,#2222,
    #2223,#2224,#2225,#2226,#2227,#2228,#2229,#2230,#2231,#2232,#2233,
    #2234,#2235,#2236,#2237,#2238,#2239,#2240,#2241,#2242,#2243,#2244,
    #2245,#2246,#2247,#2248,#2249,#2250,#2251,#2252,#2253),
  .UNSPECIFIED.,.F.,.F.,(9,7,7,7,7,7,7,7,9),(0.,0.125000004929,
    0.250998987985,0.37499997542,0.499999980433,0.624999985447,
    0.749999990191,0.874999995068,1.),.UNSPECIFIED.);
#2196 = CARTESIAN_POINT('',(1.,3.104927641487E-02));
#2197 = CARTESIAN_POINT('',(0.984378988937,3.104927641487E-02));
#2198 = CARTESIAN_POINT('',(0.968747364486,3.104927641487E-02));
#2199 = CARTESIAN_POINT('',(0.953121547898,3.104927641487E-02));
#2200 = CARTESIAN_POINT('',(0.937499999899,3.104927641486E-02));
#2201 = CARTESIAN_POINT('',(0.921878451839,3.104927641487E-02));
#2202 = CARTESIAN_POINT('',(0.906252636489,3.104927641487E-02));
#2203 = CARTESIAN_POINT('',(0.890621010972,3.104927641487E-02));
#2204 = CARTESIAN_POINT('',(0.859254148647,3.104927641487E-02));
#2205 = CARTESIAN_POINT('',(0.843497252535,3.104927641487E-02));
#2206 = CARTESIAN_POINT('',(0.827746417654,3.104927641487E-02));
#2207 = CARTESIAN_POINT('',(0.812000000131,3.104927641487E-02));
#2208 = CARTESIAN_POINT('',(0.796253582588,3.104927641487E-02));
#2209 = CARTESIAN_POINT('',(0.780502747676,3.104927641487E-02));
#2210 = CARTESIAN_POINT('',(0.764745851494,3.104927641487E-02));
#2211 = CARTESIAN_POINT('',(0.73350383419,3.104927641487E-02));
#2212 = CARTESIAN_POINT('',(0.717997470421,3.104927641487E-02));
#2213 = CARTESIAN_POINT('',(0.70249667433,3.104927641486E-02));
#2214 = CARTESIAN_POINT('',(0.68699999991,3.104927641487E-02));
#2215 = CARTESIAN_POINT('',(0.671503325503,3.104927641486E-02));
#2216 = CARTESIAN_POINT('',(0.656002529453,3.104927641487E-02));
#2217 = CARTESIAN_POINT('',(0.640496165729,3.104927641487E-02));
#2218 = CARTESIAN_POINT('',(0.609378988959,3.104927641487E-02));
#2219 = CARTESIAN_POINT('',(0.593747363371,3.104927641487E-02));
#2220 = CARTESIAN_POINT('',(0.578121547979,3.104927641487E-02));
#2221 = CARTESIAN_POINT('',(0.562500000301,3.104927641487E-02));
#2222 = CARTESIAN_POINT('',(0.546878452567,3.104927641487E-02));
#2223 = CARTESIAN_POINT('',(0.531252637003,3.104927641487E-02));
#2224 = CARTESIAN_POINT('',(0.51562101121,3.104927641487E-02));
#2225 = CARTESIAN_POINT('',(0.48437898879,3.104927641487E-02));
#2226 = CARTESIAN_POINT('',(0.468747362997,3.104927641487E-02));
#2227 = CARTESIAN_POINT('',(0.453121547432,3.104927641487E-02));
#2228 = CARTESIAN_POINT('',(0.4374999997,3.104927641486E-02));
#2229 = CARTESIAN_POINT('',(0.42187845202,3.104927641487E-02));
#2230 = CARTESIAN_POINT('',(0.40625263663,3.104927641487E-02));
#2231 = CARTESIAN_POINT('',(0.390621011041,3.104927641487E-02));
#2232 = CARTESIAN_POINT('',(0.359378988993,3.104927641487E-02));
#2233 = CARTESIAN_POINT('',(0.343747363338,3.104927641487E-02));
#2234 = CARTESIAN_POINT('',(0.328121547844,3.104927641487E-02));
#2235 = CARTESIAN_POINT('',(0.312500000091,3.104927641487E-02));
#2236 = CARTESIAN_POINT('',(0.296878452317,3.104927641487E-02));
#2237 = CARTESIAN_POINT('',(0.281252636789,3.104927641487E-02));
#2238 = CARTESIAN_POINT('',(0.265621011088,3.104927641487E-02));
#2239 = CARTESIAN_POINT('',(0.234378988895,3.104927641487E-02));
#2240 = CARTESIAN_POINT('',(0.218747363196,3.104927641487E-02));
#2241 = CARTESIAN_POINT('',(0.203121547663,3.104927641487E-02));
#2242 = CARTESIAN_POINT('',(0.187499999871,3.104927641487E-02));
#2243 = CARTESIAN_POINT('',(0.171878452089,3.104927641487E-02));
#2244 = CARTESIAN_POINT('',(0.156252636595,3.104927641487E-02));
#2245 = CARTESIAN_POINT('',(0.140621010964,3.104927641487E-02));
#2246 = CARTESIAN_POINT('',(0.109378989029,3.104927641487E-02));
#2247 = CARTESIAN_POINT('',(9.374736350987E-02,3.104927641487E-02));
#2248 = CARTESIAN_POINT('',(7.812154816357E-02,3.104927641487E-02));
#2249 = CARTESIAN_POINT('',(6.250000009749E-02,3.104927641487E-02));
#2250 = CARTESIAN_POINT('',(4.687845210439E-02,3.104927641487E-02));
#2251 = CARTESIAN_POINT('',(3.125263551279E-02,3.104927641487E-02));
#2252 = CARTESIAN_POINT('',(1.562101106284E-02,3.104927641487E-02));
#2253 = CARTESIAN_POINT('',(0.,3.104927641487E-02));
#2254 = ( GEOMETRIC_REPRESENTATION_CONTEXT(2) 
PARAMETRIC_REPRESENTATION_CONTEXT() REPRESENTATION_CONTEXT('2D SPACE',''
  ) );
#2255 = PCURVE('',#328,#2256);
#2256 = DEFINITIONAL_REPRESENTATION('',(#2257),#2316);
#2257 = B_SPLINE_CURVE_WITH_KNOTS('',8,(#2258,#2259,#2260,#2261,#2262,
    #2263,#2264,#2265,#2266,#2267,#2268,#2269,#2270,#2271,#2272,#2273,
    #2274,#2275,#2276,#2277,#2278,#2279,#2280,#2281,#2282,#2283,#2284,
    #2285,#2286,#2287,#2288,#2289,#2290,#2291,#2292,#2293,#2294,#2295,
    #2296,#2297,#2298,#2299,#2300,#2301,#2302,#2303,#2304,#2305,#2306,
    #2307,#2308,#2309,#2310,#2311,#2312,#2313,#2314,#2315),
  .UNSPECIFIED.,.F.,.F.,(9,7,7,7,7,7,7,7,9),(0.,0.125000004929,
    0.250998987985,0.37499997542,0.499999980433,0.624999985447,
    0.749999990191,0.874999995068,1.),.UNSPECIFIED.);
#2258 = CARTESIAN_POINT('',(0.4,-2.344791028008E-13));
#2259 = CARTESIAN_POINT('',(0.399999895105,2.90523068569));
#2260 = CARTESIAN_POINT('',(0.725883634286,5.812440873511));
#2261 = CARTESIAN_POINT('',(1.378421766248,8.675900956202));
#2262 = CARTESIAN_POINT('',(2.349785959503,11.453093648937));
#2263 = CARTESIAN_POINT('',(3.626699643522,14.103723592381));
#2264 = CARTESIAN_POINT('',(5.190057524206,16.589909789323));
#2265 = CARTESIAN_POINT('',(7.015330894742,18.876052456665));
#2266 = CARTESIAN_POINT('',(11.140365139832,23.00108678775));
#2267 = CARTESIAN_POINT('',(13.44668019909,24.839136747978));
#2268 = CARTESIAN_POINT('',(15.956000320114,26.410783765994));
#2269 = CARTESIAN_POINT('',(18.63181144633,27.690971488784));
#2270 = CARTESIAN_POINT('',(21.435270413759,28.66023079603));
#2271 = CARTESIAN_POINT('',(24.325058937317,29.30512155557));
#2272 = CARTESIAN_POINT('',(27.257590123374,29.617815654473));
#2273 = CARTESIAN_POINT('',(33.067935896443,29.58130768226));
#2274 = CARTESIAN_POINT('',(35.949777351578,29.242498457216));
#2275 = CARTESIAN_POINT('',(38.786910939889,28.582533709723));
#2276 = CARTESIAN_POINT('',(41.537871683184,27.609236616728));
#2277 = CARTESIAN_POINT('',(44.163369791291,26.335717109105));
#2278 = CARTESIAN_POINT('',(46.626470100503,24.780719571932));
#2279 = CARTESIAN_POINT('',(48.892470770683,22.968250855419));
#2280 = CARTESIAN_POINT('',(52.98466911733,18.876052491042));
#2281 = CARTESIAN_POINT('',(54.80994250567,16.589909827394));
#2282 = CARTESIAN_POINT('',(56.37330037424,14.103723622077));
#2283 = CARTESIAN_POINT('',(57.650214047823,11.453093671317));
#2284 = CARTESIAN_POINT('',(58.6215781485,8.675900942953));
#2285 = CARTESIAN_POINT('',(59.274116321088,5.812440866785));
#2286 = CARTESIAN_POINT('',(59.600000101558,2.905230693386));
#2287 = CARTESIAN_POINT('',(59.600000101529,-2.90523069339));
#2288 = CARTESIAN_POINT('',(59.274116321224,-5.812440866757));
#2289 = CARTESIAN_POINT('',(58.621578148201,-8.675900943031));
#2290 = CARTESIAN_POINT('',(57.650214048205,-11.45309367119));
#2291 = CARTESIAN_POINT('',(56.37330037394,-14.10372362219));
#2292 = CARTESIAN_POINT('',(54.809942505809,-16.58990982732));
#2293 = CARTESIAN_POINT('',(52.984669117299,-18.87605249106));
#2294 = CARTESIAN_POINT('',(48.876052487469,-22.98466914998));
#2295 = CARTESIAN_POINT('',(46.589909836001,-24.80994255724));
#2296 = CARTESIAN_POINT('',(44.103723634904,-26.37330043356));
#2297 = CARTESIAN_POINT('',(41.45309368045,-27.6502140941));
#2298 = CARTESIAN_POINT('',(38.675900944124,-28.6215781625));
#2299 = CARTESIAN_POINT('',(35.812440862194,-29.27411630155));
#2300 = CARTESIAN_POINT('',(32.905230689827,-29.60000006258));
#2301 = CARTESIAN_POINT('',(27.094769311243,-29.60000006028));
#2302 = CARTESIAN_POINT('',(24.187559137771,-29.27411629629));
#2303 = CARTESIAN_POINT('',(21.324099052674,-28.62157815877));
#2304 = CARTESIAN_POINT('',(18.54690630887,-27.65021409924));
#2305 = CARTESIAN_POINT('',(15.896276346729,-26.37330044817));
#2306 = CARTESIAN_POINT('',(13.4100901462,-24.80994256345));
#2307 = CARTESIAN_POINT('',(11.123947502016,-22.98466913761));
#2308 = CARTESIAN_POINT('',(7.015330894743,-18.87605245665));
#2309 = CARTESIAN_POINT('',(5.190057524205,-16.58990978937));
#2310 = CARTESIAN_POINT('',(3.626699643518,-14.10372359226));
#2311 = CARTESIAN_POINT('',(2.349785959511,-11.45309364908));
#2312 = CARTESIAN_POINT('',(1.378421766242,-8.675900956095));
#2313 = CARTESIAN_POINT('',(0.725883634288,-5.812440873558));
#2314 = CARTESIAN_POINT('',(0.399999895105,-2.90523068568));
#2315 = CARTESIAN_POINT('',(0.4,1.42108547152E-14));
#2316 = ( GEOMETRIC_REPRESENTATION_CONTEXT(2) 
PARAMETRIC_REPRESENTATION_CONTEXT() REPRESENTATION_CONTEXT('2D SPACE',''
  ) );
#2317 = ORIENTED_EDGE('',*,*,#2098,.T.);
#2318 = ORIENTED_EDGE('',*,*,#1696,.T.);
#2319 = FACE_BOUND('',#2320,.F.);
#2320 = EDGE_LOOP('',(#2321,#2474,#2571,#2699));
#2321 = ORIENTED_EDGE('',*,*,#2322,.T.);
#2322 = EDGE_CURVE('',#2323,#2325,#2327,.T.);
#2323 = VERTEX_POINT('',#2324);
#2324 = CARTESIAN_POINT('',(-11.28506558166,-28.4,20.11833542274));
#2325 = VERTEX_POINT('',#2326);
#2326 = CARTESIAN_POINT('',(-10.11727496207,-28.4,41.074328302055));
#2327 = SURFACE_CURVE('',#2328,(#2373,#2421),.PCURVE_S1.);
#2328 = B_SPLINE_CURVE_WITH_KNOTS('',8,(#2329,#2330,#2331,#2332,#2333,
    #2334,#2335,#2336,#2337,#2338,#2339,#2340,#2341,#2342,#2343,#2344,
    #2345,#2346,#2347,#2348,#2349,#2350,#2351,#2352,#2353,#2354,#2355,
    #2356,#2357,#2358,#2359,#2360,#2361,#2362,#2363,#2364,#2365,#2366,
    #2367,#2368,#2369,#2370,#2371,#2372),.UNSPECIFIED.,.F.,.F.,(9,7,7,7,
    7,7,9),(0.,0.193246699305,0.657731880429,0.719358080145,
    0.780840810832,0.847520266234,1.),.UNSPECIFIED.);
#2329 = CARTESIAN_POINT('',(-10.99734893523,-28.4,15.));
#2330 = CARTESIAN_POINT('',(-11.05682393475,-28.4,15.723870582003));
#2331 = CARTESIAN_POINT('',(-11.11029789973,-28.4,16.448234009653));
#2332 = CARTESIAN_POINT('',(-11.15773977908,-28.4,17.173033827728));
#2333 = CARTESIAN_POINT('',(-11.19911182979,-28.4,17.89821312054));
#2334 = CARTESIAN_POINT('',(-11.23437584033,-28.4,18.623714218467));
#2335 = CARTESIAN_POINT('',(-11.26349935393,-28.4,19.349478404497));
#2336 = CARTESIAN_POINT('',(-11.28646189193,-28.4,20.075445620768));
#2337 = CARTESIAN_POINT('',(-11.3436397142,-28.4,22.546818982169));
#2338 = CARTESIAN_POINT('',(-11.34842344376,-28.4,24.293291842542));
#2339 = CARTESIAN_POINT('',(-11.31754931839,-28.4,26.039644507623));
#2340 = CARTESIAN_POINT('',(-11.25171513326,-28.4,27.784879778186));
#2341 = CARTESIAN_POINT('',(-11.15288595607,-28.4,29.528352553753));
#2342 = CARTESIAN_POINT('',(-11.02537605946,-28.4,31.269832378222));
#2343 = CARTESIAN_POINT('',(-10.87670405394,-28.4,33.009515768539));
#2344 = CARTESIAN_POINT('',(-10.69495078194,-28.4,34.978590353396));
#2345 = CARTESIAN_POINT('',(-10.67345319658,-28.4,35.209219193309));
#2346 = CARTESIAN_POINT('',(-10.65176969887,-28.4,35.439830623433));
#2347 = CARTESIAN_POINT('',(-10.6299227279,-28.4,35.670426586484));
#2348 = CARTESIAN_POINT('',(-10.60793520778,-28.4,35.901009130438));
#2349 = CARTESIAN_POINT('',(-10.58583054764,-28.4,36.131580408533));
#2350 = CARTESIAN_POINT('',(-10.56363264165,-28.4,36.362142679269));
#2351 = CARTESIAN_POINT('',(-10.51915093459,-28.4,36.82271718794));
#2352 = CARTESIAN_POINT('',(-10.49686733011,-28.4,37.052729400698));
#2353 = CARTESIAN_POINT('',(-10.474539288,-28.4,37.282737302114));
#2354 = CARTESIAN_POINT('',(-10.45219127031,-28.4,37.51274326954));
#2355 = CARTESIAN_POINT('',(-10.42984796871,-28.4,37.74274970025));
#2356 = CARTESIAN_POINT('',(-10.40753430446,-28.4,37.972759011436));
#2357 = CARTESIAN_POINT('',(-10.38527542847,-28.4,38.202773640212));
#2358 = CARTESIAN_POINT('',(-10.339043396,-28.4,38.682260704938));
#2359 = CARTESIAN_POINT('',(-10.31508416725,-28.4,38.931734424429));
#2360 = CARTESIAN_POINT('',(-10.29125146032,-28.4,39.181220347447));
#2361 = CARTESIAN_POINT('',(-10.26757758803,-28.4,39.430721505214));
#2362 = CARTESIAN_POINT('',(-10.2440947507,-28.4,39.680240814807));
#2363 = CARTESIAN_POINT('',(-10.22083503619,-28.4,39.929781079161));
#2364 = CARTESIAN_POINT('',(-10.19783041986,-28.4,40.179344987067));
#2365 = CARTESIAN_POINT('',(-10.12316299969,-28.4,40.999687164901));
#2366 = CARTESIAN_POINT('',(-10.07271304205,-28.4,41.570575334891));
#2367 = CARTESIAN_POINT('',(-10.02414174107,-28.4,42.141630943956));
#2368 = CARTESIAN_POINT('',(-9.97781741936,-28.4,42.712878340508));
#2369 = CARTESIAN_POINT('',(-9.934091593172,-28.4,43.284334387421));
#2370 = CARTESIAN_POINT('',(-9.893292692872,-28.4,43.856007948886));
#2371 = CARTESIAN_POINT('',(-9.85571978338,-28.4,44.427899377275));
#2372 = CARTESIAN_POINT('',(-9.821636284626,-28.4,45.));
#2373 = PCURVE('',#1822,#2374);
#2374 = DEFINITIONAL_REPRESENTATION('',(#2375),#2420);
#2375 = B_SPLINE_CURVE_WITH_KNOTS('',8,(#2376,#2377,#2378,#2379,#2380,
    #2381,#2382,#2383,#2384,#2385,#2386,#2387,#2388,#2389,#2390,#2391,
    #2392,#2393,#2394,#2395,#2396,#2397,#2398,#2399,#2400,#2401,#2402,
    #2403,#2404,#2405,#2406,#2407,#2408,#2409,#2410,#2411,#2412,#2413,
    #2414,#2415,#2416,#2417,#2418,#2419),.UNSPECIFIED.,.F.,.F.,(9,7,7,7,
    7,7,9),(0.,0.193246699305,0.657731880429,0.719358080145,
    0.780840810832,0.847520266234,1.),.UNSPECIFIED.);
#2376 = CARTESIAN_POINT('',(0.691200200606,0.162591100823));
#2377 = CARTESIAN_POINT('',(0.690910360677,0.168934813073));
#2378 = CARTESIAN_POINT('',(0.690650232789,0.17538915473));
#2379 = CARTESIAN_POINT('',(0.690419805006,0.181956346165));
#2380 = CARTESIAN_POINT('',(0.69021911824,0.188638459315));
#2381 = CARTESIAN_POINT('',(0.690048237289,0.195437292882));
#2382 = CARTESIAN_POINT('',(0.689907221874,0.202354247518));
#2383 = CARTESIAN_POINT('',(0.689796097674,0.209390201026));
#2384 = CARTESIAN_POINT('',(0.689519487142,0.233743484533));
#2385 = CARTESIAN_POINT('',(0.689496563583,0.2516341936));
#2386 = CARTESIAN_POINT('',(0.689645683564,0.270216508245));
#2387 = CARTESIAN_POINT('',(0.689963646874,0.289468455925));
#2388 = CARTESIAN_POINT('',(0.690441917424,0.309338854806));
#2389 = CARTESIAN_POINT('',(0.691061540361,0.329725031325));
#2390 = CARTESIAN_POINT('',(0.691787506993,0.350472915405));
#2391 = CARTESIAN_POINT('',(0.692679114128,0.374188231245));
#2392 = CARTESIAN_POINT('',(0.692784631567,0.376969502972));
#2393 = CARTESIAN_POINT('',(0.692891122087,0.379753748323));
#2394 = CARTESIAN_POINT('',(0.692998477231,0.382540565691));
#2395 = CARTESIAN_POINT('',(0.693106585796,0.385329549994));
#2396 = CARTESIAN_POINT('',(0.693215333832,0.388120292673));
#2397 = CARTESIAN_POINT('',(0.693324604647,0.390912381696));
#2398 = CARTESIAN_POINT('',(0.693543697628,0.39649191911));
#2399 = CARTESIAN_POINT('',(0.693653518505,0.399279365165));
#2400 = CARTESIAN_POINT('',(0.693763622681,0.402067327128));
#2401 = CARTESIAN_POINT('',(0.693873889876,0.404855393317));
#2402 = CARTESIAN_POINT('',(0.693984198277,0.40764315295));
#2403 = CARTESIAN_POINT('',(0.694094424538,0.410430196147));
#2404 = CARTESIAN_POINT('',(0.694204443782,0.41321611393));
#2405 = CARTESIAN_POINT('',(0.694433086423,0.419020227932));
#2406 = CARTESIAN_POINT('',(0.694551652071,0.422038156363));
#2407 = CARTESIAN_POINT('',(0.694669664998,0.425053762827));
#2408 = CARTESIAN_POINT('',(0.694786963706,0.428066533682));
#2409 = CARTESIAN_POINT('',(0.694903386748,0.431075962331));
#2410 = CARTESIAN_POINT('',(0.695018772723,0.434081549226));
#2411 = CARTESIAN_POINT('',(0.695132960279,0.437082801869));
#2412 = CARTESIAN_POINT('',(0.695503797983,0.446931349805));
#2413 = CARTESIAN_POINT('',(0.695754701393,0.453758265749));
#2414 = CARTESIAN_POINT('',(0.695996581426,0.460554204627));
#2415 = CARTESIAN_POINT('',(0.69622756012,0.467313667671));
#2416 = CARTESIAN_POINT('',(0.69644583357,0.474031487135));
#2417 = CARTESIAN_POINT('',(0.696649707048,0.48070287807));
#2418 = CARTESIAN_POINT('',(0.696837630108,0.487323490102));
#2419 = CARTESIAN_POINT('',(0.697008231705,0.493889459211));
#2420 = ( GEOMETRIC_REPRESENTATION_CONTEXT(2) 
PARAMETRIC_REPRESENTATION_CONTEXT() REPRESENTATION_CONTEXT('2D SPACE',''
  ) );
#2421 = PCURVE('',#2422,#2427);
#2422 = PLANE('',#2423);
#2423 = AXIS2_PLACEMENT_3D('',#2424,#2425,#2426);
#2424 = CARTESIAN_POINT('',(-7.29301404021E-16,-28.4,30.));
#2425 = DIRECTION('',(-0.,-1.,-0.));
#2426 = DIRECTION('',(0.,0.,-1.));
#2427 = DEFINITIONAL_REPRESENTATION('',(#2428),#2473);
#2428 = B_SPLINE_CURVE_WITH_KNOTS('',8,(#2429,#2430,#2431,#2432,#2433,
    #2434,#2435,#2436,#2437,#2438,#2439,#2440,#2441,#2442,#2443,#2444,
    #2445,#2446,#2447,#2448,#2449,#2450,#2451,#2452,#2453,#2454,#2455,
    #2456,#2457,#2458,#2459,#2460,#2461,#2462,#2463,#2464,#2465,#2466,
    #2467,#2468,#2469,#2470,#2471,#2472),.UNSPECIFIED.,.F.,.F.,(9,7,7,7,
    7,7,9),(0.,0.193246699305,0.657731880429,0.719358080145,
    0.780840810832,0.847520266234,1.),.UNSPECIFIED.);
#2429 = CARTESIAN_POINT('',(15.,-10.99734893523));
#2430 = CARTESIAN_POINT('',(14.276129417997,-11.05682393475));
#2431 = CARTESIAN_POINT('',(13.551765990347,-11.11029789973));
#2432 = CARTESIAN_POINT('',(12.826966172272,-11.15773977908));
#2433 = CARTESIAN_POINT('',(12.10178687946,-11.19911182979));
#2434 = CARTESIAN_POINT('',(11.376285781533,-11.23437584033));
#2435 = CARTESIAN_POINT('',(10.650521595503,-11.26349935393));
#2436 = CARTESIAN_POINT('',(9.924554379232,-11.28646189193));
#2437 = CARTESIAN_POINT('',(7.453181017831,-11.3436397142));
#2438 = CARTESIAN_POINT('',(5.706708157458,-11.34842344376));
#2439 = CARTESIAN_POINT('',(3.960355492377,-11.31754931839));
#2440 = CARTESIAN_POINT('',(2.215120221814,-11.25171513326));
#2441 = CARTESIAN_POINT('',(0.471647446247,-11.15288595607));
#2442 = CARTESIAN_POINT('',(-1.269832378222,-11.02537605946));
#2443 = CARTESIAN_POINT('',(-3.009515768539,-10.87670405394));
#2444 = CARTESIAN_POINT('',(-4.978590353396,-10.69495078194));
#2445 = CARTESIAN_POINT('',(-5.209219193309,-10.67345319658));
#2446 = CARTESIAN_POINT('',(-5.439830623433,-10.65176969887));
#2447 = CARTESIAN_POINT('',(-5.670426586484,-10.6299227279));
#2448 = CARTESIAN_POINT('',(-5.901009130438,-10.60793520778));
#2449 = CARTESIAN_POINT('',(-6.131580408533,-10.58583054764));
#2450 = CARTESIAN_POINT('',(-6.362142679269,-10.56363264165));
#2451 = CARTESIAN_POINT('',(-6.82271718794,-10.51915093459));
#2452 = CARTESIAN_POINT('',(-7.052729400698,-10.49686733011));
#2453 = CARTESIAN_POINT('',(-7.282737302114,-10.474539288));
#2454 = CARTESIAN_POINT('',(-7.51274326954,-10.45219127031));
#2455 = CARTESIAN_POINT('',(-7.74274970025,-10.42984796871));
#2456 = CARTESIAN_POINT('',(-7.972759011436,-10.40753430446));
#2457 = CARTESIAN_POINT('',(-8.202773640212,-10.38527542847));
#2458 = CARTESIAN_POINT('',(-8.682260704938,-10.339043396));
#2459 = CARTESIAN_POINT('',(-8.931734424429,-10.31508416725));
#2460 = CARTESIAN_POINT('',(-9.181220347447,-10.29125146032));
#2461 = CARTESIAN_POINT('',(-9.430721505214,-10.26757758803));
#2462 = CARTESIAN_POINT('',(-9.680240814807,-10.2440947507));
#2463 = CARTESIAN_POINT('',(-9.929781079161,-10.22083503619));
#2464 = CARTESIAN_POINT('',(-10.17934498706,-10.19783041986));
#2465 = CARTESIAN_POINT('',(-10.9996871649,-10.12316299969));
#2466 = CARTESIAN_POINT('',(-11.57057533489,-10.07271304205));
#2467 = CARTESIAN_POINT('',(-12.14163094395,-10.02414174107));
#2468 = CARTESIAN_POINT('',(-12.7128783405,-9.97781741936));
#2469 = CARTESIAN_POINT('',(-13.28433438742,-9.934091593172));
#2470 = CARTESIAN_POINT('',(-13.85600794888,-9.893292692872));
#2471 = CARTESIAN_POINT('',(-14.42789937727,-9.85571978338));
#2472 = CARTESIAN_POINT('',(-15.,-9.821636284626));
#2473 = ( GEOMETRIC_REPRESENTATION_CONTEXT(2) 
PARAMETRIC_REPRESENTATION_CONTEXT() REPRESENTATION_CONTEXT('2D SPACE',''
  ) );
#2474 = ORIENTED_EDGE('',*,*,#2475,.T.);
#2475 = EDGE_CURVE('',#2325,#2476,#2478,.T.);
#2476 = VERTEX_POINT('',#2477);
#2477 = CARTESIAN_POINT('',(10.117274975996,-28.4,41.074328289341));
#2478 = SURFACE_CURVE('',#2479,(#2506,#2536),.PCURVE_S1.);
#2479 = B_SPLINE_CURVE_WITH_KNOTS('',7,(#2480,#2481,#2482,#2483,#2484,
    #2485,#2486,#2487,#2488,#2489,#2490,#2491,#2492,#2493,#2494,#2495,
    #2496,#2497,#2498,#2499,#2500,#2501,#2502,#2503,#2504,#2505),
  .UNSPECIFIED.,.F.,.F.,(8,6,6,6,8),(0.,0.246838665407,0.503551219026,
    0.668989276747,1.),.UNSPECIFIED.);
#2480 = CARTESIAN_POINT('',(-10.11727679379,-28.3999994,41.074326628642)
  );
#2481 = CARTESIAN_POINT('',(-9.555458145214,-28.58403022959,
    41.587592578452));
#2482 = CARTESIAN_POINT('',(-8.96273644243,-28.76636354527,
    42.068085349513));
#2483 = CARTESIAN_POINT('',(-8.34015288302,-28.94409325119,
    42.514648563599));
#2484 = CARTESIAN_POINT('',(-7.688891591456,-29.1142865095,
    42.925586809844));
#2485 = CARTESIAN_POINT('',(-7.010433601981,-29.27401124979,
    43.298878059157));
#2486 = CARTESIAN_POINT('',(-6.30666117174,-29.420417388,43.632269915284
    ));
#2487 = CARTESIAN_POINT('',(-4.824377768901,-29.68657511974,
    44.226318573418));
#2488 = CARTESIAN_POINT('',(-4.043784399727,-29.80506559899,
    44.48362001035));
#2489 = CARTESIAN_POINT('',(-3.241868464466,-29.90324549835,
    44.6924145665));
#2490 = CARTESIAN_POINT('',(-2.422902534193,-29.97841689783,
    44.850064899499));
#2491 = CARTESIAN_POINT('',(-1.591910715963,-30.02852873989,
    44.95447269813));
#2492 = CARTESIAN_POINT('',(-0.75475790367,-30.05244513497,
    45.004333020081));
#2493 = CARTESIAN_POINT('',(0.620740690748,-30.04885170723,
    44.996841777947));
#2494 = CARTESIAN_POINT('',(1.159659657529,-30.03660268112,
    44.971305473653));
#2495 = CARTESIAN_POINT('',(1.696695470891,-30.01352593623,
    44.923179559778));
#2496 = CARTESIAN_POINT('',(2.230224919774,-29.97983565833,
    44.852699566668));
#2497 = CARTESIAN_POINT('',(2.75874641786,-29.93592051245,
    44.760275023927));
#2498 = CARTESIAN_POINT('',(3.280873263158,-29.88231747619,
    44.646454780916));
#2499 = CARTESIAN_POINT('',(4.824657730708,-29.69437252749,
    44.24270572362));
#2500 = CARTESIAN_POINT('',(5.822766946427,-29.53297779418,
    43.890662952224));
#2501 = CARTESIAN_POINT('',(6.780893194898,-29.34068158162,
    43.460921871321));
#2502 = CARTESIAN_POINT('',(7.693100687208,-29.12413619089,
    42.959481470014));
#2503 = CARTESIAN_POINT('',(8.555121949157,-28.89045241266,
    42.39180358812));
#2504 = CARTESIAN_POINT('',(9.36398028567,-28.64675123625,
    41.762522810247));
#2505 = CARTESIAN_POINT('',(10.117276807706,-28.3999994,41.074326615928)
  );
#2506 = PCURVE('',#1822,#2507);
#2507 = DEFINITIONAL_REPRESENTATION('',(#2508),#2535);
#2508 = B_SPLINE_CURVE_WITH_KNOTS('',7,(#2509,#2510,#2511,#2512,#2513,
    #2514,#2515,#2516,#2517,#2518,#2519,#2520,#2521,#2522,#2523,#2524,
    #2525,#2526,#2527,#2528,#2529,#2530,#2531,#2532,#2533,#2534),
  .UNSPECIFIED.,.F.,.F.,(8,6,6,6,8),(0.,0.246838665407,0.503551219026,
    0.668989276747,1.),.UNSPECIFIED.);
#2509 = CARTESIAN_POINT('',(0.695533216462,0.44781145668));
#2510 = CARTESIAN_POINT('',(0.698653130112,0.453947272375));
#2511 = CARTESIAN_POINT('',(0.701927380624,0.4596649569));
#2512 = CARTESIAN_POINT('',(0.705347253689,0.464952186213));
#2513 = CARTESIAN_POINT('',(0.70890402086,0.469792889197));
#2514 = CARTESIAN_POINT('',(0.712588349303,0.474169071676));
#2515 = CARTESIAN_POINT('',(0.71638998563,0.478061051637));
#2516 = CARTESIAN_POINT('',(0.724359764281,0.484971711728));
#2517 = CARTESIAN_POINT('',(0.728537660964,0.487950250005));
#2518 = CARTESIAN_POINT('',(0.732812342365,0.490357071853));
#2519 = CARTESIAN_POINT('',(0.737163691682,0.492168805879));
#2520 = CARTESIAN_POINT('',(0.741569123145,0.493366939192));
#2521 = CARTESIAN_POINT('',(0.746002582186,0.493939189208));
#2522 = CARTESIAN_POINT('',(0.753287621903,0.493853212357));
#2523 = CARTESIAN_POINT('',(0.756142036606,0.493560130788));
#2524 = CARTESIAN_POINT('',(0.758987945531,0.493007746173));
#2525 = CARTESIAN_POINT('',(0.761818071443,0.492198223967));
#2526 = CARTESIAN_POINT('',(0.764625665958,0.491135250418));
#2527 = CARTESIAN_POINT('',(0.767404395148,0.489823730726));
#2528 = CARTESIAN_POINT('',(0.775638239759,0.485160509955));
#2529 = CARTESIAN_POINT('',(0.780985952515,0.481082147925));
#2530 = CARTESIAN_POINT('',(0.786151172506,0.476080842482));
#2531 = CARTESIAN_POINT('',(0.791104993416,0.470208987121));
#2532 = CARTESIAN_POINT('',(0.795822820328,0.463513813004));
#2533 = CARTESIAN_POINT('',(0.800283547421,0.456038468299));
#2534 = CARTESIAN_POINT('',(0.804466783605,0.447811456528));
#2535 = ( GEOMETRIC_REPRESENTATION_CONTEXT(2) 
PARAMETRIC_REPRESENTATION_CONTEXT() REPRESENTATION_CONTEXT('2D SPACE',''
  ) );
#2536 = PCURVE('',#2537,#2542);
#2537 = CYLINDRICAL_SURFACE('',#2538,15.);
#2538 = AXIS2_PLACEMENT_3D('',#2539,#2540,#2541);
#2539 = CARTESIAN_POINT('',(0.,-31.6,30.));
#2540 = DIRECTION('',(0.,-1.,0.));
#2541 = DIRECTION('',(1.,0.,0.));
#2542 = DEFINITIONAL_REPRESENTATION('',(#2543),#2570);
#2543 = B_SPLINE_CURVE_WITH_KNOTS('',7,(#2544,#2545,#2546,#2547,#2548,
    #2549,#2550,#2551,#2552,#2553,#2554,#2555,#2556,#2557,#2558,#2559,
    #2560,#2561,#2562,#2563,#2564,#2565,#2566,#2567,#2568,#2569),
  .UNSPECIFIED.,.F.,.F.,(8,6,6,6,8),(0.,0.246838665407,0.503551219026,
    0.668989276747,1.),.UNSPECIFIED.);
#2544 = CARTESIAN_POINT('',(2.311063409269,-3.2000006));
#2545 = CARTESIAN_POINT('',(2.260331778587,-3.015969770408));
#2546 = CARTESIAN_POINT('',(2.209552785069,-2.833636454723));
#2547 = CARTESIAN_POINT('',(2.15861646061,-2.65590674881));
#2548 = CARTESIAN_POINT('',(2.107442086272,-2.4857134905));
#2549 = CARTESIAN_POINT('',(2.05596780824,-2.325988750201));
#2550 = CARTESIAN_POINT('',(2.004148712071,-2.179582611992));
#2551 = CARTESIAN_POINT('',(1.897689374094,-1.91342488026));
#2552 = CARTESIAN_POINT('',(1.843003479393,-1.79493440101));
#2553 = CARTESIAN_POINT('',(1.787940033091,-1.696754501642));
#2554 = CARTESIAN_POINT('',(1.732549574102,-1.621583102163));
#2555 = CARTESIAN_POINT('',(1.676905568249,-1.57147126011));
#2556 = CARTESIAN_POINT('',(1.621114320445,-1.547554865024));
#2557 = CARTESIAN_POINT('',(1.5294130542,-1.551148292763));
#2558 = CARTESIAN_POINT('',(1.49347638895,-1.563397318872));
#2559 = CARTESIAN_POINT('',(1.457581235811,-1.586474063765));
#2560 = CARTESIAN_POINT('',(1.421760160405,-1.620164341664));
#2561 = CARTESIAN_POINT('',(1.386040097791,-1.66407948755));
#2562 = CARTESIAN_POINT('',(1.350444360571,-1.717682523801));
#2563 = CARTESIAN_POINT('',(1.244063832204,-1.905627472507));
#2564 = CARTESIAN_POINT('',(1.173750195555,-2.067022205813));
#2565 = CARTESIAN_POINT('',(1.104121327992,-2.259318418372));
#2566 = CARTESIAN_POINT('',(1.035126299984,-2.475863809107));
#2567 = CARTESIAN_POINT('',(0.966658619824,-2.709547587332));
#2568 = CARTESIAN_POINT('',(0.898551123596,-2.953248763746));
#2569 = CARTESIAN_POINT('',(0.830529243064,-3.2000006));
#2570 = ( GEOMETRIC_REPRESENTATION_CONTEXT(2) 
PARAMETRIC_REPRESENTATION_CONTEXT() REPRESENTATION_CONTEXT('2D SPACE',''
  ) );
#2571 = ORIENTED_EDGE('',*,*,#2572,.T.);
#2572 = EDGE_CURVE('',#2476,#2573,#2575,.T.);
#2573 = VERTEX_POINT('',#2574);
#2574 = CARTESIAN_POINT('',(11.285065599424,-28.4,20.118335443019));
#2575 = SURFACE_CURVE('',#2576,(#2615,#2657),.PCURVE_S1.);
#2576 = B_SPLINE_CURVE_WITH_KNOTS('',7,(#2577,#2578,#2579,#2580,#2581,
    #2582,#2583,#2584,#2585,#2586,#2587,#2588,#2589,#2590,#2591,#2592,
    #2593,#2594,#2595,#2596,#2597,#2598,#2599,#2600,#2601,#2602,#2603,
    #2604,#2605,#2606,#2607,#2608,#2609,#2610,#2611,#2612,#2613,#2614),
  .UNSPECIFIED.,.F.,.F.,(8,6,6,6,6,6,8),(0.,0.177940390642,
    0.244457686456,0.320742534504,0.509255678863,0.808378160151,1.),
  .UNSPECIFIED.);
#2577 = CARTESIAN_POINT('',(9.821636296164,-28.4,45.));
#2578 = CARTESIAN_POINT('',(9.867093108135,-28.4,44.236995282969));
#2579 = CARTESIAN_POINT('',(9.918886291734,-28.4,43.474371967866));
#2580 = CARTESIAN_POINT('',(9.976344114698,-28.4,42.712150316278));
#2581 = CARTESIAN_POINT('',(10.038667730794,-28.4,41.95031837896));
#2582 = CARTESIAN_POINT('',(10.104958210948,-28.4,41.188834322792));
#2583 = CARTESIAN_POINT('',(10.174254197274,-28.4,40.427629562964));
#2584 = CARTESIAN_POINT('',(10.272243106126,-28.4,39.382131006385));
#2585 = CARTESIAN_POINT('',(10.299189802698,-28.4,39.097676022898));
#2586 = CARTESIAN_POINT('',(10.32636888926,-28.4,38.813243174265));
#2587 = CARTESIAN_POINT('',(10.353729110001,-28.4,38.528827770321));
#2588 = CARTESIAN_POINT('',(10.381219333746,-28.4,38.244425006421));
#2589 = CARTESIAN_POINT('',(10.408788553954,-28.4,37.96002996344));
#2590 = CARTESIAN_POINT('',(10.468035679401,-28.4,37.34948442652));
#2591 = CARTESIAN_POINT('',(10.499722638147,-28.4,37.023334955513));
#2592 = CARTESIAN_POINT('',(10.53137054297,-28.4,36.697181628175));
#2593 = CARTESIAN_POINT('',(10.562904175319,-28.4,36.371017125806));
#2594 = CARTESIAN_POINT('',(10.594249820755,-28.4,36.044834426187));
#2595 = CARTESIAN_POINT('',(10.625335769645,-28.4,35.718626852186));
#2596 = CARTESIAN_POINT('',(10.732098840188,-28.4,34.586195400297));
#2597 = CARTESIAN_POINT('',(10.806096187344,-28.4,33.779814078734));
#2598 = CARTESIAN_POINT('',(10.877040168368,-28.4,32.973148304295));
#2599 = CARTESIAN_POINT('',(10.943976485867,-28.4,32.166128712249));
#2600 = CARTESIAN_POINT('',(11.006079361817,-28.4,31.358715698214));
#2601 = CARTESIAN_POINT('',(11.062665038731,-28.4,30.550900634462));
#2602 = CARTESIAN_POINT('',(11.193336111085,-28.4,28.46030386924));
#2603 = CARTESIAN_POINT('',(11.258210989525,-28.4,27.176910891193));
#2604 = CARTESIAN_POINT('',(11.305590641714,-28.4,25.892677737618));
#2605 = CARTESIAN_POINT('',(11.334113463341,-28.4,24.607834326684));
#2606 = CARTESIAN_POINT('',(11.343152556257,-28.4,23.322688556083));
#2607 = CARTESIAN_POINT('',(11.332484220581,-28.4,22.037617686462));
#2608 = CARTESIAN_POINT('',(11.282680264923,-28.4,19.930162887894));
#2609 = CARTESIAN_POINT('',(11.255152298714,-28.4,19.107450461993));
#2610 = CARTESIAN_POINT('',(11.219548214413,-28.4,18.285023560223));
#2611 = CARTESIAN_POINT('',(11.175907545066,-28.4,17.462975205909));
#2612 = CARTESIAN_POINT('',(11.124288678869,-28.4,16.641396010128));
#2613 = CARTESIAN_POINT('',(11.064752986992,-28.4,15.820374925503));
#2614 = CARTESIAN_POINT('',(10.99734895141,-28.4,15.));
#2615 = PCURVE('',#1822,#2616);
#2616 = DEFINITIONAL_REPRESENTATION('',(#2617),#2656);
#2617 = B_SPLINE_CURVE_WITH_KNOTS('',7,(#2618,#2619,#2620,#2621,#2622,
    #2623,#2624,#2625,#2626,#2627,#2628,#2629,#2630,#2631,#2632,#2633,
    #2634,#2635,#2636,#2637,#2638,#2639,#2640,#2641,#2642,#2643,#2644,
    #2645,#2646,#2647,#2648,#2649,#2650,#2651,#2652,#2653,#2654,#2655),
  .UNSPECIFIED.,.F.,.F.,(8,6,6,6,6,6,8),(0.,0.177940390642,
    0.244457686456,0.320742534504,0.509255678863,0.808378160151,1.),
  .UNSPECIFIED.);
#2618 = CARTESIAN_POINT('',(0.802991768352,0.493889459211));
#2619 = CARTESIAN_POINT('',(0.803219297947,0.485132493735));
#2620 = CARTESIAN_POINT('',(0.803478281048,0.476276313766));
#2621 = CARTESIAN_POINT('',(0.803765223214,0.467330780639));
#2622 = CARTESIAN_POINT('',(0.804075986445,0.458307428408));
#2623 = CARTESIAN_POINT('',(0.804405952397,0.449219419993));
#2624 = CARTESIAN_POINT('',(0.804750230942,0.440081208024));
#2625 = CARTESIAN_POINT('',(0.805236127157,0.427478754165));
#2626 = CARTESIAN_POINT('',(0.805369654926,0.424044706692));
#2627 = CARTESIAN_POINT('',(0.805504238836,0.42060655578));
#2628 = CARTESIAN_POINT('',(0.805639622018,0.417165108858));
#2629 = CARTESIAN_POINT('',(0.805775549287,0.41372118298));
#2630 = CARTESIAN_POINT('',(0.805911767143,0.410275604816));
#2631 = CARTESIAN_POINT('',(0.80620428863,0.402876740072));
#2632 = CARTESIAN_POINT('',(0.806360605453,0.398923194959));
#2633 = CARTESIAN_POINT('',(0.806516597029,0.394969827744));
#2634 = CARTESIAN_POINT('',(0.806671893066,0.391017899148));
#2635 = CARTESIAN_POINT('',(0.80682613255,0.387068668224));
#2636 = CARTESIAN_POINT('',(0.806978966113,0.383123382382));
#2637 = CARTESIAN_POINT('',(0.807503433739,0.369446557233));
#2638 = CARTESIAN_POINT('',(0.807866174824,0.359741445655));
#2639 = CARTESIAN_POINT('',(0.808213218045,0.350086413825));
#2640 = CARTESIAN_POINT('',(0.808540007613,0.340499318745));
#2641 = CARTESIAN_POINT('',(0.808842660243,0.330996442388));
#2642 = CARTESIAN_POINT('',(0.809118006148,0.32159195591));
#2643 = CARTESIAN_POINT('',(0.809753052845,0.297550332486));
#2644 = CARTESIAN_POINT('',(0.810067467024,0.283080261378));
#2645 = CARTESIAN_POINT('',(0.810296578277,0.268936096353));
#2646 = CARTESIAN_POINT('',(0.810434347369,0.255150808109));
#2647 = CARTESIAN_POINT('',(0.810478035743,0.241741217988));
#2648 = CARTESIAN_POINT('',(0.810426549609,0.228713790087));
#2649 = CARTESIAN_POINT('',(0.8101856052,0.207966594735));
#2650 = CARTESIAN_POINT('',(0.81005237717,0.20002171287));
#2651 = CARTESIAN_POINT('',(0.809879949319,0.192232742492));
#2652 = CARTESIAN_POINT('',(0.809668387469,0.184598038074));
#2653 = CARTESIAN_POINT('',(0.809417803206,0.177115029133));
#2654 = CARTESIAN_POINT('',(0.809128280026,0.16978053854));
#2655 = CARTESIAN_POINT('',(0.808799799471,0.162591100823));
#2656 = ( GEOMETRIC_REPRESENTATION_CONTEXT(2) 
PARAMETRIC_REPRESENTATION_CONTEXT() REPRESENTATION_CONTEXT('2D SPACE',''
  ) );
#2657 = PCURVE('',#2422,#2658);
#2658 = DEFINITIONAL_REPRESENTATION('',(#2659),#2698);
#2659 = B_SPLINE_CURVE_WITH_KNOTS('',7,(#2660,#2661,#2662,#2663,#2664,
    #2665,#2666,#2667,#2668,#2669,#2670,#2671,#2672,#2673,#2674,#2675,
    #2676,#2677,#2678,#2679,#2680,#2681,#2682,#2683,#2684,#2685,#2686,
    #2687,#2688,#2689,#2690,#2691,#2692,#2693,#2694,#2695,#2696,#2697),
  .UNSPECIFIED.,.F.,.F.,(8,6,6,6,6,6,8),(0.,0.177940390642,
    0.244457686456,0.320742534504,0.509255678863,0.808378160151,1.),
  .UNSPECIFIED.);
#2660 = CARTESIAN_POINT('',(-15.,9.821636296164));
#2661 = CARTESIAN_POINT('',(-14.23699528296,9.867093108135));
#2662 = CARTESIAN_POINT('',(-13.47437196786,9.918886291734));
#2663 = CARTESIAN_POINT('',(-12.71215031627,9.976344114698));
#2664 = CARTESIAN_POINT('',(-11.95031837896,10.038667730794));
#2665 = CARTESIAN_POINT('',(-11.18883432279,10.104958210948));
#2666 = CARTESIAN_POINT('',(-10.42762956296,10.174254197274));
#2667 = CARTESIAN_POINT('',(-9.382131006385,10.272243106126));
#2668 = CARTESIAN_POINT('',(-9.097676022898,10.299189802698));
#2669 = CARTESIAN_POINT('',(-8.813243174265,10.32636888926));
#2670 = CARTESIAN_POINT('',(-8.528827770321,10.353729110001));
#2671 = CARTESIAN_POINT('',(-8.244425006421,10.381219333746));
#2672 = CARTESIAN_POINT('',(-7.96002996344,10.408788553954));
#2673 = CARTESIAN_POINT('',(-7.34948442652,10.468035679401));
#2674 = CARTESIAN_POINT('',(-7.023334955513,10.499722638147));
#2675 = CARTESIAN_POINT('',(-6.697181628175,10.53137054297));
#2676 = CARTESIAN_POINT('',(-6.371017125806,10.562904175319));
#2677 = CARTESIAN_POINT('',(-6.044834426187,10.594249820755));
#2678 = CARTESIAN_POINT('',(-5.718626852186,10.625335769645));
#2679 = CARTESIAN_POINT('',(-4.586195400297,10.732098840188));
#2680 = CARTESIAN_POINT('',(-3.779814078734,10.806096187344));
#2681 = CARTESIAN_POINT('',(-2.973148304295,10.877040168368));
#2682 = CARTESIAN_POINT('',(-2.166128712249,10.943976485867));
#2683 = CARTESIAN_POINT('',(-1.358715698214,11.006079361817));
#2684 = CARTESIAN_POINT('',(-0.550900634462,11.062665038731));
#2685 = CARTESIAN_POINT('',(1.53969613076,11.193336111085));
#2686 = CARTESIAN_POINT('',(2.823089108807,11.258210989525));
#2687 = CARTESIAN_POINT('',(4.107322262382,11.305590641714));
#2688 = CARTESIAN_POINT('',(5.392165673316,11.334113463341));
#2689 = CARTESIAN_POINT('',(6.677311443917,11.343152556257));
#2690 = CARTESIAN_POINT('',(7.962382313538,11.332484220581));
#2691 = CARTESIAN_POINT('',(10.069837112106,11.282680264923));
#2692 = CARTESIAN_POINT('',(10.892549538007,11.255152298714));
#2693 = CARTESIAN_POINT('',(11.714976439777,11.219548214413));
#2694 = CARTESIAN_POINT('',(12.537024794091,11.175907545066));
#2695 = CARTESIAN_POINT('',(13.358603989872,11.124288678869));
#2696 = CARTESIAN_POINT('',(14.179625074497,11.064752986992));
#2697 = CARTESIAN_POINT('',(15.,10.99734895141));
#2698 = ( GEOMETRIC_REPRESENTATION_CONTEXT(2) 
PARAMETRIC_REPRESENTATION_CONTEXT() REPRESENTATION_CONTEXT('2D SPACE',''
  ) );
#2699 = ORIENTED_EDGE('',*,*,#2700,.T.);
#2700 = EDGE_CURVE('',#2573,#2323,#2701,.T.);
#2701 = SURFACE_CURVE('',#2702,(#2740,#2781),.PCURVE_S1.);
#2702 = B_SPLINE_CURVE_WITH_KNOTS('',8,(#2703,#2704,#2705,#2706,#2707,
    #2708,#2709,#2710,#2711,#2712,#2713,#2714,#2715,#2716,#2717,#2718,
    #2719,#2720,#2721,#2722,#2723,#2724,#2725,#2726,#2727,#2728,#2729,
    #2730,#2731,#2732,#2733,#2734,#2735,#2736,#2737,#2738,#2739),
  .UNSPECIFIED.,.F.,.F.,(9,7,7,7,7,9),(0.,0.261965909922,0.393214582583,
    0.503060388994,0.656057196239,1.),.UNSPECIFIED.);
#2703 = CARTESIAN_POINT('',(11.285067163188,-28.3999994,20.11833722887)
  );
#2704 = CARTESIAN_POINT('',(10.749773664287,-28.60538588437,
    19.507020770594));
#2705 = CARTESIAN_POINT('',(10.176895642283,-28.81115594205,
    18.929142279521));
#2706 = CARTESIAN_POINT('',(9.567643612714,-29.01434161301,
    18.385954630666));
#2707 = CARTESIAN_POINT('',(8.923264498526,-29.21196541379,
    17.879266570462));
#2708 = CARTESIAN_POINT('',(8.245190304073,-29.40103962747,
    17.411253082802));
#2709 = CARTESIAN_POINT('',(7.535132942977,-29.57859779774,
    16.984357199469));
#2710 = CARTESIAN_POINT('',(6.795180104786,-29.74175932673,
    16.601211038307));
#2711 = CARTESIAN_POINT('',(5.643552294523,-29.96101061147,
    16.09580873018));
#2712 = CARTESIAN_POINT('',(5.252382141557,-30.02988885793,
    15.938802223174));
#2713 = CARTESIAN_POINT('',(4.854828677627,-30.09411543986,
    15.793840824476));
#2714 = CARTESIAN_POINT('',(4.451332288202,-30.15335722479,
    15.661277886452));
#2715 = CARTESIAN_POINT('',(4.042385448277,-30.20730069747,
    15.541456190149));
#2716 = CARTESIAN_POINT('',(3.628537310566,-30.25565837871,
    15.434698608695));
#2717 = CARTESIAN_POINT('',(3.210399086693,-30.29817628901,
    15.341296864749));
#2718 = CARTESIAN_POINT('',(2.435676410059,-30.36516204658,
    15.194712726165));
#2719 = CARTESIAN_POINT('',(2.080159194737,-30.39144393378,
    15.137452904885));
#2720 = CARTESIAN_POINT('',(1.7225039721,-30.41336264534,15.089866070923
    ));
#2721 = CARTESIAN_POINT('',(1.363129089298,-30.43081561248,
    15.052073294425));
#2722 = CARTESIAN_POINT('',(1.002466096575,-30.44372471239,
    15.024167364427));
#2723 = CARTESIAN_POINT('',(0.640959999937,-30.45203780972,
    15.00621059034));
#2724 = CARTESIAN_POINT('',(0.279069513807,-30.45573029804,
    14.998232603433));
#2725 = CARTESIAN_POINT('',(-0.586662542897,-30.45352014225,
    15.003007631975));
#2726 = CARTESIAN_POINT('',(-1.090484047699,-30.44327824695,
    15.025135670538));
#2727 = CARTESIAN_POINT('',(-1.592889724809,-30.4240892192,
    15.066604528997));
#2728 = CARTESIAN_POINT('',(-2.092650133254,-30.39607345189,
    15.127266406335));
#2729 = CARTESIAN_POINT('',(-2.588609773805,-30.35945135375,
    15.206857551865));
#2730 = CARTESIAN_POINT('',(-3.079683655172,-30.31453188088,
    15.305016864531));
#2731 = CARTESIAN_POINT('',(-3.564854519589,-30.26170171315,
    15.42129898519));
#2732 = CARTESIAN_POINT('',(-5.118444262529,-30.06588835676,
    15.856155867449));
#2733 = CARTESIAN_POINT('',(-6.158112065572,-29.89280050038,
    16.245809397904));
#2734 = CARTESIAN_POINT('',(-7.153286372369,-29.68720169593,
    16.718439675162));
#2735 = CARTESIAN_POINT('',(-8.097578693596,-29.45533294763,
    17.267608827357));
#2736 = CARTESIAN_POINT('',(-8.986176574436,-29.20388362434,
    17.887147904177));
#2737 = CARTESIAN_POINT('',(-9.815453945594,-28.93970177014,
    18.571504871822));
#2738 = CARTESIAN_POINT('',(-10.58261515304,-28.66952284079,
    19.316122230421));
#2739 = CARTESIAN_POINT('',(-11.28506714543,-28.3999994,20.118337208591)
  );
#2740 = PCURVE('',#1822,#2741);
#2741 = DEFINITIONAL_REPRESENTATION('',(#2742),#2780);
#2742 = B_SPLINE_CURVE_WITH_KNOTS('',8,(#2743,#2744,#2745,#2746,#2747,
    #2748,#2749,#2750,#2751,#2752,#2753,#2754,#2755,#2756,#2757,#2758,
    #2759,#2760,#2761,#2762,#2763,#2764,#2765,#2766,#2767,#2768,#2769,
    #2770,#2771,#2772,#2773,#2774,#2775,#2776,#2777,#2778,#2779),
  .UNSPECIFIED.,.F.,.F.,(9,7,7,7,7,9),(0.,0.261965909922,0.393214582583,
    0.503060388994,0.656057196239,1.),.UNSPECIFIED.);
#2743 = CARTESIAN_POINT('',(0.810197136796,0.20985842636));
#2744 = CARTESIAN_POINT('',(0.807211401484,0.203915887732));
#2745 = CARTESIAN_POINT('',(0.804041505944,0.198381458749));
#2746 = CARTESIAN_POINT('',(0.80069677147,0.193250777596));
#2747 = CARTESIAN_POINT('',(0.797186020495,0.188525160145));
#2748 = CARTESIAN_POINT('',(0.793518259972,0.184209644511));
#2749 = CARTESIAN_POINT('',(0.789703063132,0.1803122287));
#2750 = CARTESIAN_POINT('',(0.785750986807,0.176843524262));
#2751 = CARTESIAN_POINT('',(0.779631913901,0.172299240422));
#2752 = CARTESIAN_POINT('',(0.777558587028,0.170893472457));
#2753 = CARTESIAN_POINT('',(0.775456263911,0.169600480557));
#2754 = CARTESIAN_POINT('',(0.773327015549,0.168422056721));
#2755 = CARTESIAN_POINT('',(0.771173119763,0.16736000363));
#2756 = CARTESIAN_POINT('',(0.768997087573,0.166416072997));
#2757 = CARTESIAN_POINT('',(0.766801697125,0.16559188805));
#2758 = CARTESIAN_POINT('',(0.76273903139,0.164300457447));
#2759 = CARTESIAN_POINT('',(0.760876554932,0.163796900147));
#2760 = CARTESIAN_POINT('',(0.759004453398,0.163379016118));
#2761 = CARTESIAN_POINT('',(0.757124617041,0.163047498877));
#2762 = CARTESIAN_POINT('',(0.755238986339,0.162802883033));
#2763 = CARTESIAN_POINT('',(0.753349559558,0.162645529712));
#2764 = CARTESIAN_POINT('',(0.751458400318,0.16257561199));
#2765 = CARTESIAN_POINT('',(0.746934139945,0.162617458624));
#2766 = CARTESIAN_POINT('',(0.744301090141,0.162811382617));
#2767 = CARTESIAN_POINT('',(0.741674428371,0.163174841411));
#2768 = CARTESIAN_POINT('',(0.739059681969,0.163706952244));
#2769 = CARTESIAN_POINT('',(0.736462033458,0.164406183395));
#2770 = CARTESIAN_POINT('',(0.733886370288,0.165270491516));
#2771 = CARTESIAN_POINT('',(0.731337323839,0.16629739334));
#2772 = CARTESIAN_POINT('',(0.723158676425,0.170151446565));
#2773 = CARTESIAN_POINT('',(0.717659899456,0.173623492593));
#2774 = CARTESIAN_POINT('',(0.712362947263,0.177868934794));
#2775 = CARTESIAN_POINT('',(0.707297468447,0.182856488013));
#2776 = CARTESIAN_POINT('',(0.702488086858,0.188561013612));
#2777 = CARTESIAN_POINT('',(0.697956130715,0.194964882783));
#2778 = CARTESIAN_POINT('',(0.693720967514,0.202060184468));
#2779 = CARTESIAN_POINT('',(0.689802863287,0.209858426163));
#2780 = ( GEOMETRIC_REPRESENTATION_CONTEXT(2) 
PARAMETRIC_REPRESENTATION_CONTEXT() REPRESENTATION_CONTEXT('2D SPACE',''
  ) );
#2781 = PCURVE('',#2782,#2787);
#2782 = CYLINDRICAL_SURFACE('',#2783,15.);
#2783 = AXIS2_PLACEMENT_3D('',#2784,#2785,#2786);
#2784 = CARTESIAN_POINT('',(0.,-31.6,30.));
#2785 = DIRECTION('',(0.,-1.,0.));
#2786 = DIRECTION('',(1.,0.,0.));
#2787 = DEFINITIONAL_REPRESENTATION('',(#2788),#2826);
#2788 = B_SPLINE_CURVE_WITH_KNOTS('',8,(#2789,#2790,#2791,#2792,#2793,
    #2794,#2795,#2796,#2797,#2798,#2799,#2800,#2801,#2802,#2803,#2804,
    #2805,#2806,#2807,#2808,#2809,#2810,#2811,#2812,#2813,#2814,#2815,
    #2816,#2817,#2818,#2819,#2820,#2821,#2822,#2823,#2824,#2825),
  .UNSPECIFIED.,.F.,.F.,(9,7,7,7,7,9),(0.,0.261965909922,0.393214582583,
    0.503060388994,0.656057196239,1.),.UNSPECIFIED.);
#2789 = CARTESIAN_POINT('',(5.563992615587,-3.2000006));
#2790 = CARTESIAN_POINT('',(5.509822228346,-2.99461411563));
#2791 = CARTESIAN_POINT('',(5.455678278692,-2.788844057942));
#2792 = CARTESIAN_POINT('',(5.401434649774,-2.585658386985));
#2793 = CARTESIAN_POINT('',(5.34699529607,-2.388034586206));
#2794 = CARTESIAN_POINT('',(5.292282897382,-2.198960372528));
#2795 = CARTESIAN_POINT('',(5.237233710012,-2.021402202259));
#2796 = CARTESIAN_POINT('',(5.181797266941,-1.858240673267));
#2797 = CARTESIAN_POINT('',(5.097954077157,-1.638989388526));
#2798 = CARTESIAN_POINT('',(5.069868110053,-1.570111142062));
#2799 = CARTESIAN_POINT('',(5.041681756682,-1.505884560133));
#2800 = CARTESIAN_POINT('',(5.013396975652,-1.446642775206));
#2801 = CARTESIAN_POINT('',(4.98501766645,-1.39269930253));
#2802 = CARTESIAN_POINT('',(4.956549907812,-1.344341621288));
#2803 = CARTESIAN_POINT('',(4.928002373064,-1.301823710982));
#2804 = CARTESIAN_POINT('',(4.875437825004,-1.23483795342));
#2805 = CARTESIAN_POINT('',(4.851440179538,-1.208556066213));
#2806 = CARTESIAN_POINT('',(4.827401455195,-1.186637354657));
#2807 = CARTESIAN_POINT('',(4.803329254037,-1.16918438752));
#2808 = CARTESIAN_POINT('',(4.779231508637,-1.156275287607));
#2809 = CARTESIAN_POINT('',(4.755116679678,-1.147962190277));
#2810 = CARTESIAN_POINT('',(4.73099395356,-1.14426970196));
#2811 = CARTESIAN_POINT('',(4.673277605215,-1.146479857746));
#2812 = CARTESIAN_POINT('',(4.639681884463,-1.156721753045));
#2813 = CARTESIAN_POINT('',(4.606115638635,-1.175910780795));
#2814 = CARTESIAN_POINT('',(4.572603147495,-1.203926548103));
#2815 = CARTESIAN_POINT('',(4.539165003065,-1.240548646244));
#2816 = CARTESIAN_POINT('',(4.50581922617,-1.285468119111));
#2817 = CARTESIAN_POINT('',(4.472582106156,-1.33829828685));
#2818 = CARTESIAN_POINT('',(4.36502867556,-1.534111643232));
#2819 = CARTESIAN_POINT('',(4.291280905143,-1.70719949962));
#2820 = CARTESIAN_POINT('',(4.218269950987,-1.912798304067));
#2821 = CARTESIAN_POINT('',(4.145942233145,-2.144667052368));
#2822 = CARTESIAN_POINT('',(4.074203791455,-2.396116375653));
#2823 = CARTESIAN_POINT('',(4.002911245774,-2.660298229857));
#2824 = CARTESIAN_POINT('',(3.931871763022,-2.93047715921));
#2825 = CARTESIAN_POINT('',(3.860785346979,-3.2000006));
#2826 = ( GEOMETRIC_REPRESENTATION_CONTEXT(2) 
PARAMETRIC_REPRESENTATION_CONTEXT() REPRESENTATION_CONTEXT('2D SPACE',''
  ) );
#2827 = ADVANCED_FACE('',(#2828),#2537,.T.);
#2828 = FACE_BOUND('',#2829,.T.);
#2829 = EDGE_LOOP('',(#2830,#2831));
#2830 = ORIENTED_EDGE('',*,*,#2475,.T.);
#2831 = ORIENTED_EDGE('',*,*,#2832,.T.);
#2832 = EDGE_CURVE('',#2476,#2325,#2833,.T.);
#2833 = SURFACE_CURVE('',#2834,(#2839,#2846),.PCURVE_S1.);
#2834 = CIRCLE('',#2835,15.);
#2835 = AXIS2_PLACEMENT_3D('',#2836,#2837,#2838);
#2836 = CARTESIAN_POINT('',(0.,-28.4,30.));
#2837 = DIRECTION('',(0.,-1.,0.));
#2838 = DIRECTION('',(1.,0.,0.));
#2839 = PCURVE('',#2537,#2840);
#2840 = DEFINITIONAL_REPRESENTATION('',(#2841),#2845);
#2841 = LINE('',#2842,#2843);
#2842 = CARTESIAN_POINT('',(0.,-3.2));
#2843 = VECTOR('',#2844,1.);
#2844 = DIRECTION('',(1.,0.));
#2845 = ( GEOMETRIC_REPRESENTATION_CONTEXT(2) 
PARAMETRIC_REPRESENTATION_CONTEXT() REPRESENTATION_CONTEXT('2D SPACE',''
  ) );
#2846 = PCURVE('',#2422,#2847);
#2847 = DEFINITIONAL_REPRESENTATION('',(#2848),#2852);
#2848 = CIRCLE('',#2849,15.);
#2849 = AXIS2_PLACEMENT_2D('',#2850,#2851);
#2850 = CARTESIAN_POINT('',(-3.552713678801E-15,7.29301404021E-16));
#2851 = DIRECTION('',(0.,1.));
#2852 = ( GEOMETRIC_REPRESENTATION_CONTEXT(2) 
PARAMETRIC_REPRESENTATION_CONTEXT() REPRESENTATION_CONTEXT('2D SPACE',''
  ) );
#2853 = ADVANCED_FACE('',(#2854),#2782,.T.);
#2854 = FACE_BOUND('',#2855,.T.);
#2855 = EDGE_LOOP('',(#2856,#2878));
#2856 = ORIENTED_EDGE('',*,*,#2857,.T.);
#2857 = EDGE_CURVE('',#2323,#2573,#2858,.T.);
#2858 = SURFACE_CURVE('',#2859,(#2864,#2871),.PCURVE_S1.);
#2859 = CIRCLE('',#2860,15.);
#2860 = AXIS2_PLACEMENT_3D('',#2861,#2862,#2863);
#2861 = CARTESIAN_POINT('',(0.,-28.4,30.));
#2862 = DIRECTION('',(0.,-1.,0.));
#2863 = DIRECTION('',(1.,0.,0.));
#2864 = PCURVE('',#2782,#2865);
#2865 = DEFINITIONAL_REPRESENTATION('',(#2866),#2870);
#2866 = LINE('',#2867,#2868);
#2867 = CARTESIAN_POINT('',(0.,-3.2));
#2868 = VECTOR('',#2869,1.);
#2869 = DIRECTION('',(1.,0.));
#2870 = ( GEOMETRIC_REPRESENTATION_CONTEXT(2) 
PARAMETRIC_REPRESENTATION_CONTEXT() REPRESENTATION_CONTEXT('2D SPACE',''
  ) );
#2871 = PCURVE('',#2422,#2872);
#2872 = DEFINITIONAL_REPRESENTATION('',(#2873),#2877);
#2873 = CIRCLE('',#2874,15.);
#2874 = AXIS2_PLACEMENT_2D('',#2875,#2876);
#2875 = CARTESIAN_POINT('',(-3.552713678801E-15,7.29301404021E-16));
#2876 = DIRECTION('',(0.,1.));
#2877 = ( GEOMETRIC_REPRESENTATION_CONTEXT(2) 
PARAMETRIC_REPRESENTATION_CONTEXT() REPRESENTATION_CONTEXT('2D SPACE',''
  ) );
#2878 = ORIENTED_EDGE('',*,*,#2700,.T.);
#2879 = ADVANCED_FACE('',(#2880),#2422,.F.);
#2880 = FACE_BOUND('',#2881,.F.);
#2881 = EDGE_LOOP('',(#2882,#2883,#2884,#2885));
#2882 = ORIENTED_EDGE('',*,*,#2572,.F.);
#2883 = ORIENTED_EDGE('',*,*,#2832,.T.);
#2884 = ORIENTED_EDGE('',*,*,#2322,.F.);
#2885 = ORIENTED_EDGE('',*,*,#2857,.T.);
#2886 = ADVANCED_FACE('',(#2887,#2890),#328,.F.);
#2887 = FACE_BOUND('',#2888,.F.);
#2888 = EDGE_LOOP('',(#2889));
#2889 = ORIENTED_EDGE('',*,*,#302,.T.);
#2890 = FACE_BOUND('',#2891,.F.);
#2891 = EDGE_LOOP('',(#2892));
#2892 = ORIENTED_EDGE('',*,*,#2132,.T.);
#2893 = ( GEOMETRIC_REPRESENTATION_CONTEXT(3) 
GLOBAL_UNCERTAINTY_ASSIGNED_CONTEXT((#2897)) 
GLOBAL_UNIT_ASSIGNED_CONTEXT((#2894,#2895,#2896)) REPRESENTATION_CONTEXT
('Context #1','3D Context with UNIT and UNCERTAINTY') );
#2894 = ( LENGTH_UNIT() NAMED_UNIT(*) SI_UNIT(.MILLI.,.METRE.) );
#2895 = ( NAMED_UNIT(*) PLANE_ANGLE_UNIT() SI_UNIT($,.RADIAN.) );
#2896 = ( NAMED_UNIT(*) SI_UNIT($,.STERADIAN.) SOLID_ANGLE_UNIT() );
#2897 = UNCERTAINTY_MEASURE_WITH_UNIT(LENGTH_MEASURE(2.E-06),#2894,
  'distance_accuracy_value','confusion accuracy');
#2898 = CONTEXT_DEPENDENT_SHAPE_REPRESENTATION(#2899,#2901);
#2899 = ( REPRESENTATION_RELATIONSHIP('','',#48,#10) 
REPRESENTATION_RELATIONSHIP_WITH_TRANSFORMATION(#2900) 
SHAPE_REPRESENTATION_RELATIONSHIP() );
#2900 = ITEM_DEFINED_TRANSFORMATION('','',#11,#15);
#2901 = PRODUCT_DEFINITION_SHAPE('Placement','Placement of an item',
  #2902);
#2902 = NEXT_ASSEMBLY_USAGE_OCCURRENCE('1','','',#5,#43,$);
#2903 = PRODUCT_RELATED_PRODUCT_CATEGORY('part',$,(#45));
#2904 = SHAPE_DEFINITION_REPRESENTATION(#2905,#2911);
#2905 = PRODUCT_DEFINITION_SHAPE('','',#2906);
#2906 = PRODUCT_DEFINITION('design','',#2907,#2910);
#2907 = PRODUCT_DEFINITION_FORMATION('','',#2908);
#2908 = PRODUCT('Open CASCADE STEP translator 7.9 1.2',
  'Open CASCADE STEP translator 7.9 1.2','',(#2909));
#2909 = PRODUCT_CONTEXT('',#2,'mechanical');
#2910 = PRODUCT_DEFINITION_CONTEXT('part definition',#2,'design');
#2911 = ADVANCED_BREP_SHAPE_REPRESENTATION('',(#11,#2912),#3414);
#2912 = MANIFOLD_SOLID_BREP('',#2913);
#2913 = CLOSED_SHELL('',(#2914,#3321,#3410));
#2914 = ADVANCED_FACE('',(#2915),#2982,.F.);
#2915 = FACE_BOUND('',#2916,.F.);
#2916 = EDGE_LOOP('',(#2917));
#2917 = ORIENTED_EDGE('',*,*,#2918,.F.);
#2918 = EDGE_CURVE('',#2919,#2919,#2921,.T.);
#2919 = VERTEX_POINT('',#2920);
#2920 = CARTESIAN_POINT('',(29.596621824496,-9.41248968621E-15,
    7.47232137277E-16));
#2921 = SURFACE_CURVE('',#2922,(#2981,#3048),.PCURVE_S1.);
#2922 = B_SPLINE_CURVE_WITH_KNOTS('',8,(#2923,#2924,#2925,#2926,#2927,
    #2928,#2929,#2930,#2931,#2932,#2933,#2934,#2935,#2936,#2937,#2938,
    #2939,#2940,#2941,#2942,#2943,#2944,#2945,#2946,#2947,#2948,#2949,
    #2950,#2951,#2952,#2953,#2954,#2955,#2956,#2957,#2958,#2959,#2960,
    #2961,#2962,#2963,#2964,#2965,#2966,#2967,#2968,#2969,#2970,#2971,
    #2972,#2973,#2974,#2975,#2976,#2977,#2978,#2979,#2980),
  .UNSPECIFIED.,.T.,.F.,(9,7,7,7,7,7,7,7,9),(0.,0.125000004932,
    0.250998987996,0.374999975433,0.499999980445,0.624999985457,
    0.749999990198,0.874999995071,1.),.UNSPECIFIED.);
#2923 = CARTESIAN_POINT('',(29.596621824496,2.388939074359E-13,0.));
#2924 = CARTESIAN_POINT('',(29.596621929379,-2.904899118809,0.));
#2925 = CARTESIAN_POINT('',(29.270775382513,-5.81177751396,0.));
#2926 = CARTESIAN_POINT('',(28.618311723118,-8.674910796685,0.));
#2927 = CARTESIAN_POINT('',(27.647058389314,-11.45178653563,0.));
#2928 = CARTESIAN_POINT('',(26.370290436274,-14.10211396879,0.));
#2929 = CARTESIAN_POINT('',(24.807110977836,-16.58801642362,0.));
#2930 = CARTESIAN_POINT('',(22.982045921266,-18.87389817901,0.));
#2931 = CARTESIAN_POINT('',(18.857482456203,-22.99846173009,0.));
#2932 = CARTESIAN_POINT('',(16.551430611178,-24.83630191795,0.));
#2933 = CARTESIAN_POINT('',(14.042396872362,-26.40776956832,0.));
#2934 = CARTESIAN_POINT('',(11.366891130461,-27.68781118552,0.));
#2935 = CARTESIAN_POINT('',(8.563752114382,-28.65695987448,0.));
#2936 = CARTESIAN_POINT('',(5.67429339567,-29.30177703363,0.));
#2937 = CARTESIAN_POINT('',(2.742096892083,-29.61443544575,0.));
#2938 = CARTESIAN_POINT('',(-3.067585760415,-29.5779316401,0.));
#2939 = CARTESIAN_POINT('',(-5.949098318155,-29.23916108229,0.));
#2940 = CARTESIAN_POINT('',(-8.785908111052,-28.57927165557,0.));
#2941 = CARTESIAN_POINT('',(-11.53655489441,-27.60608564165,0.));
#2942 = CARTESIAN_POINT('',(-14.16175336036,-26.33271147861,0.));
#2943 = CARTESIAN_POINT('',(-16.6245725623,-24.77789140891,0.));
#2944 = CARTESIAN_POINT('',(-18.89031461923,-22.96562954524,0.));
#2945 = CARTESIAN_POINT('',(-22.98204593334,-18.8738982134,0.));
#2946 = CARTESIAN_POINT('',(-24.80711100766,-16.58801646158,0.));
#2947 = CARTESIAN_POINT('',(-26.37029045411,-14.10211399871,0.));
#2948 = CARTESIAN_POINT('',(-27.64705839655,-11.4517865577,0.));
#2949 = CARTESIAN_POINT('',(-28.61831163792,-8.674910783678,0.));
#2950 = CARTESIAN_POINT('',(-29.27077533787,-5.81177750712,0.));
#2951 = CARTESIAN_POINT('',(-29.59662192604,-2.904899126531,0.));
#2952 = CARTESIAN_POINT('',(-29.59662192604,2.904899126521,0.));
#2953 = CARTESIAN_POINT('',(-29.27077533787,5.811777507152,0.));
#2954 = CARTESIAN_POINT('',(-28.61831163792,8.674910783635,0.));
#2955 = CARTESIAN_POINT('',(-27.64705839657,11.451786557731,0.));
#2956 = CARTESIAN_POINT('',(-26.37029045409,14.102113998725,0.));
#2957 = CARTESIAN_POINT('',(-24.80711100768,16.588016461568,0.));
#2958 = CARTESIAN_POINT('',(-22.98204593334,18.873898213414,0.));
#2959 = CARTESIAN_POINT('',(-18.87389820984,22.982045965992,0.));
#2960 = CARTESIAN_POINT('',(-16.58801647016,24.807111059255,0.));
#2961 = CARTESIAN_POINT('',(-14.10211401158,26.370290513381,0.));
#2962 = CARTESIAN_POINT('',(-11.45178656677,27.647058442883,0.));
#2963 = CARTESIAN_POINT('',(-8.674910784902,28.618311651896,0.));
#2964 = CARTESIAN_POINT('',(-5.811777502504,29.270775318359,0.));
#2965 = CARTESIAN_POINT('',(-2.904899122979,29.59662188707,0.));
#2966 = CARTESIAN_POINT('',(2.904899121909,29.596621884773,0.));
#2967 = CARTESIAN_POINT('',(5.811777502543,29.270775313093,0.));
#2968 = CARTESIAN_POINT('',(8.674910788081,28.618311648172,0.));
#2969 = CARTESIAN_POINT('',(11.451786577495,27.647058448014,0.));
#2970 = CARTESIAN_POINT('',(14.102114029914,26.370290528002,0.));
#2971 = CARTESIAN_POINT('',(16.588016487989,24.807111065461,0.));
#2972 = CARTESIAN_POINT('',(18.873898220347,22.982045953623,0.));
#2973 = CARTESIAN_POINT('',(22.982045921271,18.873898179015,0.));
#2974 = CARTESIAN_POINT('',(24.807110977817,16.588016423603,0.));
#2975 = CARTESIAN_POINT('',(26.370290436311,14.102113968843,0.));
#2976 = CARTESIAN_POINT('',(27.647058389278,11.451786535543,0.));
#2977 = CARTESIAN_POINT('',(28.618311723137,8.674910796779,0.));
#2978 = CARTESIAN_POINT('',(29.270775382509,5.811777513903,0.));
#2979 = CARTESIAN_POINT('',(29.596621929379,2.904899118825,0.));
#2980 = CARTESIAN_POINT('',(29.596621824496,1.507294567142E-14,0.));
#2981 = PCURVE('',#2982,#2987);
#2982 = PLANE('',#2983);
#2983 = AXIS2_PLACEMENT_3D('',#2984,#2985,#2986);
#2984 = CARTESIAN_POINT('',(30.,4.420639675098E-15,0.));
#2985 = DIRECTION('',(0.,0.,1.));
#2986 = DIRECTION('',(-1.,-1.446543327259E-17,0.));
#2987 = DEFINITIONAL_REPRESENTATION('',(#2988),#3047);
#2988 = B_SPLINE_CURVE_WITH_KNOTS('',8,(#2989,#2990,#2991,#2992,#2993,
    #2994,#2995,#2996,#2997,#2998,#2999,#3000,#3001,#3002,#3003,#3004,
    #3005,#3006,#3007,#3008,#3009,#3010,#3011,#3012,#3013,#3014,#3015,
    #3016,#3017,#3018,#3019,#3020,#3021,#3022,#3023,#3024,#3025,#3026,
    #3027,#3028,#3029,#3030,#3031,#3032,#3033,#3034,#3035,#3036,#3037,
    #3038,#3039,#3040,#3041,#3042,#3043,#3044,#3045,#3046),
  .UNSPECIFIED.,.F.,.F.,(9,7,7,7,7,7,7,7,9),(0.,0.125000004932,
    0.250998987996,0.374999975433,0.499999980445,0.624999985457,
    0.749999990198,0.874999995071,1.),.UNSPECIFIED.);
#2989 = CARTESIAN_POINT('',(0.403378175504,-2.344791028008E-13));
#2990 = CARTESIAN_POINT('',(0.403378070621,2.904899118809));
#2991 = CARTESIAN_POINT('',(0.729224617487,5.81177751396));
#2992 = CARTESIAN_POINT('',(1.381688276882,8.674910796685));
#2993 = CARTESIAN_POINT('',(2.352941610686,11.451786535632));
#2994 = CARTESIAN_POINT('',(3.629709563726,14.102113968792));
#2995 = CARTESIAN_POINT('',(5.192889022164,16.588016423622));
#2996 = CARTESIAN_POINT('',(7.017954078734,18.873898179011));
#2997 = CARTESIAN_POINT('',(11.142517543797,22.998461730093));
#2998 = CARTESIAN_POINT('',(13.448569388822,24.836301917952));
#2999 = CARTESIAN_POINT('',(15.957603127637,26.40776956832));
#3000 = CARTESIAN_POINT('',(18.633108869539,27.687811185524));
#3001 = CARTESIAN_POINT('',(21.436247885618,28.656959874485));
#3002 = CARTESIAN_POINT('',(24.32570660433,29.301777033633));
#3003 = CARTESIAN_POINT('',(27.257903107917,29.614435445753));
#3004 = CARTESIAN_POINT('',(33.067585760415,29.577931640109));
#3005 = CARTESIAN_POINT('',(35.949098318155,29.239161082291));
#3006 = CARTESIAN_POINT('',(38.785908111052,28.579271655572));
#3007 = CARTESIAN_POINT('',(41.536554894419,27.606085641655));
#3008 = CARTESIAN_POINT('',(44.161753360365,26.332711478611));
#3009 = CARTESIAN_POINT('',(46.624572562305,24.777891408915));
#3010 = CARTESIAN_POINT('',(48.890314619235,22.965629545246));
#3011 = CARTESIAN_POINT('',(52.982045933347,18.873898213408));
#3012 = CARTESIAN_POINT('',(54.807111007667,16.588016461582));
#3013 = CARTESIAN_POINT('',(56.37029045411,14.102113998719));
#3014 = CARTESIAN_POINT('',(57.647058396559,11.451786557707));
#3015 = CARTESIAN_POINT('',(58.618311637927,8.674910783678));
#3016 = CARTESIAN_POINT('',(59.270775337872,5.81177750712));
#3017 = CARTESIAN_POINT('',(59.596621926046,2.904899126531));
#3018 = CARTESIAN_POINT('',(59.596621926047,-2.904899126521));
#3019 = CARTESIAN_POINT('',(59.270775337873,-5.811777507152));
#3020 = CARTESIAN_POINT('',(58.618311637921,-8.674910783635));
#3021 = CARTESIAN_POINT('',(57.647058396573,-11.45178655773));
#3022 = CARTESIAN_POINT('',(56.370290454091,-14.10211399872));
#3023 = CARTESIAN_POINT('',(54.807111007681,-16.58801646156));
#3024 = CARTESIAN_POINT('',(52.982045933343,-18.87389821341));
#3025 = CARTESIAN_POINT('',(48.873898209841,-22.98204596599));
#3026 = CARTESIAN_POINT('',(46.588016470168,-24.80711105925));
#3027 = CARTESIAN_POINT('',(44.102114011588,-26.37029051338));
#3028 = CARTESIAN_POINT('',(41.451786566777,-27.64705844288));
#3029 = CARTESIAN_POINT('',(38.674910784902,-28.61831165189));
#3030 = CARTESIAN_POINT('',(35.811777502504,-29.27077531835));
#3031 = CARTESIAN_POINT('',(32.904899122979,-29.59662188707));
#3032 = CARTESIAN_POINT('',(27.095100878091,-29.59662188477));
#3033 = CARTESIAN_POINT('',(24.188222497457,-29.27077531309));
#3034 = CARTESIAN_POINT('',(21.325089211919,-28.61831164817));
#3035 = CARTESIAN_POINT('',(18.548213422505,-27.64705844801));
#3036 = CARTESIAN_POINT('',(15.897885970086,-26.370290528));
#3037 = CARTESIAN_POINT('',(13.411983512011,-24.80711106546));
#3038 = CARTESIAN_POINT('',(11.126101779653,-22.98204595362));
#3039 = CARTESIAN_POINT('',(7.017954078729,-18.87389817901));
#3040 = CARTESIAN_POINT('',(5.192889022183,-16.5880164236));
#3041 = CARTESIAN_POINT('',(3.629709563689,-14.10211396884));
#3042 = CARTESIAN_POINT('',(2.352941610722,-11.45178653554));
#3043 = CARTESIAN_POINT('',(1.381688276863,-8.674910796779));
#3044 = CARTESIAN_POINT('',(0.729224617491,-5.811777513903));
#3045 = CARTESIAN_POINT('',(0.403378070621,-2.904899118825));
#3046 = CARTESIAN_POINT('',(0.403378175504,-1.06581410364E-14));
#3047 = ( GEOMETRIC_REPRESENTATION_CONTEXT(2) 
PARAMETRIC_REPRESENTATION_CONTEXT() REPRESENTATION_CONTEXT('2D SPACE',''
  ) );
#3048 = PCURVE('',#3049,#3260);
#3049 = ( BOUNDED_SURFACE() B_SPLINE_SURFACE(14,3,(
    (#3050,#3051,#3052,#3053,#3054,#3055,#3056,#3057,#3058,#3059,#3060
      ,#3061,#3062,#3063)
    ,(#3064,#3065,#3066,#3067,#3068,#3069,#3070,#3071,#3072,#3073,#3074
      ,#3075,#3076,#3077)
    ,(#3078,#3079,#3080,#3081,#3082,#3083,#3084,#3085,#3086,#3087,#3088
      ,#3089,#3090,#3091)
    ,(#3092,#3093,#3094,#3095,#3096,#3097,#3098,#3099,#3100,#3101,#3102
      ,#3103,#3104,#3105)
    ,(#3106,#3107,#3108,#3109,#3110,#3111,#3112,#3113,#3114,#3115,#3116
      ,#3117,#3118,#3119)
    ,(#3120,#3121,#3122,#3123,#3124,#3125,#3126,#3127,#3128,#3129,#3130
      ,#3131,#3132,#3133)
    ,(#3134,#3135,#3136,#3137,#3138,#3139,#3140,#3141,#3142,#3143,#3144
      ,#3145,#3146,#3147)
    ,(#3148,#3149,#3150,#3151,#3152,#3153,#3154,#3155,#3156,#3157,#3158
      ,#3159,#3160,#3161)
    ,(#3162,#3163,#3164,#3165,#3166,#3167,#3168,#3169,#3170,#3171,#3172
      ,#3173,#3174,#3175)
    ,(#3176,#3177,#3178,#3179,#3180,#3181,#3182,#3183,#3184,#3185,#3186
      ,#3187,#3188,#3189)
    ,(#3190,#3191,#3192,#3193,#3194,#3195,#3196,#3197,#3198,#3199,#3200
      ,#3201,#3202,#3203)
    ,(#3204,#3205,#3206,#3207,#3208,#3209,#3210,#3211,#3212,#3213,#3214
      ,#3215,#3216,#3217)
    ,(#3218,#3219,#3220,#3221,#3222,#3223,#3224,#3225,#3226,#3227,#3228
      ,#3229,#3230,#3231)
    ,(#3232,#3233,#3234,#3235,#3236,#3237,#3238,#3239,#3240,#3241,#3242
      ,#3243,#3244,#3245)
    ,(#3246,#3247,#3248,#3249,#3250,#3251,#3252,#3253,#3254,#3255,#3256
      ,#3257,#3258,#3259
)),.UNSPECIFIED.,.T.,.F.,.F.) B_SPLINE_SURFACE_WITH_KNOTS((15,15),(4,1,1
    ,1,1,1,1,1,1,1,1,4),(0.,1.),(0.,3.104927641487E-02,
    8.307130695661E-02,0.538460694375,0.652587881485,0.73073175977,
    0.809172199185,0.870523978485,0.912546033686,0.953945068906,
0.97930048239,1.),.UNSPECIFIED.) GEOMETRIC_REPRESENTATION_ITEM() 
RATIONAL_B_SPLINE_SURFACE((
    (1.,1.,1.,1.,1.,1.,1.,1.,1.,1.,1.,1.000000000001,0.999999999999,1.)
    ,(1.,1.,1.,1.,1.,1.,1.,1.,1.,1.,1.,1.000000000001,0.999999999999,1.)
    ,(1.,1.,1.,1.,1.,1.,1.,1.,1.,1.,1.,1.000000000001,0.999999999999,1.)
    ,(1.,1.,1.,1.,1.,1.,1.,1.,1.,1.,1.,1.000000000001,0.999999999999,1.)
    ,(1.,1.,1.,1.,1.,1.,1.,1.,1.,1.,1.,1.000000000001,0.999999999999,1.)
    ,(1.,1.,1.,1.,1.,1.,1.,1.,1.,1.,1.,1.000000000001,0.999999999999,1.)
    ,(1.,1.,1.,1.,1.,1.,1.,1.,1.,1.,1.,1.000000000001,0.999999999999,1.)
    ,(1.,1.,1.,1.,1.,1.,1.,1.,1.,1.,1.,1.000000000001,0.999999999999,1.)
    ,(1.,1.,1.,1.,1.,1.,1.,1.,1.,1.,1.,1.000000000001,0.999999999999,1.)
    ,(1.,1.,1.,1.,1.,1.,1.,1.,1.,1.,1.,1.000000000001,0.999999999999,1.)
    ,(1.,1.,1.,1.,1.,1.,1.,1.,1.,1.,1.,1.000000000001,0.999999999999,1.)
    ,(1.,1.,1.,1.,1.,1.,1.,1.,1.,1.,1.,1.000000000001,0.999999999999,1.)
    ,(1.,1.,1.,1.,1.,1.,1.,1.,1.,1.,1.,1.000000000001,0.999999999999,1.)
    ,(1.,1.,1.,1.,1.,1.,1.,1.,1.,1.,1.,1.000000000001,0.999999999999,1.)
    ,(1.,1.,1.,1.,1.,1.,1.,1.,1.,1.,1.,1.000000000001,0.999999999999,1.
))) REPRESENTATION_ITEM('') SURFACE() );
#3050 = CARTESIAN_POINT('',(29.6,-9.91150996027E-15,3.));
#3051 = CARTESIAN_POINT('',(29.537885575909,1.25333361621E-14,
    0.856465080908));
#3052 = CARTESIAN_POINT('',(29.575586023491,-2.940506153371E-14,
    -1.492572880966));
#3053 = CARTESIAN_POINT('',(31.394348306538,1.11953878755E-13,
    25.017310069442));
#3054 = CARTESIAN_POINT('',(29.777247668597,8.405741162248E-14,
    37.153748258035));
#3055 = CARTESIAN_POINT('',(30.067608908072,-5.941344590944E-14,
    59.018256711102));
#3056 = CARTESIAN_POINT('',(27.456639314153,5.387433167207E-14,
    67.226060499564));
#3057 = CARTESIAN_POINT('',(23.904492522923,-5.361417719014E-14,
    72.620678676645));
#3058 = CARTESIAN_POINT('',(20.833845274159,8.483302180963E-15,
    76.940742483101));
#3059 = CARTESIAN_POINT('',(18.757014062493,8.914390676923E-15,
    80.778135232866));
#3060 = CARTESIAN_POINT('',(18.49113498241,1.305116836249E-14,
    84.716641404595));
#3061 = CARTESIAN_POINT('',(20.144283145714,2.741485174406E-15,
    86.869620199129));
#3062 = CARTESIAN_POINT('',(20.578396445269,-1.06878621637E-15,
    88.055412311558));
#3063 = CARTESIAN_POINT('',(20.1,2.68333970625E-15,89.));
#3064 = CARTESIAN_POINT('',(29.600000000002,13.284448935188,3.));
#3065 = CARTESIAN_POINT('',(29.537885575911,13.256572046847,
    0.856465080908));
#3066 = CARTESIAN_POINT('',(29.575586023493,13.273491968151,
    -1.492572880967));
#3067 = CARTESIAN_POINT('',(31.394348306554,14.089750572031,
    25.017310069443));
#3068 = CARTESIAN_POINT('',(29.777247668611,13.363997502836,
    37.153748258027));
#3069 = CARTESIAN_POINT('',(30.067608908071,13.494311322383,
    59.018256711114));
#3070 = CARTESIAN_POINT('',(27.456639314162,12.322510908816,
    67.226060499562));
#3071 = CARTESIAN_POINT('',(23.904492522923,10.728311156828,
    72.620678676642));
#3072 = CARTESIAN_POINT('',(20.833845274182,9.350207894208,
    76.940742483108));
#3073 = CARTESIAN_POINT('',(18.757014062461,8.418128225979,
    80.778135232852));
#3074 = CARTESIAN_POINT('',(18.491134982531,8.298801973996,
    84.716641404619));
#3075 = CARTESIAN_POINT('',(20.144283145488,9.040733134451,
    86.869620199012));
#3076 = CARTESIAN_POINT('',(20.578396445669,9.235562728207,
    88.055412311766));
#3077 = CARTESIAN_POINT('',(20.100000000001,9.020858905314,
    88.999999999996));
#3078 = CARTESIAN_POINT('',(23.179334908491,26.568902773953,
    2.999999999999));
#3079 = CARTESIAN_POINT('',(23.130693995022,26.513148986972,
    0.85646508091));
#3080 = CARTESIAN_POINT('',(23.160216674104,26.546988835844,
    -1.492572880968));
#3081 = CARTESIAN_POINT('',(24.584463298273,28.179506344812,
    25.017310069451));
#3082 = CARTESIAN_POINT('',(23.318135012235,26.727999938611,
    37.153748258079));
#3083 = CARTESIAN_POINT('',(23.545512728988,26.988627625793,
    59.018256711054));
#3084 = CARTESIAN_POINT('',(21.500899936614,24.645026366099,
    67.226060499579));
#3085 = CARTESIAN_POINT('',(18.719264797495,21.45662627374,
    72.620678676651));
#3086 = CARTESIAN_POINT('',(16.314685035153,18.70041923976,
    76.940742483108));
#3087 = CARTESIAN_POINT('',(14.688348339101,16.836259559291,
    80.778135232857));
#3088 = CARTESIAN_POINT('',(14.480142249804,16.597607011142,
    84.716641404738));
#3089 = CARTESIAN_POINT('',(15.774698835354,18.081469606232,
    86.869620199178));
#3090 = CARTESIAN_POINT('',(16.114646725823,18.471128865102,
    88.055412311489));
#3091 = CARTESIAN_POINT('',(15.740021339891,18.041721140419,
    89.000000000027));
#3092 = CARTESIAN_POINT('',(10.337996517278,36.491452658563,
    3.000000000002));
#3093 = CARTESIAN_POINT('',(10.316302642285,36.414876794858,
    0.85646508089));
#3094 = CARTESIAN_POINT('',(10.329469773886,36.46135463598,
    -1.492572880952));
#3095 = CARTESIAN_POINT('',(10.964684576391,38.703559965511,
    25.017310069385));
#3096 = CARTESIAN_POINT('',(10.399901442421,36.709967013545,
    37.153748257907));
#3097 = CARTESIAN_POINT('',(10.501312032896,37.067929967097,
    59.018256711219));
#3098 = CARTESIAN_POINT('',(9.589413567825,33.849076138438,
    67.226060499498));
#3099 = CARTESIAN_POINT('',(8.348802717928,29.469920852212,
    72.620678676629));
#3100 = CARTESIAN_POINT('',(7.27635878001,25.684367517508,
    76.940742483004));
#3101 = CARTESIAN_POINT('',(6.551011690994,23.124009820208,
    80.778135232981));
#3102 = CARTESIAN_POINT('',(6.458151657197,22.796228946439,
    84.716641403807));
#3103 = CARTESIAN_POINT('',(7.03552462838,24.834261984891,
    86.869620199699));
#3104 = CARTESIAN_POINT('',(7.187141580622,25.369445259158,
    88.055412310421));
#3105 = CARTESIAN_POINT('',(7.020058445843,24.779668866122,
    88.999999999892));
#3106 = CARTESIAN_POINT('',(-7.003674196217,39.690568836458,
    2.999999999998));
#3107 = CARTESIAN_POINT('',(-6.988977264158,39.6072797545,0.856465080943
    ));
#3108 = CARTESIAN_POINT('',(-6.997897590206,39.657832194084,
    -1.492572880994));
#3109 = CARTESIAN_POINT('',(-7.42823605249,42.096606166442,
    25.01731006957));
#3110 = CARTESIAN_POINT('',(-7.045612876286,39.928239809147,
    37.153748258308));
#3111 = CARTESIAN_POINT('',(-7.114315427358,40.317584497007,
    59.018256710918));
#3112 = CARTESIAN_POINT('',(-6.496532306851,36.816541645669,
    67.226060499729));
#3113 = CARTESIAN_POINT('',(-5.656056670929,32.053476553566,
    72.620678676762));
#3114 = CARTESIAN_POINT('',(-4.929508937815,27.936053039898,
    76.94074248328));
#3115 = CARTESIAN_POINT('',(-4.438108628042,25.151235061228,
    80.778135232921));
#3116 = CARTESIAN_POINT('',(-4.375198815602,24.79471844193,
    84.716641405557));
#3117 = CARTESIAN_POINT('',(-4.766351218457,27.011420839738,
    86.869620199451));
#3118 = CARTESIAN_POINT('',(-4.869067033217,27.593522319424,
    88.055412311439));
#3119 = CARTESIAN_POINT('',(-4.755873356187,26.952041676104,
    89.000000000305));
#3120 = CARTESIAN_POINT('',(-25.00535954802,34.009715085887,
    2.999999999999));
#3121 = CARTESIAN_POINT('',(-24.95288679437,33.938347049926,
    0.856465080842));
#3122 = CARTESIAN_POINT('',(-24.98473521492,33.981663991736,
    -1.492572880913));
#3123 = CARTESIAN_POINT('',(-26.52118132301,36.071379771251,
    25.017310069188));
#3124 = CARTESIAN_POINT('',(-25.15509406392,34.213368555769,
    37.153748257575));
#3125 = CARTESIAN_POINT('',(-25.40038417223,34.546986901385,
    59.018256711312));
#3126 = CARTESIAN_POINT('',(-23.19470060896,31.547043253302,
    67.226060499228));
#3127 = CARTESIAN_POINT('',(-20.19393345755,27.465708782778,
    72.620678676386));
#3128 = CARTESIAN_POINT('',(-17.59992540003,23.937606145966,
    76.940742482668));
#3129 = CARTESIAN_POINT('',(-15.84546894173,21.551375139454,
    80.778135232703));
#3130 = CARTESIAN_POINT('',(-15.6208607661,21.245886228948,
    84.716641402837));
#3131 = CARTESIAN_POINT('',(-17.01740009786,23.145315215627,
    86.86962019875));
#3132 = CARTESIAN_POINT('',(-17.38412844736,23.644101353017,
    88.055412311176));
#3133 = CARTESIAN_POINT('',(-16.97999077421,23.094434906299,
    88.999999999358));
#3134 = CARTESIAN_POINT('',(-38.74763436898,19.710203259846,
    3.000000000004));
#3135 = CARTESIAN_POINT('',(-38.66632399759,19.668842181252,
    0.856465080976));
#3136 = CARTESIAN_POINT('',(-38.71567545558,19.693946353187,
    -1.492572881024));
#3137 = CARTESIAN_POINT('',(-41.09651113042,20.905033321281,
    25.017310069757));
#3138 = CARTESIAN_POINT('',(-38.9796589592,19.828229867131,
    37.153748258665));
#3139 = CARTESIAN_POINT('',(-39.35975392961,20.021577132121,
    59.018256710945));
#3140 = CARTESIAN_POINT('',(-35.94188584976,18.282971003518,
    67.226060500078));
#3141 = CARTESIAN_POINT('',(-31.29197756963,15.917648866892,
    72.620678677104));
#3142 = CARTESIAN_POINT('',(-27.27237227,13.872950170088,76.940742483793
    ));
#3143 = CARTESIAN_POINT('',(-24.55371360654,12.490018909312,
    80.778135233347));
#3144 = CARTESIAN_POINT('',(-24.20566680328,12.312973952827,
    84.716641406623));
#3145 = CARTESIAN_POINT('',(-26.36970668769,13.413780923099,
    86.869620200479));
#3146 = CARTESIAN_POINT('',(-26.93797909961,13.702850564314,
    88.055412310964));
#3147 = CARTESIAN_POINT('',(-26.31173820318,13.384293429826,
    89.000000001042));
#3148 = CARTESIAN_POINT('',(-43.92132662075,3.670450610116E-10,
    2.999999999992));
#3149 = CARTESIAN_POINT('',(-43.82915946167,4.542988944467E-10,
    0.856465080837));
#3150 = CARTESIAN_POINT('',(-43.88510046416,2.767328280983E-10,
    -1.492572880906));
#3151 = CARTESIAN_POINT('',(-46.58383195905,1.23608481091E-09,
    25.017310069087));
#3152 = CARTESIAN_POINT('',(-44.1843317805,3.596867997395E-10,
    37.153748257336));
#3153 = CARTESIAN_POINT('',(-44.61517809323,5.526064855019E-10,
    59.018256711159));
#3154 = CARTESIAN_POINT('',(-40.74094673032,7.320298398355E-10,
    67.226060498935));
#3155 = CARTESIAN_POINT('',(-35.47016972279,-9.761681766376E-11,
    72.620678676067));
#3156 = CARTESIAN_POINT('',(-30.91385550823,4.028266367681E-10,
    76.940742482143));
#3157 = CARTESIAN_POINT('',(-27.83219395474,3.698715818302E-10,
    80.778135232271));
#3158 = CARTESIAN_POINT('',(-27.43767497106,4.645501594803E-10,
    84.716641402092));
#3159 = CARTESIAN_POINT('',(-29.89066349911,2.492914607416E-10,
    86.869620198078));
#3160 = CARTESIAN_POINT('',(-30.53481323093,1.677479953449E-10,
    88.055412311073));
#3161 = CARTESIAN_POINT('',(-29.82495490135,2.474749294379E-10,
    88.99999999867));
#3162 = CARTESIAN_POINT('',(-38.74763436899,-19.71020326052,
    3.000000000009));
#3163 = CARTESIAN_POINT('',(-38.6663239976,-19.66884218208,
    0.856465080967));
#3164 = CARTESIAN_POINT('',(-38.71567545559,-19.69394635369,
    -1.492572881018));
#3165 = CARTESIAN_POINT('',(-41.09651113047,-20.90503332353,
    25.017310069763));
#3166 = CARTESIAN_POINT('',(-38.97965895922,-19.82822986779,
    37.153748258669));
#3167 = CARTESIAN_POINT('',(-39.35975392962,-20.02157713313,
    59.018256711143));
#3168 = CARTESIAN_POINT('',(-35.94188584977,-18.28297100485,
    67.226060500169));
#3169 = CARTESIAN_POINT('',(-31.29197756964,-15.91764886671,
    72.620678677238));
#3170 = CARTESIAN_POINT('',(-27.27237227,-13.87295017082,76.940742484096
    ));
#3171 = CARTESIAN_POINT('',(-24.55371360651,-12.49001890997,
    80.77813523354));
#3172 = CARTESIAN_POINT('',(-24.20566680332,-12.31297395371,
    84.716641406805));
#3173 = CARTESIAN_POINT('',(-26.36970668758,-13.41378092348,
    86.869620200237));
#3174 = CARTESIAN_POINT('',(-26.93797909981,-13.70285056475,
    88.055412312008));
#3175 = CARTESIAN_POINT('',(-26.31173820317,-13.38429343028,
    89.000000001353));
#3176 = CARTESIAN_POINT('',(-25.00535954799,-34.00971508536,
    2.999999999992));
#3177 = CARTESIAN_POINT('',(-24.95288679435,-33.93834704928,
    0.856465080864));
#3178 = CARTESIAN_POINT('',(-24.9847352149,-33.98166399134,
    -1.492572880928));
#3179 = CARTESIAN_POINT('',(-26.52118132294,-36.07137976954,
    25.017310069199));
#3180 = CARTESIAN_POINT('',(-25.15509406389,-34.21336855526,
    37.153748257569));
#3181 = CARTESIAN_POINT('',(-25.4003841722,-34.54698690061,
    59.018256711016));
#3182 = CARTESIAN_POINT('',(-23.19470060894,-31.54704325228,
    67.226060499095));
#3183 = CARTESIAN_POINT('',(-20.19393345753,-27.46570878289,
    72.620678676164));
#3184 = CARTESIAN_POINT('',(-17.59992540005,-23.9376061454,
    76.940742482278));
#3185 = CARTESIAN_POINT('',(-15.84546894172,-21.55137513893,
    80.778135232272));
#3186 = CARTESIAN_POINT('',(-15.62086076621,-21.24588622832,
    84.716641403015));
#3187 = CARTESIAN_POINT('',(-17.01740009769,-23.14531521523,
    86.869620198185));
#3188 = CARTESIAN_POINT('',(-17.38412844767,-23.64410135284,
    88.055412311254));
#3189 = CARTESIAN_POINT('',(-16.97999077422,-23.09443490594,
    88.999999998899));
#3190 = CARTESIAN_POINT('',(-7.003674196235,-39.69056883678,
    3.000000000005));
#3191 = CARTESIAN_POINT('',(-6.988977264175,-39.60727975489,
    0.856465080926));
#3192 = CARTESIAN_POINT('',(-6.997897590224,-39.65783219434,
    -1.492572880983));
#3193 = CARTESIAN_POINT('',(-7.428236052546,-42.09660616746,
    25.01731006957));
#3194 = CARTESIAN_POINT('',(-7.045612876311,-39.92823980946,
    37.153748258317));
#3195 = CARTESIAN_POINT('',(-7.114315427384,-40.31758449748,
    59.018256711181));
#3196 = CARTESIAN_POINT('',(-6.49653230687,-36.8165416463,
    67.226060499855));
#3197 = CARTESIAN_POINT('',(-5.656056670936,-32.05347655349,
    72.620678676948));
#3198 = CARTESIAN_POINT('',(-4.929508937803,-27.93605304025,
    76.94074248365));
#3199 = CARTESIAN_POINT('',(-4.438108628026,-25.15123506153,
    80.778135233246));
#3200 = CARTESIAN_POINT('',(-4.37519881559,-24.79471844237,
    84.716641405589));
#3201 = CARTESIAN_POINT('',(-4.766351218437,-27.01142083985,
    86.8696201996));
#3202 = CARTESIAN_POINT('',(-4.869067033246,-27.59352231976,
    88.055412312017));
#3203 = CARTESIAN_POINT('',(-4.755873356183,-26.95204167632,
    89.000000000713));
#3204 = CARTESIAN_POINT('',(10.33799651729,-36.49145265839,
    2.999999999997));
#3205 = CARTESIAN_POINT('',(10.316302642297,-36.41487679465,
    0.856465080896));
#3206 = CARTESIAN_POINT('',(10.329469773897,-36.46135463585,
    -1.492572880956));
#3207 = CARTESIAN_POINT('',(10.964684576424,-38.703559965,
    25.017310069372));
#3208 = CARTESIAN_POINT('',(10.399901442434,-36.70996701338,
    37.153748257903));
#3209 = CARTESIAN_POINT('',(10.501312032913,-37.06792996686,
    59.018256711055));
#3210 = CARTESIAN_POINT('',(9.589413567836,-33.84907613812,
    67.226060499422));
#3211 = CARTESIAN_POINT('',(8.348802717934,-29.46992085224,
    72.620678676493));
#3212 = CARTESIAN_POINT('',(7.276358779999,-25.68436751733,
    76.940742482832));
#3213 = CARTESIAN_POINT('',(6.551011690993,-23.12400982004,
    80.778135232648));
#3214 = CARTESIAN_POINT('',(6.458151657163,-22.79622894625,
    84.716641404199));
#3215 = CARTESIAN_POINT('',(7.035524628421,-24.83426198475,
    86.869620198763));
#3216 = CARTESIAN_POINT('',(7.187141580547,-25.36944525911,
    88.05541231155));
#3217 = CARTESIAN_POINT('',(7.020058445842,-24.77966886601,
    88.999999999642));
#3218 = CARTESIAN_POINT('',(23.179334908486,-26.56890277401,
    3.000000000001));
#3219 = CARTESIAN_POINT('',(23.130693995016,-26.51314898704,
    0.856465080908));
#3220 = CARTESIAN_POINT('',(23.1602166741,-26.54698883589,
    -1.492572880967));
#3221 = CARTESIAN_POINT('',(24.584463298257,-28.17950634498,
    25.017310069456));
#3222 = CARTESIAN_POINT('',(23.318135012231,-26.72799993866,
    37.153748258082));
#3223 = CARTESIAN_POINT('',(23.54551272898,-26.98862762587,
    59.018256711122));
#3224 = CARTESIAN_POINT('',(21.500899936608,-24.64502636621,
    67.226060499613));
#3225 = CARTESIAN_POINT('',(18.719264797495,-21.45662627373,
    72.620678676705));
#3226 = CARTESIAN_POINT('',(16.314685035152,-18.70041923981,
    76.940742483186));
#3227 = CARTESIAN_POINT('',(14.688348339114,-16.83625955935,
    80.778135232979));
#3228 = CARTESIAN_POINT('',(14.480142249778,-16.59760701119,
    84.716641404631));
#3229 = CARTESIAN_POINT('',(15.774698835415,-18.0814696063,
    86.869620199462));
#3230 = CARTESIAN_POINT('',(16.114646725714,-18.47112886507,
    88.05541231121));
#3231 = CARTESIAN_POINT('',(15.740021339891,-18.04172114046,
    89.000000000131));
#3232 = CARTESIAN_POINT('',(29.600000000003,-13.28444893517,3.));
#3233 = CARTESIAN_POINT('',(29.537885575913,-13.25657204683,
    0.856465080906));
#3234 = CARTESIAN_POINT('',(29.575586023494,-13.27349196814,
    -1.492572880965));
#3235 = CARTESIAN_POINT('',(31.394348306559,-14.08975057199,
    25.017310069435));
#3236 = CARTESIAN_POINT('',(29.77724766861,-13.36399750282,
    37.153748258026));
#3237 = CARTESIAN_POINT('',(30.067608908074,-13.49431132236,
    59.018256711098));
#3238 = CARTESIAN_POINT('',(27.456639314161,-12.32251090879,
    67.226060499553));
#3239 = CARTESIAN_POINT('',(23.904492522928,-10.72831115683,
    72.620678676632));
#3240 = CARTESIAN_POINT('',(20.833845274168,-9.350207894186,
    76.940742483083));
#3241 = CARTESIAN_POINT('',(18.757014062493,-8.418128225987,
    80.77813523284));
#3242 = CARTESIAN_POINT('',(18.491134982429,-8.298801973916,
    84.716641404592));
#3243 = CARTESIAN_POINT('',(20.144283145691,-9.040733134573,
    86.86962019905));
#3244 = CARTESIAN_POINT('',(20.578396445309,-9.235562727968,
    88.055412311645));
#3245 = CARTESIAN_POINT('',(20.100000000001,-9.020858905305,
    88.999999999971));
#3246 = CARTESIAN_POINT('',(29.6,5.635545884131E-15,3.));
#3247 = CARTESIAN_POINT('',(29.537885575907,1.876818850211E-15,
    0.856465080907));
#3248 = CARTESIAN_POINT('',(29.575586023493,6.017073571902E-15,
    -1.492572880966));
#3249 = CARTESIAN_POINT('',(31.394348306533,6.365068067046E-14,
    25.017310069439));
#3250 = CARTESIAN_POINT('',(29.777247668599,5.832193250597E-15,
    37.153748258036));
#3251 = CARTESIAN_POINT('',(30.067608908071,2.619750693708E-14,
    59.018256711102));
#3252 = CARTESIAN_POINT('',(27.456639314156,6.297259880015E-15,
    67.226060499564));
#3253 = CARTESIAN_POINT('',(23.904492522914,3.41339674621E-15,
    72.620678676644));
#3254 = CARTESIAN_POINT('',(20.833845274181,-1.787178869842E-14,
    76.940742483104));
#3255 = CARTESIAN_POINT('',(18.757014062439,-1.569561630701E-15,
    80.778135232858));
#3256 = CARTESIAN_POINT('',(18.491134982578,4.824676040052E-15,
    84.716641404619));
#3257 = CARTESIAN_POINT('',(20.144283145377,-1.866926857518E-14,
    86.869620199082));
#3258 = CARTESIAN_POINT('',(20.578396445867,-2.554398103652E-14,
    88.055412311641));
#3259 = CARTESIAN_POINT('',(20.1,-1.825369566013E-14,89.));
#3260 = DEFINITIONAL_REPRESENTATION('',(#3261),#3320);
#3261 = B_SPLINE_CURVE_WITH_KNOTS('',8,(#3262,#3263,#3264,#3265,#3266,
    #3267,#3268,#3269,#3270,#3271,#3272,#3273,#3274,#3275,#3276,#3277,
    #3278,#3279,#3280,#3281,#3282,#3283,#3284,#3285,#3286,#3287,#3288,
    #3289,#3290,#3291,#3292,#3293,#3294,#3295,#3296,#3297,#3298,#3299,
    #3300,#3301,#3302,#3303,#3304,#3305,#3306,#3307,#3308,#3309,#3310,
    #3311,#3312,#3313,#3314,#3315,#3316,#3317,#3318,#3319),
  .UNSPECIFIED.,.F.,.F.,(9,7,7,7,7,7,7,7,9),(0.,0.125000004932,
    0.250998987996,0.374999975433,0.499999980445,0.624999985457,
    0.749999990198,0.874999995071,1.),.UNSPECIFIED.);
#3262 = CARTESIAN_POINT('',(1.,3.03086197524E-02));
#3263 = CARTESIAN_POINT('',(0.984378988937,3.03086197524E-02));
#3264 = CARTESIAN_POINT('',(0.968747364489,3.030861975239E-02));
#3265 = CARTESIAN_POINT('',(0.953121547891,3.03086197524E-02));
#3266 = CARTESIAN_POINT('',(0.937499999909,3.030861975239E-02));
#3267 = CARTESIAN_POINT('',(0.921878451831,3.030861975239E-02));
#3268 = CARTESIAN_POINT('',(0.906252636493,3.030861975239E-02));
#3269 = CARTESIAN_POINT('',(0.890621010971,3.030861975239E-02));
#3270 = CARTESIAN_POINT('',(0.859254148647,3.030861975238E-02));
#3271 = CARTESIAN_POINT('',(0.843497252533,3.030861975238E-02));
#3272 = CARTESIAN_POINT('',(0.827746417657,3.030861975238E-02));
#3273 = CARTESIAN_POINT('',(0.812000000127,3.030861975238E-02));
#3274 = CARTESIAN_POINT('',(0.796253582591,3.030861975238E-02));
#3275 = CARTESIAN_POINT('',(0.780502747675,3.030861975238E-02));
#3276 = CARTESIAN_POINT('',(0.764745851495,3.030861975238E-02));
#3277 = CARTESIAN_POINT('',(0.733503834191,3.030861975238E-02));
#3278 = CARTESIAN_POINT('',(0.717997470419,3.030861975238E-02));
#3279 = CARTESIAN_POINT('',(0.702496674334,3.030861975238E-02));
#3280 = CARTESIAN_POINT('',(0.686999999905,3.030861975238E-02));
#3281 = CARTESIAN_POINT('',(0.671503325507,3.030861975238E-02));
#3282 = CARTESIAN_POINT('',(0.656002529451,3.030861975238E-02));
#3283 = CARTESIAN_POINT('',(0.64049616573,3.030861975238E-02));
#3284 = CARTESIAN_POINT('',(0.609378988959,3.030861975238E-02));
#3285 = CARTESIAN_POINT('',(0.593747363372,3.030861975238E-02));
#3286 = CARTESIAN_POINT('',(0.578121547977,3.030861975238E-02));
#3287 = CARTESIAN_POINT('',(0.562500000304,3.030861975238E-02));
#3288 = CARTESIAN_POINT('',(0.546878452565,3.030861975238E-02));
#3289 = CARTESIAN_POINT('',(0.531252637004,3.030861975238E-02));
#3290 = CARTESIAN_POINT('',(0.51562101121,3.030861975238E-02));
#3291 = CARTESIAN_POINT('',(0.48437898879,3.030861975238E-02));
#3292 = CARTESIAN_POINT('',(0.468747362996,3.030861975238E-02));
#3293 = CARTESIAN_POINT('',(0.453121547435,3.030861975238E-02));
#3294 = CARTESIAN_POINT('',(0.437499999697,3.030861975238E-02));
#3295 = CARTESIAN_POINT('',(0.421878452023,3.030861975237E-02));
#3296 = CARTESIAN_POINT('',(0.406252636629,3.030861975237E-02));
#3297 = CARTESIAN_POINT('',(0.390621011041,3.030861975237E-02));
#3298 = CARTESIAN_POINT('',(0.359378988993,3.030861975237E-02));
#3299 = CARTESIAN_POINT('',(0.343747363338,3.030861975237E-02));
#3300 = CARTESIAN_POINT('',(0.328121547845,3.030861975237E-02));
#3301 = CARTESIAN_POINT('',(0.31250000009,3.030861975237E-02));
#3302 = CARTESIAN_POINT('',(0.296878452318,3.030861975237E-02));
#3303 = CARTESIAN_POINT('',(0.281252636789,3.030861975238E-02));
#3304 = CARTESIAN_POINT('',(0.265621011088,3.030861975238E-02));
#3305 = CARTESIAN_POINT('',(0.234378988895,3.030861975238E-02));
#3306 = CARTESIAN_POINT('',(0.218747363197,3.030861975238E-02));
#3307 = CARTESIAN_POINT('',(0.203121547663,3.030861975239E-02));
#3308 = CARTESIAN_POINT('',(0.187499999871,3.030861975239E-02));
#3309 = CARTESIAN_POINT('',(0.171878452089,3.030861975239E-02));
#3310 = CARTESIAN_POINT('',(0.156252636595,3.030861975239E-02));
#3311 = CARTESIAN_POINT('',(0.140621010964,3.03086197524E-02));
#3312 = CARTESIAN_POINT('',(0.109378989029,3.03086197524E-02));
#3313 = CARTESIAN_POINT('',(9.374736350986E-02,3.03086197524E-02));
#3314 = CARTESIAN_POINT('',(7.812154816374E-02,3.030861975241E-02));
#3315 = CARTESIAN_POINT('',(6.250000009721E-02,3.030861975241E-02));
#3316 = CARTESIAN_POINT('',(4.687845210466E-02,3.030861975241E-02));
#3317 = CARTESIAN_POINT('',(3.125263551261E-02,3.030861975241E-02));
#3318 = CARTESIAN_POINT('',(1.562101106291E-02,3.030861975241E-02));
#3319 = CARTESIAN_POINT('',(0.,3.030861975241E-02));
#3320 = ( GEOMETRIC_REPRESENTATION_CONTEXT(2) 
PARAMETRIC_REPRESENTATION_CONTEXT() REPRESENTATION_CONTEXT('2D SPACE',''
  ) );
#3321 = ADVANCED_FACE('',(#3322),#3049,.F.);
#3322 = FACE_BOUND('',#3323,.F.);
#3323 = EDGE_LOOP('',(#3324,#3376,#3408,#3409));
#3324 = ORIENTED_EDGE('',*,*,#3325,.T.);
#3325 = EDGE_CURVE('',#3326,#3326,#3328,.T.);
#3326 = VERTEX_POINT('',#3327);
#3327 = CARTESIAN_POINT('',(29.6,0.,3.));
#3328 = SURFACE_CURVE('',#3329,(#3345,#3352),.PCURVE_S1.);
#3329 = B_SPLINE_CURVE_WITH_KNOTS('',14,(#3330,#3331,#3332,#3333,#3334,
    #3335,#3336,#3337,#3338,#3339,#3340,#3341,#3342,#3343,#3344),
  .UNSPECIFIED.,.T.,.F.,(15,15),(0.,1.),.PIECEWISE_BEZIER_KNOTS.);
#3330 = CARTESIAN_POINT('',(29.6,-9.91150996027E-15,3.));
#3331 = CARTESIAN_POINT('',(29.600000000002,13.284448935188,3.));
#3332 = CARTESIAN_POINT('',(23.179334908491,26.568902773953,
    2.999999999999));
#3333 = CARTESIAN_POINT('',(10.337996517278,36.491452658563,
    3.000000000002));
#3334 = CARTESIAN_POINT('',(-7.003674196217,39.690568836458,
    2.999999999998));
#3335 = CARTESIAN_POINT('',(-25.00535954802,34.009715085887,
    2.999999999999));
#3336 = CARTESIAN_POINT('',(-38.74763436898,19.710203259846,
    3.000000000004));
#3337 = CARTESIAN_POINT('',(-43.92132662075,3.670450610116E-10,
    2.999999999992));
#3338 = CARTESIAN_POINT('',(-38.74763436899,-19.71020326052,
    3.000000000009));
#3339 = CARTESIAN_POINT('',(-25.00535954799,-34.00971508536,
    2.999999999992));
#3340 = CARTESIAN_POINT('',(-7.003674196235,-39.69056883678,
    3.000000000005));
#3341 = CARTESIAN_POINT('',(10.33799651729,-36.49145265839,
    2.999999999997));
#3342 = CARTESIAN_POINT('',(23.179334908486,-26.56890277401,
    3.000000000001));
#3343 = CARTESIAN_POINT('',(29.600000000003,-13.28444893517,3.));
#3344 = CARTESIAN_POINT('',(29.6,5.635545884131E-15,3.));
#3345 = PCURVE('',#3049,#3346);
#3346 = DEFINITIONAL_REPRESENTATION('',(#3347),#3351);
#3347 = LINE('',#3348,#3349);
#3348 = CARTESIAN_POINT('',(0.,0.));
#3349 = VECTOR('',#3350,1.);
#3350 = DIRECTION('',(1.,0.));
#3351 = ( GEOMETRIC_REPRESENTATION_CONTEXT(2) 
PARAMETRIC_REPRESENTATION_CONTEXT() REPRESENTATION_CONTEXT('2D SPACE',''
  ) );
#3352 = PCURVE('',#3353,#3358);
#3353 = PLANE('',#3354);
#3354 = AXIS2_PLACEMENT_3D('',#3355,#3356,#3357);
#3355 = CARTESIAN_POINT('',(29.6,-9.91150996027E-15,3.));
#3356 = DIRECTION('',(7.50150692364E-18,9.40659215894E-18,-1.));
#3357 = DIRECTION('',(-1.,2.274362101345E-16,-7.50150692364E-18));
#3358 = DEFINITIONAL_REPRESENTATION('',(#3359),#3375);
#3359 = B_SPLINE_CURVE_WITH_KNOTS('',14,(#3360,#3361,#3362,#3363,#3364,
    #3365,#3366,#3367,#3368,#3369,#3370,#3371,#3372,#3373,#3374),
  .UNSPECIFIED.,.F.,.F.,(15,15),(0.,1.),.PIECEWISE_BEZIER_KNOTS.);
#3360 = CARTESIAN_POINT('',(0.,0.));
#3361 = CARTESIAN_POINT('',(-2.071232074741E-12,13.284448935188));
#3362 = CARTESIAN_POINT('',(6.420665091509,26.568902773953));
#3363 = CARTESIAN_POINT('',(19.262003482722,36.491452658563));
#3364 = CARTESIAN_POINT('',(36.603674196217,39.690568836458));
#3365 = CARTESIAN_POINT('',(54.60535954802,34.009715085887));
#3366 = CARTESIAN_POINT('',(68.347634368983,19.710203259846));
#3367 = CARTESIAN_POINT('',(73.521326620755,3.670382511097E-10));
#3368 = CARTESIAN_POINT('',(68.347634368998,-19.71020326052));
#3369 = CARTESIAN_POINT('',(54.605359547999,-34.00971508536));
#3370 = CARTESIAN_POINT('',(36.603674196235,-39.69056883678));
#3371 = CARTESIAN_POINT('',(19.26200348271,-36.49145265839));
#3372 = CARTESIAN_POINT('',(6.420665091514,-26.56890277401));
#3373 = CARTESIAN_POINT('',(-3.378630708539E-12,-13.28444893517));
#3374 = CARTESIAN_POINT('',(1.7763568394E-14,1.55470558444E-14));
#3375 = ( GEOMETRIC_REPRESENTATION_CONTEXT(2) 
PARAMETRIC_REPRESENTATION_CONTEXT() REPRESENTATION_CONTEXT('2D SPACE',''
  ) );
#3376 = ORIENTED_EDGE('',*,*,#3377,.T.);
#3377 = EDGE_CURVE('',#3326,#2919,#3378,.T.);
#3378 = SEAM_CURVE('',#3379,(#3394,#3401),.PCURVE_S1.);
#3379 = ( BOUNDED_CURVE() B_SPLINE_CURVE(3,(#3380,#3381,#3382,#3383,
    #3384,#3385,#3386,#3387,#3388,#3389,#3390,#3391,#3392,#3393),
.UNSPECIFIED.,.F.,.F.) B_SPLINE_CURVE_WITH_KNOTS((4,1,1,1,1,1,1,1,1,1,1,
    4),(0.,3.104927641487E-02,8.307130695661E-02,0.538460694375,
    0.652587881485,0.73073175977,0.809172199185,0.870523978485,
0.912546033686,0.953945068906,0.97930048239,1.),.UNSPECIFIED.) CURVE() 
GEOMETRIC_REPRESENTATION_ITEM() RATIONAL_B_SPLINE_CURVE((1.,1.,1.,1.,1.,
    1.,1.,1.,1.,1.,1.,1.000000000001,0.999999999999,1.)) 
REPRESENTATION_ITEM('') );
#3380 = CARTESIAN_POINT('',(29.6,-9.91150996027E-15,3.));
#3381 = CARTESIAN_POINT('',(29.537885575909,1.25333361621E-14,
    0.856465080908));
#3382 = CARTESIAN_POINT('',(29.575586023491,-2.940506153371E-14,
    -1.492572880966));
#3383 = CARTESIAN_POINT('',(31.394348306538,1.11953878755E-13,
    25.017310069442));
#3384 = CARTESIAN_POINT('',(29.777247668597,8.405741162248E-14,
    37.153748258035));
#3385 = CARTESIAN_POINT('',(30.067608908072,-5.941344590944E-14,
    59.018256711102));
#3386 = CARTESIAN_POINT('',(27.456639314153,5.387433167207E-14,
    67.226060499564));
#3387 = CARTESIAN_POINT('',(23.904492522923,-5.361417719014E-14,
    72.620678676645));
#3388 = CARTESIAN_POINT('',(20.833845274159,8.483302180963E-15,
    76.940742483101));
#3389 = CARTESIAN_POINT('',(18.757014062493,8.914390676923E-15,
    80.778135232866));
#3390 = CARTESIAN_POINT('',(18.49113498241,1.305116836249E-14,
    84.716641404595));
#3391 = CARTESIAN_POINT('',(20.144283145714,2.741485174406E-15,
    86.869620199129));
#3392 = CARTESIAN_POINT('',(20.578396445269,-1.06878621637E-15,
    88.055412311558));
#3393 = CARTESIAN_POINT('',(20.1,2.68333970625E-15,89.));
#3394 = PCURVE('',#3049,#3395);
#3395 = DEFINITIONAL_REPRESENTATION('',(#3396),#3400);
#3396 = LINE('',#3397,#3398);
#3397 = CARTESIAN_POINT('',(0.,0.));
#3398 = VECTOR('',#3399,1.);
#3399 = DIRECTION('',(0.,1.));
#3400 = ( GEOMETRIC_REPRESENTATION_CONTEXT(2) 
PARAMETRIC_REPRESENTATION_CONTEXT() REPRESENTATION_CONTEXT('2D SPACE',''
  ) );
#3401 = PCURVE('',#3049,#3402);
#3402 = DEFINITIONAL_REPRESENTATION('',(#3403),#3407);
#3403 = LINE('',#3404,#3405);
#3404 = CARTESIAN_POINT('',(1.,0.));
#3405 = VECTOR('',#3406,1.);
#3406 = DIRECTION('',(0.,1.));
#3407 = ( GEOMETRIC_REPRESENTATION_CONTEXT(2) 
PARAMETRIC_REPRESENTATION_CONTEXT() REPRESENTATION_CONTEXT('2D SPACE',''
  ) );
#3408 = ORIENTED_EDGE('',*,*,#2918,.T.);
#3409 = ORIENTED_EDGE('',*,*,#3377,.F.);
#3410 = ADVANCED_FACE('',(#3411),#3353,.F.);
#3411 = FACE_BOUND('',#3412,.F.);
#3412 = EDGE_LOOP('',(#3413));
#3413 = ORIENTED_EDGE('',*,*,#3325,.F.);
#3414 = ( GEOMETRIC_REPRESENTATION_CONTEXT(3) 
GLOBAL_UNCERTAINTY_ASSIGNED_CONTEXT((#3418)) 
GLOBAL_UNIT_ASSIGNED_CONTEXT((#3415,#3416,#3417)) REPRESENTATION_CONTEXT
('Context #1','3D Context with UNIT and UNCERTAINTY') );
#3415 = ( LENGTH_UNIT() NAMED_UNIT(*) SI_UNIT(.MILLI.,.METRE.) );
#3416 = ( NAMED_UNIT(*) PLANE_ANGLE_UNIT() SI_UNIT($,.RADIAN.) );
#3417 = ( NAMED_UNIT(*) SI_UNIT($,.STERADIAN.) SOLID_ANGLE_UNIT() );
#3418 = UNCERTAINTY_MEASURE_WITH_UNIT(LENGTH_MEASURE(2.E-06),#3415,
  'distance_accuracy_value','confusion accuracy');
#3419 = CONTEXT_DEPENDENT_SHAPE_REPRESENTATION(#3420,#3422);
#3420 = ( REPRESENTATION_RELATIONSHIP('','',#2911,#10) 
REPRESENTATION_RELATIONSHIP_WITH_TRANSFORMATION(#3421) 
SHAPE_REPRESENTATION_RELATIONSHIP() );
#3421 = ITEM_DEFINED_TRANSFORMATION('','',#11,#19);
#3422 = PRODUCT_DEFINITION_SHAPE('Placement','Placement of an item',
  #3423);
#3423 = NEXT_ASSEMBLY_USAGE_OCCURRENCE('2','','',#5,#2906,$);
#3424 = PRODUCT_RELATED_PRODUCT_CATEGORY('part',$,(#2908));
#3425 = SHAPE_DEFINITION_REPRESENTATION(#3426,#3432);
#3426 = PRODUCT_DEFINITION_SHAPE('','',#3427);
#3427 = PRODUCT_DEFINITION('design','',#3428,#3431);
#3428 = PRODUCT_DEFINITION_FORMATION('','',#3429);
#3429 = PRODUCT('Open CASCADE STEP translator 7.9 1.3',
  'Open CASCADE STEP translator 7.9 1.3','',(#3430));
#3430 = PRODUCT_CONTEXT('',#2,'mechanical');
#3431 = PRODUCT_DEFINITION_CONTEXT('part definition',#2,'design');
#3432 = ADVANCED_BREP_SHAPE_REPRESENTATION('',(#11,#3433),#4483);
#3433 = MANIFOLD_SOLID_BREP('',#3434);
#3434 = CLOSED_SHELL('',(#3435,#3557,#3633,#3711,#3789,#3867,#3945,#4023
    ,#4099,#4177,#4255,#4333,#4404,#4451,#4467));
#3435 = ADVANCED_FACE('',(#3436),#3450,.F.);
#3436 = FACE_BOUND('',#3437,.F.);
#3437 = EDGE_LOOP('',(#3438,#3475,#3503,#3531));
#3438 = ORIENTED_EDGE('',*,*,#3439,.T.);
#3439 = EDGE_CURVE('',#3440,#3442,#3444,.T.);
#3440 = VERTEX_POINT('',#3441);
#3441 = CARTESIAN_POINT('',(-8.699462890625,-0.999755859375,0.));
#3442 = VERTEX_POINT('',#3443);
#3443 = CARTESIAN_POINT('',(-8.699462890625,-0.999755859375,-1.6));
#3444 = SURFACE_CURVE('',#3445,(#3449,#3461),.PCURVE_S1.);
#3445 = LINE('',#3446,#3447);
#3446 = CARTESIAN_POINT('',(-8.699462890625,-0.999755859375,0.));
#3447 = VECTOR('',#3448,1.);
#3448 = DIRECTION('',(-0.,-0.,-1.));
#3449 = PCURVE('',#3450,#3455);
#3450 = PLANE('',#3451);
#3451 = AXIS2_PLACEMENT_3D('',#3452,#3453,#3454);
#3452 = CARTESIAN_POINT('',(-8.699462890625,-0.999755859375,0.));
#3453 = DIRECTION('',(1.,0.,0.));
#3454 = DIRECTION('',(-0.,1.,0.));
#3455 = DEFINITIONAL_REPRESENTATION('',(#3456),#3460);
#3456 = LINE('',#3457,#3458);
#3457 = CARTESIAN_POINT('',(0.,0.));
#3458 = VECTOR('',#3459,1.);
#3459 = DIRECTION('',(0.,-1.));
#3460 = ( GEOMETRIC_REPRESENTATION_CONTEXT(2) 
PARAMETRIC_REPRESENTATION_CONTEXT() REPRESENTATION_CONTEXT('2D SPACE',''
  ) );
#3461 = PCURVE('',#3462,#3469);
#3462 = SURFACE_OF_LINEAR_EXTRUSION('',#3463,#3467);
#3463 = B_SPLINE_CURVE_WITH_KNOTS('',2,(#3464,#3465,#3466),
  .UNSPECIFIED.,.F.,.F.,(3,3),(0.,1.),.PIECEWISE_BEZIER_KNOTS.);
#3464 = CARTESIAN_POINT('',(-8.959716796875,-2.48828125,0.));
#3465 = CARTESIAN_POINT('',(-8.699462890625,-2.129638671875,0.));
#3466 = CARTESIAN_POINT('',(-8.699462890625,-0.999755859375,0.));
#3467 = VECTOR('',#3468,1.);
#3468 = DIRECTION('',(0.,0.,1.));
#3469 = DEFINITIONAL_REPRESENTATION('',(#3470),#3474);
#3470 = LINE('',#3471,#3472);
#3471 = CARTESIAN_POINT('',(1.,0.));
#3472 = VECTOR('',#3473,1.);
#3473 = DIRECTION('',(0.,-1.));
#3474 = ( GEOMETRIC_REPRESENTATION_CONTEXT(2) 
PARAMETRIC_REPRESENTATION_CONTEXT() REPRESENTATION_CONTEXT('2D SPACE',''
  ) );
#3475 = ORIENTED_EDGE('',*,*,#3476,.T.);
#3476 = EDGE_CURVE('',#3442,#3477,#3479,.T.);
#3477 = VERTEX_POINT('',#3478);
#3478 = CARTESIAN_POINT('',(-8.699462890625,5.011474609375,-1.6));
#3479 = SURFACE_CURVE('',#3480,(#3484,#3491),.PCURVE_S1.);
#3480 = LINE('',#3481,#3482);
#3481 = CARTESIAN_POINT('',(-8.699462890625,-0.999755859375,-1.6));
#3482 = VECTOR('',#3483,1.);
#3483 = DIRECTION('',(0.,1.,0.));
#3484 = PCURVE('',#3450,#3485);
#3485 = DEFINITIONAL_REPRESENTATION('',(#3486),#3490);
#3486 = LINE('',#3487,#3488);
#3487 = CARTESIAN_POINT('',(0.,-1.6));
#3488 = VECTOR('',#3489,1.);
#3489 = DIRECTION('',(1.,0.));
#3490 = ( GEOMETRIC_REPRESENTATION_CONTEXT(2) 
PARAMETRIC_REPRESENTATION_CONTEXT() REPRESENTATION_CONTEXT('2D SPACE',''
  ) );
#3491 = PCURVE('',#3492,#3497);
#3492 = PLANE('',#3493);
#3493 = AXIS2_PLACEMENT_3D('',#3494,#3495,#3496);
#3494 = CARTESIAN_POINT('',(-13.00317382812,-4.294189453125,-1.6));
#3495 = DIRECTION('',(0.,0.,1.));
#3496 = DIRECTION('',(1.,0.,0.));
#3497 = DEFINITIONAL_REPRESENTATION('',(#3498),#3502);
#3498 = LINE('',#3499,#3500);
#3499 = CARTESIAN_POINT('',(4.3037109375,3.29443359375));
#3500 = VECTOR('',#3501,1.);
#3501 = DIRECTION('',(0.,1.));
#3502 = ( GEOMETRIC_REPRESENTATION_CONTEXT(2) 
PARAMETRIC_REPRESENTATION_CONTEXT() REPRESENTATION_CONTEXT('2D SPACE',''
  ) );
#3503 = ORIENTED_EDGE('',*,*,#3504,.F.);
#3504 = EDGE_CURVE('',#3505,#3477,#3507,.T.);
#3505 = VERTEX_POINT('',#3506);
#3506 = CARTESIAN_POINT('',(-8.699462890625,5.011474609375,0.));
#3507 = SURFACE_CURVE('',#3508,(#3512,#3519),.PCURVE_S1.);
#3508 = LINE('',#3509,#3510);
#3509 = CARTESIAN_POINT('',(-8.699462890625,5.011474609375,0.));
#3510 = VECTOR('',#3511,1.);
#3511 = DIRECTION('',(-0.,-0.,-1.));
#3512 = PCURVE('',#3450,#3513);
#3513 = DEFINITIONAL_REPRESENTATION('',(#3514),#3518);
#3514 = LINE('',#3515,#3516);
#3515 = CARTESIAN_POINT('',(6.01123046875,0.));
#3516 = VECTOR('',#3517,1.);
#3517 = DIRECTION('',(0.,-1.));
#3518 = ( GEOMETRIC_REPRESENTATION_CONTEXT(2) 
PARAMETRIC_REPRESENTATION_CONTEXT() REPRESENTATION_CONTEXT('2D SPACE',''
  ) );
#3519 = PCURVE('',#3520,#3525);
#3520 = PLANE('',#3521);
#3521 = AXIS2_PLACEMENT_3D('',#3522,#3523,#3524);
#3522 = CARTESIAN_POINT('',(-8.699462890625,5.011474609375,0.));
#3523 = DIRECTION('',(0.,-1.,0.));
#3524 = DIRECTION('',(1.,0.,0.));
#3525 = DEFINITIONAL_REPRESENTATION('',(#3526),#3530);
#3526 = LINE('',#3527,#3528);
#3527 = CARTESIAN_POINT('',(0.,0.));
#3528 = VECTOR('',#3529,1.);
#3529 = DIRECTION('',(0.,-1.));
#3530 = ( GEOMETRIC_REPRESENTATION_CONTEXT(2) 
PARAMETRIC_REPRESENTATION_CONTEXT() REPRESENTATION_CONTEXT('2D SPACE',''
  ) );
#3531 = ORIENTED_EDGE('',*,*,#3532,.F.);
#3532 = EDGE_CURVE('',#3440,#3505,#3533,.T.);
#3533 = SURFACE_CURVE('',#3534,(#3538,#3545),.PCURVE_S1.);
#3534 = LINE('',#3535,#3536);
#3535 = CARTESIAN_POINT('',(-8.699462890625,-0.999755859375,0.));
#3536 = VECTOR('',#3537,1.);
#3537 = DIRECTION('',(0.,1.,0.));
#3538 = PCURVE('',#3450,#3539);
#3539 = DEFINITIONAL_REPRESENTATION('',(#3540),#3544);
#3540 = LINE('',#3541,#3542);
#3541 = CARTESIAN_POINT('',(0.,0.));
#3542 = VECTOR('',#3543,1.);
#3543 = DIRECTION('',(1.,0.));
#3544 = ( GEOMETRIC_REPRESENTATION_CONTEXT(2) 
PARAMETRIC_REPRESENTATION_CONTEXT() REPRESENTATION_CONTEXT('2D SPACE',''
  ) );
#3545 = PCURVE('',#3546,#3551);
#3546 = PLANE('',#3547);
#3547 = AXIS2_PLACEMENT_3D('',#3548,#3549,#3550);
#3548 = CARTESIAN_POINT('',(-13.00317382812,-4.294189453125,0.));
#3549 = DIRECTION('',(0.,0.,1.));
#3550 = DIRECTION('',(1.,0.,0.));
#3551 = DEFINITIONAL_REPRESENTATION('',(#3552),#3556);
#3552 = LINE('',#3553,#3554);
#3553 = CARTESIAN_POINT('',(4.3037109375,3.29443359375));
#3554 = VECTOR('',#3555,1.);
#3555 = DIRECTION('',(0.,1.));
#3556 = ( GEOMETRIC_REPRESENTATION_CONTEXT(2) 
PARAMETRIC_REPRESENTATION_CONTEXT() REPRESENTATION_CONTEXT('2D SPACE',''
  ) );
#3557 = ADVANCED_FACE('',(#3558),#3520,.F.);
#3558 = FACE_BOUND('',#3559,.F.);
#3559 = EDGE_LOOP('',(#3560,#3561,#3584,#3612));
#3560 = ORIENTED_EDGE('',*,*,#3504,.T.);
#3561 = ORIENTED_EDGE('',*,*,#3562,.T.);
#3562 = EDGE_CURVE('',#3477,#3563,#3565,.T.);
#3563 = VERTEX_POINT('',#3564);
#3564 = CARTESIAN_POINT('',(-6.826904296875,5.011474609375,-1.6));
#3565 = SURFACE_CURVE('',#3566,(#3570,#3577),.PCURVE_S1.);
#3566 = LINE('',#3567,#3568);
#3567 = CARTESIAN_POINT('',(-8.699462890625,5.011474609375,-1.6));
#3568 = VECTOR('',#3569,1.);
#3569 = DIRECTION('',(1.,0.,0.));
#3570 = PCURVE('',#3520,#3571);
#3571 = DEFINITIONAL_REPRESENTATION('',(#3572),#3576);
#3572 = LINE('',#3573,#3574);
#3573 = CARTESIAN_POINT('',(0.,-1.6));
#3574 = VECTOR('',#3575,1.);
#3575 = DIRECTION('',(1.,0.));
#3576 = ( GEOMETRIC_REPRESENTATION_CONTEXT(2) 
PARAMETRIC_REPRESENTATION_CONTEXT() REPRESENTATION_CONTEXT('2D SPACE',''
  ) );
#3577 = PCURVE('',#3492,#3578);
#3578 = DEFINITIONAL_REPRESENTATION('',(#3579),#3583);
#3579 = LINE('',#3580,#3581);
#3580 = CARTESIAN_POINT('',(4.3037109375,9.3056640625));
#3581 = VECTOR('',#3582,1.);
#3582 = DIRECTION('',(1.,0.));
#3583 = ( GEOMETRIC_REPRESENTATION_CONTEXT(2) 
PARAMETRIC_REPRESENTATION_CONTEXT() REPRESENTATION_CONTEXT('2D SPACE',''
  ) );
#3584 = ORIENTED_EDGE('',*,*,#3585,.F.);
#3585 = EDGE_CURVE('',#3586,#3563,#3588,.T.);
#3586 = VERTEX_POINT('',#3587);
#3587 = CARTESIAN_POINT('',(-6.826904296875,5.011474609375,0.));
#3588 = SURFACE_CURVE('',#3589,(#3593,#3600),.PCURVE_S1.);
#3589 = LINE('',#3590,#3591);
#3590 = CARTESIAN_POINT('',(-6.826904296875,5.011474609375,0.));
#3591 = VECTOR('',#3592,1.);
#3592 = DIRECTION('',(-0.,-0.,-1.));
#3593 = PCURVE('',#3520,#3594);
#3594 = DEFINITIONAL_REPRESENTATION('',(#3595),#3599);
#3595 = LINE('',#3596,#3597);
#3596 = CARTESIAN_POINT('',(1.87255859375,0.));
#3597 = VECTOR('',#3598,1.);
#3598 = DIRECTION('',(0.,-1.));
#3599 = ( GEOMETRIC_REPRESENTATION_CONTEXT(2) 
PARAMETRIC_REPRESENTATION_CONTEXT() REPRESENTATION_CONTEXT('2D SPACE',''
  ) );
#3600 = PCURVE('',#3601,#3606);
#3601 = PLANE('',#3602);
#3602 = AXIS2_PLACEMENT_3D('',#3603,#3604,#3605);
#3603 = CARTESIAN_POINT('',(-6.826904296875,5.011474609375,0.));
#3604 = DIRECTION('',(-1.,0.,0.));
#3605 = DIRECTION('',(0.,-1.,0.));
#3606 = DEFINITIONAL_REPRESENTATION('',(#3607),#3611);
#3607 = LINE('',#3608,#3609);
#3608 = CARTESIAN_POINT('',(0.,0.));
#3609 = VECTOR('',#3610,1.);
#3610 = DIRECTION('',(0.,-1.));
#3611 = ( GEOMETRIC_REPRESENTATION_CONTEXT(2) 
PARAMETRIC_REPRESENTATION_CONTEXT() REPRESENTATION_CONTEXT('2D SPACE',''
  ) );
#3612 = ORIENTED_EDGE('',*,*,#3613,.F.);
#3613 = EDGE_CURVE('',#3505,#3586,#3614,.T.);
#3614 = SURFACE_CURVE('',#3615,(#3619,#3626),.PCURVE_S1.);
#3615 = LINE('',#3616,#3617);
#3616 = CARTESIAN_POINT('',(-8.699462890625,5.011474609375,0.));
#3617 = VECTOR('',#3618,1.);
#3618 = DIRECTION('',(1.,0.,0.));
#3619 = PCURVE('',#3520,#3620);
#3620 = DEFINITIONAL_REPRESENTATION('',(#3621),#3625);
#3621 = LINE('',#3622,#3623);
#3622 = CARTESIAN_POINT('',(0.,0.));
#3623 = VECTOR('',#3624,1.);
#3624 = DIRECTION('',(1.,0.));
#3625 = ( GEOMETRIC_REPRESENTATION_CONTEXT(2) 
PARAMETRIC_REPRESENTATION_CONTEXT() REPRESENTATION_CONTEXT('2D SPACE',''
  ) );
#3626 = PCURVE('',#3546,#3627);
#3627 = DEFINITIONAL_REPRESENTATION('',(#3628),#3632);
#3628 = LINE('',#3629,#3630);
#3629 = CARTESIAN_POINT('',(4.3037109375,9.3056640625));
#3630 = VECTOR('',#3631,1.);
#3631 = DIRECTION('',(1.,0.));
#3632 = ( GEOMETRIC_REPRESENTATION_CONTEXT(2) 
PARAMETRIC_REPRESENTATION_CONTEXT() REPRESENTATION_CONTEXT('2D SPACE',''
  ) );
#3633 = ADVANCED_FACE('',(#3634),#3601,.F.);
#3634 = FACE_BOUND('',#3635,.F.);
#3635 = EDGE_LOOP('',(#3636,#3637,#3660,#3690));
#3636 = ORIENTED_EDGE('',*,*,#3585,.T.);
#3637 = ORIENTED_EDGE('',*,*,#3638,.T.);
#3638 = EDGE_CURVE('',#3563,#3639,#3641,.T.);
#3639 = VERTEX_POINT('',#3640);
#3640 = CARTESIAN_POINT('',(-6.826904296875,-0.879150390625,-1.6));
#3641 = SURFACE_CURVE('',#3642,(#3646,#3653),.PCURVE_S1.);
#3642 = LINE('',#3643,#3644);
#3643 = CARTESIAN_POINT('',(-6.826904296875,5.011474609375,-1.6));
#3644 = VECTOR('',#3645,1.);
#3645 = DIRECTION('',(0.,-1.,0.));
#3646 = PCURVE('',#3601,#3647);
#3647 = DEFINITIONAL_REPRESENTATION('',(#3648),#3652);
#3648 = LINE('',#3649,#3650);
#3649 = CARTESIAN_POINT('',(0.,-1.6));
#3650 = VECTOR('',#3651,1.);
#3651 = DIRECTION('',(1.,0.));
#3652 = ( GEOMETRIC_REPRESENTATION_CONTEXT(2) 
PARAMETRIC_REPRESENTATION_CONTEXT() REPRESENTATION_CONTEXT('2D SPACE',''
  ) );
#3653 = PCURVE('',#3492,#3654);
#3654 = DEFINITIONAL_REPRESENTATION('',(#3655),#3659);
#3655 = LINE('',#3656,#3657);
#3656 = CARTESIAN_POINT('',(6.17626953125,9.3056640625));
#3657 = VECTOR('',#3658,1.);
#3658 = DIRECTION('',(0.,-1.));
#3659 = ( GEOMETRIC_REPRESENTATION_CONTEXT(2) 
PARAMETRIC_REPRESENTATION_CONTEXT() REPRESENTATION_CONTEXT('2D SPACE',''
  ) );
#3660 = ORIENTED_EDGE('',*,*,#3661,.F.);
#3661 = EDGE_CURVE('',#3662,#3639,#3664,.T.);
#3662 = VERTEX_POINT('',#3663);
#3663 = CARTESIAN_POINT('',(-6.826904296875,-0.879150390625,0.));
#3664 = SURFACE_CURVE('',#3665,(#3669,#3676),.PCURVE_S1.);
#3665 = LINE('',#3666,#3667);
#3666 = CARTESIAN_POINT('',(-6.826904296875,-0.879150390625,0.));
#3667 = VECTOR('',#3668,1.);
#3668 = DIRECTION('',(-0.,-0.,-1.));
#3669 = PCURVE('',#3601,#3670);
#3670 = DEFINITIONAL_REPRESENTATION('',(#3671),#3675);
#3671 = LINE('',#3672,#3673);
#3672 = CARTESIAN_POINT('',(5.890625,0.));
#3673 = VECTOR('',#3674,1.);
#3674 = DIRECTION('',(0.,-1.));
#3675 = ( GEOMETRIC_REPRESENTATION_CONTEXT(2) 
PARAMETRIC_REPRESENTATION_CONTEXT() REPRESENTATION_CONTEXT('2D SPACE',''
  ) );
#3676 = PCURVE('',#3677,#3684);
#3677 = SURFACE_OF_LINEAR_EXTRUSION('',#3678,#3682);
#3678 = B_SPLINE_CURVE_WITH_KNOTS('',2,(#3679,#3680,#3681),
  .UNSPECIFIED.,.F.,.F.,(3,3),(0.,1.),.PIECEWISE_BEZIER_KNOTS.);
#3679 = CARTESIAN_POINT('',(-6.826904296875,-0.879150390625,0.));
#3680 = CARTESIAN_POINT('',(-6.826904296875,-2.034423828125,0.));
#3681 = CARTESIAN_POINT('',(-7.030029296875,-2.656494140625,0.));
#3682 = VECTOR('',#3683,1.);
#3683 = DIRECTION('',(0.,0.,1.));
#3684 = DEFINITIONAL_REPRESENTATION('',(#3685),#3689);
#3685 = LINE('',#3686,#3687);
#3686 = CARTESIAN_POINT('',(0.,0.));
#3687 = VECTOR('',#3688,1.);
#3688 = DIRECTION('',(0.,-1.));
#3689 = ( GEOMETRIC_REPRESENTATION_CONTEXT(2) 
PARAMETRIC_REPRESENTATION_CONTEXT() REPRESENTATION_CONTEXT('2D SPACE',''
  ) );
#3690 = ORIENTED_EDGE('',*,*,#3691,.F.);
#3691 = EDGE_CURVE('',#3586,#3662,#3692,.T.);
#3692 = SURFACE_CURVE('',#3693,(#3697,#3704),.PCURVE_S1.);
#3693 = LINE('',#3694,#3695);
#3694 = CARTESIAN_POINT('',(-6.826904296875,5.011474609375,0.));
#3695 = VECTOR('',#3696,1.);
#3696 = DIRECTION('',(0.,-1.,0.));
#3697 = PCURVE('',#3601,#3698);
#3698 = DEFINITIONAL_REPRESENTATION('',(#3699),#3703);
#3699 = LINE('',#3700,#3701);
#3700 = CARTESIAN_POINT('',(0.,0.));
#3701 = VECTOR('',#3702,1.);
#3702 = DIRECTION('',(1.,0.));
#3703 = ( GEOMETRIC_REPRESENTATION_CONTEXT(2) 
PARAMETRIC_REPRESENTATION_CONTEXT() REPRESENTATION_CONTEXT('2D SPACE',''
  ) );
#3704 = PCURVE('',#3546,#3705);
#3705 = DEFINITIONAL_REPRESENTATION('',(#3706),#3710);
#3706 = LINE('',#3707,#3708);
#3707 = CARTESIAN_POINT('',(6.17626953125,9.3056640625));
#3708 = VECTOR('',#3709,1.);
#3709 = DIRECTION('',(0.,-1.));
#3710 = ( GEOMETRIC_REPRESENTATION_CONTEXT(2) 
PARAMETRIC_REPRESENTATION_CONTEXT() REPRESENTATION_CONTEXT('2D SPACE',''
  ) );
#3711 = ADVANCED_FACE('',(#3712),#3677,.F.);
#3712 = FACE_BOUND('',#3713,.F.);
#3713 = EDGE_LOOP('',(#3714,#3715,#3738,#3768));
#3714 = ORIENTED_EDGE('',*,*,#3661,.T.);
#3715 = ORIENTED_EDGE('',*,*,#3716,.T.);
#3716 = EDGE_CURVE('',#3639,#3717,#3719,.T.);
#3717 = VERTEX_POINT('',#3718);
#3718 = CARTESIAN_POINT('',(-7.030029296875,-2.656494140625,-1.6));
#3719 = SURFACE_CURVE('',#3720,(#3724,#3731),.PCURVE_S1.);
#3720 = B_SPLINE_CURVE_WITH_KNOTS('',2,(#3721,#3722,#3723),
  .UNSPECIFIED.,.F.,.F.,(3,3),(0.,1.),.PIECEWISE_BEZIER_KNOTS.);
#3721 = CARTESIAN_POINT('',(-6.826904296875,-0.879150390625,-1.6));
#3722 = CARTESIAN_POINT('',(-6.826904296875,-2.034423828125,-1.6));
#3723 = CARTESIAN_POINT('',(-7.030029296875,-2.656494140625,-1.6));
#3724 = PCURVE('',#3677,#3725);
#3725 = DEFINITIONAL_REPRESENTATION('',(#3726),#3730);
#3726 = LINE('',#3727,#3728);
#3727 = CARTESIAN_POINT('',(0.,-1.6));
#3728 = VECTOR('',#3729,1.);
#3729 = DIRECTION('',(1.,0.));
#3730 = ( GEOMETRIC_REPRESENTATION_CONTEXT(2) 
PARAMETRIC_REPRESENTATION_CONTEXT() REPRESENTATION_CONTEXT('2D SPACE',''
  ) );
#3731 = PCURVE('',#3492,#3732);
#3732 = DEFINITIONAL_REPRESENTATION('',(#3733),#3737);
#3733 = B_SPLINE_CURVE_WITH_KNOTS('',2,(#3734,#3735,#3736),
  .UNSPECIFIED.,.F.,.F.,(3,3),(0.,1.),.PIECEWISE_BEZIER_KNOTS.);
#3734 = CARTESIAN_POINT('',(6.17626953125,3.4150390625));
#3735 = CARTESIAN_POINT('',(6.17626953125,2.259765625));
#3736 = CARTESIAN_POINT('',(5.97314453125,1.6376953125));
#3737 = ( GEOMETRIC_REPRESENTATION_CONTEXT(2) 
PARAMETRIC_REPRESENTATION_CONTEXT() REPRESENTATION_CONTEXT('2D SPACE',''
  ) );
#3738 = ORIENTED_EDGE('',*,*,#3739,.F.);
#3739 = EDGE_CURVE('',#3740,#3717,#3742,.T.);
#3740 = VERTEX_POINT('',#3741);
#3741 = CARTESIAN_POINT('',(-7.030029296875,-2.656494140625,0.));
#3742 = SURFACE_CURVE('',#3743,(#3747,#3754),.PCURVE_S1.);
#3743 = LINE('',#3744,#3745);
#3744 = CARTESIAN_POINT('',(-7.030029296875,-2.656494140625,0.));
#3745 = VECTOR('',#3746,1.);
#3746 = DIRECTION('',(-0.,-0.,-1.));
#3747 = PCURVE('',#3677,#3748);
#3748 = DEFINITIONAL_REPRESENTATION('',(#3749),#3753);
#3749 = LINE('',#3750,#3751);
#3750 = CARTESIAN_POINT('',(1.,0.));
#3751 = VECTOR('',#3752,1.);
#3752 = DIRECTION('',(0.,-1.));
#3753 = ( GEOMETRIC_REPRESENTATION_CONTEXT(2) 
PARAMETRIC_REPRESENTATION_CONTEXT() REPRESENTATION_CONTEXT('2D SPACE',''
  ) );
#3754 = PCURVE('',#3755,#3762);
#3755 = SURFACE_OF_LINEAR_EXTRUSION('',#3756,#3760);
#3756 = B_SPLINE_CURVE_WITH_KNOTS('',2,(#3757,#3758,#3759),
  .UNSPECIFIED.,.F.,.F.,(3,3),(0.,1.),.PIECEWISE_BEZIER_KNOTS.);
#3757 = CARTESIAN_POINT('',(-7.030029296875,-2.656494140625,0.));
#3758 = CARTESIAN_POINT('',(-7.302978515625,-3.468994140625,0.));
#3759 = CARTESIAN_POINT('',(-8.020263671875,-3.9609375,0.));
#3760 = VECTOR('',#3761,1.);
#3761 = DIRECTION('',(0.,0.,1.));
#3762 = DEFINITIONAL_REPRESENTATION('',(#3763),#3767);
#3763 = LINE('',#3764,#3765);
#3764 = CARTESIAN_POINT('',(0.,0.));
#3765 = VECTOR('',#3766,1.);
#3766 = DIRECTION('',(0.,-1.));
#3767 = ( GEOMETRIC_REPRESENTATION_CONTEXT(2) 
PARAMETRIC_REPRESENTATION_CONTEXT() REPRESENTATION_CONTEXT('2D SPACE',''
  ) );
#3768 = ORIENTED_EDGE('',*,*,#3769,.F.);
#3769 = EDGE_CURVE('',#3662,#3740,#3770,.T.);
#3770 = SURFACE_CURVE('',#3771,(#3775,#3782),.PCURVE_S1.);
#3771 = B_SPLINE_CURVE_WITH_KNOTS('',2,(#3772,#3773,#3774),
  .UNSPECIFIED.,.F.,.F.,(3,3),(0.,1.),.PIECEWISE_BEZIER_KNOTS.);
#3772 = CARTESIAN_POINT('',(-6.826904296875,-0.879150390625,0.));
#3773 = CARTESIAN_POINT('',(-6.826904296875,-2.034423828125,0.));
#3774 = CARTESIAN_POINT('',(-7.030029296875,-2.656494140625,0.));
#3775 = PCURVE('',#3677,#3776);
#3776 = DEFINITIONAL_REPRESENTATION('',(#3777),#3781);
#3777 = LINE('',#3778,#3779);
#3778 = CARTESIAN_POINT('',(0.,0.));
#3779 = VECTOR('',#3780,1.);
#3780 = DIRECTION('',(1.,0.));
#3781 = ( GEOMETRIC_REPRESENTATION_CONTEXT(2) 
PARAMETRIC_REPRESENTATION_CONTEXT() REPRESENTATION_CONTEXT('2D SPACE',''
  ) );
#3782 = PCURVE('',#3546,#3783);
#3783 = DEFINITIONAL_REPRESENTATION('',(#3784),#3788);
#3784 = B_SPLINE_CURVE_WITH_KNOTS('',2,(#3785,#3786,#3787),
  .UNSPECIFIED.,.F.,.F.,(3,3),(0.,1.),.PIECEWISE_BEZIER_KNOTS.);
#3785 = CARTESIAN_POINT('',(6.17626953125,3.4150390625));
#3786 = CARTESIAN_POINT('',(6.17626953125,2.259765625));
#3787 = CARTESIAN_POINT('',(5.97314453125,1.6376953125));
#3788 = ( GEOMETRIC_REPRESENTATION_CONTEXT(2) 
PARAMETRIC_REPRESENTATION_CONTEXT() REPRESENTATION_CONTEXT('2D SPACE',''
  ) );
#3789 = ADVANCED_FACE('',(#3790),#3755,.F.);
#3790 = FACE_BOUND('',#3791,.F.);
#3791 = EDGE_LOOP('',(#3792,#3793,#3816,#3846));
#3792 = ORIENTED_EDGE('',*,*,#3739,.T.);
#3793 = ORIENTED_EDGE('',*,*,#3794,.T.);
#3794 = EDGE_CURVE('',#3717,#3795,#3797,.T.);
#3795 = VERTEX_POINT('',#3796);
#3796 = CARTESIAN_POINT('',(-8.020263671875,-3.9609375,-1.6));
#3797 = SURFACE_CURVE('',#3798,(#3802,#3809),.PCURVE_S1.);
#3798 = B_SPLINE_CURVE_WITH_KNOTS('',2,(#3799,#3800,#3801),
  .UNSPECIFIED.,.F.,.F.,(3,3),(0.,1.),.PIECEWISE_BEZIER_KNOTS.);
#3799 = CARTESIAN_POINT('',(-7.030029296875,-2.656494140625,-1.6));
#3800 = CARTESIAN_POINT('',(-7.302978515625,-3.468994140625,-1.6));
#3801 = CARTESIAN_POINT('',(-8.020263671875,-3.9609375,-1.6));
#3802 = PCURVE('',#3755,#3803);
#3803 = DEFINITIONAL_REPRESENTATION('',(#3804),#3808);
#3804 = LINE('',#3805,#3806);
#3805 = CARTESIAN_POINT('',(0.,-1.6));
#3806 = VECTOR('',#3807,1.);
#3807 = DIRECTION('',(1.,0.));
#3808 = ( GEOMETRIC_REPRESENTATION_CONTEXT(2) 
PARAMETRIC_REPRESENTATION_CONTEXT() REPRESENTATION_CONTEXT('2D SPACE',''
  ) );
#3809 = PCURVE('',#3492,#3810);
#3810 = DEFINITIONAL_REPRESENTATION('',(#3811),#3815);
#3811 = B_SPLINE_CURVE_WITH_KNOTS('',2,(#3812,#3813,#3814),
  .UNSPECIFIED.,.F.,.F.,(3,3),(0.,1.),.PIECEWISE_BEZIER_KNOTS.);
#3812 = CARTESIAN_POINT('',(5.97314453125,1.6376953125));
#3813 = CARTESIAN_POINT('',(5.7001953125,0.8251953125));
#3814 = CARTESIAN_POINT('',(4.98291015625,0.333251953125));
#3815 = ( GEOMETRIC_REPRESENTATION_CONTEXT(2) 
PARAMETRIC_REPRESENTATION_CONTEXT() REPRESENTATION_CONTEXT('2D SPACE',''
  ) );
#3816 = ORIENTED_EDGE('',*,*,#3817,.F.);
#3817 = EDGE_CURVE('',#3818,#3795,#3820,.T.);
#3818 = VERTEX_POINT('',#3819);
#3819 = CARTESIAN_POINT('',(-8.020263671875,-3.9609375,0.));
#3820 = SURFACE_CURVE('',#3821,(#3825,#3832),.PCURVE_S1.);
#3821 = LINE('',#3822,#3823);
#3822 = CARTESIAN_POINT('',(-8.020263671875,-3.9609375,0.));
#3823 = VECTOR('',#3824,1.);
#3824 = DIRECTION('',(-0.,-0.,-1.));
#3825 = PCURVE('',#3755,#3826);
#3826 = DEFINITIONAL_REPRESENTATION('',(#3827),#3831);
#3827 = LINE('',#3828,#3829);
#3828 = CARTESIAN_POINT('',(1.,0.));
#3829 = VECTOR('',#3830,1.);
#3830 = DIRECTION('',(0.,-1.));
#3831 = ( GEOMETRIC_REPRESENTATION_CONTEXT(2) 
PARAMETRIC_REPRESENTATION_CONTEXT() REPRESENTATION_CONTEXT('2D SPACE',''
  ) );
#3832 = PCURVE('',#3833,#3840);
#3833 = SURFACE_OF_LINEAR_EXTRUSION('',#3834,#3838);
#3834 = B_SPLINE_CURVE_WITH_KNOTS('',2,(#3835,#3836,#3837),
  .UNSPECIFIED.,.F.,.F.,(3,3),(0.,1.),.PIECEWISE_BEZIER_KNOTS.);
#3835 = CARTESIAN_POINT('',(-8.020263671875,-3.9609375,0.));
#3836 = CARTESIAN_POINT('',(-8.737548828125,-4.452880859375,0.));
#3837 = CARTESIAN_POINT('',(-9.911865234375,-4.452880859375,0.));
#3838 = VECTOR('',#3839,1.);
#3839 = DIRECTION('',(0.,0.,1.));
#3840 = DEFINITIONAL_REPRESENTATION('',(#3841),#3845);
#3841 = LINE('',#3842,#3843);
#3842 = CARTESIAN_POINT('',(0.,0.));
#3843 = VECTOR('',#3844,1.);
#3844 = DIRECTION('',(0.,-1.));
#3845 = ( GEOMETRIC_REPRESENTATION_CONTEXT(2) 
PARAMETRIC_REPRESENTATION_CONTEXT() REPRESENTATION_CONTEXT('2D SPACE',''
  ) );
#3846 = ORIENTED_EDGE('',*,*,#3847,.F.);
#3847 = EDGE_CURVE('',#3740,#3818,#3848,.T.);
#3848 = SURFACE_CURVE('',#3849,(#3853,#3860),.PCURVE_S1.);
#3849 = B_SPLINE_CURVE_WITH_KNOTS('',2,(#3850,#3851,#3852),
  .UNSPECIFIED.,.F.,.F.,(3,3),(0.,1.),.PIECEWISE_BEZIER_KNOTS.);
#3850 = CARTESIAN_POINT('',(-7.030029296875,-2.656494140625,0.));
#3851 = CARTESIAN_POINT('',(-7.302978515625,-3.468994140625,0.));
#3852 = CARTESIAN_POINT('',(-8.020263671875,-3.9609375,0.));
#3853 = PCURVE('',#3755,#3854);
#3854 = DEFINITIONAL_REPRESENTATION('',(#3855),#3859);
#3855 = LINE('',#3856,#3857);
#3856 = CARTESIAN_POINT('',(0.,0.));
#3857 = VECTOR('',#3858,1.);
#3858 = DIRECTION('',(1.,0.));
#3859 = ( GEOMETRIC_REPRESENTATION_CONTEXT(2) 
PARAMETRIC_REPRESENTATION_CONTEXT() REPRESENTATION_CONTEXT('2D SPACE',''
  ) );
#3860 = PCURVE('',#3546,#3861);
#3861 = DEFINITIONAL_REPRESENTATION('',(#3862),#3866);
#3862 = B_SPLINE_CURVE_WITH_KNOTS('',2,(#3863,#3864,#3865),
  .UNSPECIFIED.,.F.,.F.,(3,3),(0.,1.),.PIECEWISE_BEZIER_KNOTS.);
#3863 = CARTESIAN_POINT('',(5.97314453125,1.6376953125));
#3864 = CARTESIAN_POINT('',(5.7001953125,0.8251953125));
#3865 = CARTESIAN_POINT('',(4.98291015625,0.333251953125));
#3866 = ( GEOMETRIC_REPRESENTATION_CONTEXT(2) 
PARAMETRIC_REPRESENTATION_CONTEXT() REPRESENTATION_CONTEXT('2D SPACE',''
  ) );
#3867 = ADVANCED_FACE('',(#3868),#3833,.F.);
#3868 = FACE_BOUND('',#3869,.F.);
#3869 = EDGE_LOOP('',(#3870,#3871,#3894,#3924));
#3870 = ORIENTED_EDGE('',*,*,#3817,.T.);
#3871 = ORIENTED_EDGE('',*,*,#3872,.T.);
#3872 = EDGE_CURVE('',#3795,#3873,#3875,.T.);
#3873 = VERTEX_POINT('',#3874);
#3874 = CARTESIAN_POINT('',(-9.911865234375,-4.452880859375,-1.6));
#3875 = SURFACE_CURVE('',#3876,(#3880,#3887),.PCURVE_S1.);
#3876 = B_SPLINE_CURVE_WITH_KNOTS('',2,(#3877,#3878,#3879),
  .UNSPECIFIED.,.F.,.F.,(3,3),(0.,1.),.PIECEWISE_BEZIER_KNOTS.);
#3877 = CARTESIAN_POINT('',(-8.020263671875,-3.9609375,-1.6));
#3878 = CARTESIAN_POINT('',(-8.737548828125,-4.452880859375,-1.6));
#3879 = CARTESIAN_POINT('',(-9.911865234375,-4.452880859375,-1.6));
#3880 = PCURVE('',#3833,#3881);
#3881 = DEFINITIONAL_REPRESENTATION('',(#3882),#3886);
#3882 = LINE('',#3883,#3884);
#3883 = CARTESIAN_POINT('',(0.,-1.6));
#3884 = VECTOR('',#3885,1.);
#3885 = DIRECTION('',(1.,0.));
#3886 = ( GEOMETRIC_REPRESENTATION_CONTEXT(2) 
PARAMETRIC_REPRESENTATION_CONTEXT() REPRESENTATION_CONTEXT('2D SPACE',''
  ) );
#3887 = PCURVE('',#3492,#3888);
#3888 = DEFINITIONAL_REPRESENTATION('',(#3889),#3893);
#3889 = B_SPLINE_CURVE_WITH_KNOTS('',2,(#3890,#3891,#3892),
  .UNSPECIFIED.,.F.,.F.,(3,3),(0.,1.),.PIECEWISE_BEZIER_KNOTS.);
#3890 = CARTESIAN_POINT('',(4.98291015625,0.333251953125));
#3891 = CARTESIAN_POINT('',(4.265625,-0.15869140625));
#3892 = CARTESIAN_POINT('',(3.09130859375,-0.15869140625));
#3893 = ( GEOMETRIC_REPRESENTATION_CONTEXT(2) 
PARAMETRIC_REPRESENTATION_CONTEXT() REPRESENTATION_CONTEXT('2D SPACE',''
  ) );
#3894 = ORIENTED_EDGE('',*,*,#3895,.F.);
#3895 = EDGE_CURVE('',#3896,#3873,#3898,.T.);
#3896 = VERTEX_POINT('',#3897);
#3897 = CARTESIAN_POINT('',(-9.911865234375,-4.452880859375,0.));
#3898 = SURFACE_CURVE('',#3899,(#3903,#3910),.PCURVE_S1.);
#3899 = LINE('',#3900,#3901);
#3900 = CARTESIAN_POINT('',(-9.911865234375,-4.452880859375,0.));
#3901 = VECTOR('',#3902,1.);
#3902 = DIRECTION('',(-0.,-0.,-1.));
#3903 = PCURVE('',#3833,#3904);
#3904 = DEFINITIONAL_REPRESENTATION('',(#3905),#3909);
#3905 = LINE('',#3906,#3907);
#3906 = CARTESIAN_POINT('',(1.,0.));
#3907 = VECTOR('',#3908,1.);
#3908 = DIRECTION('',(0.,-1.));
#3909 = ( GEOMETRIC_REPRESENTATION_CONTEXT(2) 
PARAMETRIC_REPRESENTATION_CONTEXT() REPRESENTATION_CONTEXT('2D SPACE',''
  ) );
#3910 = PCURVE('',#3911,#3918);
#3911 = SURFACE_OF_LINEAR_EXTRUSION('',#3912,#3916);
#3912 = B_SPLINE_CURVE_WITH_KNOTS('',2,(#3913,#3914,#3915),
  .UNSPECIFIED.,.F.,.F.,(3,3),(0.,1.),.PIECEWISE_BEZIER_KNOTS.);
#3913 = CARTESIAN_POINT('',(-9.911865234375,-4.452880859375,0.));
#3914 = CARTESIAN_POINT('',(-11.28930664062,-4.452880859375,0.));
#3915 = CARTESIAN_POINT('',(-12.03198242187,-3.681640625,0.));
#3916 = VECTOR('',#3917,1.);
#3917 = DIRECTION('',(0.,0.,1.));
#3918 = DEFINITIONAL_REPRESENTATION('',(#3919),#3923);
#3919 = LINE('',#3920,#3921);
#3920 = CARTESIAN_POINT('',(0.,0.));
#3921 = VECTOR('',#3922,1.);
#3922 = DIRECTION('',(0.,-1.));
#3923 = ( GEOMETRIC_REPRESENTATION_CONTEXT(2) 
PARAMETRIC_REPRESENTATION_CONTEXT() REPRESENTATION_CONTEXT('2D SPACE',''
  ) );
#3924 = ORIENTED_EDGE('',*,*,#3925,.F.);
#3925 = EDGE_CURVE('',#3818,#3896,#3926,.T.);
#3926 = SURFACE_CURVE('',#3927,(#3931,#3938),.PCURVE_S1.);
#3927 = B_SPLINE_CURVE_WITH_KNOTS('',2,(#3928,#3929,#3930),
  .UNSPECIFIED.,.F.,.F.,(3,3),(0.,1.),.PIECEWISE_BEZIER_KNOTS.);
#3928 = CARTESIAN_POINT('',(-8.020263671875,-3.9609375,0.));
#3929 = CARTESIAN_POINT('',(-8.737548828125,-4.452880859375,0.));
#3930 = CARTESIAN_POINT('',(-9.911865234375,-4.452880859375,0.));
#3931 = PCURVE('',#3833,#3932);
#3932 = DEFINITIONAL_REPRESENTATION('',(#3933),#3937);
#3933 = LINE('',#3934,#3935);
#3934 = CARTESIAN_POINT('',(0.,0.));
#3935 = VECTOR('',#3936,1.);
#3936 = DIRECTION('',(1.,0.));
#3937 = ( GEOMETRIC_REPRESENTATION_CONTEXT(2) 
PARAMETRIC_REPRESENTATION_CONTEXT() REPRESENTATION_CONTEXT('2D SPACE',''
  ) );
#3938 = PCURVE('',#3546,#3939);
#3939 = DEFINITIONAL_REPRESENTATION('',(#3940),#3944);
#3940 = B_SPLINE_CURVE_WITH_KNOTS('',2,(#3941,#3942,#3943),
  .UNSPECIFIED.,.F.,.F.,(3,3),(0.,1.),.PIECEWISE_BEZIER_KNOTS.);
#3941 = CARTESIAN_POINT('',(4.98291015625,0.333251953125));
#3942 = CARTESIAN_POINT('',(4.265625,-0.15869140625));
#3943 = CARTESIAN_POINT('',(3.09130859375,-0.15869140625));
#3944 = ( GEOMETRIC_REPRESENTATION_CONTEXT(2) 
PARAMETRIC_REPRESENTATION_CONTEXT() REPRESENTATION_CONTEXT('2D SPACE',''
  ) );
#3945 = ADVANCED_FACE('',(#3946),#3911,.F.);
#3946 = FACE_BOUND('',#3947,.F.);
#3947 = EDGE_LOOP('',(#3948,#3949,#3972,#4002));
#3948 = ORIENTED_EDGE('',*,*,#3895,.T.);
#3949 = ORIENTED_EDGE('',*,*,#3950,.T.);
#3950 = EDGE_CURVE('',#3873,#3951,#3953,.T.);
#3951 = VERTEX_POINT('',#3952);
#3952 = CARTESIAN_POINT('',(-12.03198242187,-3.681640625,-1.6));
#3953 = SURFACE_CURVE('',#3954,(#3958,#3965),.PCURVE_S1.);
#3954 = B_SPLINE_CURVE_WITH_KNOTS('',2,(#3955,#3956,#3957),
  .UNSPECIFIED.,.F.,.F.,(3,3),(0.,1.),.PIECEWISE_BEZIER_KNOTS.);
#3955 = CARTESIAN_POINT('',(-9.911865234375,-4.452880859375,-1.6));
#3956 = CARTESIAN_POINT('',(-11.28930664062,-4.452880859375,-1.6));
#3957 = CARTESIAN_POINT('',(-12.03198242187,-3.681640625,-1.6));
#3958 = PCURVE('',#3911,#3959);
#3959 = DEFINITIONAL_REPRESENTATION('',(#3960),#3964);
#3960 = LINE('',#3961,#3962);
#3961 = CARTESIAN_POINT('',(0.,-1.6));
#3962 = VECTOR('',#3963,1.);
#3963 = DIRECTION('',(1.,0.));
#3964 = ( GEOMETRIC_REPRESENTATION_CONTEXT(2) 
PARAMETRIC_REPRESENTATION_CONTEXT() REPRESENTATION_CONTEXT('2D SPACE',''
  ) );
#3965 = PCURVE('',#3492,#3966);
#3966 = DEFINITIONAL_REPRESENTATION('',(#3967),#3971);
#3967 = B_SPLINE_CURVE_WITH_KNOTS('',2,(#3968,#3969,#3970),
  .UNSPECIFIED.,.F.,.F.,(3,3),(0.,1.),.PIECEWISE_BEZIER_KNOTS.);
#3968 = CARTESIAN_POINT('',(3.09130859375,-0.15869140625));
#3969 = CARTESIAN_POINT('',(1.7138671875,-0.15869140625));
#3970 = CARTESIAN_POINT('',(0.97119140625,0.612548828125));
#3971 = ( GEOMETRIC_REPRESENTATION_CONTEXT(2) 
PARAMETRIC_REPRESENTATION_CONTEXT() REPRESENTATION_CONTEXT('2D SPACE',''
  ) );
#3972 = ORIENTED_EDGE('',*,*,#3973,.F.);
#3973 = EDGE_CURVE('',#3974,#3951,#3976,.T.);
#3974 = VERTEX_POINT('',#3975);
#3975 = CARTESIAN_POINT('',(-12.03198242187,-3.681640625,0.));
#3976 = SURFACE_CURVE('',#3977,(#3981,#3988),.PCURVE_S1.);
#3977 = LINE('',#3978,#3979);
#3978 = CARTESIAN_POINT('',(-12.03198242187,-3.681640625,0.));
#3979 = VECTOR('',#3980,1.);
#3980 = DIRECTION('',(-0.,-0.,-1.));
#3981 = PCURVE('',#3911,#3982);
#3982 = DEFINITIONAL_REPRESENTATION('',(#3983),#3987);
#3983 = LINE('',#3984,#3985);
#3984 = CARTESIAN_POINT('',(1.,0.));
#3985 = VECTOR('',#3986,1.);
#3986 = DIRECTION('',(0.,-1.));
#3987 = ( GEOMETRIC_REPRESENTATION_CONTEXT(2) 
PARAMETRIC_REPRESENTATION_CONTEXT() REPRESENTATION_CONTEXT('2D SPACE',''
  ) );
#3988 = PCURVE('',#3989,#3996);
#3989 = SURFACE_OF_LINEAR_EXTRUSION('',#3990,#3994);
#3990 = B_SPLINE_CURVE_WITH_KNOTS('',2,(#3991,#3992,#3993),
  .UNSPECIFIED.,.F.,.F.,(3,3),(0.,1.),.PIECEWISE_BEZIER_KNOTS.);
#3991 = CARTESIAN_POINT('',(-12.03198242187,-3.681640625,0.));
#3992 = CARTESIAN_POINT('',(-12.77465820312,-2.910400390625,0.));
#3993 = CARTESIAN_POINT('',(-12.78100585937,-1.418701171875,0.));
#3994 = VECTOR('',#3995,1.);
#3995 = DIRECTION('',(0.,0.,1.));
#3996 = DEFINITIONAL_REPRESENTATION('',(#3997),#4001);
#3997 = LINE('',#3998,#3999);
#3998 = CARTESIAN_POINT('',(0.,0.));
#3999 = VECTOR('',#4000,1.);
#4000 = DIRECTION('',(0.,-1.));
#4001 = ( GEOMETRIC_REPRESENTATION_CONTEXT(2) 
PARAMETRIC_REPRESENTATION_CONTEXT() REPRESENTATION_CONTEXT('2D SPACE',''
  ) );
#4002 = ORIENTED_EDGE('',*,*,#4003,.F.);
#4003 = EDGE_CURVE('',#3896,#3974,#4004,.T.);
#4004 = SURFACE_CURVE('',#4005,(#4009,#4016),.PCURVE_S1.);
#4005 = B_SPLINE_CURVE_WITH_KNOTS('',2,(#4006,#4007,#4008),
  .UNSPECIFIED.,.F.,.F.,(3,3),(0.,1.),.PIECEWISE_BEZIER_KNOTS.);
#4006 = CARTESIAN_POINT('',(-9.911865234375,-4.452880859375,0.));
#4007 = CARTESIAN_POINT('',(-11.28930664062,-4.452880859375,0.));
#4008 = CARTESIAN_POINT('',(-12.03198242187,-3.681640625,0.));
#4009 = PCURVE('',#3911,#4010);
#4010 = DEFINITIONAL_REPRESENTATION('',(#4011),#4015);
#4011 = LINE('',#4012,#4013);
#4012 = CARTESIAN_POINT('',(0.,0.));
#4013 = VECTOR('',#4014,1.);
#4014 = DIRECTION('',(1.,0.));
#4015 = ( GEOMETRIC_REPRESENTATION_CONTEXT(2) 
PARAMETRIC_REPRESENTATION_CONTEXT() REPRESENTATION_CONTEXT('2D SPACE',''
  ) );
#4016 = PCURVE('',#3546,#4017);
#4017 = DEFINITIONAL_REPRESENTATION('',(#4018),#4022);
#4018 = B_SPLINE_CURVE_WITH_KNOTS('',2,(#4019,#4020,#4021),
  .UNSPECIFIED.,.F.,.F.,(3,3),(0.,1.),.PIECEWISE_BEZIER_KNOTS.);
#4019 = CARTESIAN_POINT('',(3.09130859375,-0.15869140625));
#4020 = CARTESIAN_POINT('',(1.7138671875,-0.15869140625));
#4021 = CARTESIAN_POINT('',(0.97119140625,0.612548828125));
#4022 = ( GEOMETRIC_REPRESENTATION_CONTEXT(2) 
PARAMETRIC_REPRESENTATION_CONTEXT() REPRESENTATION_CONTEXT('2D SPACE',''
  ) );
#4023 = ADVANCED_FACE('',(#4024),#3989,.F.);
#4024 = FACE_BOUND('',#4025,.F.);
#4025 = EDGE_LOOP('',(#4026,#4027,#4050,#4078));
#4026 = ORIENTED_EDGE('',*,*,#3973,.T.);
#4027 = ORIENTED_EDGE('',*,*,#4028,.T.);
#4028 = EDGE_CURVE('',#3951,#4029,#4031,.T.);
#4029 = VERTEX_POINT('',#4030);
#4030 = CARTESIAN_POINT('',(-12.78100585937,-1.418701171875,-1.6));
#4031 = SURFACE_CURVE('',#4032,(#4036,#4043),.PCURVE_S1.);
#4032 = B_SPLINE_CURVE_WITH_KNOTS('',2,(#4033,#4034,#4035),
  .UNSPECIFIED.,.F.,.F.,(3,3),(0.,1.),.PIECEWISE_BEZIER_KNOTS.);
#4033 = CARTESIAN_POINT('',(-12.03198242187,-3.681640625,-1.6));
#4034 = CARTESIAN_POINT('',(-12.77465820312,-2.910400390625,-1.6));
#4035 = CARTESIAN_POINT('',(-12.78100585937,-1.418701171875,-1.6));
#4036 = PCURVE('',#3989,#4037);
#4037 = DEFINITIONAL_REPRESENTATION('',(#4038),#4042);
#4038 = LINE('',#4039,#4040);
#4039 = CARTESIAN_POINT('',(0.,-1.6));
#4040 = VECTOR('',#4041,1.);
#4041 = DIRECTION('',(1.,0.));
#4042 = ( GEOMETRIC_REPRESENTATION_CONTEXT(2) 
PARAMETRIC_REPRESENTATION_CONTEXT() REPRESENTATION_CONTEXT('2D SPACE',''
  ) );
#4043 = PCURVE('',#3492,#4044);
#4044 = DEFINITIONAL_REPRESENTATION('',(#4045),#4049);
#4045 = B_SPLINE_CURVE_WITH_KNOTS('',2,(#4046,#4047,#4048),
  .UNSPECIFIED.,.F.,.F.,(3,3),(0.,1.),.PIECEWISE_BEZIER_KNOTS.);
#4046 = CARTESIAN_POINT('',(0.97119140625,0.612548828125));
#4047 = CARTESIAN_POINT('',(0.228515625,1.3837890625));
#4048 = CARTESIAN_POINT('',(0.22216796875,2.87548828125));
#4049 = ( GEOMETRIC_REPRESENTATION_CONTEXT(2) 
PARAMETRIC_REPRESENTATION_CONTEXT() REPRESENTATION_CONTEXT('2D SPACE',''
  ) );
#4050 = ORIENTED_EDGE('',*,*,#4051,.F.);
#4051 = EDGE_CURVE('',#4052,#4029,#4054,.T.);
#4052 = VERTEX_POINT('',#4053);
#4053 = CARTESIAN_POINT('',(-12.78100585937,-1.418701171875,0.));
#4054 = SURFACE_CURVE('',#4055,(#4059,#4066),.PCURVE_S1.);
#4055 = LINE('',#4056,#4057);
#4056 = CARTESIAN_POINT('',(-12.78100585937,-1.418701171875,0.));
#4057 = VECTOR('',#4058,1.);
#4058 = DIRECTION('',(-0.,-0.,-1.));
#4059 = PCURVE('',#3989,#4060);
#4060 = DEFINITIONAL_REPRESENTATION('',(#4061),#4065);
#4061 = LINE('',#4062,#4063);
#4062 = CARTESIAN_POINT('',(1.,0.));
#4063 = VECTOR('',#4064,1.);
#4064 = DIRECTION('',(0.,-1.));
#4065 = ( GEOMETRIC_REPRESENTATION_CONTEXT(2) 
PARAMETRIC_REPRESENTATION_CONTEXT() REPRESENTATION_CONTEXT('2D SPACE',''
  ) );
#4066 = PCURVE('',#4067,#4072);
#4067 = PLANE('',#4068);
#4068 = AXIS2_PLACEMENT_3D('',#4069,#4070,#4071);
#4069 = CARTESIAN_POINT('',(-12.78100585937,-1.418701171875,0.));
#4070 = DIRECTION('',(0.113948293227,-0.993486681577,0.));
#4071 = DIRECTION('',(0.993486681577,0.113948293227,0.));
#4072 = DEFINITIONAL_REPRESENTATION('',(#4073),#4077);
#4073 = LINE('',#4074,#4075);
#4074 = CARTESIAN_POINT('',(0.,0.));
#4075 = VECTOR('',#4076,1.);
#4076 = DIRECTION('',(0.,-1.));
#4077 = ( GEOMETRIC_REPRESENTATION_CONTEXT(2) 
PARAMETRIC_REPRESENTATION_CONTEXT() REPRESENTATION_CONTEXT('2D SPACE',''
  ) );
#4078 = ORIENTED_EDGE('',*,*,#4079,.F.);
#4079 = EDGE_CURVE('',#3974,#4052,#4080,.T.);
#4080 = SURFACE_CURVE('',#4081,(#4085,#4092),.PCURVE_S1.);
#4081 = B_SPLINE_CURVE_WITH_KNOTS('',2,(#4082,#4083,#4084),
  .UNSPECIFIED.,.F.,.F.,(3,3),(0.,1.),.PIECEWISE_BEZIER_KNOTS.);
#4082 = CARTESIAN_POINT('',(-12.03198242187,-3.681640625,0.));
#4083 = CARTESIAN_POINT('',(-12.77465820312,-2.910400390625,0.));
#4084 = CARTESIAN_POINT('',(-12.78100585937,-1.418701171875,0.));
#4085 = PCURVE('',#3989,#4086);
#4086 = DEFINITIONAL_REPRESENTATION('',(#4087),#4091);
#4087 = LINE('',#4088,#4089);
#4088 = CARTESIAN_POINT('',(0.,0.));
#4089 = VECTOR('',#4090,1.);
#4090 = DIRECTION('',(1.,0.));
#4091 = ( GEOMETRIC_REPRESENTATION_CONTEXT(2) 
PARAMETRIC_REPRESENTATION_CONTEXT() REPRESENTATION_CONTEXT('2D SPACE',''
  ) );
#4092 = PCURVE('',#3546,#4093);
#4093 = DEFINITIONAL_REPRESENTATION('',(#4094),#4098);
#4094 = B_SPLINE_CURVE_WITH_KNOTS('',2,(#4095,#4096,#4097),
  .UNSPECIFIED.,.F.,.F.,(3,3),(0.,1.),.PIECEWISE_BEZIER_KNOTS.);
#4095 = CARTESIAN_POINT('',(0.97119140625,0.612548828125));
#4096 = CARTESIAN_POINT('',(0.228515625,1.3837890625));
#4097 = CARTESIAN_POINT('',(0.22216796875,2.87548828125));
#4098 = ( GEOMETRIC_REPRESENTATION_CONTEXT(2) 
PARAMETRIC_REPRESENTATION_CONTEXT() REPRESENTATION_CONTEXT('2D SPACE',''
  ) );
#4099 = ADVANCED_FACE('',(#4100),#4067,.F.);
#4100 = FACE_BOUND('',#4101,.F.);
#4101 = EDGE_LOOP('',(#4102,#4103,#4126,#4156));
#4102 = ORIENTED_EDGE('',*,*,#4051,.T.);
#4103 = ORIENTED_EDGE('',*,*,#4104,.T.);
#4104 = EDGE_CURVE('',#4029,#4105,#4107,.T.);
#4105 = VERTEX_POINT('',#4106);
#4106 = CARTESIAN_POINT('',(-11.01000976562,-1.215576171875,-1.6));
#4107 = SURFACE_CURVE('',#4108,(#4112,#4119),.PCURVE_S1.);
#4108 = LINE('',#4109,#4110);
#4109 = CARTESIAN_POINT('',(-12.78100585937,-1.418701171875,-1.6));
#4110 = VECTOR('',#4111,1.);
#4111 = DIRECTION('',(0.993486681577,0.113948293227,0.));
#4112 = PCURVE('',#4067,#4113);
#4113 = DEFINITIONAL_REPRESENTATION('',(#4114),#4118);
#4114 = LINE('',#4115,#4116);
#4115 = CARTESIAN_POINT('',(0.,-1.6));
#4116 = VECTOR('',#4117,1.);
#4117 = DIRECTION('',(1.,0.));
#4118 = ( GEOMETRIC_REPRESENTATION_CONTEXT(2) 
PARAMETRIC_REPRESENTATION_CONTEXT() REPRESENTATION_CONTEXT('2D SPACE',''
  ) );
#4119 = PCURVE('',#3492,#4120);
#4120 = DEFINITIONAL_REPRESENTATION('',(#4121),#4125);
#4121 = LINE('',#4122,#4123);
#4122 = CARTESIAN_POINT('',(0.22216796875,2.87548828125));
#4123 = VECTOR('',#4124,1.);
#4124 = DIRECTION('',(0.993486681577,0.113948293227));
#4125 = ( GEOMETRIC_REPRESENTATION_CONTEXT(2) 
PARAMETRIC_REPRESENTATION_CONTEXT() REPRESENTATION_CONTEXT('2D SPACE',''
  ) );
#4126 = ORIENTED_EDGE('',*,*,#4127,.F.);
#4127 = EDGE_CURVE('',#4128,#4105,#4130,.T.);
#4128 = VERTEX_POINT('',#4129);
#4129 = CARTESIAN_POINT('',(-11.01000976562,-1.215576171875,0.));
#4130 = SURFACE_CURVE('',#4131,(#4135,#4142),.PCURVE_S1.);
#4131 = LINE('',#4132,#4133);
#4132 = CARTESIAN_POINT('',(-11.01000976562,-1.215576171875,0.));
#4133 = VECTOR('',#4134,1.);
#4134 = DIRECTION('',(-0.,-0.,-1.));
#4135 = PCURVE('',#4067,#4136);
#4136 = DEFINITIONAL_REPRESENTATION('',(#4137),#4141);
#4137 = LINE('',#4138,#4139);
#4138 = CARTESIAN_POINT('',(1.782606779327,0.));
#4139 = VECTOR('',#4140,1.);
#4140 = DIRECTION('',(0.,-1.));
#4141 = ( GEOMETRIC_REPRESENTATION_CONTEXT(2) 
PARAMETRIC_REPRESENTATION_CONTEXT() REPRESENTATION_CONTEXT('2D SPACE',''
  ) );
#4142 = PCURVE('',#4143,#4150);
#4143 = SURFACE_OF_LINEAR_EXTRUSION('',#4144,#4148);
#4144 = B_SPLINE_CURVE_WITH_KNOTS('',2,(#4145,#4146,#4147),
  .UNSPECIFIED.,.F.,.F.,(3,3),(0.,1.),.PIECEWISE_BEZIER_KNOTS.);
#4145 = CARTESIAN_POINT('',(-11.01000976562,-1.215576171875,0.));
#4146 = CARTESIAN_POINT('',(-10.97827148437,-2.015380859375,0.));
#4147 = CARTESIAN_POINT('',(-10.77514648437,-2.345458984375,0.));
#4148 = VECTOR('',#4149,1.);
#4149 = DIRECTION('',(0.,0.,1.));
#4150 = DEFINITIONAL_REPRESENTATION('',(#4151),#4155);
#4151 = LINE('',#4152,#4153);
#4152 = CARTESIAN_POINT('',(0.,0.));
#4153 = VECTOR('',#4154,1.);
#4154 = DIRECTION('',(0.,-1.));
#4155 = ( GEOMETRIC_REPRESENTATION_CONTEXT(2) 
PARAMETRIC_REPRESENTATION_CONTEXT() REPRESENTATION_CONTEXT('2D SPACE',''
  ) );
#4156 = ORIENTED_EDGE('',*,*,#4157,.F.);
#4157 = EDGE_CURVE('',#4052,#4128,#4158,.T.);
#4158 = SURFACE_CURVE('',#4159,(#4163,#4170),.PCURVE_S1.);
#4159 = LINE('',#4160,#4161);
#4160 = CARTESIAN_POINT('',(-12.78100585937,-1.418701171875,0.));
#4161 = VECTOR('',#4162,1.);
#4162 = DIRECTION('',(0.993486681577,0.113948293227,0.));
#4163 = PCURVE('',#4067,#4164);
#4164 = DEFINITIONAL_REPRESENTATION('',(#4165),#4169);
#4165 = LINE('',#4166,#4167);
#4166 = CARTESIAN_POINT('',(0.,0.));
#4167 = VECTOR('',#4168,1.);
#4168 = DIRECTION('',(1.,0.));
#4169 = ( GEOMETRIC_REPRESENTATION_CONTEXT(2) 
PARAMETRIC_REPRESENTATION_CONTEXT() REPRESENTATION_CONTEXT('2D SPACE',''
  ) );
#4170 = PCURVE('',#3546,#4171);
#4171 = DEFINITIONAL_REPRESENTATION('',(#4172),#4176);
#4172 = LINE('',#4173,#4174);
#4173 = CARTESIAN_POINT('',(0.22216796875,2.87548828125));
#4174 = VECTOR('',#4175,1.);
#4175 = DIRECTION('',(0.993486681577,0.113948293227));
#4176 = ( GEOMETRIC_REPRESENTATION_CONTEXT(2) 
PARAMETRIC_REPRESENTATION_CONTEXT() REPRESENTATION_CONTEXT('2D SPACE',''
  ) );
#4177 = ADVANCED_FACE('',(#4178),#4143,.F.);
#4178 = FACE_BOUND('',#4179,.F.);
#4179 = EDGE_LOOP('',(#4180,#4181,#4204,#4234));
#4180 = ORIENTED_EDGE('',*,*,#4127,.T.);
#4181 = ORIENTED_EDGE('',*,*,#4182,.T.);
#4182 = EDGE_CURVE('',#4105,#4183,#4185,.T.);
#4183 = VERTEX_POINT('',#4184);
#4184 = CARTESIAN_POINT('',(-10.77514648437,-2.345458984375,-1.6));
#4185 = SURFACE_CURVE('',#4186,(#4190,#4197),.PCURVE_S1.);
#4186 = B_SPLINE_CURVE_WITH_KNOTS('',2,(#4187,#4188,#4189),
  .UNSPECIFIED.,.F.,.F.,(3,3),(0.,1.),.PIECEWISE_BEZIER_KNOTS.);
#4187 = CARTESIAN_POINT('',(-11.01000976562,-1.215576171875,-1.6));
#4188 = CARTESIAN_POINT('',(-10.97827148437,-2.015380859375,-1.6));
#4189 = CARTESIAN_POINT('',(-10.77514648437,-2.345458984375,-1.6));
#4190 = PCURVE('',#4143,#4191);
#4191 = DEFINITIONAL_REPRESENTATION('',(#4192),#4196);
#4192 = LINE('',#4193,#4194);
#4193 = CARTESIAN_POINT('',(0.,-1.6));
#4194 = VECTOR('',#4195,1.);
#4195 = DIRECTION('',(1.,0.));
#4196 = ( GEOMETRIC_REPRESENTATION_CONTEXT(2) 
PARAMETRIC_REPRESENTATION_CONTEXT() REPRESENTATION_CONTEXT('2D SPACE',''
  ) );
#4197 = PCURVE('',#3492,#4198);
#4198 = DEFINITIONAL_REPRESENTATION('',(#4199),#4203);
#4199 = B_SPLINE_CURVE_WITH_KNOTS('',2,(#4200,#4201,#4202),
  .UNSPECIFIED.,.F.,.F.,(3,3),(0.,1.),.PIECEWISE_BEZIER_KNOTS.);
#4200 = CARTESIAN_POINT('',(1.9931640625,3.07861328125));
#4201 = CARTESIAN_POINT('',(2.02490234375,2.27880859375));
#4202 = CARTESIAN_POINT('',(2.22802734375,1.94873046875));
#4203 = ( GEOMETRIC_REPRESENTATION_CONTEXT(2) 
PARAMETRIC_REPRESENTATION_CONTEXT() REPRESENTATION_CONTEXT('2D SPACE',''
  ) );
#4204 = ORIENTED_EDGE('',*,*,#4205,.F.);
#4205 = EDGE_CURVE('',#4206,#4183,#4208,.T.);
#4206 = VERTEX_POINT('',#4207);
#4207 = CARTESIAN_POINT('',(-10.77514648437,-2.345458984375,0.));
#4208 = SURFACE_CURVE('',#4209,(#4213,#4220),.PCURVE_S1.);
#4209 = LINE('',#4210,#4211);
#4210 = CARTESIAN_POINT('',(-10.77514648437,-2.345458984375,0.));
#4211 = VECTOR('',#4212,1.);
#4212 = DIRECTION('',(-0.,-0.,-1.));
#4213 = PCURVE('',#4143,#4214);
#4214 = DEFINITIONAL_REPRESENTATION('',(#4215),#4219);
#4215 = LINE('',#4216,#4217);
#4216 = CARTESIAN_POINT('',(1.,0.));
#4217 = VECTOR('',#4218,1.);
#4218 = DIRECTION('',(0.,-1.));
#4219 = ( GEOMETRIC_REPRESENTATION_CONTEXT(2) 
PARAMETRIC_REPRESENTATION_CONTEXT() REPRESENTATION_CONTEXT('2D SPACE',''
  ) );
#4220 = PCURVE('',#4221,#4228);
#4221 = SURFACE_OF_LINEAR_EXTRUSION('',#4222,#4226);
#4222 = B_SPLINE_CURVE_WITH_KNOTS('',2,(#4223,#4224,#4225),
  .UNSPECIFIED.,.F.,.F.,(3,3),(0.,1.),.PIECEWISE_BEZIER_KNOTS.);
#4223 = CARTESIAN_POINT('',(-10.77514648437,-2.345458984375,0.));
#4224 = CARTESIAN_POINT('',(-10.47045898437,-2.846923828125,0.));
#4225 = CARTESIAN_POINT('',(-9.848388671875,-2.846923828125,0.));
#4226 = VECTOR('',#4227,1.);
#4227 = DIRECTION('',(0.,0.,1.));
#4228 = DEFINITIONAL_REPRESENTATION('',(#4229),#4233);
#4229 = LINE('',#4230,#4231);
#4230 = CARTESIAN_POINT('',(0.,0.));
#4231 = VECTOR('',#4232,1.);
#4232 = DIRECTION('',(0.,-1.));
#4233 = ( GEOMETRIC_REPRESENTATION_CONTEXT(2) 
PARAMETRIC_REPRESENTATION_CONTEXT() REPRESENTATION_CONTEXT('2D SPACE',''
  ) );
#4234 = ORIENTED_EDGE('',*,*,#4235,.F.);
#4235 = EDGE_CURVE('',#4128,#4206,#4236,.T.);
#4236 = SURFACE_CURVE('',#4237,(#4241,#4248),.PCURVE_S1.);
#4237 = B_SPLINE_CURVE_WITH_KNOTS('',2,(#4238,#4239,#4240),
  .UNSPECIFIED.,.F.,.F.,(3,3),(0.,1.),.PIECEWISE_BEZIER_KNOTS.);
#4238 = CARTESIAN_POINT('',(-11.01000976562,-1.215576171875,0.));
#4239 = CARTESIAN_POINT('',(-10.97827148437,-2.015380859375,0.));
#4240 = CARTESIAN_POINT('',(-10.77514648437,-2.345458984375,0.));
#4241 = PCURVE('',#4143,#4242);
#4242 = DEFINITIONAL_REPRESENTATION('',(#4243),#4247);
#4243 = LINE('',#4244,#4245);
#4244 = CARTESIAN_POINT('',(0.,0.));
#4245 = VECTOR('',#4246,1.);
#4246 = DIRECTION('',(1.,0.));
#4247 = ( GEOMETRIC_REPRESENTATION_CONTEXT(2) 
PARAMETRIC_REPRESENTATION_CONTEXT() REPRESENTATION_CONTEXT('2D SPACE',''
  ) );
#4248 = PCURVE('',#3546,#4249);
#4249 = DEFINITIONAL_REPRESENTATION('',(#4250),#4254);
#4250 = B_SPLINE_CURVE_WITH_KNOTS('',2,(#4251,#4252,#4253),
  .UNSPECIFIED.,.F.,.F.,(3,3),(0.,1.),.PIECEWISE_BEZIER_KNOTS.);
#4251 = CARTESIAN_POINT('',(1.9931640625,3.07861328125));
#4252 = CARTESIAN_POINT('',(2.02490234375,2.27880859375));
#4253 = CARTESIAN_POINT('',(2.22802734375,1.94873046875));
#4254 = ( GEOMETRIC_REPRESENTATION_CONTEXT(2) 
PARAMETRIC_REPRESENTATION_CONTEXT() REPRESENTATION_CONTEXT('2D SPACE',''
  ) );
#4255 = ADVANCED_FACE('',(#4256),#4221,.F.);
#4256 = FACE_BOUND('',#4257,.F.);
#4257 = EDGE_LOOP('',(#4258,#4259,#4282,#4312));
#4258 = ORIENTED_EDGE('',*,*,#4205,.T.);
#4259 = ORIENTED_EDGE('',*,*,#4260,.T.);
#4260 = EDGE_CURVE('',#4183,#4261,#4263,.T.);
#4261 = VERTEX_POINT('',#4262);
#4262 = CARTESIAN_POINT('',(-9.848388671875,-2.846923828125,-1.6));
#4263 = SURFACE_CURVE('',#4264,(#4268,#4275),.PCURVE_S1.);
#4264 = B_SPLINE_CURVE_WITH_KNOTS('',2,(#4265,#4266,#4267),
  .UNSPECIFIED.,.F.,.F.,(3,3),(0.,1.),.PIECEWISE_BEZIER_KNOTS.);
#4265 = CARTESIAN_POINT('',(-10.77514648437,-2.345458984375,-1.6));
#4266 = CARTESIAN_POINT('',(-10.47045898437,-2.846923828125,-1.6));
#4267 = CARTESIAN_POINT('',(-9.848388671875,-2.846923828125,-1.6));
#4268 = PCURVE('',#4221,#4269);
#4269 = DEFINITIONAL_REPRESENTATION('',(#4270),#4274);
#4270 = LINE('',#4271,#4272);
#4271 = CARTESIAN_POINT('',(0.,-1.6));
#4272 = VECTOR('',#4273,1.);
#4273 = DIRECTION('',(1.,0.));
#4274 = ( GEOMETRIC_REPRESENTATION_CONTEXT(2) 
PARAMETRIC_REPRESENTATION_CONTEXT() REPRESENTATION_CONTEXT('2D SPACE',''
  ) );
#4275 = PCURVE('',#3492,#4276);
#4276 = DEFINITIONAL_REPRESENTATION('',(#4277),#4281);
#4277 = B_SPLINE_CURVE_WITH_KNOTS('',2,(#4278,#4279,#4280),
  .UNSPECIFIED.,.F.,.F.,(3,3),(0.,1.),.PIECEWISE_BEZIER_KNOTS.);
#4278 = CARTESIAN_POINT('',(2.22802734375,1.94873046875));
#4279 = CARTESIAN_POINT('',(2.53271484375,1.447265625));
#4280 = CARTESIAN_POINT('',(3.15478515625,1.447265625));
#4281 = ( GEOMETRIC_REPRESENTATION_CONTEXT(2) 
PARAMETRIC_REPRESENTATION_CONTEXT() REPRESENTATION_CONTEXT('2D SPACE',''
  ) );
#4282 = ORIENTED_EDGE('',*,*,#4283,.F.);
#4283 = EDGE_CURVE('',#4284,#4261,#4286,.T.);
#4284 = VERTEX_POINT('',#4285);
#4285 = CARTESIAN_POINT('',(-9.848388671875,-2.846923828125,0.));
#4286 = SURFACE_CURVE('',#4287,(#4291,#4298),.PCURVE_S1.);
#4287 = LINE('',#4288,#4289);
#4288 = CARTESIAN_POINT('',(-9.848388671875,-2.846923828125,0.));
#4289 = VECTOR('',#4290,1.);
#4290 = DIRECTION('',(-0.,-0.,-1.));
#4291 = PCURVE('',#4221,#4292);
#4292 = DEFINITIONAL_REPRESENTATION('',(#4293),#4297);
#4293 = LINE('',#4294,#4295);
#4294 = CARTESIAN_POINT('',(1.,0.));
#4295 = VECTOR('',#4296,1.);
#4296 = DIRECTION('',(0.,-1.));
#4297 = ( GEOMETRIC_REPRESENTATION_CONTEXT(2) 
PARAMETRIC_REPRESENTATION_CONTEXT() REPRESENTATION_CONTEXT('2D SPACE',''
  ) );
#4298 = PCURVE('',#4299,#4306);
#4299 = SURFACE_OF_LINEAR_EXTRUSION('',#4300,#4304);
#4300 = B_SPLINE_CURVE_WITH_KNOTS('',2,(#4301,#4302,#4303),
  .UNSPECIFIED.,.F.,.F.,(3,3),(0.,1.),.PIECEWISE_BEZIER_KNOTS.);
#4301 = CARTESIAN_POINT('',(-9.848388671875,-2.846923828125,0.));
#4302 = CARTESIAN_POINT('',(-9.219970703125,-2.846923828125,0.));
#4303 = CARTESIAN_POINT('',(-8.959716796875,-2.48828125,0.));
#4304 = VECTOR('',#4305,1.);
#4305 = DIRECTION('',(0.,0.,1.));
#4306 = DEFINITIONAL_REPRESENTATION('',(#4307),#4311);
#4307 = LINE('',#4308,#4309);
#4308 = CARTESIAN_POINT('',(0.,0.));
#4309 = VECTOR('',#4310,1.);
#4310 = DIRECTION('',(0.,-1.));
#4311 = ( GEOMETRIC_REPRESENTATION_CONTEXT(2) 
PARAMETRIC_REPRESENTATION_CONTEXT() REPRESENTATION_CONTEXT('2D SPACE',''
  ) );
#4312 = ORIENTED_EDGE('',*,*,#4313,.F.);
#4313 = EDGE_CURVE('',#4206,#4284,#4314,.T.);
#4314 = SURFACE_CURVE('',#4315,(#4319,#4326),.PCURVE_S1.);
#4315 = B_SPLINE_CURVE_WITH_KNOTS('',2,(#4316,#4317,#4318),
  .UNSPECIFIED.,.F.,.F.,(3,3),(0.,1.),.PIECEWISE_BEZIER_KNOTS.);
#4316 = CARTESIAN_POINT('',(-10.77514648437,-2.345458984375,0.));
#4317 = CARTESIAN_POINT('',(-10.47045898437,-2.846923828125,0.));
#4318 = CARTESIAN_POINT('',(-9.848388671875,-2.846923828125,0.));
#4319 = PCURVE('',#4221,#4320);
#4320 = DEFINITIONAL_REPRESENTATION('',(#4321),#4325);
#4321 = LINE('',#4322,#4323);
#4322 = CARTESIAN_POINT('',(0.,0.));
#4323 = VECTOR('',#4324,1.);
#4324 = DIRECTION('',(1.,0.));
#4325 = ( GEOMETRIC_REPRESENTATION_CONTEXT(2) 
PARAMETRIC_REPRESENTATION_CONTEXT() REPRESENTATION_CONTEXT('2D SPACE',''
  ) );
#4326 = PCURVE('',#3546,#4327);
#4327 = DEFINITIONAL_REPRESENTATION('',(#4328),#4332);
#4328 = B_SPLINE_CURVE_WITH_KNOTS('',2,(#4329,#4330,#4331),
  .UNSPECIFIED.,.F.,.F.,(3,3),(0.,1.),.PIECEWISE_BEZIER_KNOTS.);
#4329 = CARTESIAN_POINT('',(2.22802734375,1.94873046875));
#4330 = CARTESIAN_POINT('',(2.53271484375,1.447265625));
#4331 = CARTESIAN_POINT('',(3.15478515625,1.447265625));
#4332 = ( GEOMETRIC_REPRESENTATION_CONTEXT(2) 
PARAMETRIC_REPRESENTATION_CONTEXT() REPRESENTATION_CONTEXT('2D SPACE',''
  ) );
#4333 = ADVANCED_FACE('',(#4334),#4299,.F.);
#4334 = FACE_BOUND('',#4335,.F.);
#4335 = EDGE_LOOP('',(#4336,#4337,#4360,#4383));
#4336 = ORIENTED_EDGE('',*,*,#4283,.T.);
#4337 = ORIENTED_EDGE('',*,*,#4338,.T.);
#4338 = EDGE_CURVE('',#4261,#4339,#4341,.T.);
#4339 = VERTEX_POINT('',#4340);
#4340 = CARTESIAN_POINT('',(-8.959716796875,-2.48828125,-1.6));
#4341 = SURFACE_CURVE('',#4342,(#4346,#4353),.PCURVE_S1.);
#4342 = B_SPLINE_CURVE_WITH_KNOTS('',2,(#4343,#4344,#4345),
  .UNSPECIFIED.,.F.,.F.,(3,3),(0.,1.),.PIECEWISE_BEZIER_KNOTS.);
#4343 = CARTESIAN_POINT('',(-9.848388671875,-2.846923828125,-1.6));
#4344 = CARTESIAN_POINT('',(-9.219970703125,-2.846923828125,-1.6));
#4345 = CARTESIAN_POINT('',(-8.959716796875,-2.48828125,-1.6));
#4346 = PCURVE('',#4299,#4347);
#4347 = DEFINITIONAL_REPRESENTATION('',(#4348),#4352);
#4348 = LINE('',#4349,#4350);
#4349 = CARTESIAN_POINT('',(0.,-1.6));
#4350 = VECTOR('',#4351,1.);
#4351 = DIRECTION('',(1.,0.));
#4352 = ( GEOMETRIC_REPRESENTATION_CONTEXT(2) 
PARAMETRIC_REPRESENTATION_CONTEXT() REPRESENTATION_CONTEXT('2D SPACE',''
  ) );
#4353 = PCURVE('',#3492,#4354);
#4354 = DEFINITIONAL_REPRESENTATION('',(#4355),#4359);
#4355 = B_SPLINE_CURVE_WITH_KNOTS('',2,(#4356,#4357,#4358),
  .UNSPECIFIED.,.F.,.F.,(3,3),(0.,1.),.PIECEWISE_BEZIER_KNOTS.);
#4356 = CARTESIAN_POINT('',(3.15478515625,1.447265625));
#4357 = CARTESIAN_POINT('',(3.783203125,1.447265625));
#4358 = CARTESIAN_POINT('',(4.04345703125,1.805908203125));
#4359 = ( GEOMETRIC_REPRESENTATION_CONTEXT(2) 
PARAMETRIC_REPRESENTATION_CONTEXT() REPRESENTATION_CONTEXT('2D SPACE',''
  ) );
#4360 = ORIENTED_EDGE('',*,*,#4361,.F.);
#4361 = EDGE_CURVE('',#4362,#4339,#4364,.T.);
#4362 = VERTEX_POINT('',#4363);
#4363 = CARTESIAN_POINT('',(-8.959716796875,-2.48828125,0.));
#4364 = SURFACE_CURVE('',#4365,(#4369,#4376),.PCURVE_S1.);
#4365 = LINE('',#4366,#4367);
#4366 = CARTESIAN_POINT('',(-8.959716796875,-2.48828125,0.));
#4367 = VECTOR('',#4368,1.);
#4368 = DIRECTION('',(-0.,-0.,-1.));
#4369 = PCURVE('',#4299,#4370);
#4370 = DEFINITIONAL_REPRESENTATION('',(#4371),#4375);
#4371 = LINE('',#4372,#4373);
#4372 = CARTESIAN_POINT('',(1.,0.));
#4373 = VECTOR('',#4374,1.);
#4374 = DIRECTION('',(0.,-1.));
#4375 = ( GEOMETRIC_REPRESENTATION_CONTEXT(2) 
PARAMETRIC_REPRESENTATION_CONTEXT() REPRESENTATION_CONTEXT('2D SPACE',''
  ) );
#4376 = PCURVE('',#3462,#4377);
#4377 = DEFINITIONAL_REPRESENTATION('',(#4378),#4382);
#4378 = LINE('',#4379,#4380);
#4379 = CARTESIAN_POINT('',(0.,0.));
#4380 = VECTOR('',#4381,1.);
#4381 = DIRECTION('',(0.,-1.));
#4382 = ( GEOMETRIC_REPRESENTATION_CONTEXT(2) 
PARAMETRIC_REPRESENTATION_CONTEXT() REPRESENTATION_CONTEXT('2D SPACE',''
  ) );
#4383 = ORIENTED_EDGE('',*,*,#4384,.F.);
#4384 = EDGE_CURVE('',#4284,#4362,#4385,.T.);
#4385 = SURFACE_CURVE('',#4386,(#4390,#4397),.PCURVE_S1.);
#4386 = B_SPLINE_CURVE_WITH_KNOTS('',2,(#4387,#4388,#4389),
  .UNSPECIFIED.,.F.,.F.,(3,3),(0.,1.),.PIECEWISE_BEZIER_KNOTS.);
#4387 = CARTESIAN_POINT('',(-9.848388671875,-2.846923828125,0.));
#4388 = CARTESIAN_POINT('',(-9.219970703125,-2.846923828125,0.));
#4389 = CARTESIAN_POINT('',(-8.959716796875,-2.48828125,0.));
#4390 = PCURVE('',#4299,#4391);
#4391 = DEFINITIONAL_REPRESENTATION('',(#4392),#4396);
#4392 = LINE('',#4393,#4394);
#4393 = CARTESIAN_POINT('',(0.,0.));
#4394 = VECTOR('',#4395,1.);
#4395 = DIRECTION('',(1.,0.));
#4396 = ( GEOMETRIC_REPRESENTATION_CONTEXT(2) 
PARAMETRIC_REPRESENTATION_CONTEXT() REPRESENTATION_CONTEXT('2D SPACE',''
  ) );
#4397 = PCURVE('',#3546,#4398);
#4398 = DEFINITIONAL_REPRESENTATION('',(#4399),#4403);
#4399 = B_SPLINE_CURVE_WITH_KNOTS('',2,(#4400,#4401,#4402),
  .UNSPECIFIED.,.F.,.F.,(3,3),(0.,1.),.PIECEWISE_BEZIER_KNOTS.);
#4400 = CARTESIAN_POINT('',(3.15478515625,1.447265625));
#4401 = CARTESIAN_POINT('',(3.783203125,1.447265625));
#4402 = CARTESIAN_POINT('',(4.04345703125,1.805908203125));
#4403 = ( GEOMETRIC_REPRESENTATION_CONTEXT(2) 
PARAMETRIC_REPRESENTATION_CONTEXT() REPRESENTATION_CONTEXT('2D SPACE',''
  ) );
#4404 = ADVANCED_FACE('',(#4405),#3462,.F.);
#4405 = FACE_BOUND('',#4406,.F.);
#4406 = EDGE_LOOP('',(#4407,#4408,#4429,#4430));
#4407 = ORIENTED_EDGE('',*,*,#4361,.T.);
#4408 = ORIENTED_EDGE('',*,*,#4409,.T.);
#4409 = EDGE_CURVE('',#4339,#3442,#4410,.T.);
#4410 = SURFACE_CURVE('',#4411,(#4415,#4422),.PCURVE_S1.);
#4411 = B_SPLINE_CURVE_WITH_KNOTS('',2,(#4412,#4413,#4414),
  .UNSPECIFIED.,.F.,.F.,(3,3),(0.,1.),.PIECEWISE_BEZIER_KNOTS.);
#4412 = CARTESIAN_POINT('',(-8.959716796875,-2.48828125,-1.6));
#4413 = CARTESIAN_POINT('',(-8.699462890625,-2.129638671875,-1.6));
#4414 = CARTESIAN_POINT('',(-8.699462890625,-0.999755859375,-1.6));
#4415 = PCURVE('',#3462,#4416);
#4416 = DEFINITIONAL_REPRESENTATION('',(#4417),#4421);
#4417 = LINE('',#4418,#4419);
#4418 = CARTESIAN_POINT('',(0.,-1.6));
#4419 = VECTOR('',#4420,1.);
#4420 = DIRECTION('',(1.,0.));
#4421 = ( GEOMETRIC_REPRESENTATION_CONTEXT(2) 
PARAMETRIC_REPRESENTATION_CONTEXT() REPRESENTATION_CONTEXT('2D SPACE',''
  ) );
#4422 = PCURVE('',#3492,#4423);
#4423 = DEFINITIONAL_REPRESENTATION('',(#4424),#4428);
#4424 = B_SPLINE_CURVE_WITH_KNOTS('',2,(#4425,#4426,#4427),
  .UNSPECIFIED.,.F.,.F.,(3,3),(0.,1.),.PIECEWISE_BEZIER_KNOTS.);
#4425 = CARTESIAN_POINT('',(4.04345703125,1.805908203125));
#4426 = CARTESIAN_POINT('',(4.3037109375,2.16455078125));
#4427 = CARTESIAN_POINT('',(4.3037109375,3.29443359375));
#4428 = ( GEOMETRIC_REPRESENTATION_CONTEXT(2) 
PARAMETRIC_REPRESENTATION_CONTEXT() REPRESENTATION_CONTEXT('2D SPACE',''
  ) );
#4429 = ORIENTED_EDGE('',*,*,#3439,.F.);
#4430 = ORIENTED_EDGE('',*,*,#4431,.F.);
#4431 = EDGE_CURVE('',#4362,#3440,#4432,.T.);
#4432 = SURFACE_CURVE('',#4433,(#4437,#4444),.PCURVE_S1.);
#4433 = B_SPLINE_CURVE_WITH_KNOTS('',2,(#4434,#4435,#4436),
  .UNSPECIFIED.,.F.,.F.,(3,3),(0.,1.),.PIECEWISE_BEZIER_KNOTS.);
#4434 = CARTESIAN_POINT('',(-8.959716796875,-2.48828125,0.));
#4435 = CARTESIAN_POINT('',(-8.699462890625,-2.129638671875,0.));
#4436 = CARTESIAN_POINT('',(-8.699462890625,-0.999755859375,0.));
#4437 = PCURVE('',#3462,#4438);
#4438 = DEFINITIONAL_REPRESENTATION('',(#4439),#4443);
#4439 = LINE('',#4440,#4441);
#4440 = CARTESIAN_POINT('',(0.,0.));
#4441 = VECTOR('',#4442,1.);
#4442 = DIRECTION('',(1.,0.));
#4443 = ( GEOMETRIC_REPRESENTATION_CONTEXT(2) 
PARAMETRIC_REPRESENTATION_CONTEXT() REPRESENTATION_CONTEXT('2D SPACE',''
  ) );
#4444 = PCURVE('',#3546,#4445);
#4445 = DEFINITIONAL_REPRESENTATION('',(#4446),#4450);
#4446 = B_SPLINE_CURVE_WITH_KNOTS('',2,(#4447,#4448,#4449),
  .UNSPECIFIED.,.F.,.F.,(3,3),(0.,1.),.PIECEWISE_BEZIER_KNOTS.);
#4447 = CARTESIAN_POINT('',(4.04345703125,1.805908203125));
#4448 = CARTESIAN_POINT('',(4.3037109375,2.16455078125));
#4449 = CARTESIAN_POINT('',(4.3037109375,3.29443359375));
#4450 = ( GEOMETRIC_REPRESENTATION_CONTEXT(2) 
PARAMETRIC_REPRESENTATION_CONTEXT() REPRESENTATION_CONTEXT('2D SPACE',''
  ) );
#4451 = ADVANCED_FACE('',(#4452),#3546,.T.);
#4452 = FACE_BOUND('',#4453,.F.);
#4453 = EDGE_LOOP('',(#4454,#4455,#4456,#4457,#4458,#4459,#4460,#4461,
    #4462,#4463,#4464,#4465,#4466));
#4454 = ORIENTED_EDGE('',*,*,#3532,.T.);
#4455 = ORIENTED_EDGE('',*,*,#3613,.T.);
#4456 = ORIENTED_EDGE('',*,*,#3691,.T.);
#4457 = ORIENTED_EDGE('',*,*,#3769,.T.);
#4458 = ORIENTED_EDGE('',*,*,#3847,.T.);
#4459 = ORIENTED_EDGE('',*,*,#3925,.T.);
#4460 = ORIENTED_EDGE('',*,*,#4003,.T.);
#4461 = ORIENTED_EDGE('',*,*,#4079,.T.);
#4462 = ORIENTED_EDGE('',*,*,#4157,.T.);
#4463 = ORIENTED_EDGE('',*,*,#4235,.T.);
#4464 = ORIENTED_EDGE('',*,*,#4313,.T.);
#4465 = ORIENTED_EDGE('',*,*,#4384,.T.);
#4466 = ORIENTED_EDGE('',*,*,#4431,.T.);
#4467 = ADVANCED_FACE('',(#4468),#3492,.F.);
#4468 = FACE_BOUND('',#4469,.T.);
#4469 = EDGE_LOOP('',(#4470,#4471,#4472,#4473,#4474,#4475,#4476,#4477,
    #4478,#4479,#4480,#4481,#4482));
#4470 = ORIENTED_EDGE('',*,*,#3476,.T.);
#4471 = ORIENTED_EDGE('',*,*,#3562,.T.);
#4472 = ORIENTED_EDGE('',*,*,#3638,.T.);
#4473 = ORIENTED_EDGE('',*,*,#3716,.T.);
#4474 = ORIENTED_EDGE('',*,*,#3794,.T.);
#4475 = ORIENTED_EDGE('',*,*,#3872,.T.);
#4476 = ORIENTED_EDGE('',*,*,#3950,.T.);
#4477 = ORIENTED_EDGE('',*,*,#4028,.T.);
#4478 = ORIENTED_EDGE('',*,*,#4104,.T.);
#4479 = ORIENTED_EDGE('',*,*,#4182,.T.);
#4480 = ORIENTED_EDGE('',*,*,#4260,.T.);
#4481 = ORIENTED_EDGE('',*,*,#4338,.T.);
#4482 = ORIENTED_EDGE('',*,*,#4409,.T.);
#4483 = ( GEOMETRIC_REPRESENTATION_CONTEXT(3) 
GLOBAL_UNCERTAINTY_ASSIGNED_CONTEXT((#4487)) 
GLOBAL_UNIT_ASSIGNED_CONTEXT((#4484,#4485,#4486)) REPRESENTATION_CONTEXT
('Context #1','3D Context with UNIT and UNCERTAINTY') );
#4484 = ( LENGTH_UNIT() NAMED_UNIT(*) SI_UNIT(.MILLI.,.METRE.) );
#4485 = ( NAMED_UNIT(*) PLANE_ANGLE_UNIT() SI_UNIT($,.RADIAN.) );
#4486 = ( NAMED_UNIT(*) SI_UNIT($,.STERADIAN.) SOLID_ANGLE_UNIT() );
#4487 = UNCERTAINTY_MEASURE_WITH_UNIT(LENGTH_MEASURE(1.E-07),#4484,
  'distance_accuracy_value','confusion accuracy');
#4488 = CONTEXT_DEPENDENT_SHAPE_REPRESENTATION(#4489,#4491);
#4489 = ( REPRESENTATION_RELATIONSHIP('','',#3432,#10) 
REPRESENTATION_RELATIONSHIP_WITH_TRANSFORMATION(#4490) 
SHAPE_REPRESENTATION_RELATIONSHIP() );
#4490 = ITEM_DEFINED_TRANSFORMATION('','',#11,#23);
#4491 = PRODUCT_DEFINITION_SHAPE('Placement','Placement of an item',
  #4492);
#4492 = NEXT_ASSEMBLY_USAGE_OCCURRENCE('3','','',#5,#3427,$);
#4493 = PRODUCT_RELATED_PRODUCT_CATEGORY('part',$,(#3429));
#4494 = SHAPE_DEFINITION_REPRESENTATION(#4495,#4501);
#4495 = PRODUCT_DEFINITION_SHAPE('','',#4496);
#4496 = PRODUCT_DEFINITION('design','',#4497,#4500);
#4497 = PRODUCT_DEFINITION_FORMATION('','',#4498);
#4498 = PRODUCT('Open CASCADE STEP translator 7.9 1.4',
  'Open CASCADE STEP translator 7.9 1.4','',(#4499));
#4499 = PRODUCT_CONTEXT('',#2,'mechanical');
#4500 = PRODUCT_DEFINITION_CONTEXT('part definition',#2,'design');
#4501 = ADVANCED_BREP_SHAPE_REPRESENTATION('',(#11,#4502),#7150);
#4502 = MANIFOLD_SOLID_BREP('',#4503);
#4503 = CLOSED_SHELL('',(#4504,#4624,#4702,#4780,#4858,#4936,#5014,#5092
    ,#5170,#5248,#5326,#5404,#5482,#5560,#5631,#5678,#5790,#5866,#5944,
    #6022,#6100,#6178,#6256,#6327,#6374,#6486,#6562,#6640,#6718,#6796,
    #6874,#6952,#7023,#7070,#7110));
#4504 = ADVANCED_FACE('',(#4505),#4519,.F.);
#4505 = FACE_BOUND('',#4506,.F.);
#4506 = EDGE_LOOP('',(#4507,#4542,#4570,#4598));
#4507 = ORIENTED_EDGE('',*,*,#4508,.T.);
#4508 = EDGE_CURVE('',#4509,#4511,#4513,.T.);
#4509 = VERTEX_POINT('',#4510);
#4510 = CARTESIAN_POINT('',(-4.821044921875,-4.294189453125,0.));
#4511 = VERTEX_POINT('',#4512);
#4512 = CARTESIAN_POINT('',(-4.821044921875,-4.294189453125,-1.6));
#4513 = SURFACE_CURVE('',#4514,(#4518,#4530),.PCURVE_S1.);
#4514 = LINE('',#4515,#4516);
#4515 = CARTESIAN_POINT('',(-4.821044921875,-4.294189453125,0.));
#4516 = VECTOR('',#4517,1.);
#4517 = DIRECTION('',(-0.,-0.,-1.));
#4518 = PCURVE('',#4519,#4524);
#4519 = PLANE('',#4520);
#4520 = AXIS2_PLACEMENT_3D('',#4521,#4522,#4523);
#4521 = CARTESIAN_POINT('',(-4.821044921875,-4.294189453125,0.));
#4522 = DIRECTION('',(1.,0.,0.));
#4523 = DIRECTION('',(-0.,1.,0.));
#4524 = DEFINITIONAL_REPRESENTATION('',(#4525),#4529);
#4525 = LINE('',#4526,#4527);
#4526 = CARTESIAN_POINT('',(0.,0.));
#4527 = VECTOR('',#4528,1.);
#4528 = DIRECTION('',(0.,-1.));
#4529 = ( GEOMETRIC_REPRESENTATION_CONTEXT(2) 
PARAMETRIC_REPRESENTATION_CONTEXT() REPRESENTATION_CONTEXT('2D SPACE',''
  ) );
#4530 = PCURVE('',#4531,#4536);
#4531 = PLANE('',#4532);
#4532 = AXIS2_PLACEMENT_3D('',#4533,#4534,#4535);
#4533 = CARTESIAN_POINT('',(-1.653564453125,-4.294189453125,0.));
#4534 = DIRECTION('',(0.,1.,-0.));
#4535 = DIRECTION('',(-1.,0.,0.));
#4536 = DEFINITIONAL_REPRESENTATION('',(#4537),#4541);
#4537 = LINE('',#4538,#4539);
#4538 = CARTESIAN_POINT('',(3.16748046875,0.));
#4539 = VECTOR('',#4540,1.);
#4540 = DIRECTION('',(0.,-1.));
#4541 = ( GEOMETRIC_REPRESENTATION_CONTEXT(2) 
PARAMETRIC_REPRESENTATION_CONTEXT() REPRESENTATION_CONTEXT('2D SPACE',''
  ) );
#4542 = ORIENTED_EDGE('',*,*,#4543,.T.);
#4543 = EDGE_CURVE('',#4511,#4544,#4546,.T.);
#4544 = VERTEX_POINT('',#4545);
#4545 = CARTESIAN_POINT('',(-4.821044921875,5.011474609375,-1.6));
#4546 = SURFACE_CURVE('',#4547,(#4551,#4558),.PCURVE_S1.);
#4547 = LINE('',#4548,#4549);
#4548 = CARTESIAN_POINT('',(-4.821044921875,-4.294189453125,-1.6));
#4549 = VECTOR('',#4550,1.);
#4550 = DIRECTION('',(0.,1.,0.));
#4551 = PCURVE('',#4519,#4552);
#4552 = DEFINITIONAL_REPRESENTATION('',(#4553),#4557);
#4553 = LINE('',#4554,#4555);
#4554 = CARTESIAN_POINT('',(0.,-1.6));
#4555 = VECTOR('',#4556,1.);
#4556 = DIRECTION('',(1.,0.));
#4557 = ( GEOMETRIC_REPRESENTATION_CONTEXT(2) 
PARAMETRIC_REPRESENTATION_CONTEXT() REPRESENTATION_CONTEXT('2D SPACE',''
  ) );
#4558 = PCURVE('',#4559,#4564);
#4559 = PLANE('',#4560);
#4560 = AXIS2_PLACEMENT_3D('',#4561,#4562,#4563);
#4561 = CARTESIAN_POINT('',(-5.773193359375,-4.294189453125,-1.6));
#4562 = DIRECTION('',(0.,0.,1.));
#4563 = DIRECTION('',(1.,0.,0.));
#4564 = DEFINITIONAL_REPRESENTATION('',(#4565),#4569);
#4565 = LINE('',#4566,#4567);
#4566 = CARTESIAN_POINT('',(0.9521484375,0.));
#4567 = VECTOR('',#4568,1.);
#4568 = DIRECTION('',(0.,1.));
#4569 = ( GEOMETRIC_REPRESENTATION_CONTEXT(2) 
PARAMETRIC_REPRESENTATION_CONTEXT() REPRESENTATION_CONTEXT('2D SPACE',''
  ) );
#4570 = ORIENTED_EDGE('',*,*,#4571,.F.);
#4571 = EDGE_CURVE('',#4572,#4544,#4574,.T.);
#4572 = VERTEX_POINT('',#4573);
#4573 = CARTESIAN_POINT('',(-4.821044921875,5.011474609375,0.));
#4574 = SURFACE_CURVE('',#4575,(#4579,#4586),.PCURVE_S1.);
#4575 = LINE('',#4576,#4577);
#4576 = CARTESIAN_POINT('',(-4.821044921875,5.011474609375,0.));
#4577 = VECTOR('',#4578,1.);
#4578 = DIRECTION('',(-0.,-0.,-1.));
#4579 = PCURVE('',#4519,#4580);
#4580 = DEFINITIONAL_REPRESENTATION('',(#4581),#4585);
#4581 = LINE('',#4582,#4583);
#4582 = CARTESIAN_POINT('',(9.3056640625,0.));
#4583 = VECTOR('',#4584,1.);
#4584 = DIRECTION('',(0.,-1.));
#4585 = ( GEOMETRIC_REPRESENTATION_CONTEXT(2) 
PARAMETRIC_REPRESENTATION_CONTEXT() REPRESENTATION_CONTEXT('2D SPACE',''
  ) );
#4586 = PCURVE('',#4587,#4592);
#4587 = PLANE('',#4588);
#4588 = AXIS2_PLACEMENT_3D('',#4589,#4590,#4591);
#4589 = CARTESIAN_POINT('',(-4.821044921875,5.011474609375,0.));
#4590 = DIRECTION('',(0.,-1.,0.));
#4591 = DIRECTION('',(1.,0.,0.));
#4592 = DEFINITIONAL_REPRESENTATION('',(#4593),#4597);
#4593 = LINE('',#4594,#4595);
#4594 = CARTESIAN_POINT('',(0.,0.));
#4595 = VECTOR('',#4596,1.);
#4596 = DIRECTION('',(0.,-1.));
#4597 = ( GEOMETRIC_REPRESENTATION_CONTEXT(2) 
PARAMETRIC_REPRESENTATION_CONTEXT() REPRESENTATION_CONTEXT('2D SPACE',''
  ) );
#4598 = ORIENTED_EDGE('',*,*,#4599,.F.);
#4599 = EDGE_CURVE('',#4509,#4572,#4600,.T.);
#4600 = SURFACE_CURVE('',#4601,(#4605,#4612),.PCURVE_S1.);
#4601 = LINE('',#4602,#4603);
#4602 = CARTESIAN_POINT('',(-4.821044921875,-4.294189453125,0.));
#4603 = VECTOR('',#4604,1.);
#4604 = DIRECTION('',(0.,1.,0.));
#4605 = PCURVE('',#4519,#4606);
#4606 = DEFINITIONAL_REPRESENTATION('',(#4607),#4611);
#4607 = LINE('',#4608,#4609);
#4608 = CARTESIAN_POINT('',(0.,0.));
#4609 = VECTOR('',#4610,1.);
#4610 = DIRECTION('',(1.,0.));
#4611 = ( GEOMETRIC_REPRESENTATION_CONTEXT(2) 
PARAMETRIC_REPRESENTATION_CONTEXT() REPRESENTATION_CONTEXT('2D SPACE',''
  ) );
#4612 = PCURVE('',#4613,#4618);
#4613 = PLANE('',#4614);
#4614 = AXIS2_PLACEMENT_3D('',#4615,#4616,#4617);
#4615 = CARTESIAN_POINT('',(-5.773193359375,-4.294189453125,0.));
#4616 = DIRECTION('',(0.,0.,1.));
#4617 = DIRECTION('',(1.,0.,0.));
#4618 = DEFINITIONAL_REPRESENTATION('',(#4619),#4623);
#4619 = LINE('',#4620,#4621);
#4620 = CARTESIAN_POINT('',(0.9521484375,0.));
#4621 = VECTOR('',#4622,1.);
#4622 = DIRECTION('',(0.,1.));
#4623 = ( GEOMETRIC_REPRESENTATION_CONTEXT(2) 
PARAMETRIC_REPRESENTATION_CONTEXT() REPRESENTATION_CONTEXT('2D SPACE',''
  ) );
#4624 = ADVANCED_FACE('',(#4625),#4587,.F.);
#4625 = FACE_BOUND('',#4626,.F.);
#4626 = EDGE_LOOP('',(#4627,#4628,#4651,#4681));
#4627 = ORIENTED_EDGE('',*,*,#4571,.T.);
#4628 = ORIENTED_EDGE('',*,*,#4629,.T.);
#4629 = EDGE_CURVE('',#4544,#4630,#4632,.T.);
#4630 = VERTEX_POINT('',#4631);
#4631 = CARTESIAN_POINT('',(-1.101318359375,5.011474609375,-1.6));
#4632 = SURFACE_CURVE('',#4633,(#4637,#4644),.PCURVE_S1.);
#4633 = LINE('',#4634,#4635);
#4634 = CARTESIAN_POINT('',(-4.821044921875,5.011474609375,-1.6));
#4635 = VECTOR('',#4636,1.);
#4636 = DIRECTION('',(1.,0.,0.));
#4637 = PCURVE('',#4587,#4638);
#4638 = DEFINITIONAL_REPRESENTATION('',(#4639),#4643);
#4639 = LINE('',#4640,#4641);
#4640 = CARTESIAN_POINT('',(0.,-1.6));
#4641 = VECTOR('',#4642,1.);
#4642 = DIRECTION('',(1.,0.));
#4643 = ( GEOMETRIC_REPRESENTATION_CONTEXT(2) 
PARAMETRIC_REPRESENTATION_CONTEXT() REPRESENTATION_CONTEXT('2D SPACE',''
  ) );
#4644 = PCURVE('',#4559,#4645);
#4645 = DEFINITIONAL_REPRESENTATION('',(#4646),#4650);
#4646 = LINE('',#4647,#4648);
#4647 = CARTESIAN_POINT('',(0.9521484375,9.3056640625));
#4648 = VECTOR('',#4649,1.);
#4649 = DIRECTION('',(1.,0.));
#4650 = ( GEOMETRIC_REPRESENTATION_CONTEXT(2) 
PARAMETRIC_REPRESENTATION_CONTEXT() REPRESENTATION_CONTEXT('2D SPACE',''
  ) );
#4651 = ORIENTED_EDGE('',*,*,#4652,.F.);
#4652 = EDGE_CURVE('',#4653,#4630,#4655,.T.);
#4653 = VERTEX_POINT('',#4654);
#4654 = CARTESIAN_POINT('',(-1.101318359375,5.011474609375,0.));
#4655 = SURFACE_CURVE('',#4656,(#4660,#4667),.PCURVE_S1.);
#4656 = LINE('',#4657,#4658);
#4657 = CARTESIAN_POINT('',(-1.101318359375,5.011474609375,0.));
#4658 = VECTOR('',#4659,1.);
#4659 = DIRECTION('',(-0.,-0.,-1.));
#4660 = PCURVE('',#4587,#4661);
#4661 = DEFINITIONAL_REPRESENTATION('',(#4662),#4666);
#4662 = LINE('',#4663,#4664);
#4663 = CARTESIAN_POINT('',(3.7197265625,0.));
#4664 = VECTOR('',#4665,1.);
#4665 = DIRECTION('',(0.,-1.));
#4666 = ( GEOMETRIC_REPRESENTATION_CONTEXT(2) 
PARAMETRIC_REPRESENTATION_CONTEXT() REPRESENTATION_CONTEXT('2D SPACE',''
  ) );
#4667 = PCURVE('',#4668,#4675);
#4668 = SURFACE_OF_LINEAR_EXTRUSION('',#4669,#4673);
#4669 = B_SPLINE_CURVE_WITH_KNOTS('',2,(#4670,#4671,#4672),
  .UNSPECIFIED.,.F.,.F.,(3,3),(0.,1.),.PIECEWISE_BEZIER_KNOTS.);
#4670 = CARTESIAN_POINT('',(-1.101318359375,5.011474609375,0.));
#4671 = CARTESIAN_POINT('',(3.173828125E-03,5.011474609375,0.));
#4672 = CARTESIAN_POINT('',(0.5458984375,4.91943359375,0.));
#4673 = VECTOR('',#4674,1.);
#4674 = DIRECTION('',(0.,0.,1.));
#4675 = DEFINITIONAL_REPRESENTATION('',(#4676),#4680);
#4676 = LINE('',#4677,#4678);
#4677 = CARTESIAN_POINT('',(0.,0.));
#4678 = VECTOR('',#4679,1.);
#4679 = DIRECTION('',(0.,-1.));
#4680 = ( GEOMETRIC_REPRESENTATION_CONTEXT(2) 
PARAMETRIC_REPRESENTATION_CONTEXT() REPRESENTATION_CONTEXT('2D SPACE',''
  ) );
#4681 = ORIENTED_EDGE('',*,*,#4682,.F.);
#4682 = EDGE_CURVE('',#4572,#4653,#4683,.T.);
#4683 = SURFACE_CURVE('',#4684,(#4688,#4695),.PCURVE_S1.);
#4684 = LINE('',#4685,#4686);
#4685 = CARTESIAN_POINT('',(-4.821044921875,5.011474609375,0.));
#4686 = VECTOR('',#4687,1.);
#4687 = DIRECTION('',(1.,0.,0.));
#4688 = PCURVE('',#4587,#4689);
#4689 = DEFINITIONAL_REPRESENTATION('',(#4690),#4694);
#4690 = LINE('',#4691,#4692);
#4691 = CARTESIAN_POINT('',(0.,0.));
#4692 = VECTOR('',#4693,1.);
#4693 = DIRECTION('',(1.,0.));
#4694 = ( GEOMETRIC_REPRESENTATION_CONTEXT(2) 
PARAMETRIC_REPRESENTATION_CONTEXT() REPRESENTATION_CONTEXT('2D SPACE',''
  ) );
#4695 = PCURVE('',#4613,#4696);
#4696 = DEFINITIONAL_REPRESENTATION('',(#4697),#4701);
#4697 = LINE('',#4698,#4699);
#4698 = CARTESIAN_POINT('',(0.9521484375,9.3056640625));
#4699 = VECTOR('',#4700,1.);
#4700 = DIRECTION('',(1.,0.));
#4701 = ( GEOMETRIC_REPRESENTATION_CONTEXT(2) 
PARAMETRIC_REPRESENTATION_CONTEXT() REPRESENTATION_CONTEXT('2D SPACE',''
  ) );
#4702 = ADVANCED_FACE('',(#4703),#4668,.F.);
#4703 = FACE_BOUND('',#4704,.F.);
#4704 = EDGE_LOOP('',(#4705,#4706,#4729,#4759));
#4705 = ORIENTED_EDGE('',*,*,#4652,.T.);
#4706 = ORIENTED_EDGE('',*,*,#4707,.T.);
#4707 = EDGE_CURVE('',#4630,#4708,#4710,.T.);
#4708 = VERTEX_POINT('',#4709);
#4709 = CARTESIAN_POINT('',(0.5458984375,4.91943359375,-1.6));
#4710 = SURFACE_CURVE('',#4711,(#4715,#4722),.PCURVE_S1.);
#4711 = B_SPLINE_CURVE_WITH_KNOTS('',2,(#4712,#4713,#4714),
  .UNSPECIFIED.,.F.,.F.,(3,3),(0.,1.),.PIECEWISE_BEZIER_KNOTS.);
#4712 = CARTESIAN_POINT('',(-1.101318359375,5.011474609375,-1.6));
#4713 = CARTESIAN_POINT('',(3.173828125E-03,5.011474609375,-1.6));
#4714 = CARTESIAN_POINT('',(0.5458984375,4.91943359375,-1.6));
#4715 = PCURVE('',#4668,#4716);
#4716 = DEFINITIONAL_REPRESENTATION('',(#4717),#4721);
#4717 = LINE('',#4718,#4719);
#4718 = CARTESIAN_POINT('',(0.,-1.6));
#4719 = VECTOR('',#4720,1.);
#4720 = DIRECTION('',(1.,0.));
#4721 = ( GEOMETRIC_REPRESENTATION_CONTEXT(2) 
PARAMETRIC_REPRESENTATION_CONTEXT() REPRESENTATION_CONTEXT('2D SPACE',''
  ) );
#4722 = PCURVE('',#4559,#4723);
#4723 = DEFINITIONAL_REPRESENTATION('',(#4724),#4728);
#4724 = B_SPLINE_CURVE_WITH_KNOTS('',2,(#4725,#4726,#4727),
  .UNSPECIFIED.,.F.,.F.,(3,3),(0.,1.),.PIECEWISE_BEZIER_KNOTS.);
#4725 = CARTESIAN_POINT('',(4.671875,9.3056640625));
#4726 = CARTESIAN_POINT('',(5.7763671875,9.3056640625));
#4727 = CARTESIAN_POINT('',(6.319091796875,9.213623046875));
#4728 = ( GEOMETRIC_REPRESENTATION_CONTEXT(2) 
PARAMETRIC_REPRESENTATION_CONTEXT() REPRESENTATION_CONTEXT('2D SPACE',''
  ) );
#4729 = ORIENTED_EDGE('',*,*,#4730,.F.);
#4730 = EDGE_CURVE('',#4731,#4708,#4733,.T.);
#4731 = VERTEX_POINT('',#4732);
#4732 = CARTESIAN_POINT('',(0.5458984375,4.91943359375,0.));
#4733 = SURFACE_CURVE('',#4734,(#4738,#4745),.PCURVE_S1.);
#4734 = LINE('',#4735,#4736);
#4735 = CARTESIAN_POINT('',(0.5458984375,4.91943359375,0.));
#4736 = VECTOR('',#4737,1.);
#4737 = DIRECTION('',(-0.,-0.,-1.));
#4738 = PCURVE('',#4668,#4739);
#4739 = DEFINITIONAL_REPRESENTATION('',(#4740),#4744);
#4740 = LINE('',#4741,#4742);
#4741 = CARTESIAN_POINT('',(1.,0.));
#4742 = VECTOR('',#4743,1.);
#4743 = DIRECTION('',(0.,-1.));
#4744 = ( GEOMETRIC_REPRESENTATION_CONTEXT(2) 
PARAMETRIC_REPRESENTATION_CONTEXT() REPRESENTATION_CONTEXT('2D SPACE',''
  ) );
#4745 = PCURVE('',#4746,#4753);
#4746 = SURFACE_OF_LINEAR_EXTRUSION('',#4747,#4751);
#4747 = B_SPLINE_CURVE_WITH_KNOTS('',2,(#4748,#4749,#4750),
  .UNSPECIFIED.,.F.,.F.,(3,3),(0.,1.),.PIECEWISE_BEZIER_KNOTS.);
#4748 = CARTESIAN_POINT('',(0.5458984375,4.91943359375,0.));
#4749 = CARTESIAN_POINT('',(1.088623046875,4.827392578125,0.));
#4750 = CARTESIAN_POINT('',(1.51708984375,4.535400390625,0.));
#4751 = VECTOR('',#4752,1.);
#4752 = DIRECTION('',(0.,0.,1.));
#4753 = DEFINITIONAL_REPRESENTATION('',(#4754),#4758);
#4754 = LINE('',#4755,#4756);
#4755 = CARTESIAN_POINT('',(0.,0.));
#4756 = VECTOR('',#4757,1.);
#4757 = DIRECTION('',(0.,-1.));
#4758 = ( GEOMETRIC_REPRESENTATION_CONTEXT(2) 
PARAMETRIC_REPRESENTATION_CONTEXT() REPRESENTATION_CONTEXT('2D SPACE',''
  ) );
#4759 = ORIENTED_EDGE('',*,*,#4760,.F.);
#4760 = EDGE_CURVE('',#4653,#4731,#4761,.T.);
#4761 = SURFACE_CURVE('',#4762,(#4766,#4773),.PCURVE_S1.);
#4762 = B_SPLINE_CURVE_WITH_KNOTS('',2,(#4763,#4764,#4765),
  .UNSPECIFIED.,.F.,.F.,(3,3),(0.,1.),.PIECEWISE_BEZIER_KNOTS.);
#4763 = CARTESIAN_POINT('',(-1.101318359375,5.011474609375,0.));
#4764 = CARTESIAN_POINT('',(3.173828125E-03,5.011474609375,0.));
#4765 = CARTESIAN_POINT('',(0.5458984375,4.91943359375,0.));
#4766 = PCURVE('',#4668,#4767);
#4767 = DEFINITIONAL_REPRESENTATION('',(#4768),#4772);
#4768 = LINE('',#4769,#4770);
#4769 = CARTESIAN_POINT('',(0.,0.));
#4770 = VECTOR('',#4771,1.);
#4771 = DIRECTION('',(1.,0.));
#4772 = ( GEOMETRIC_REPRESENTATION_CONTEXT(2) 
PARAMETRIC_REPRESENTATION_CONTEXT() REPRESENTATION_CONTEXT('2D SPACE',''
  ) );
#4773 = PCURVE('',#4613,#4774);
#4774 = DEFINITIONAL_REPRESENTATION('',(#4775),#4779);
#4775 = B_SPLINE_CURVE_WITH_KNOTS('',2,(#4776,#4777,#4778),
  .UNSPECIFIED.,.F.,.F.,(3,3),(0.,1.),.PIECEWISE_BEZIER_KNOTS.);
#4776 = CARTESIAN_POINT('',(4.671875,9.3056640625));
#4777 = CARTESIAN_POINT('',(5.7763671875,9.3056640625));
#4778 = CARTESIAN_POINT('',(6.319091796875,9.213623046875));
#4779 = ( GEOMETRIC_REPRESENTATION_CONTEXT(2) 
PARAMETRIC_REPRESENTATION_CONTEXT() REPRESENTATION_CONTEXT('2D SPACE',''
  ) );
#4780 = ADVANCED_FACE('',(#4781),#4746,.F.);
#4781 = FACE_BOUND('',#4782,.F.);
#4782 = EDGE_LOOP('',(#4783,#4784,#4807,#4837));
#4783 = ORIENTED_EDGE('',*,*,#4730,.T.);
#4784 = ORIENTED_EDGE('',*,*,#4785,.T.);
#4785 = EDGE_CURVE('',#4708,#4786,#4788,.T.);
#4786 = VERTEX_POINT('',#4787);
#4787 = CARTESIAN_POINT('',(1.51708984375,4.535400390625,-1.6));
#4788 = SURFACE_CURVE('',#4789,(#4793,#4800),.PCURVE_S1.);
#4789 = B_SPLINE_CURVE_WITH_KNOTS('',2,(#4790,#4791,#4792),
  .UNSPECIFIED.,.F.,.F.,(3,3),(0.,1.),.PIECEWISE_BEZIER_KNOTS.);
#4790 = CARTESIAN_POINT('',(0.5458984375,4.91943359375,-1.6));
#4791 = CARTESIAN_POINT('',(1.088623046875,4.827392578125,-1.6));
#4792 = CARTESIAN_POINT('',(1.51708984375,4.535400390625,-1.6));
#4793 = PCURVE('',#4746,#4794);
#4794 = DEFINITIONAL_REPRESENTATION('',(#4795),#4799);
#4795 = LINE('',#4796,#4797);
#4796 = CARTESIAN_POINT('',(0.,-1.6));
#4797 = VECTOR('',#4798,1.);
#4798 = DIRECTION('',(1.,0.));
#4799 = ( GEOMETRIC_REPRESENTATION_CONTEXT(2) 
PARAMETRIC_REPRESENTATION_CONTEXT() REPRESENTATION_CONTEXT('2D SPACE',''
  ) );
#4800 = PCURVE('',#4559,#4801);
#4801 = DEFINITIONAL_REPRESENTATION('',(#4802),#4806);
#4802 = B_SPLINE_CURVE_WITH_KNOTS('',2,(#4803,#4804,#4805),
  .UNSPECIFIED.,.F.,.F.,(3,3),(0.,1.),.PIECEWISE_BEZIER_KNOTS.);
#4803 = CARTESIAN_POINT('',(6.319091796875,9.213623046875));
#4804 = CARTESIAN_POINT('',(6.86181640625,9.12158203125));
#4805 = CARTESIAN_POINT('',(7.290283203125,8.82958984375));
#4806 = ( GEOMETRIC_REPRESENTATION_CONTEXT(2) 
PARAMETRIC_REPRESENTATION_CONTEXT() REPRESENTATION_CONTEXT('2D SPACE',''
  ) );
#4807 = ORIENTED_EDGE('',*,*,#4808,.F.);
#4808 = EDGE_CURVE('',#4809,#4786,#4811,.T.);
#4809 = VERTEX_POINT('',#4810);
#4810 = CARTESIAN_POINT('',(1.51708984375,4.535400390625,0.));
#4811 = SURFACE_CURVE('',#4812,(#4816,#4823),.PCURVE_S1.);
#4812 = LINE('',#4813,#4814);
#4813 = CARTESIAN_POINT('',(1.51708984375,4.535400390625,0.));
#4814 = VECTOR('',#4815,1.);
#4815 = DIRECTION('',(-0.,-0.,-1.));
#4816 = PCURVE('',#4746,#4817);
#4817 = DEFINITIONAL_REPRESENTATION('',(#4818),#4822);
#4818 = LINE('',#4819,#4820);
#4819 = CARTESIAN_POINT('',(1.,0.));
#4820 = VECTOR('',#4821,1.);
#4821 = DIRECTION('',(0.,-1.));
#4822 = ( GEOMETRIC_REPRESENTATION_CONTEXT(2) 
PARAMETRIC_REPRESENTATION_CONTEXT() REPRESENTATION_CONTEXT('2D SPACE',''
  ) );
#4823 = PCURVE('',#4824,#4831);
#4824 = SURFACE_OF_LINEAR_EXTRUSION('',#4825,#4829);
#4825 = B_SPLINE_CURVE_WITH_KNOTS('',2,(#4826,#4827,#4828),
  .UNSPECIFIED.,.F.,.F.,(3,3),(0.,1.),.PIECEWISE_BEZIER_KNOTS.);
#4826 = CARTESIAN_POINT('',(1.51708984375,4.535400390625,0.));
#4827 = CARTESIAN_POINT('',(1.945556640625,4.243408203125,0.));
#4828 = CARTESIAN_POINT('',(2.231201171875,3.7578125,0.));
#4829 = VECTOR('',#4830,1.);
#4830 = DIRECTION('',(0.,0.,1.));
#4831 = DEFINITIONAL_REPRESENTATION('',(#4832),#4836);
#4832 = LINE('',#4833,#4834);
#4833 = CARTESIAN_POINT('',(0.,0.));
#4834 = VECTOR('',#4835,1.);
#4835 = DIRECTION('',(0.,-1.));
#4836 = ( GEOMETRIC_REPRESENTATION_CONTEXT(2) 
PARAMETRIC_REPRESENTATION_CONTEXT() REPRESENTATION_CONTEXT('2D SPACE',''
  ) );
#4837 = ORIENTED_EDGE('',*,*,#4838,.F.);
#4838 = EDGE_CURVE('',#4731,#4809,#4839,.T.);
#4839 = SURFACE_CURVE('',#4840,(#4844,#4851),.PCURVE_S1.);
#4840 = B_SPLINE_CURVE_WITH_KNOTS('',2,(#4841,#4842,#4843),
  .UNSPECIFIED.,.F.,.F.,(3,3),(0.,1.),.PIECEWISE_BEZIER_KNOTS.);
#4841 = CARTESIAN_POINT('',(0.5458984375,4.91943359375,0.));
#4842 = CARTESIAN_POINT('',(1.088623046875,4.827392578125,0.));
#4843 = CARTESIAN_POINT('',(1.51708984375,4.535400390625,0.));
#4844 = PCURVE('',#4746,#4845);
#4845 = DEFINITIONAL_REPRESENTATION('',(#4846),#4850);
#4846 = LINE('',#4847,#4848);
#4847 = CARTESIAN_POINT('',(0.,0.));
#4848 = VECTOR('',#4849,1.);
#4849 = DIRECTION('',(1.,0.));
#4850 = ( GEOMETRIC_REPRESENTATION_CONTEXT(2) 
PARAMETRIC_REPRESENTATION_CONTEXT() REPRESENTATION_CONTEXT('2D SPACE',''
  ) );
#4851 = PCURVE('',#4613,#4852);
#4852 = DEFINITIONAL_REPRESENTATION('',(#4853),#4857);
#4853 = B_SPLINE_CURVE_WITH_KNOTS('',2,(#4854,#4855,#4856),
  .UNSPECIFIED.,.F.,.F.,(3,3),(0.,1.),.PIECEWISE_BEZIER_KNOTS.);
#4854 = CARTESIAN_POINT('',(6.319091796875,9.213623046875));
#4855 = CARTESIAN_POINT('',(6.86181640625,9.12158203125));
#4856 = CARTESIAN_POINT('',(7.290283203125,8.82958984375));
#4857 = ( GEOMETRIC_REPRESENTATION_CONTEXT(2) 
PARAMETRIC_REPRESENTATION_CONTEXT() REPRESENTATION_CONTEXT('2D SPACE',''
  ) );
#4858 = ADVANCED_FACE('',(#4859),#4824,.F.);
#4859 = FACE_BOUND('',#4860,.F.);
#4860 = EDGE_LOOP('',(#4861,#4862,#4885,#4915));
#4861 = ORIENTED_EDGE('',*,*,#4808,.T.);
#4862 = ORIENTED_EDGE('',*,*,#4863,.T.);
#4863 = EDGE_CURVE('',#4786,#4864,#4866,.T.);
#4864 = VERTEX_POINT('',#4865);
#4865 = CARTESIAN_POINT('',(2.231201171875,3.7578125,-1.6));
#4866 = SURFACE_CURVE('',#4867,(#4871,#4878),.PCURVE_S1.);
#4867 = B_SPLINE_CURVE_WITH_KNOTS('',2,(#4868,#4869,#4870),
  .UNSPECIFIED.,.F.,.F.,(3,3),(0.,1.),.PIECEWISE_BEZIER_KNOTS.);
#4868 = CARTESIAN_POINT('',(1.51708984375,4.535400390625,-1.6));
#4869 = CARTESIAN_POINT('',(1.945556640625,4.243408203125,-1.6));
#4870 = CARTESIAN_POINT('',(2.231201171875,3.7578125,-1.6));
#4871 = PCURVE('',#4824,#4872);
#4872 = DEFINITIONAL_REPRESENTATION('',(#4873),#4877);
#4873 = LINE('',#4874,#4875);
#4874 = CARTESIAN_POINT('',(0.,-1.6));
#4875 = VECTOR('',#4876,1.);
#4876 = DIRECTION('',(1.,0.));
#4877 = ( GEOMETRIC_REPRESENTATION_CONTEXT(2) 
PARAMETRIC_REPRESENTATION_CONTEXT() REPRESENTATION_CONTEXT('2D SPACE',''
  ) );
#4878 = PCURVE('',#4559,#4879);
#4879 = DEFINITIONAL_REPRESENTATION('',(#4880),#4884);
#4880 = B_SPLINE_CURVE_WITH_KNOTS('',2,(#4881,#4882,#4883),
  .UNSPECIFIED.,.F.,.F.,(3,3),(0.,1.),.PIECEWISE_BEZIER_KNOTS.);
#4881 = CARTESIAN_POINT('',(7.290283203125,8.82958984375));
#4882 = CARTESIAN_POINT('',(7.71875,8.53759765625));
#4883 = CARTESIAN_POINT('',(8.00439453125,8.052001953125));
#4884 = ( GEOMETRIC_REPRESENTATION_CONTEXT(2) 
PARAMETRIC_REPRESENTATION_CONTEXT() REPRESENTATION_CONTEXT('2D SPACE',''
  ) );
#4885 = ORIENTED_EDGE('',*,*,#4886,.F.);
#4886 = EDGE_CURVE('',#4887,#4864,#4889,.T.);
#4887 = VERTEX_POINT('',#4888);
#4888 = CARTESIAN_POINT('',(2.231201171875,3.7578125,0.));
#4889 = SURFACE_CURVE('',#4890,(#4894,#4901),.PCURVE_S1.);
#4890 = LINE('',#4891,#4892);
#4891 = CARTESIAN_POINT('',(2.231201171875,3.7578125,0.));
#4892 = VECTOR('',#4893,1.);
#4893 = DIRECTION('',(-0.,-0.,-1.));
#4894 = PCURVE('',#4824,#4895);
#4895 = DEFINITIONAL_REPRESENTATION('',(#4896),#4900);
#4896 = LINE('',#4897,#4898);
#4897 = CARTESIAN_POINT('',(1.,0.));
#4898 = VECTOR('',#4899,1.);
#4899 = DIRECTION('',(0.,-1.));
#4900 = ( GEOMETRIC_REPRESENTATION_CONTEXT(2) 
PARAMETRIC_REPRESENTATION_CONTEXT() REPRESENTATION_CONTEXT('2D SPACE',''
  ) );
#4901 = PCURVE('',#4902,#4909);
#4902 = SURFACE_OF_LINEAR_EXTRUSION('',#4903,#4907);
#4903 = B_SPLINE_CURVE_WITH_KNOTS('',2,(#4904,#4905,#4906),
  .UNSPECIFIED.,.F.,.F.,(3,3),(0.,1.),.PIECEWISE_BEZIER_KNOTS.);
#4904 = CARTESIAN_POINT('',(2.231201171875,3.7578125,0.));
#4905 = CARTESIAN_POINT('',(2.516845703125,3.272216796875,0.));
#4906 = CARTESIAN_POINT('',(2.516845703125,2.669189453125,0.));
#4907 = VECTOR('',#4908,1.);
#4908 = DIRECTION('',(0.,0.,1.));
#4909 = DEFINITIONAL_REPRESENTATION('',(#4910),#4914);
#4910 = LINE('',#4911,#4912);
#4911 = CARTESIAN_POINT('',(0.,0.));
#4912 = VECTOR('',#4913,1.);
#4913 = DIRECTION('',(0.,-1.));
#4914 = ( GEOMETRIC_REPRESENTATION_CONTEXT(2) 
PARAMETRIC_REPRESENTATION_CONTEXT() REPRESENTATION_CONTEXT('2D SPACE',''
  ) );
#4915 = ORIENTED_EDGE('',*,*,#4916,.F.);
#4916 = EDGE_CURVE('',#4809,#4887,#4917,.T.);
#4917 = SURFACE_CURVE('',#4918,(#4922,#4929),.PCURVE_S1.);
#4918 = B_SPLINE_CURVE_WITH_KNOTS('',2,(#4919,#4920,#4921),
  .UNSPECIFIED.,.F.,.F.,(3,3),(0.,1.),.PIECEWISE_BEZIER_KNOTS.);
#4919 = CARTESIAN_POINT('',(1.51708984375,4.535400390625,0.));
#4920 = CARTESIAN_POINT('',(1.945556640625,4.243408203125,0.));
#4921 = CARTESIAN_POINT('',(2.231201171875,3.7578125,0.));
#4922 = PCURVE('',#4824,#4923);
#4923 = DEFINITIONAL_REPRESENTATION('',(#4924),#4928);
#4924 = LINE('',#4925,#4926);
#4925 = CARTESIAN_POINT('',(0.,0.));
#4926 = VECTOR('',#4927,1.);
#4927 = DIRECTION('',(1.,0.));
#4928 = ( GEOMETRIC_REPRESENTATION_CONTEXT(2) 
PARAMETRIC_REPRESENTATION_CONTEXT() REPRESENTATION_CONTEXT('2D SPACE',''
  ) );
#4929 = PCURVE('',#4613,#4930);
#4930 = DEFINITIONAL_REPRESENTATION('',(#4931),#4935);
#4931 = B_SPLINE_CURVE_WITH_KNOTS('',2,(#4932,#4933,#4934),
  .UNSPECIFIED.,.F.,.F.,(3,3),(0.,1.),.PIECEWISE_BEZIER_KNOTS.);
#4932 = CARTESIAN_POINT('',(7.290283203125,8.82958984375));
#4933 = CARTESIAN_POINT('',(7.71875,8.53759765625));
#4934 = CARTESIAN_POINT('',(8.00439453125,8.052001953125));
#4935 = ( GEOMETRIC_REPRESENTATION_CONTEXT(2) 
PARAMETRIC_REPRESENTATION_CONTEXT() REPRESENTATION_CONTEXT('2D SPACE',''
  ) );
#4936 = ADVANCED_FACE('',(#4937),#4902,.F.);
#4937 = FACE_BOUND('',#4938,.F.);
#4938 = EDGE_LOOP('',(#4939,#4940,#4963,#4993));
#4939 = ORIENTED_EDGE('',*,*,#4886,.T.);
#4940 = ORIENTED_EDGE('',*,*,#4941,.T.);
#4941 = EDGE_CURVE('',#4864,#4942,#4944,.T.);
#4942 = VERTEX_POINT('',#4943);
#4943 = CARTESIAN_POINT('',(2.516845703125,2.669189453125,-1.6));
#4944 = SURFACE_CURVE('',#4945,(#4949,#4956),.PCURVE_S1.);
#4945 = B_SPLINE_CURVE_WITH_KNOTS('',2,(#4946,#4947,#4948),
  .UNSPECIFIED.,.F.,.F.,(3,3),(0.,1.),.PIECEWISE_BEZIER_KNOTS.);
#4946 = CARTESIAN_POINT('',(2.231201171875,3.7578125,-1.6));
#4947 = CARTESIAN_POINT('',(2.516845703125,3.272216796875,-1.6));
#4948 = CARTESIAN_POINT('',(2.516845703125,2.669189453125,-1.6));
#4949 = PCURVE('',#4902,#4950);
#4950 = DEFINITIONAL_REPRESENTATION('',(#4951),#4955);
#4951 = LINE('',#4952,#4953);
#4952 = CARTESIAN_POINT('',(0.,-1.6));
#4953 = VECTOR('',#4954,1.);
#4954 = DIRECTION('',(1.,0.));
#4955 = ( GEOMETRIC_REPRESENTATION_CONTEXT(2) 
PARAMETRIC_REPRESENTATION_CONTEXT() REPRESENTATION_CONTEXT('2D SPACE',''
  ) );
#4956 = PCURVE('',#4559,#4957);
#4957 = DEFINITIONAL_REPRESENTATION('',(#4958),#4962);
#4958 = B_SPLINE_CURVE_WITH_KNOTS('',2,(#4959,#4960,#4961),
  .UNSPECIFIED.,.F.,.F.,(3,3),(0.,1.),.PIECEWISE_BEZIER_KNOTS.);
#4959 = CARTESIAN_POINT('',(8.00439453125,8.052001953125));
#4960 = CARTESIAN_POINT('',(8.2900390625,7.56640625));
#4961 = CARTESIAN_POINT('',(8.2900390625,6.96337890625));
#4962 = ( GEOMETRIC_REPRESENTATION_CONTEXT(2) 
PARAMETRIC_REPRESENTATION_CONTEXT() REPRESENTATION_CONTEXT('2D SPACE',''
  ) );
#4963 = ORIENTED_EDGE('',*,*,#4964,.F.);
#4964 = EDGE_CURVE('',#4965,#4942,#4967,.T.);
#4965 = VERTEX_POINT('',#4966);
#4966 = CARTESIAN_POINT('',(2.516845703125,2.669189453125,0.));
#4967 = SURFACE_CURVE('',#4968,(#4972,#4979),.PCURVE_S1.);
#4968 = LINE('',#4969,#4970);
#4969 = CARTESIAN_POINT('',(2.516845703125,2.669189453125,0.));
#4970 = VECTOR('',#4971,1.);
#4971 = DIRECTION('',(-0.,-0.,-1.));
#4972 = PCURVE('',#4902,#4973);
#4973 = DEFINITIONAL_REPRESENTATION('',(#4974),#4978);
#4974 = LINE('',#4975,#4976);
#4975 = CARTESIAN_POINT('',(1.,0.));
#4976 = VECTOR('',#4977,1.);
#4977 = DIRECTION('',(0.,-1.));
#4978 = ( GEOMETRIC_REPRESENTATION_CONTEXT(2) 
PARAMETRIC_REPRESENTATION_CONTEXT() REPRESENTATION_CONTEXT('2D SPACE',''
  ) );
#4979 = PCURVE('',#4980,#4987);
#4980 = SURFACE_OF_LINEAR_EXTRUSION('',#4981,#4985);
#4981 = B_SPLINE_CURVE_WITH_KNOTS('',2,(#4982,#4983,#4984),
  .UNSPECIFIED.,.F.,.F.,(3,3),(0.,1.),.PIECEWISE_BEZIER_KNOTS.);
#4982 = CARTESIAN_POINT('',(2.516845703125,2.669189453125,0.));
#4983 = CARTESIAN_POINT('',(2.516845703125,2.015380859375,0.));
#4984 = CARTESIAN_POINT('',(2.16455078125,1.469482421875,0.));
#4985 = VECTOR('',#4986,1.);
#4986 = DIRECTION('',(0.,0.,1.));
#4987 = DEFINITIONAL_REPRESENTATION('',(#4988),#4992);
#4988 = LINE('',#4989,#4990);
#4989 = CARTESIAN_POINT('',(0.,0.));
#4990 = VECTOR('',#4991,1.);
#4991 = DIRECTION('',(0.,-1.));
#4992 = ( GEOMETRIC_REPRESENTATION_CONTEXT(2) 
PARAMETRIC_REPRESENTATION_CONTEXT() REPRESENTATION_CONTEXT('2D SPACE',''
  ) );
#4993 = ORIENTED_EDGE('',*,*,#4994,.F.);
#4994 = EDGE_CURVE('',#4887,#4965,#4995,.T.);
#4995 = SURFACE_CURVE('',#4996,(#5000,#5007),.PCURVE_S1.);
#4996 = B_SPLINE_CURVE_WITH_KNOTS('',2,(#4997,#4998,#4999),
  .UNSPECIFIED.,.F.,.F.,(3,3),(0.,1.),.PIECEWISE_BEZIER_KNOTS.);
#4997 = CARTESIAN_POINT('',(2.231201171875,3.7578125,0.));
#4998 = CARTESIAN_POINT('',(2.516845703125,3.272216796875,0.));
#4999 = CARTESIAN_POINT('',(2.516845703125,2.669189453125,0.));
#5000 = PCURVE('',#4902,#5001);
#5001 = DEFINITIONAL_REPRESENTATION('',(#5002),#5006);
#5002 = LINE('',#5003,#5004);
#5003 = CARTESIAN_POINT('',(0.,0.));
#5004 = VECTOR('',#5005,1.);
#5005 = DIRECTION('',(1.,0.));
#5006 = ( GEOMETRIC_REPRESENTATION_CONTEXT(2) 
PARAMETRIC_REPRESENTATION_CONTEXT() REPRESENTATION_CONTEXT('2D SPACE',''
  ) );
#5007 = PCURVE('',#4613,#5008);
#5008 = DEFINITIONAL_REPRESENTATION('',(#5009),#5013);
#5009 = B_SPLINE_CURVE_WITH_KNOTS('',2,(#5010,#5011,#5012),
  .UNSPECIFIED.,.F.,.F.,(3,3),(0.,1.),.PIECEWISE_BEZIER_KNOTS.);
#5010 = CARTESIAN_POINT('',(8.00439453125,8.052001953125));
#5011 = CARTESIAN_POINT('',(8.2900390625,7.56640625));
#5012 = CARTESIAN_POINT('',(8.2900390625,6.96337890625));
#5013 = ( GEOMETRIC_REPRESENTATION_CONTEXT(2) 
PARAMETRIC_REPRESENTATION_CONTEXT() REPRESENTATION_CONTEXT('2D SPACE',''
  ) );
#5014 = ADVANCED_FACE('',(#5015),#4980,.F.);
#5015 = FACE_BOUND('',#5016,.F.);
#5016 = EDGE_LOOP('',(#5017,#5018,#5041,#5071));
#5017 = ORIENTED_EDGE('',*,*,#4964,.T.);
#5018 = ORIENTED_EDGE('',*,*,#5019,.T.);
#5019 = EDGE_CURVE('',#4942,#5020,#5022,.T.);
#5020 = VERTEX_POINT('',#5021);
#5021 = CARTESIAN_POINT('',(2.16455078125,1.469482421875,-1.6));
#5022 = SURFACE_CURVE('',#5023,(#5027,#5034),.PCURVE_S1.);
#5023 = B_SPLINE_CURVE_WITH_KNOTS('',2,(#5024,#5025,#5026),
  .UNSPECIFIED.,.F.,.F.,(3,3),(0.,1.),.PIECEWISE_BEZIER_KNOTS.);
#5024 = CARTESIAN_POINT('',(2.516845703125,2.669189453125,-1.6));
#5025 = CARTESIAN_POINT('',(2.516845703125,2.015380859375,-1.6));
#5026 = CARTESIAN_POINT('',(2.16455078125,1.469482421875,-1.6));
#5027 = PCURVE('',#4980,#5028);
#5028 = DEFINITIONAL_REPRESENTATION('',(#5029),#5033);
#5029 = LINE('',#5030,#5031);
#5030 = CARTESIAN_POINT('',(0.,-1.6));
#5031 = VECTOR('',#5032,1.);
#5032 = DIRECTION('',(1.,0.));
#5033 = ( GEOMETRIC_REPRESENTATION_CONTEXT(2) 
PARAMETRIC_REPRESENTATION_CONTEXT() REPRESENTATION_CONTEXT('2D SPACE',''
  ) );
#5034 = PCURVE('',#4559,#5035);
#5035 = DEFINITIONAL_REPRESENTATION('',(#5036),#5040);
#5036 = B_SPLINE_CURVE_WITH_KNOTS('',2,(#5037,#5038,#5039),
  .UNSPECIFIED.,.F.,.F.,(3,3),(0.,1.),.PIECEWISE_BEZIER_KNOTS.);
#5037 = CARTESIAN_POINT('',(8.2900390625,6.96337890625));
#5038 = CARTESIAN_POINT('',(8.2900390625,6.3095703125));
#5039 = CARTESIAN_POINT('',(7.937744140625,5.763671875));
#5040 = ( GEOMETRIC_REPRESENTATION_CONTEXT(2) 
PARAMETRIC_REPRESENTATION_CONTEXT() REPRESENTATION_CONTEXT('2D SPACE',''
  ) );
#5041 = ORIENTED_EDGE('',*,*,#5042,.F.);
#5042 = EDGE_CURVE('',#5043,#5020,#5045,.T.);
#5043 = VERTEX_POINT('',#5044);
#5044 = CARTESIAN_POINT('',(2.16455078125,1.469482421875,0.));
#5045 = SURFACE_CURVE('',#5046,(#5050,#5057),.PCURVE_S1.);
#5046 = LINE('',#5047,#5048);
#5047 = CARTESIAN_POINT('',(2.16455078125,1.469482421875,0.));
#5048 = VECTOR('',#5049,1.);
#5049 = DIRECTION('',(-0.,-0.,-1.));
#5050 = PCURVE('',#4980,#5051);
#5051 = DEFINITIONAL_REPRESENTATION('',(#5052),#5056);
#5052 = LINE('',#5053,#5054);
#5053 = CARTESIAN_POINT('',(1.,0.));
#5054 = VECTOR('',#5055,1.);
#5055 = DIRECTION('',(0.,-1.));
#5056 = ( GEOMETRIC_REPRESENTATION_CONTEXT(2) 
PARAMETRIC_REPRESENTATION_CONTEXT() REPRESENTATION_CONTEXT('2D SPACE',''
  ) );
#5057 = PCURVE('',#5058,#5065);
#5058 = SURFACE_OF_LINEAR_EXTRUSION('',#5059,#5063);
#5059 = B_SPLINE_CURVE_WITH_KNOTS('',2,(#5060,#5061,#5062),
  .UNSPECIFIED.,.F.,.F.,(3,3),(0.,1.),.PIECEWISE_BEZIER_KNOTS.);
#5060 = CARTESIAN_POINT('',(2.16455078125,1.469482421875,0.));
#5061 = CARTESIAN_POINT('',(1.812255859375,0.923583984375,0.));
#5062 = CARTESIAN_POINT('',(1.209228515625,0.650634765625,0.));
#5063 = VECTOR('',#5064,1.);
#5064 = DIRECTION('',(0.,0.,1.));
#5065 = DEFINITIONAL_REPRESENTATION('',(#5066),#5070);
#5066 = LINE('',#5067,#5068);
#5067 = CARTESIAN_POINT('',(0.,0.));
#5068 = VECTOR('',#5069,1.);
#5069 = DIRECTION('',(0.,-1.));
#5070 = ( GEOMETRIC_REPRESENTATION_CONTEXT(2) 
PARAMETRIC_REPRESENTATION_CONTEXT() REPRESENTATION_CONTEXT('2D SPACE',''
  ) );
#5071 = ORIENTED_EDGE('',*,*,#5072,.F.);
#5072 = EDGE_CURVE('',#4965,#5043,#5073,.T.);
#5073 = SURFACE_CURVE('',#5074,(#5078,#5085),.PCURVE_S1.);
#5074 = B_SPLINE_CURVE_WITH_KNOTS('',2,(#5075,#5076,#5077),
  .UNSPECIFIED.,.F.,.F.,(3,3),(0.,1.),.PIECEWISE_BEZIER_KNOTS.);
#5075 = CARTESIAN_POINT('',(2.516845703125,2.669189453125,0.));
#5076 = CARTESIAN_POINT('',(2.516845703125,2.015380859375,0.));
#5077 = CARTESIAN_POINT('',(2.16455078125,1.469482421875,0.));
#5078 = PCURVE('',#4980,#5079);
#5079 = DEFINITIONAL_REPRESENTATION('',(#5080),#5084);
#5080 = LINE('',#5081,#5082);
#5081 = CARTESIAN_POINT('',(0.,0.));
#5082 = VECTOR('',#5083,1.);
#5083 = DIRECTION('',(1.,0.));
#5084 = ( GEOMETRIC_REPRESENTATION_CONTEXT(2) 
PARAMETRIC_REPRESENTATION_CONTEXT() REPRESENTATION_CONTEXT('2D SPACE',''
  ) );
#5085 = PCURVE('',#4613,#5086);
#5086 = DEFINITIONAL_REPRESENTATION('',(#5087),#5091);
#5087 = B_SPLINE_CURVE_WITH_KNOTS('',2,(#5088,#5089,#5090),
  .UNSPECIFIED.,.F.,.F.,(3,3),(0.,1.),.PIECEWISE_BEZIER_KNOTS.);
#5088 = CARTESIAN_POINT('',(8.2900390625,6.96337890625));
#5089 = CARTESIAN_POINT('',(8.2900390625,6.3095703125));
#5090 = CARTESIAN_POINT('',(7.937744140625,5.763671875));
#5091 = ( GEOMETRIC_REPRESENTATION_CONTEXT(2) 
PARAMETRIC_REPRESENTATION_CONTEXT() REPRESENTATION_CONTEXT('2D SPACE',''
  ) );
#5092 = ADVANCED_FACE('',(#5093),#5058,.F.);
#5093 = FACE_BOUND('',#5094,.F.);
#5094 = EDGE_LOOP('',(#5095,#5096,#5119,#5149));
#5095 = ORIENTED_EDGE('',*,*,#5042,.T.);
#5096 = ORIENTED_EDGE('',*,*,#5097,.T.);
#5097 = EDGE_CURVE('',#5020,#5098,#5100,.T.);
#5098 = VERTEX_POINT('',#5099);
#5099 = CARTESIAN_POINT('',(1.209228515625,0.650634765625,-1.6));
#5100 = SURFACE_CURVE('',#5101,(#5105,#5112),.PCURVE_S1.);
#5101 = B_SPLINE_CURVE_WITH_KNOTS('',2,(#5102,#5103,#5104),
  .UNSPECIFIED.,.F.,.F.,(3,3),(0.,1.),.PIECEWISE_BEZIER_KNOTS.);
#5102 = CARTESIAN_POINT('',(2.16455078125,1.469482421875,-1.6));
#5103 = CARTESIAN_POINT('',(1.812255859375,0.923583984375,-1.6));
#5104 = CARTESIAN_POINT('',(1.209228515625,0.650634765625,-1.6));
#5105 = PCURVE('',#5058,#5106);
#5106 = DEFINITIONAL_REPRESENTATION('',(#5107),#5111);
#5107 = LINE('',#5108,#5109);
#5108 = CARTESIAN_POINT('',(0.,-1.6));
#5109 = VECTOR('',#5110,1.);
#5110 = DIRECTION('',(1.,0.));
#5111 = ( GEOMETRIC_REPRESENTATION_CONTEXT(2) 
PARAMETRIC_REPRESENTATION_CONTEXT() REPRESENTATION_CONTEXT('2D SPACE',''
  ) );
#5112 = PCURVE('',#4559,#5113);
#5113 = DEFINITIONAL_REPRESENTATION('',(#5114),#5118);
#5114 = B_SPLINE_CURVE_WITH_KNOTS('',2,(#5115,#5116,#5117),
  .UNSPECIFIED.,.F.,.F.,(3,3),(0.,1.),.PIECEWISE_BEZIER_KNOTS.);
#5115 = CARTESIAN_POINT('',(7.937744140625,5.763671875));
#5116 = CARTESIAN_POINT('',(7.58544921875,5.2177734375));
#5117 = CARTESIAN_POINT('',(6.982421875,4.94482421875));
#5118 = ( GEOMETRIC_REPRESENTATION_CONTEXT(2) 
PARAMETRIC_REPRESENTATION_CONTEXT() REPRESENTATION_CONTEXT('2D SPACE',''
  ) );
#5119 = ORIENTED_EDGE('',*,*,#5120,.F.);
#5120 = EDGE_CURVE('',#5121,#5098,#5123,.T.);
#5121 = VERTEX_POINT('',#5122);
#5122 = CARTESIAN_POINT('',(1.209228515625,0.650634765625,0.));
#5123 = SURFACE_CURVE('',#5124,(#5128,#5135),.PCURVE_S1.);
#5124 = LINE('',#5125,#5126);
#5125 = CARTESIAN_POINT('',(1.209228515625,0.650634765625,0.));
#5126 = VECTOR('',#5127,1.);
#5127 = DIRECTION('',(-0.,-0.,-1.));
#5128 = PCURVE('',#5058,#5129);
#5129 = DEFINITIONAL_REPRESENTATION('',(#5130),#5134);
#5130 = LINE('',#5131,#5132);
#5131 = CARTESIAN_POINT('',(1.,0.));
#5132 = VECTOR('',#5133,1.);
#5133 = DIRECTION('',(0.,-1.));
#5134 = ( GEOMETRIC_REPRESENTATION_CONTEXT(2) 
PARAMETRIC_REPRESENTATION_CONTEXT() REPRESENTATION_CONTEXT('2D SPACE',''
  ) );
#5135 = PCURVE('',#5136,#5143);
#5136 = SURFACE_OF_LINEAR_EXTRUSION('',#5137,#5141);
#5137 = B_SPLINE_CURVE_WITH_KNOTS('',2,(#5138,#5139,#5140),
  .UNSPECIFIED.,.F.,.F.,(3,3),(0.,1.),.PIECEWISE_BEZIER_KNOTS.);
#5138 = CARTESIAN_POINT('',(1.209228515625,0.650634765625,0.));
#5139 = CARTESIAN_POINT('',(2.059814453125,0.403076171875,0.));
#5140 = CARTESIAN_POINT('',(2.516845703125,-0.193603515625,0.));
#5141 = VECTOR('',#5142,1.);
#5142 = DIRECTION('',(0.,0.,1.));
#5143 = DEFINITIONAL_REPRESENTATION('',(#5144),#5148);
#5144 = LINE('',#5145,#5146);
#5145 = CARTESIAN_POINT('',(0.,0.));
#5146 = VECTOR('',#5147,1.);
#5147 = DIRECTION('',(0.,-1.));
#5148 = ( GEOMETRIC_REPRESENTATION_CONTEXT(2) 
PARAMETRIC_REPRESENTATION_CONTEXT() REPRESENTATION_CONTEXT('2D SPACE',''
  ) );
#5149 = ORIENTED_EDGE('',*,*,#5150,.F.);
#5150 = EDGE_CURVE('',#5043,#5121,#5151,.T.);
#5151 = SURFACE_CURVE('',#5152,(#5156,#5163),.PCURVE_S1.);
#5152 = B_SPLINE_CURVE_WITH_KNOTS('',2,(#5153,#5154,#5155),
  .UNSPECIFIED.,.F.,.F.,(3,3),(0.,1.),.PIECEWISE_BEZIER_KNOTS.);
#5153 = CARTESIAN_POINT('',(2.16455078125,1.469482421875,0.));
#5154 = CARTESIAN_POINT('',(1.812255859375,0.923583984375,0.));
#5155 = CARTESIAN_POINT('',(1.209228515625,0.650634765625,0.));
#5156 = PCURVE('',#5058,#5157);
#5157 = DEFINITIONAL_REPRESENTATION('',(#5158),#5162);
#5158 = LINE('',#5159,#5160);
#5159 = CARTESIAN_POINT('',(0.,0.));
#5160 = VECTOR('',#5161,1.);
#5161 = DIRECTION('',(1.,0.));
#5162 = ( GEOMETRIC_REPRESENTATION_CONTEXT(2) 
PARAMETRIC_REPRESENTATION_CONTEXT() REPRESENTATION_CONTEXT('2D SPACE',''
  ) );
#5163 = PCURVE('',#4613,#5164);
#5164 = DEFINITIONAL_REPRESENTATION('',(#5165),#5169);
#5165 = B_SPLINE_CURVE_WITH_KNOTS('',2,(#5166,#5167,#5168),
  .UNSPECIFIED.,.F.,.F.,(3,3),(0.,1.),.PIECEWISE_BEZIER_KNOTS.);
#5166 = CARTESIAN_POINT('',(7.937744140625,5.763671875));
#5167 = CARTESIAN_POINT('',(7.58544921875,5.2177734375));
#5168 = CARTESIAN_POINT('',(6.982421875,4.94482421875));
#5169 = ( GEOMETRIC_REPRESENTATION_CONTEXT(2) 
PARAMETRIC_REPRESENTATION_CONTEXT() REPRESENTATION_CONTEXT('2D SPACE',''
  ) );
#5170 = ADVANCED_FACE('',(#5171),#5136,.F.);
#5171 = FACE_BOUND('',#5172,.F.);
#5172 = EDGE_LOOP('',(#5173,#5174,#5197,#5227));
#5173 = ORIENTED_EDGE('',*,*,#5120,.T.);
#5174 = ORIENTED_EDGE('',*,*,#5175,.T.);
#5175 = EDGE_CURVE('',#5098,#5176,#5178,.T.);
#5176 = VERTEX_POINT('',#5177);
#5177 = CARTESIAN_POINT('',(2.516845703125,-0.193603515625,-1.6));
#5178 = SURFACE_CURVE('',#5179,(#5183,#5190),.PCURVE_S1.);
#5179 = B_SPLINE_CURVE_WITH_KNOTS('',2,(#5180,#5181,#5182),
  .UNSPECIFIED.,.F.,.F.,(3,3),(0.,1.),.PIECEWISE_BEZIER_KNOTS.);
#5180 = CARTESIAN_POINT('',(1.209228515625,0.650634765625,-1.6));
#5181 = CARTESIAN_POINT('',(2.059814453125,0.403076171875,-1.6));
#5182 = CARTESIAN_POINT('',(2.516845703125,-0.193603515625,-1.6));
#5183 = PCURVE('',#5136,#5184);
#5184 = DEFINITIONAL_REPRESENTATION('',(#5185),#5189);
#5185 = LINE('',#5186,#5187);
#5186 = CARTESIAN_POINT('',(0.,-1.6));
#5187 = VECTOR('',#5188,1.);
#5188 = DIRECTION('',(1.,0.));
#5189 = ( GEOMETRIC_REPRESENTATION_CONTEXT(2) 
PARAMETRIC_REPRESENTATION_CONTEXT() REPRESENTATION_CONTEXT('2D SPACE',''
  ) );
#5190 = PCURVE('',#4559,#5191);
#5191 = DEFINITIONAL_REPRESENTATION('',(#5192),#5196);
#5192 = B_SPLINE_CURVE_WITH_KNOTS('',2,(#5193,#5194,#5195),
  .UNSPECIFIED.,.F.,.F.,(3,3),(0.,1.),.PIECEWISE_BEZIER_KNOTS.);
#5193 = CARTESIAN_POINT('',(6.982421875,4.94482421875));
#5194 = CARTESIAN_POINT('',(7.8330078125,4.697265625));
#5195 = CARTESIAN_POINT('',(8.2900390625,4.1005859375));
#5196 = ( GEOMETRIC_REPRESENTATION_CONTEXT(2) 
PARAMETRIC_REPRESENTATION_CONTEXT() REPRESENTATION_CONTEXT('2D SPACE',''
  ) );
#5197 = ORIENTED_EDGE('',*,*,#5198,.F.);
#5198 = EDGE_CURVE('',#5199,#5176,#5201,.T.);
#5199 = VERTEX_POINT('',#5200);
#5200 = CARTESIAN_POINT('',(2.516845703125,-0.193603515625,0.));
#5201 = SURFACE_CURVE('',#5202,(#5206,#5213),.PCURVE_S1.);
#5202 = LINE('',#5203,#5204);
#5203 = CARTESIAN_POINT('',(2.516845703125,-0.193603515625,0.));
#5204 = VECTOR('',#5205,1.);
#5205 = DIRECTION('',(-0.,-0.,-1.));
#5206 = PCURVE('',#5136,#5207);
#5207 = DEFINITIONAL_REPRESENTATION('',(#5208),#5212);
#5208 = LINE('',#5209,#5210);
#5209 = CARTESIAN_POINT('',(1.,0.));
#5210 = VECTOR('',#5211,1.);
#5211 = DIRECTION('',(0.,-1.));
#5212 = ( GEOMETRIC_REPRESENTATION_CONTEXT(2) 
PARAMETRIC_REPRESENTATION_CONTEXT() REPRESENTATION_CONTEXT('2D SPACE',''
  ) );
#5213 = PCURVE('',#5214,#5221);
#5214 = SURFACE_OF_LINEAR_EXTRUSION('',#5215,#5219);
#5215 = B_SPLINE_CURVE_WITH_KNOTS('',2,(#5216,#5217,#5218),
  .UNSPECIFIED.,.F.,.F.,(3,3),(0.,1.),.PIECEWISE_BEZIER_KNOTS.);
#5216 = CARTESIAN_POINT('',(2.516845703125,-0.193603515625,0.));
#5217 = CARTESIAN_POINT('',(2.973876953125,-0.790283203125,0.));
#5218 = CARTESIAN_POINT('',(2.973876953125,-1.596435546875,0.));
#5219 = VECTOR('',#5220,1.);
#5220 = DIRECTION('',(0.,0.,1.));
#5221 = DEFINITIONAL_REPRESENTATION('',(#5222),#5226);
#5222 = LINE('',#5223,#5224);
#5223 = CARTESIAN_POINT('',(0.,0.));
#5224 = VECTOR('',#5225,1.);
#5225 = DIRECTION('',(0.,-1.));
#5226 = ( GEOMETRIC_REPRESENTATION_CONTEXT(2) 
PARAMETRIC_REPRESENTATION_CONTEXT() REPRESENTATION_CONTEXT('2D SPACE',''
  ) );
#5227 = ORIENTED_EDGE('',*,*,#5228,.F.);
#5228 = EDGE_CURVE('',#5121,#5199,#5229,.T.);
#5229 = SURFACE_CURVE('',#5230,(#5234,#5241),.PCURVE_S1.);
#5230 = B_SPLINE_CURVE_WITH_KNOTS('',2,(#5231,#5232,#5233),
  .UNSPECIFIED.,.F.,.F.,(3,3),(0.,1.),.PIECEWISE_BEZIER_KNOTS.);
#5231 = CARTESIAN_POINT('',(1.209228515625,0.650634765625,0.));
#5232 = CARTESIAN_POINT('',(2.059814453125,0.403076171875,0.));
#5233 = CARTESIAN_POINT('',(2.516845703125,-0.193603515625,0.));
#5234 = PCURVE('',#5136,#5235);
#5235 = DEFINITIONAL_REPRESENTATION('',(#5236),#5240);
#5236 = LINE('',#5237,#5238);
#5237 = CARTESIAN_POINT('',(0.,0.));
#5238 = VECTOR('',#5239,1.);
#5239 = DIRECTION('',(1.,0.));
#5240 = ( GEOMETRIC_REPRESENTATION_CONTEXT(2) 
PARAMETRIC_REPRESENTATION_CONTEXT() REPRESENTATION_CONTEXT('2D SPACE',''
  ) );
#5241 = PCURVE('',#4613,#5242);
#5242 = DEFINITIONAL_REPRESENTATION('',(#5243),#5247);
#5243 = B_SPLINE_CURVE_WITH_KNOTS('',2,(#5244,#5245,#5246),
  .UNSPECIFIED.,.F.,.F.,(3,3),(0.,1.),.PIECEWISE_BEZIER_KNOTS.);
#5244 = CARTESIAN_POINT('',(6.982421875,4.94482421875));
#5245 = CARTESIAN_POINT('',(7.8330078125,4.697265625));
#5246 = CARTESIAN_POINT('',(8.2900390625,4.1005859375));
#5247 = ( GEOMETRIC_REPRESENTATION_CONTEXT(2) 
PARAMETRIC_REPRESENTATION_CONTEXT() REPRESENTATION_CONTEXT('2D SPACE',''
  ) );
#5248 = ADVANCED_FACE('',(#5249),#5214,.F.);
#5249 = FACE_BOUND('',#5250,.F.);
#5250 = EDGE_LOOP('',(#5251,#5252,#5275,#5305));
#5251 = ORIENTED_EDGE('',*,*,#5198,.T.);
#5252 = ORIENTED_EDGE('',*,*,#5253,.T.);
#5253 = EDGE_CURVE('',#5176,#5254,#5256,.T.);
#5254 = VERTEX_POINT('',#5255);
#5255 = CARTESIAN_POINT('',(2.973876953125,-1.596435546875,-1.6));
#5256 = SURFACE_CURVE('',#5257,(#5261,#5268),.PCURVE_S1.);
#5257 = B_SPLINE_CURVE_WITH_KNOTS('',2,(#5258,#5259,#5260),
  .UNSPECIFIED.,.F.,.F.,(3,3),(0.,1.),.PIECEWISE_BEZIER_KNOTS.);
#5258 = CARTESIAN_POINT('',(2.516845703125,-0.193603515625,-1.6));
#5259 = CARTESIAN_POINT('',(2.973876953125,-0.790283203125,-1.6));
#5260 = CARTESIAN_POINT('',(2.973876953125,-1.596435546875,-1.6));
#5261 = PCURVE('',#5214,#5262);
#5262 = DEFINITIONAL_REPRESENTATION('',(#5263),#5267);
#5263 = LINE('',#5264,#5265);
#5264 = CARTESIAN_POINT('',(0.,-1.6));
#5265 = VECTOR('',#5266,1.);
#5266 = DIRECTION('',(1.,0.));
#5267 = ( GEOMETRIC_REPRESENTATION_CONTEXT(2) 
PARAMETRIC_REPRESENTATION_CONTEXT() REPRESENTATION_CONTEXT('2D SPACE',''
  ) );
#5268 = PCURVE('',#4559,#5269);
#5269 = DEFINITIONAL_REPRESENTATION('',(#5270),#5274);
#5270 = B_SPLINE_CURVE_WITH_KNOTS('',2,(#5271,#5272,#5273),
  .UNSPECIFIED.,.F.,.F.,(3,3),(0.,1.),.PIECEWISE_BEZIER_KNOTS.);
#5271 = CARTESIAN_POINT('',(8.2900390625,4.1005859375));
#5272 = CARTESIAN_POINT('',(8.7470703125,3.50390625));
#5273 = CARTESIAN_POINT('',(8.7470703125,2.69775390625));
#5274 = ( GEOMETRIC_REPRESENTATION_CONTEXT(2) 
PARAMETRIC_REPRESENTATION_CONTEXT() REPRESENTATION_CONTEXT('2D SPACE',''
  ) );
#5275 = ORIENTED_EDGE('',*,*,#5276,.F.);
#5276 = EDGE_CURVE('',#5277,#5254,#5279,.T.);
#5277 = VERTEX_POINT('',#5278);
#5278 = CARTESIAN_POINT('',(2.973876953125,-1.596435546875,0.));
#5279 = SURFACE_CURVE('',#5280,(#5284,#5291),.PCURVE_S1.);
#5280 = LINE('',#5281,#5282);
#5281 = CARTESIAN_POINT('',(2.973876953125,-1.596435546875,0.));
#5282 = VECTOR('',#5283,1.);
#5283 = DIRECTION('',(-0.,-0.,-1.));
#5284 = PCURVE('',#5214,#5285);
#5285 = DEFINITIONAL_REPRESENTATION('',(#5286),#5290);
#5286 = LINE('',#5287,#5288);
#5287 = CARTESIAN_POINT('',(1.,0.));
#5288 = VECTOR('',#5289,1.);
#5289 = DIRECTION('',(0.,-1.));
#5290 = ( GEOMETRIC_REPRESENTATION_CONTEXT(2) 
PARAMETRIC_REPRESENTATION_CONTEXT() REPRESENTATION_CONTEXT('2D SPACE',''
  ) );
#5291 = PCURVE('',#5292,#5299);
#5292 = SURFACE_OF_LINEAR_EXTRUSION('',#5293,#5297);
#5293 = B_SPLINE_CURVE_WITH_KNOTS('',2,(#5294,#5295,#5296),
  .UNSPECIFIED.,.F.,.F.,(3,3),(0.,1.),.PIECEWISE_BEZIER_KNOTS.);
#5294 = CARTESIAN_POINT('',(2.973876953125,-1.596435546875,0.));
#5295 = CARTESIAN_POINT('',(2.973876953125,-2.231201171875,0.));
#5296 = CARTESIAN_POINT('',(2.6787109375,-2.8310546875,0.));
#5297 = VECTOR('',#5298,1.);
#5298 = DIRECTION('',(0.,0.,1.));
#5299 = DEFINITIONAL_REPRESENTATION('',(#5300),#5304);
#5300 = LINE('',#5301,#5302);
#5301 = CARTESIAN_POINT('',(0.,0.));
#5302 = VECTOR('',#5303,1.);
#5303 = DIRECTION('',(0.,-1.));
#5304 = ( GEOMETRIC_REPRESENTATION_CONTEXT(2) 
PARAMETRIC_REPRESENTATION_CONTEXT() REPRESENTATION_CONTEXT('2D SPACE',''
  ) );
#5305 = ORIENTED_EDGE('',*,*,#5306,.F.);
#5306 = EDGE_CURVE('',#5199,#5277,#5307,.T.);
#5307 = SURFACE_CURVE('',#5308,(#5312,#5319),.PCURVE_S1.);
#5308 = B_SPLINE_CURVE_WITH_KNOTS('',2,(#5309,#5310,#5311),
  .UNSPECIFIED.,.F.,.F.,(3,3),(0.,1.),.PIECEWISE_BEZIER_KNOTS.);
#5309 = CARTESIAN_POINT('',(2.516845703125,-0.193603515625,0.));
#5310 = CARTESIAN_POINT('',(2.973876953125,-0.790283203125,0.));
#5311 = CARTESIAN_POINT('',(2.973876953125,-1.596435546875,0.));
#5312 = PCURVE('',#5214,#5313);
#5313 = DEFINITIONAL_REPRESENTATION('',(#5314),#5318);
#5314 = LINE('',#5315,#5316);
#5315 = CARTESIAN_POINT('',(0.,0.));
#5316 = VECTOR('',#5317,1.);
#5317 = DIRECTION('',(1.,0.));
#5318 = ( GEOMETRIC_REPRESENTATION_CONTEXT(2) 
PARAMETRIC_REPRESENTATION_CONTEXT() REPRESENTATION_CONTEXT('2D SPACE',''
  ) );
#5319 = PCURVE('',#4613,#5320);
#5320 = DEFINITIONAL_REPRESENTATION('',(#5321),#5325);
#5321 = B_SPLINE_CURVE_WITH_KNOTS('',2,(#5322,#5323,#5324),
  .UNSPECIFIED.,.F.,.F.,(3,3),(0.,1.),.PIECEWISE_BEZIER_KNOTS.);
#5322 = CARTESIAN_POINT('',(8.2900390625,4.1005859375));
#5323 = CARTESIAN_POINT('',(8.7470703125,3.50390625));
#5324 = CARTESIAN_POINT('',(8.7470703125,2.69775390625));
#5325 = ( GEOMETRIC_REPRESENTATION_CONTEXT(2) 
PARAMETRIC_REPRESENTATION_CONTEXT() REPRESENTATION_CONTEXT('2D SPACE',''
  ) );
#5326 = ADVANCED_FACE('',(#5327),#5292,.F.);
#5327 = FACE_BOUND('',#5328,.F.);
#5328 = EDGE_LOOP('',(#5329,#5330,#5353,#5383));
#5329 = ORIENTED_EDGE('',*,*,#5276,.T.);
#5330 = ORIENTED_EDGE('',*,*,#5331,.T.);
#5331 = EDGE_CURVE('',#5254,#5332,#5334,.T.);
#5332 = VERTEX_POINT('',#5333);
#5333 = CARTESIAN_POINT('',(2.6787109375,-2.8310546875,-1.6));
#5334 = SURFACE_CURVE('',#5335,(#5339,#5346),.PCURVE_S1.);
#5335 = B_SPLINE_CURVE_WITH_KNOTS('',2,(#5336,#5337,#5338),
  .UNSPECIFIED.,.F.,.F.,(3,3),(0.,1.),.PIECEWISE_BEZIER_KNOTS.);
#5336 = CARTESIAN_POINT('',(2.973876953125,-1.596435546875,-1.6));
#5337 = CARTESIAN_POINT('',(2.973876953125,-2.231201171875,-1.6));
#5338 = CARTESIAN_POINT('',(2.6787109375,-2.8310546875,-1.6));
#5339 = PCURVE('',#5292,#5340);
#5340 = DEFINITIONAL_REPRESENTATION('',(#5341),#5345);
#5341 = LINE('',#5342,#5343);
#5342 = CARTESIAN_POINT('',(0.,-1.6));
#5343 = VECTOR('',#5344,1.);
#5344 = DIRECTION('',(1.,0.));
#5345 = ( GEOMETRIC_REPRESENTATION_CONTEXT(2) 
PARAMETRIC_REPRESENTATION_CONTEXT() REPRESENTATION_CONTEXT('2D SPACE',''
  ) );
#5346 = PCURVE('',#4559,#5347);
#5347 = DEFINITIONAL_REPRESENTATION('',(#5348),#5352);
#5348 = B_SPLINE_CURVE_WITH_KNOTS('',2,(#5349,#5350,#5351),
  .UNSPECIFIED.,.F.,.F.,(3,3),(0.,1.),.PIECEWISE_BEZIER_KNOTS.);
#5349 = CARTESIAN_POINT('',(8.7470703125,2.69775390625));
#5350 = CARTESIAN_POINT('',(8.7470703125,2.06298828125));
#5351 = CARTESIAN_POINT('',(8.451904296875,1.463134765625));
#5352 = ( GEOMETRIC_REPRESENTATION_CONTEXT(2) 
PARAMETRIC_REPRESENTATION_CONTEXT() REPRESENTATION_CONTEXT('2D SPACE',''
  ) );
#5353 = ORIENTED_EDGE('',*,*,#5354,.F.);
#5354 = EDGE_CURVE('',#5355,#5332,#5357,.T.);
#5355 = VERTEX_POINT('',#5356);
#5356 = CARTESIAN_POINT('',(2.6787109375,-2.8310546875,0.));
#5357 = SURFACE_CURVE('',#5358,(#5362,#5369),.PCURVE_S1.);
#5358 = LINE('',#5359,#5360);
#5359 = CARTESIAN_POINT('',(2.6787109375,-2.8310546875,0.));
#5360 = VECTOR('',#5361,1.);
#5361 = DIRECTION('',(-0.,-0.,-1.));
#5362 = PCURVE('',#5292,#5363);
#5363 = DEFINITIONAL_REPRESENTATION('',(#5364),#5368);
#5364 = LINE('',#5365,#5366);
#5365 = CARTESIAN_POINT('',(1.,0.));
#5366 = VECTOR('',#5367,1.);
#5367 = DIRECTION('',(0.,-1.));
#5368 = ( GEOMETRIC_REPRESENTATION_CONTEXT(2) 
PARAMETRIC_REPRESENTATION_CONTEXT() REPRESENTATION_CONTEXT('2D SPACE',''
  ) );
#5369 = PCURVE('',#5370,#5377);
#5370 = SURFACE_OF_LINEAR_EXTRUSION('',#5371,#5375);
#5371 = B_SPLINE_CURVE_WITH_KNOTS('',2,(#5372,#5373,#5374),
  .UNSPECIFIED.,.F.,.F.,(3,3),(0.,1.),.PIECEWISE_BEZIER_KNOTS.);
#5372 = CARTESIAN_POINT('',(2.6787109375,-2.8310546875,0.));
#5373 = CARTESIAN_POINT('',(2.383544921875,-3.430908203125,0.));
#5374 = CARTESIAN_POINT('',(1.87255859375,-3.78955078125,0.));
#5375 = VECTOR('',#5376,1.);
#5376 = DIRECTION('',(0.,0.,1.));
#5377 = DEFINITIONAL_REPRESENTATION('',(#5378),#5382);
#5378 = LINE('',#5379,#5380);
#5379 = CARTESIAN_POINT('',(0.,0.));
#5380 = VECTOR('',#5381,1.);
#5381 = DIRECTION('',(0.,-1.));
#5382 = ( GEOMETRIC_REPRESENTATION_CONTEXT(2) 
PARAMETRIC_REPRESENTATION_CONTEXT() REPRESENTATION_CONTEXT('2D SPACE',''
  ) );
#5383 = ORIENTED_EDGE('',*,*,#5384,.F.);
#5384 = EDGE_CURVE('',#5277,#5355,#5385,.T.);
#5385 = SURFACE_CURVE('',#5386,(#5390,#5397),.PCURVE_S1.);
#5386 = B_SPLINE_CURVE_WITH_KNOTS('',2,(#5387,#5388,#5389),
  .UNSPECIFIED.,.F.,.F.,(3,3),(0.,1.),.PIECEWISE_BEZIER_KNOTS.);
#5387 = CARTESIAN_POINT('',(2.973876953125,-1.596435546875,0.));
#5388 = CARTESIAN_POINT('',(2.973876953125,-2.231201171875,0.));
#5389 = CARTESIAN_POINT('',(2.6787109375,-2.8310546875,0.));
#5390 = PCURVE('',#5292,#5391);
#5391 = DEFINITIONAL_REPRESENTATION('',(#5392),#5396);
#5392 = LINE('',#5393,#5394);
#5393 = CARTESIAN_POINT('',(0.,0.));
#5394 = VECTOR('',#5395,1.);
#5395 = DIRECTION('',(1.,0.));
#5396 = ( GEOMETRIC_REPRESENTATION_CONTEXT(2) 
PARAMETRIC_REPRESENTATION_CONTEXT() REPRESENTATION_CONTEXT('2D SPACE',''
  ) );
#5397 = PCURVE('',#4613,#5398);
#5398 = DEFINITIONAL_REPRESENTATION('',(#5399),#5403);
#5399 = B_SPLINE_CURVE_WITH_KNOTS('',2,(#5400,#5401,#5402),
  .UNSPECIFIED.,.F.,.F.,(3,3),(0.,1.),.PIECEWISE_BEZIER_KNOTS.);
#5400 = CARTESIAN_POINT('',(8.7470703125,2.69775390625));
#5401 = CARTESIAN_POINT('',(8.7470703125,2.06298828125));
#5402 = CARTESIAN_POINT('',(8.451904296875,1.463134765625));
#5403 = ( GEOMETRIC_REPRESENTATION_CONTEXT(2) 
PARAMETRIC_REPRESENTATION_CONTEXT() REPRESENTATION_CONTEXT('2D SPACE',''
  ) );
#5404 = ADVANCED_FACE('',(#5405),#5370,.F.);
#5405 = FACE_BOUND('',#5406,.F.);
#5406 = EDGE_LOOP('',(#5407,#5408,#5431,#5461));
#5407 = ORIENTED_EDGE('',*,*,#5354,.T.);
#5408 = ORIENTED_EDGE('',*,*,#5409,.T.);
#5409 = EDGE_CURVE('',#5332,#5410,#5412,.T.);
#5410 = VERTEX_POINT('',#5411);
#5411 = CARTESIAN_POINT('',(1.87255859375,-3.78955078125,-1.6));
#5412 = SURFACE_CURVE('',#5413,(#5417,#5424),.PCURVE_S1.);
#5413 = B_SPLINE_CURVE_WITH_KNOTS('',2,(#5414,#5415,#5416),
  .UNSPECIFIED.,.F.,.F.,(3,3),(0.,1.),.PIECEWISE_BEZIER_KNOTS.);
#5414 = CARTESIAN_POINT('',(2.6787109375,-2.8310546875,-1.6));
#5415 = CARTESIAN_POINT('',(2.383544921875,-3.430908203125,-1.6));
#5416 = CARTESIAN_POINT('',(1.87255859375,-3.78955078125,-1.6));
#5417 = PCURVE('',#5370,#5418);
#5418 = DEFINITIONAL_REPRESENTATION('',(#5419),#5423);
#5419 = LINE('',#5420,#5421);
#5420 = CARTESIAN_POINT('',(0.,-1.6));
#5421 = VECTOR('',#5422,1.);
#5422 = DIRECTION('',(1.,0.));
#5423 = ( GEOMETRIC_REPRESENTATION_CONTEXT(2) 
PARAMETRIC_REPRESENTATION_CONTEXT() REPRESENTATION_CONTEXT('2D SPACE',''
  ) );
#5424 = PCURVE('',#4559,#5425);
#5425 = DEFINITIONAL_REPRESENTATION('',(#5426),#5430);
#5426 = B_SPLINE_CURVE_WITH_KNOTS('',2,(#5427,#5428,#5429),
  .UNSPECIFIED.,.F.,.F.,(3,3),(0.,1.),.PIECEWISE_BEZIER_KNOTS.);
#5427 = CARTESIAN_POINT('',(8.451904296875,1.463134765625));
#5428 = CARTESIAN_POINT('',(8.15673828125,0.86328125));
#5429 = CARTESIAN_POINT('',(7.645751953125,0.504638671875));
#5430 = ( GEOMETRIC_REPRESENTATION_CONTEXT(2) 
PARAMETRIC_REPRESENTATION_CONTEXT() REPRESENTATION_CONTEXT('2D SPACE',''
  ) );
#5431 = ORIENTED_EDGE('',*,*,#5432,.F.);
#5432 = EDGE_CURVE('',#5433,#5410,#5435,.T.);
#5433 = VERTEX_POINT('',#5434);
#5434 = CARTESIAN_POINT('',(1.87255859375,-3.78955078125,0.));
#5435 = SURFACE_CURVE('',#5436,(#5440,#5447),.PCURVE_S1.);
#5436 = LINE('',#5437,#5438);
#5437 = CARTESIAN_POINT('',(1.87255859375,-3.78955078125,0.));
#5438 = VECTOR('',#5439,1.);
#5439 = DIRECTION('',(-0.,-0.,-1.));
#5440 = PCURVE('',#5370,#5441);
#5441 = DEFINITIONAL_REPRESENTATION('',(#5442),#5446);
#5442 = LINE('',#5443,#5444);
#5443 = CARTESIAN_POINT('',(1.,0.));
#5444 = VECTOR('',#5445,1.);
#5445 = DIRECTION('',(0.,-1.));
#5446 = ( GEOMETRIC_REPRESENTATION_CONTEXT(2) 
PARAMETRIC_REPRESENTATION_CONTEXT() REPRESENTATION_CONTEXT('2D SPACE',''
  ) );
#5447 = PCURVE('',#5448,#5455);
#5448 = SURFACE_OF_LINEAR_EXTRUSION('',#5449,#5453);
#5449 = B_SPLINE_CURVE_WITH_KNOTS('',2,(#5450,#5451,#5452),
  .UNSPECIFIED.,.F.,.F.,(3,3),(0.,1.),.PIECEWISE_BEZIER_KNOTS.);
#5450 = CARTESIAN_POINT('',(1.87255859375,-3.78955078125,0.));
#5451 = CARTESIAN_POINT('',(1.361572265625,-4.148193359375,0.));
#5452 = CARTESIAN_POINT('',(0.612548828125,-4.230712890625,0.));
#5453 = VECTOR('',#5454,1.);
#5454 = DIRECTION('',(0.,0.,1.));
#5455 = DEFINITIONAL_REPRESENTATION('',(#5456),#5460);
#5456 = LINE('',#5457,#5458);
#5457 = CARTESIAN_POINT('',(0.,0.));
#5458 = VECTOR('',#5459,1.);
#5459 = DIRECTION('',(0.,-1.));
#5460 = ( GEOMETRIC_REPRESENTATION_CONTEXT(2) 
PARAMETRIC_REPRESENTATION_CONTEXT() REPRESENTATION_CONTEXT('2D SPACE',''
  ) );
#5461 = ORIENTED_EDGE('',*,*,#5462,.F.);
#5462 = EDGE_CURVE('',#5355,#5433,#5463,.T.);
#5463 = SURFACE_CURVE('',#5464,(#5468,#5475),.PCURVE_S1.);
#5464 = B_SPLINE_CURVE_WITH_KNOTS('',2,(#5465,#5466,#5467),
  .UNSPECIFIED.,.F.,.F.,(3,3),(0.,1.),.PIECEWISE_BEZIER_KNOTS.);
#5465 = CARTESIAN_POINT('',(2.6787109375,-2.8310546875,0.));
#5466 = CARTESIAN_POINT('',(2.383544921875,-3.430908203125,0.));
#5467 = CARTESIAN_POINT('',(1.87255859375,-3.78955078125,0.));
#5468 = PCURVE('',#5370,#5469);
#5469 = DEFINITIONAL_REPRESENTATION('',(#5470),#5474);
#5470 = LINE('',#5471,#5472);
#5471 = CARTESIAN_POINT('',(0.,0.));
#5472 = VECTOR('',#5473,1.);
#5473 = DIRECTION('',(1.,0.));
#5474 = ( GEOMETRIC_REPRESENTATION_CONTEXT(2) 
PARAMETRIC_REPRESENTATION_CONTEXT() REPRESENTATION_CONTEXT('2D SPACE',''
  ) );
#5475 = PCURVE('',#4613,#5476);
#5476 = DEFINITIONAL_REPRESENTATION('',(#5477),#5481);
#5477 = B_SPLINE_CURVE_WITH_KNOTS('',2,(#5478,#5479,#5480),
  .UNSPECIFIED.,.F.,.F.,(3,3),(0.,1.),.PIECEWISE_BEZIER_KNOTS.);
#5478 = CARTESIAN_POINT('',(8.451904296875,1.463134765625));
#5479 = CARTESIAN_POINT('',(8.15673828125,0.86328125));
#5480 = CARTESIAN_POINT('',(7.645751953125,0.504638671875));
#5481 = ( GEOMETRIC_REPRESENTATION_CONTEXT(2) 
PARAMETRIC_REPRESENTATION_CONTEXT() REPRESENTATION_CONTEXT('2D SPACE',''
  ) );
#5482 = ADVANCED_FACE('',(#5483),#5448,.F.);
#5483 = FACE_BOUND('',#5484,.F.);
#5484 = EDGE_LOOP('',(#5485,#5486,#5509,#5539));
#5485 = ORIENTED_EDGE('',*,*,#5432,.T.);
#5486 = ORIENTED_EDGE('',*,*,#5487,.T.);
#5487 = EDGE_CURVE('',#5410,#5488,#5490,.T.);
#5488 = VERTEX_POINT('',#5489);
#5489 = CARTESIAN_POINT('',(0.612548828125,-4.230712890625,-1.6));
#5490 = SURFACE_CURVE('',#5491,(#5495,#5502),.PCURVE_S1.);
#5491 = B_SPLINE_CURVE_WITH_KNOTS('',2,(#5492,#5493,#5494),
  .UNSPECIFIED.,.F.,.F.,(3,3),(0.,1.),.PIECEWISE_BEZIER_KNOTS.);
#5492 = CARTESIAN_POINT('',(1.87255859375,-3.78955078125,-1.6));
#5493 = CARTESIAN_POINT('',(1.361572265625,-4.148193359375,-1.6));
#5494 = CARTESIAN_POINT('',(0.612548828125,-4.230712890625,-1.6));
#5495 = PCURVE('',#5448,#5496);
#5496 = DEFINITIONAL_REPRESENTATION('',(#5497),#5501);
#5497 = LINE('',#5498,#5499);
#5498 = CARTESIAN_POINT('',(0.,-1.6));
#5499 = VECTOR('',#5500,1.);
#5500 = DIRECTION('',(1.,0.));
#5501 = ( GEOMETRIC_REPRESENTATION_CONTEXT(2) 
PARAMETRIC_REPRESENTATION_CONTEXT() REPRESENTATION_CONTEXT('2D SPACE',''
  ) );
#5502 = PCURVE('',#4559,#5503);
#5503 = DEFINITIONAL_REPRESENTATION('',(#5504),#5508);
#5504 = B_SPLINE_CURVE_WITH_KNOTS('',2,(#5505,#5506,#5507),
  .UNSPECIFIED.,.F.,.F.,(3,3),(0.,1.),.PIECEWISE_BEZIER_KNOTS.);
#5505 = CARTESIAN_POINT('',(7.645751953125,0.504638671875));
#5506 = CARTESIAN_POINT('',(7.134765625,0.14599609375));
#5507 = CARTESIAN_POINT('',(6.3857421875,6.34765625E-02));
#5508 = ( GEOMETRIC_REPRESENTATION_CONTEXT(2) 
PARAMETRIC_REPRESENTATION_CONTEXT() REPRESENTATION_CONTEXT('2D SPACE',''
  ) );
#5509 = ORIENTED_EDGE('',*,*,#5510,.F.);
#5510 = EDGE_CURVE('',#5511,#5488,#5513,.T.);
#5511 = VERTEX_POINT('',#5512);
#5512 = CARTESIAN_POINT('',(0.612548828125,-4.230712890625,0.));
#5513 = SURFACE_CURVE('',#5514,(#5518,#5525),.PCURVE_S1.);
#5514 = LINE('',#5515,#5516);
#5515 = CARTESIAN_POINT('',(0.612548828125,-4.230712890625,0.));
#5516 = VECTOR('',#5517,1.);
#5517 = DIRECTION('',(-0.,-0.,-1.));
#5518 = PCURVE('',#5448,#5519);
#5519 = DEFINITIONAL_REPRESENTATION('',(#5520),#5524);
#5520 = LINE('',#5521,#5522);
#5521 = CARTESIAN_POINT('',(1.,0.));
#5522 = VECTOR('',#5523,1.);
#5523 = DIRECTION('',(0.,-1.));
#5524 = ( GEOMETRIC_REPRESENTATION_CONTEXT(2) 
PARAMETRIC_REPRESENTATION_CONTEXT() REPRESENTATION_CONTEXT('2D SPACE',''
  ) );
#5525 = PCURVE('',#5526,#5533);
#5526 = SURFACE_OF_LINEAR_EXTRUSION('',#5527,#5531);
#5527 = B_SPLINE_CURVE_WITH_KNOTS('',2,(#5528,#5529,#5530),
  .UNSPECIFIED.,.F.,.F.,(3,3),(0.,1.),.PIECEWISE_BEZIER_KNOTS.);
#5528 = CARTESIAN_POINT('',(0.612548828125,-4.230712890625,0.));
#5529 = CARTESIAN_POINT('',(0.142822265625,-4.281494140625,0.));
#5530 = CARTESIAN_POINT('',(-1.653564453125,-4.294189453125,0.));
#5531 = VECTOR('',#5532,1.);
#5532 = DIRECTION('',(0.,0.,1.));
#5533 = DEFINITIONAL_REPRESENTATION('',(#5534),#5538);
#5534 = LINE('',#5535,#5536);
#5535 = CARTESIAN_POINT('',(0.,0.));
#5536 = VECTOR('',#5537,1.);
#5537 = DIRECTION('',(0.,-1.));
#5538 = ( GEOMETRIC_REPRESENTATION_CONTEXT(2) 
PARAMETRIC_REPRESENTATION_CONTEXT() REPRESENTATION_CONTEXT('2D SPACE',''
  ) );
#5539 = ORIENTED_EDGE('',*,*,#5540,.F.);
#5540 = EDGE_CURVE('',#5433,#5511,#5541,.T.);
#5541 = SURFACE_CURVE('',#5542,(#5546,#5553),.PCURVE_S1.);
#5542 = B_SPLINE_CURVE_WITH_KNOTS('',2,(#5543,#5544,#5545),
  .UNSPECIFIED.,.F.,.F.,(3,3),(0.,1.),.PIECEWISE_BEZIER_KNOTS.);
#5543 = CARTESIAN_POINT('',(1.87255859375,-3.78955078125,0.));
#5544 = CARTESIAN_POINT('',(1.361572265625,-4.148193359375,0.));
#5545 = CARTESIAN_POINT('',(0.612548828125,-4.230712890625,0.));
#5546 = PCURVE('',#5448,#5547);
#5547 = DEFINITIONAL_REPRESENTATION('',(#5548),#5552);
#5548 = LINE('',#5549,#5550);
#5549 = CARTESIAN_POINT('',(0.,0.));
#5550 = VECTOR('',#5551,1.);
#5551 = DIRECTION('',(1.,0.));
#5552 = ( GEOMETRIC_REPRESENTATION_CONTEXT(2) 
PARAMETRIC_REPRESENTATION_CONTEXT() REPRESENTATION_CONTEXT('2D SPACE',''
  ) );
#5553 = PCURVE('',#4613,#5554);
#5554 = DEFINITIONAL_REPRESENTATION('',(#5555),#5559);
#5555 = B_SPLINE_CURVE_WITH_KNOTS('',2,(#5556,#5557,#5558),
  .UNSPECIFIED.,.F.,.F.,(3,3),(0.,1.),.PIECEWISE_BEZIER_KNOTS.);
#5556 = CARTESIAN_POINT('',(7.645751953125,0.504638671875));
#5557 = CARTESIAN_POINT('',(7.134765625,0.14599609375));
#5558 = CARTESIAN_POINT('',(6.3857421875,6.34765625E-02));
#5559 = ( GEOMETRIC_REPRESENTATION_CONTEXT(2) 
PARAMETRIC_REPRESENTATION_CONTEXT() REPRESENTATION_CONTEXT('2D SPACE',''
  ) );
#5560 = ADVANCED_FACE('',(#5561),#5526,.F.);
#5561 = FACE_BOUND('',#5562,.F.);
#5562 = EDGE_LOOP('',(#5563,#5564,#5587,#5610));
#5563 = ORIENTED_EDGE('',*,*,#5510,.T.);
#5564 = ORIENTED_EDGE('',*,*,#5565,.T.);
#5565 = EDGE_CURVE('',#5488,#5566,#5568,.T.);
#5566 = VERTEX_POINT('',#5567);
#5567 = CARTESIAN_POINT('',(-1.653564453125,-4.294189453125,-1.6));
#5568 = SURFACE_CURVE('',#5569,(#5573,#5580),.PCURVE_S1.);
#5569 = B_SPLINE_CURVE_WITH_KNOTS('',2,(#5570,#5571,#5572),
  .UNSPECIFIED.,.F.,.F.,(3,3),(0.,1.),.PIECEWISE_BEZIER_KNOTS.);
#5570 = CARTESIAN_POINT('',(0.612548828125,-4.230712890625,-1.6));
#5571 = CARTESIAN_POINT('',(0.142822265625,-4.281494140625,-1.6));
#5572 = CARTESIAN_POINT('',(-1.653564453125,-4.294189453125,-1.6));
#5573 = PCURVE('',#5526,#5574);
#5574 = DEFINITIONAL_REPRESENTATION('',(#5575),#5579);
#5575 = LINE('',#5576,#5577);
#5576 = CARTESIAN_POINT('',(0.,-1.6));
#5577 = VECTOR('',#5578,1.);
#5578 = DIRECTION('',(1.,0.));
#5579 = ( GEOMETRIC_REPRESENTATION_CONTEXT(2) 
PARAMETRIC_REPRESENTATION_CONTEXT() REPRESENTATION_CONTEXT('2D SPACE',''
  ) );
#5580 = PCURVE('',#4559,#5581);
#5581 = DEFINITIONAL_REPRESENTATION('',(#5582),#5586);
#5582 = B_SPLINE_CURVE_WITH_KNOTS('',2,(#5583,#5584,#5585),
  .UNSPECIFIED.,.F.,.F.,(3,3),(0.,1.),.PIECEWISE_BEZIER_KNOTS.);
#5583 = CARTESIAN_POINT('',(6.3857421875,6.34765625E-02));
#5584 = CARTESIAN_POINT('',(5.916015625,1.26953125E-02));
#5585 = CARTESIAN_POINT('',(4.11962890625,0.));
#5586 = ( GEOMETRIC_REPRESENTATION_CONTEXT(2) 
PARAMETRIC_REPRESENTATION_CONTEXT() REPRESENTATION_CONTEXT('2D SPACE',''
  ) );
#5587 = ORIENTED_EDGE('',*,*,#5588,.F.);
#5588 = EDGE_CURVE('',#5589,#5566,#5591,.T.);
#5589 = VERTEX_POINT('',#5590);
#5590 = CARTESIAN_POINT('',(-1.653564453125,-4.294189453125,0.));
#5591 = SURFACE_CURVE('',#5592,(#5596,#5603),.PCURVE_S1.);
#5592 = LINE('',#5593,#5594);
#5593 = CARTESIAN_POINT('',(-1.653564453125,-4.294189453125,0.));
#5594 = VECTOR('',#5595,1.);
#5595 = DIRECTION('',(-0.,-0.,-1.));
#5596 = PCURVE('',#5526,#5597);
#5597 = DEFINITIONAL_REPRESENTATION('',(#5598),#5602);
#5598 = LINE('',#5599,#5600);
#5599 = CARTESIAN_POINT('',(1.,0.));
#5600 = VECTOR('',#5601,1.);
#5601 = DIRECTION('',(0.,-1.));
#5602 = ( GEOMETRIC_REPRESENTATION_CONTEXT(2) 
PARAMETRIC_REPRESENTATION_CONTEXT() REPRESENTATION_CONTEXT('2D SPACE',''
  ) );
#5603 = PCURVE('',#4531,#5604);
#5604 = DEFINITIONAL_REPRESENTATION('',(#5605),#5609);
#5605 = LINE('',#5606,#5607);
#5606 = CARTESIAN_POINT('',(0.,0.));
#5607 = VECTOR('',#5608,1.);
#5608 = DIRECTION('',(0.,-1.));
#5609 = ( GEOMETRIC_REPRESENTATION_CONTEXT(2) 
PARAMETRIC_REPRESENTATION_CONTEXT() REPRESENTATION_CONTEXT('2D SPACE',''
  ) );
#5610 = ORIENTED_EDGE('',*,*,#5611,.F.);
#5611 = EDGE_CURVE('',#5511,#5589,#5612,.T.);
#5612 = SURFACE_CURVE('',#5613,(#5617,#5624),.PCURVE_S1.);
#5613 = B_SPLINE_CURVE_WITH_KNOTS('',2,(#5614,#5615,#5616),
  .UNSPECIFIED.,.F.,.F.,(3,3),(0.,1.),.PIECEWISE_BEZIER_KNOTS.);
#5614 = CARTESIAN_POINT('',(0.612548828125,-4.230712890625,0.));
#5615 = CARTESIAN_POINT('',(0.142822265625,-4.281494140625,0.));
#5616 = CARTESIAN_POINT('',(-1.653564453125,-4.294189453125,0.));
#5617 = PCURVE('',#5526,#5618);
#5618 = DEFINITIONAL_REPRESENTATION('',(#5619),#5623);
#5619 = LINE('',#5620,#5621);
#5620 = CARTESIAN_POINT('',(0.,0.));
#5621 = VECTOR('',#5622,1.);
#5622 = DIRECTION('',(1.,0.));
#5623 = ( GEOMETRIC_REPRESENTATION_CONTEXT(2) 
PARAMETRIC_REPRESENTATION_CONTEXT() REPRESENTATION_CONTEXT('2D SPACE',''
  ) );
#5624 = PCURVE('',#4613,#5625);
#5625 = DEFINITIONAL_REPRESENTATION('',(#5626),#5630);
#5626 = B_SPLINE_CURVE_WITH_KNOTS('',2,(#5627,#5628,#5629),
  .UNSPECIFIED.,.F.,.F.,(3,3),(0.,1.),.PIECEWISE_BEZIER_KNOTS.);
#5627 = CARTESIAN_POINT('',(6.3857421875,6.34765625E-02));
#5628 = CARTESIAN_POINT('',(5.916015625,1.26953125E-02));
#5629 = CARTESIAN_POINT('',(4.11962890625,0.));
#5630 = ( GEOMETRIC_REPRESENTATION_CONTEXT(2) 
PARAMETRIC_REPRESENTATION_CONTEXT() REPRESENTATION_CONTEXT('2D SPACE',''
  ) );
#5631 = ADVANCED_FACE('',(#5632),#4531,.F.);
#5632 = FACE_BOUND('',#5633,.F.);
#5633 = EDGE_LOOP('',(#5634,#5635,#5656,#5657));
#5634 = ORIENTED_EDGE('',*,*,#5588,.T.);
#5635 = ORIENTED_EDGE('',*,*,#5636,.T.);
#5636 = EDGE_CURVE('',#5566,#4511,#5637,.T.);
#5637 = SURFACE_CURVE('',#5638,(#5642,#5649),.PCURVE_S1.);
#5638 = LINE('',#5639,#5640);
#5639 = CARTESIAN_POINT('',(-1.653564453125,-4.294189453125,-1.6));
#5640 = VECTOR('',#5641,1.);
#5641 = DIRECTION('',(-1.,0.,0.));
#5642 = PCURVE('',#4531,#5643);
#5643 = DEFINITIONAL_REPRESENTATION('',(#5644),#5648);
#5644 = LINE('',#5645,#5646);
#5645 = CARTESIAN_POINT('',(0.,-1.6));
#5646 = VECTOR('',#5647,1.);
#5647 = DIRECTION('',(1.,0.));
#5648 = ( GEOMETRIC_REPRESENTATION_CONTEXT(2) 
PARAMETRIC_REPRESENTATION_CONTEXT() REPRESENTATION_CONTEXT('2D SPACE',''
  ) );
#5649 = PCURVE('',#4559,#5650);
#5650 = DEFINITIONAL_REPRESENTATION('',(#5651),#5655);
#5651 = LINE('',#5652,#5653);
#5652 = CARTESIAN_POINT('',(4.11962890625,0.));
#5653 = VECTOR('',#5654,1.);
#5654 = DIRECTION('',(-1.,0.));
#5655 = ( GEOMETRIC_REPRESENTATION_CONTEXT(2) 
PARAMETRIC_REPRESENTATION_CONTEXT() REPRESENTATION_CONTEXT('2D SPACE',''
  ) );
#5656 = ORIENTED_EDGE('',*,*,#4508,.F.);
#5657 = ORIENTED_EDGE('',*,*,#5658,.F.);
#5658 = EDGE_CURVE('',#5589,#4509,#5659,.T.);
#5659 = SURFACE_CURVE('',#5660,(#5664,#5671),.PCURVE_S1.);
#5660 = LINE('',#5661,#5662);
#5661 = CARTESIAN_POINT('',(-1.653564453125,-4.294189453125,0.));
#5662 = VECTOR('',#5663,1.);
#5663 = DIRECTION('',(-1.,0.,0.));
#5664 = PCURVE('',#4531,#5665);
#5665 = DEFINITIONAL_REPRESENTATION('',(#5666),#5670);
#5666 = LINE('',#5667,#5668);
#5667 = CARTESIAN_POINT('',(0.,0.));
#5668 = VECTOR('',#5669,1.);
#5669 = DIRECTION('',(1.,0.));
#5670 = ( GEOMETRIC_REPRESENTATION_CONTEXT(2) 
PARAMETRIC_REPRESENTATION_CONTEXT() REPRESENTATION_CONTEXT('2D SPACE',''
  ) );
#5671 = PCURVE('',#4613,#5672);
#5672 = DEFINITIONAL_REPRESENTATION('',(#5673),#5677);
#5673 = LINE('',#5674,#5675);
#5674 = CARTESIAN_POINT('',(4.11962890625,0.));
#5675 = VECTOR('',#5676,1.);
#5676 = DIRECTION('',(-1.,0.));
#5677 = ( GEOMETRIC_REPRESENTATION_CONTEXT(2) 
PARAMETRIC_REPRESENTATION_CONTEXT() REPRESENTATION_CONTEXT('2D SPACE',''
  ) );
#5678 = ADVANCED_FACE('',(#5679),#5693,.F.);
#5679 = FACE_BOUND('',#5680,.F.);
#5680 = EDGE_LOOP('',(#5681,#5718,#5741,#5769));
#5681 = ORIENTED_EDGE('',*,*,#5682,.T.);
#5682 = EDGE_CURVE('',#5683,#5685,#5687,.T.);
#5683 = VERTEX_POINT('',#5684);
#5684 = CARTESIAN_POINT('',(-1.863037109375,3.462646484375,0.));
#5685 = VERTEX_POINT('',#5686);
#5686 = CARTESIAN_POINT('',(-1.863037109375,3.462646484375,-1.6));
#5687 = SURFACE_CURVE('',#5688,(#5692,#5704),.PCURVE_S1.);
#5688 = LINE('',#5689,#5690);
#5689 = CARTESIAN_POINT('',(-1.863037109375,3.462646484375,0.));
#5690 = VECTOR('',#5691,1.);
#5691 = DIRECTION('',(-0.,-0.,-1.));
#5692 = PCURVE('',#5693,#5698);
#5693 = PLANE('',#5694);
#5694 = AXIS2_PLACEMENT_3D('',#5695,#5696,#5697);
#5695 = CARTESIAN_POINT('',(-1.863037109375,3.462646484375,0.));
#5696 = DIRECTION('',(0.,1.,-0.));
#5697 = DIRECTION('',(-1.,0.,0.));
#5698 = DEFINITIONAL_REPRESENTATION('',(#5699),#5703);
#5699 = LINE('',#5700,#5701);
#5700 = CARTESIAN_POINT('',(0.,0.));
#5701 = VECTOR('',#5702,1.);
#5702 = DIRECTION('',(0.,-1.));
#5703 = ( GEOMETRIC_REPRESENTATION_CONTEXT(2) 
PARAMETRIC_REPRESENTATION_CONTEXT() REPRESENTATION_CONTEXT('2D SPACE',''
  ) );
#5704 = PCURVE('',#5705,#5712);
#5705 = SURFACE_OF_LINEAR_EXTRUSION('',#5706,#5710);
#5706 = B_SPLINE_CURVE_WITH_KNOTS('',2,(#5707,#5708,#5709),
  .UNSPECIFIED.,.F.,.F.,(3,3),(0.,1.),.PIECEWISE_BEZIER_KNOTS.);
#5707 = CARTESIAN_POINT('',(-0.257080078125,3.430908203125,0.));
#5708 = CARTESIAN_POINT('',(-0.536376953125,3.462646484375,0.));
#5709 = CARTESIAN_POINT('',(-1.863037109375,3.462646484375,0.));
#5710 = VECTOR('',#5711,1.);
#5711 = DIRECTION('',(0.,0.,1.));
#5712 = DEFINITIONAL_REPRESENTATION('',(#5713),#5717);
#5713 = LINE('',#5714,#5715);
#5714 = CARTESIAN_POINT('',(1.,0.));
#5715 = VECTOR('',#5716,1.);
#5716 = DIRECTION('',(0.,-1.));
#5717 = ( GEOMETRIC_REPRESENTATION_CONTEXT(2) 
PARAMETRIC_REPRESENTATION_CONTEXT() REPRESENTATION_CONTEXT('2D SPACE',''
  ) );
#5718 = ORIENTED_EDGE('',*,*,#5719,.T.);
#5719 = EDGE_CURVE('',#5685,#5720,#5722,.T.);
#5720 = VERTEX_POINT('',#5721);
#5721 = CARTESIAN_POINT('',(-2.942138671875,3.462646484375,-1.6));
#5722 = SURFACE_CURVE('',#5723,(#5727,#5734),.PCURVE_S1.);
#5723 = LINE('',#5724,#5725);
#5724 = CARTESIAN_POINT('',(-1.863037109375,3.462646484375,-1.6));
#5725 = VECTOR('',#5726,1.);
#5726 = DIRECTION('',(-1.,0.,0.));
#5727 = PCURVE('',#5693,#5728);
#5728 = DEFINITIONAL_REPRESENTATION('',(#5729),#5733);
#5729 = LINE('',#5730,#5731);
#5730 = CARTESIAN_POINT('',(0.,-1.6));
#5731 = VECTOR('',#5732,1.);
#5732 = DIRECTION('',(1.,0.));
#5733 = ( GEOMETRIC_REPRESENTATION_CONTEXT(2) 
PARAMETRIC_REPRESENTATION_CONTEXT() REPRESENTATION_CONTEXT('2D SPACE',''
  ) );
#5734 = PCURVE('',#4559,#5735);
#5735 = DEFINITIONAL_REPRESENTATION('',(#5736),#5740);
#5736 = LINE('',#5737,#5738);
#5737 = CARTESIAN_POINT('',(3.91015625,7.7568359375));
#5738 = VECTOR('',#5739,1.);
#5739 = DIRECTION('',(-1.,0.));
#5740 = ( GEOMETRIC_REPRESENTATION_CONTEXT(2) 
PARAMETRIC_REPRESENTATION_CONTEXT() REPRESENTATION_CONTEXT('2D SPACE',''
  ) );
#5741 = ORIENTED_EDGE('',*,*,#5742,.F.);
#5742 = EDGE_CURVE('',#5743,#5720,#5745,.T.);
#5743 = VERTEX_POINT('',#5744);
#5744 = CARTESIAN_POINT('',(-2.942138671875,3.462646484375,0.));
#5745 = SURFACE_CURVE('',#5746,(#5750,#5757),.PCURVE_S1.);
#5746 = LINE('',#5747,#5748);
#5747 = CARTESIAN_POINT('',(-2.942138671875,3.462646484375,0.));
#5748 = VECTOR('',#5749,1.);
#5749 = DIRECTION('',(-0.,-0.,-1.));
#5750 = PCURVE('',#5693,#5751);
#5751 = DEFINITIONAL_REPRESENTATION('',(#5752),#5756);
#5752 = LINE('',#5753,#5754);
#5753 = CARTESIAN_POINT('',(1.0791015625,0.));
#5754 = VECTOR('',#5755,1.);
#5755 = DIRECTION('',(0.,-1.));
#5756 = ( GEOMETRIC_REPRESENTATION_CONTEXT(2) 
PARAMETRIC_REPRESENTATION_CONTEXT() REPRESENTATION_CONTEXT('2D SPACE',''
  ) );
#5757 = PCURVE('',#5758,#5763);
#5758 = PLANE('',#5759);
#5759 = AXIS2_PLACEMENT_3D('',#5760,#5761,#5762);
#5760 = CARTESIAN_POINT('',(-2.942138671875,3.462646484375,0.));
#5761 = DIRECTION('',(-1.,0.,0.));
#5762 = DIRECTION('',(0.,-1.,0.));
#5763 = DEFINITIONAL_REPRESENTATION('',(#5764),#5768);
#5764 = LINE('',#5765,#5766);
#5765 = CARTESIAN_POINT('',(0.,0.));
#5766 = VECTOR('',#5767,1.);
#5767 = DIRECTION('',(0.,-1.));
#5768 = ( GEOMETRIC_REPRESENTATION_CONTEXT(2) 
PARAMETRIC_REPRESENTATION_CONTEXT() REPRESENTATION_CONTEXT('2D SPACE',''
  ) );
#5769 = ORIENTED_EDGE('',*,*,#5770,.F.);
#5770 = EDGE_CURVE('',#5683,#5743,#5771,.T.);
#5771 = SURFACE_CURVE('',#5772,(#5776,#5783),.PCURVE_S1.);
#5772 = LINE('',#5773,#5774);
#5773 = CARTESIAN_POINT('',(-1.863037109375,3.462646484375,0.));
#5774 = VECTOR('',#5775,1.);
#5775 = DIRECTION('',(-1.,0.,0.));
#5776 = PCURVE('',#5693,#5777);
#5777 = DEFINITIONAL_REPRESENTATION('',(#5778),#5782);
#5778 = LINE('',#5779,#5780);
#5779 = CARTESIAN_POINT('',(0.,0.));
#5780 = VECTOR('',#5781,1.);
#5781 = DIRECTION('',(1.,0.));
#5782 = ( GEOMETRIC_REPRESENTATION_CONTEXT(2) 
PARAMETRIC_REPRESENTATION_CONTEXT() REPRESENTATION_CONTEXT('2D SPACE',''
  ) );
#5783 = PCURVE('',#4613,#5784);
#5784 = DEFINITIONAL_REPRESENTATION('',(#5785),#5789);
#5785 = LINE('',#5786,#5787);
#5786 = CARTESIAN_POINT('',(3.91015625,7.7568359375));
#5787 = VECTOR('',#5788,1.);
#5788 = DIRECTION('',(-1.,0.));
#5789 = ( GEOMETRIC_REPRESENTATION_CONTEXT(2) 
PARAMETRIC_REPRESENTATION_CONTEXT() REPRESENTATION_CONTEXT('2D SPACE',''
  ) );
#5790 = ADVANCED_FACE('',(#5791),#5758,.F.);
#5791 = FACE_BOUND('',#5792,.F.);
#5792 = EDGE_LOOP('',(#5793,#5794,#5817,#5845));
#5793 = ORIENTED_EDGE('',*,*,#5742,.T.);
#5794 = ORIENTED_EDGE('',*,*,#5795,.T.);
#5795 = EDGE_CURVE('',#5720,#5796,#5798,.T.);
#5796 = VERTEX_POINT('',#5797);
#5797 = CARTESIAN_POINT('',(-2.942138671875,1.310791015625,-1.6));
#5798 = SURFACE_CURVE('',#5799,(#5803,#5810),.PCURVE_S1.);
#5799 = LINE('',#5800,#5801);
#5800 = CARTESIAN_POINT('',(-2.942138671875,3.462646484375,-1.6));
#5801 = VECTOR('',#5802,1.);
#5802 = DIRECTION('',(0.,-1.,0.));
#5803 = PCURVE('',#5758,#5804);
#5804 = DEFINITIONAL_REPRESENTATION('',(#5805),#5809);
#5805 = LINE('',#5806,#5807);
#5806 = CARTESIAN_POINT('',(0.,-1.6));
#5807 = VECTOR('',#5808,1.);
#5808 = DIRECTION('',(1.,0.));
#5809 = ( GEOMETRIC_REPRESENTATION_CONTEXT(2) 
PARAMETRIC_REPRESENTATION_CONTEXT() REPRESENTATION_CONTEXT('2D SPACE',''
  ) );
#5810 = PCURVE('',#4559,#5811);
#5811 = DEFINITIONAL_REPRESENTATION('',(#5812),#5816);
#5812 = LINE('',#5813,#5814);
#5813 = CARTESIAN_POINT('',(2.8310546875,7.7568359375));
#5814 = VECTOR('',#5815,1.);
#5815 = DIRECTION('',(0.,-1.));
#5816 = ( GEOMETRIC_REPRESENTATION_CONTEXT(2) 
PARAMETRIC_REPRESENTATION_CONTEXT() REPRESENTATION_CONTEXT('2D SPACE',''
  ) );
#5817 = ORIENTED_EDGE('',*,*,#5818,.F.);
#5818 = EDGE_CURVE('',#5819,#5796,#5821,.T.);
#5819 = VERTEX_POINT('',#5820);
#5820 = CARTESIAN_POINT('',(-2.942138671875,1.310791015625,0.));
#5821 = SURFACE_CURVE('',#5822,(#5826,#5833),.PCURVE_S1.);
#5822 = LINE('',#5823,#5824);
#5823 = CARTESIAN_POINT('',(-2.942138671875,1.310791015625,0.));
#5824 = VECTOR('',#5825,1.);
#5825 = DIRECTION('',(-0.,-0.,-1.));
#5826 = PCURVE('',#5758,#5827);
#5827 = DEFINITIONAL_REPRESENTATION('',(#5828),#5832);
#5828 = LINE('',#5829,#5830);
#5829 = CARTESIAN_POINT('',(2.15185546875,0.));
#5830 = VECTOR('',#5831,1.);
#5831 = DIRECTION('',(0.,-1.));
#5832 = ( GEOMETRIC_REPRESENTATION_CONTEXT(2) 
PARAMETRIC_REPRESENTATION_CONTEXT() REPRESENTATION_CONTEXT('2D SPACE',''
  ) );
#5833 = PCURVE('',#5834,#5839);
#5834 = PLANE('',#5835);
#5835 = AXIS2_PLACEMENT_3D('',#5836,#5837,#5838);
#5836 = CARTESIAN_POINT('',(-2.942138671875,1.310791015625,0.));
#5837 = DIRECTION('',(0.,-1.,0.));
#5838 = DIRECTION('',(1.,0.,0.));
#5839 = DEFINITIONAL_REPRESENTATION('',(#5840),#5844);
#5840 = LINE('',#5841,#5842);
#5841 = CARTESIAN_POINT('',(0.,0.));
#5842 = VECTOR('',#5843,1.);
#5843 = DIRECTION('',(0.,-1.));
#5844 = ( GEOMETRIC_REPRESENTATION_CONTEXT(2) 
PARAMETRIC_REPRESENTATION_CONTEXT() REPRESENTATION_CONTEXT('2D SPACE',''
  ) );
#5845 = ORIENTED_EDGE('',*,*,#5846,.F.);
#5846 = EDGE_CURVE('',#5743,#5819,#5847,.T.);
#5847 = SURFACE_CURVE('',#5848,(#5852,#5859),.PCURVE_S1.);
#5848 = LINE('',#5849,#5850);
#5849 = CARTESIAN_POINT('',(-2.942138671875,3.462646484375,0.));
#5850 = VECTOR('',#5851,1.);
#5851 = DIRECTION('',(0.,-1.,0.));
#5852 = PCURVE('',#5758,#5853);
#5853 = DEFINITIONAL_REPRESENTATION('',(#5854),#5858);
#5854 = LINE('',#5855,#5856);
#5855 = CARTESIAN_POINT('',(0.,0.));
#5856 = VECTOR('',#5857,1.);
#5857 = DIRECTION('',(1.,0.));
#5858 = ( GEOMETRIC_REPRESENTATION_CONTEXT(2) 
PARAMETRIC_REPRESENTATION_CONTEXT() REPRESENTATION_CONTEXT('2D SPACE',''
  ) );
#5859 = PCURVE('',#4613,#5860);
#5860 = DEFINITIONAL_REPRESENTATION('',(#5861),#5865);
#5861 = LINE('',#5862,#5863);
#5862 = CARTESIAN_POINT('',(2.8310546875,7.7568359375));
#5863 = VECTOR('',#5864,1.);
#5864 = DIRECTION('',(0.,-1.));
#5865 = ( GEOMETRIC_REPRESENTATION_CONTEXT(2) 
PARAMETRIC_REPRESENTATION_CONTEXT() REPRESENTATION_CONTEXT('2D SPACE',''
  ) );
#5866 = ADVANCED_FACE('',(#5867),#5834,.F.);
#5867 = FACE_BOUND('',#5868,.F.);
#5868 = EDGE_LOOP('',(#5869,#5870,#5893,#5923));
#5869 = ORIENTED_EDGE('',*,*,#5818,.T.);
#5870 = ORIENTED_EDGE('',*,*,#5871,.T.);
#5871 = EDGE_CURVE('',#5796,#5872,#5874,.T.);
#5872 = VERTEX_POINT('',#5873);
#5873 = CARTESIAN_POINT('',(-1.710693359375,1.310791015625,-1.6));
#5874 = SURFACE_CURVE('',#5875,(#5879,#5886),.PCURVE_S1.);
#5875 = LINE('',#5876,#5877);
#5876 = CARTESIAN_POINT('',(-2.942138671875,1.310791015625,-1.6));
#5877 = VECTOR('',#5878,1.);
#5878 = DIRECTION('',(1.,0.,0.));
#5879 = PCURVE('',#5834,#5880);
#5880 = DEFINITIONAL_REPRESENTATION('',(#5881),#5885);
#5881 = LINE('',#5882,#5883);
#5882 = CARTESIAN_POINT('',(0.,-1.6));
#5883 = VECTOR('',#5884,1.);
#5884 = DIRECTION('',(1.,0.));
#5885 = ( GEOMETRIC_REPRESENTATION_CONTEXT(2) 
PARAMETRIC_REPRESENTATION_CONTEXT() REPRESENTATION_CONTEXT('2D SPACE',''
  ) );
#5886 = PCURVE('',#4559,#5887);
#5887 = DEFINITIONAL_REPRESENTATION('',(#5888),#5892);
#5888 = LINE('',#5889,#5890);
#5889 = CARTESIAN_POINT('',(2.8310546875,5.60498046875));
#5890 = VECTOR('',#5891,1.);
#5891 = DIRECTION('',(1.,0.));
#5892 = ( GEOMETRIC_REPRESENTATION_CONTEXT(2) 
PARAMETRIC_REPRESENTATION_CONTEXT() REPRESENTATION_CONTEXT('2D SPACE',''
  ) );
#5893 = ORIENTED_EDGE('',*,*,#5894,.F.);
#5894 = EDGE_CURVE('',#5895,#5872,#5897,.T.);
#5895 = VERTEX_POINT('',#5896);
#5896 = CARTESIAN_POINT('',(-1.710693359375,1.310791015625,0.));
#5897 = SURFACE_CURVE('',#5898,(#5902,#5909),.PCURVE_S1.);
#5898 = LINE('',#5899,#5900);
#5899 = CARTESIAN_POINT('',(-1.710693359375,1.310791015625,0.));
#5900 = VECTOR('',#5901,1.);
#5901 = DIRECTION('',(-0.,-0.,-1.));
#5902 = PCURVE('',#5834,#5903);
#5903 = DEFINITIONAL_REPRESENTATION('',(#5904),#5908);
#5904 = LINE('',#5905,#5906);
#5905 = CARTESIAN_POINT('',(1.2314453125,0.));
#5906 = VECTOR('',#5907,1.);
#5907 = DIRECTION('',(0.,-1.));
#5908 = ( GEOMETRIC_REPRESENTATION_CONTEXT(2) 
PARAMETRIC_REPRESENTATION_CONTEXT() REPRESENTATION_CONTEXT('2D SPACE',''
  ) );
#5909 = PCURVE('',#5910,#5917);
#5910 = SURFACE_OF_LINEAR_EXTRUSION('',#5911,#5915);
#5911 = B_SPLINE_CURVE_WITH_KNOTS('',2,(#5912,#5913,#5914),
  .UNSPECIFIED.,.F.,.F.,(3,3),(0.,1.),.PIECEWISE_BEZIER_KNOTS.);
#5912 = CARTESIAN_POINT('',(-1.710693359375,1.310791015625,0.));
#5913 = CARTESIAN_POINT('',(-0.612548828125,1.310791015625,0.));
#5914 = CARTESIAN_POINT('',(-0.345947265625,1.342529296875,0.));
#5915 = VECTOR('',#5916,1.);
#5916 = DIRECTION('',(0.,0.,1.));
#5917 = DEFINITIONAL_REPRESENTATION('',(#5918),#5922);
#5918 = LINE('',#5919,#5920);
#5919 = CARTESIAN_POINT('',(0.,0.));
#5920 = VECTOR('',#5921,1.);
#5921 = DIRECTION('',(0.,-1.));
#5922 = ( GEOMETRIC_REPRESENTATION_CONTEXT(2) 
PARAMETRIC_REPRESENTATION_CONTEXT() REPRESENTATION_CONTEXT('2D SPACE',''
  ) );
#5923 = ORIENTED_EDGE('',*,*,#5924,.F.);
#5924 = EDGE_CURVE('',#5819,#5895,#5925,.T.);
#5925 = SURFACE_CURVE('',#5926,(#5930,#5937),.PCURVE_S1.);
#5926 = LINE('',#5927,#5928);
#5927 = CARTESIAN_POINT('',(-2.942138671875,1.310791015625,0.));
#5928 = VECTOR('',#5929,1.);
#5929 = DIRECTION('',(1.,0.,0.));
#5930 = PCURVE('',#5834,#5931);
#5931 = DEFINITIONAL_REPRESENTATION('',(#5932),#5936);
#5932 = LINE('',#5933,#5934);
#5933 = CARTESIAN_POINT('',(0.,0.));
#5934 = VECTOR('',#5935,1.);
#5935 = DIRECTION('',(1.,0.));
#5936 = ( GEOMETRIC_REPRESENTATION_CONTEXT(2) 
PARAMETRIC_REPRESENTATION_CONTEXT() REPRESENTATION_CONTEXT('2D SPACE',''
  ) );
#5937 = PCURVE('',#4613,#5938);
#5938 = DEFINITIONAL_REPRESENTATION('',(#5939),#5943);
#5939 = LINE('',#5940,#5941);
#5940 = CARTESIAN_POINT('',(2.8310546875,5.60498046875));
#5941 = VECTOR('',#5942,1.);
#5942 = DIRECTION('',(1.,0.));
#5943 = ( GEOMETRIC_REPRESENTATION_CONTEXT(2) 
PARAMETRIC_REPRESENTATION_CONTEXT() REPRESENTATION_CONTEXT('2D SPACE',''
  ) );
#5944 = ADVANCED_FACE('',(#5945),#5910,.F.);
#5945 = FACE_BOUND('',#5946,.F.);
#5946 = EDGE_LOOP('',(#5947,#5948,#5971,#6001));
#5947 = ORIENTED_EDGE('',*,*,#5894,.T.);
#5948 = ORIENTED_EDGE('',*,*,#5949,.T.);
#5949 = EDGE_CURVE('',#5872,#5950,#5952,.T.);
#5950 = VERTEX_POINT('',#5951);
#5951 = CARTESIAN_POINT('',(-0.345947265625,1.342529296875,-1.6));
#5952 = SURFACE_CURVE('',#5953,(#5957,#5964),.PCURVE_S1.);
#5953 = B_SPLINE_CURVE_WITH_KNOTS('',2,(#5954,#5955,#5956),
  .UNSPECIFIED.,.F.,.F.,(3,3),(0.,1.),.PIECEWISE_BEZIER_KNOTS.);
#5954 = CARTESIAN_POINT('',(-1.710693359375,1.310791015625,-1.6));
#5955 = CARTESIAN_POINT('',(-0.612548828125,1.310791015625,-1.6));
#5956 = CARTESIAN_POINT('',(-0.345947265625,1.342529296875,-1.6));
#5957 = PCURVE('',#5910,#5958);
#5958 = DEFINITIONAL_REPRESENTATION('',(#5959),#5963);
#5959 = LINE('',#5960,#5961);
#5960 = CARTESIAN_POINT('',(0.,-1.6));
#5961 = VECTOR('',#5962,1.);
#5962 = DIRECTION('',(1.,0.));
#5963 = ( GEOMETRIC_REPRESENTATION_CONTEXT(2) 
PARAMETRIC_REPRESENTATION_CONTEXT() REPRESENTATION_CONTEXT('2D SPACE',''
  ) );
#5964 = PCURVE('',#4559,#5965);
#5965 = DEFINITIONAL_REPRESENTATION('',(#5966),#5970);
#5966 = B_SPLINE_CURVE_WITH_KNOTS('',2,(#5967,#5968,#5969),
  .UNSPECIFIED.,.F.,.F.,(3,3),(0.,1.),.PIECEWISE_BEZIER_KNOTS.);
#5967 = CARTESIAN_POINT('',(4.0625,5.60498046875));
#5968 = CARTESIAN_POINT('',(5.16064453125,5.60498046875));
#5969 = CARTESIAN_POINT('',(5.42724609375,5.63671875));
#5970 = ( GEOMETRIC_REPRESENTATION_CONTEXT(2) 
PARAMETRIC_REPRESENTATION_CONTEXT() REPRESENTATION_CONTEXT('2D SPACE',''
  ) );
#5971 = ORIENTED_EDGE('',*,*,#5972,.F.);
#5972 = EDGE_CURVE('',#5973,#5950,#5975,.T.);
#5973 = VERTEX_POINT('',#5974);
#5974 = CARTESIAN_POINT('',(-0.345947265625,1.342529296875,0.));
#5975 = SURFACE_CURVE('',#5976,(#5980,#5987),.PCURVE_S1.);
#5976 = LINE('',#5977,#5978);
#5977 = CARTESIAN_POINT('',(-0.345947265625,1.342529296875,0.));
#5978 = VECTOR('',#5979,1.);
#5979 = DIRECTION('',(-0.,-0.,-1.));
#5980 = PCURVE('',#5910,#5981);
#5981 = DEFINITIONAL_REPRESENTATION('',(#5982),#5986);
#5982 = LINE('',#5983,#5984);
#5983 = CARTESIAN_POINT('',(1.,0.));
#5984 = VECTOR('',#5985,1.);
#5985 = DIRECTION('',(0.,-1.));
#5986 = ( GEOMETRIC_REPRESENTATION_CONTEXT(2) 
PARAMETRIC_REPRESENTATION_CONTEXT() REPRESENTATION_CONTEXT('2D SPACE',''
  ) );
#5987 = PCURVE('',#5988,#5995);
#5988 = SURFACE_OF_LINEAR_EXTRUSION('',#5989,#5993);
#5989 = B_SPLINE_CURVE_WITH_KNOTS('',2,(#5990,#5991,#5992),
  .UNSPECIFIED.,.F.,.F.,(3,3),(0.,1.),.PIECEWISE_BEZIER_KNOTS.);
#5990 = CARTESIAN_POINT('',(-0.345947265625,1.342529296875,0.));
#5991 = CARTESIAN_POINT('',(0.136474609375,1.399658203125,0.));
#5992 = CARTESIAN_POINT('',(0.41259765625,1.67578125,0.));
#5993 = VECTOR('',#5994,1.);
#5994 = DIRECTION('',(0.,0.,1.));
#5995 = DEFINITIONAL_REPRESENTATION('',(#5996),#6000);
#5996 = LINE('',#5997,#5998);
#5997 = CARTESIAN_POINT('',(0.,0.));
#5998 = VECTOR('',#5999,1.);
#5999 = DIRECTION('',(0.,-1.));
#6000 = ( GEOMETRIC_REPRESENTATION_CONTEXT(2) 
PARAMETRIC_REPRESENTATION_CONTEXT() REPRESENTATION_CONTEXT('2D SPACE',''
  ) );
#6001 = ORIENTED_EDGE('',*,*,#6002,.F.);
#6002 = EDGE_CURVE('',#5895,#5973,#6003,.T.);
#6003 = SURFACE_CURVE('',#6004,(#6008,#6015),.PCURVE_S1.);
#6004 = B_SPLINE_CURVE_WITH_KNOTS('',2,(#6005,#6006,#6007),
  .UNSPECIFIED.,.F.,.F.,(3,3),(0.,1.),.PIECEWISE_BEZIER_KNOTS.);
#6005 = CARTESIAN_POINT('',(-1.710693359375,1.310791015625,0.));
#6006 = CARTESIAN_POINT('',(-0.612548828125,1.310791015625,0.));
#6007 = CARTESIAN_POINT('',(-0.345947265625,1.342529296875,0.));
#6008 = PCURVE('',#5910,#6009);
#6009 = DEFINITIONAL_REPRESENTATION('',(#6010),#6014);
#6010 = LINE('',#6011,#6012);
#6011 = CARTESIAN_POINT('',(0.,0.));
#6012 = VECTOR('',#6013,1.);
#6013 = DIRECTION('',(1.,0.));
#6014 = ( GEOMETRIC_REPRESENTATION_CONTEXT(2) 
PARAMETRIC_REPRESENTATION_CONTEXT() REPRESENTATION_CONTEXT('2D SPACE',''
  ) );
#6015 = PCURVE('',#4613,#6016);
#6016 = DEFINITIONAL_REPRESENTATION('',(#6017),#6021);
#6017 = B_SPLINE_CURVE_WITH_KNOTS('',2,(#6018,#6019,#6020),
  .UNSPECIFIED.,.F.,.F.,(3,3),(0.,1.),.PIECEWISE_BEZIER_KNOTS.);
#6018 = CARTESIAN_POINT('',(4.0625,5.60498046875));
#6019 = CARTESIAN_POINT('',(5.16064453125,5.60498046875));
#6020 = CARTESIAN_POINT('',(5.42724609375,5.63671875));
#6021 = ( GEOMETRIC_REPRESENTATION_CONTEXT(2) 
PARAMETRIC_REPRESENTATION_CONTEXT() REPRESENTATION_CONTEXT('2D SPACE',''
  ) );
#6022 = ADVANCED_FACE('',(#6023),#5988,.F.);
#6023 = FACE_BOUND('',#6024,.F.);
#6024 = EDGE_LOOP('',(#6025,#6026,#6049,#6079));
#6025 = ORIENTED_EDGE('',*,*,#5972,.T.);
#6026 = ORIENTED_EDGE('',*,*,#6027,.T.);
#6027 = EDGE_CURVE('',#5950,#6028,#6030,.T.);
#6028 = VERTEX_POINT('',#6029);
#6029 = CARTESIAN_POINT('',(0.41259765625,1.67578125,-1.6));
#6030 = SURFACE_CURVE('',#6031,(#6035,#6042),.PCURVE_S1.);
#6031 = B_SPLINE_CURVE_WITH_KNOTS('',2,(#6032,#6033,#6034),
  .UNSPECIFIED.,.F.,.F.,(3,3),(0.,1.),.PIECEWISE_BEZIER_KNOTS.);
#6032 = CARTESIAN_POINT('',(-0.345947265625,1.342529296875,-1.6));
#6033 = CARTESIAN_POINT('',(0.136474609375,1.399658203125,-1.6));
#6034 = CARTESIAN_POINT('',(0.41259765625,1.67578125,-1.6));
#6035 = PCURVE('',#5988,#6036);
#6036 = DEFINITIONAL_REPRESENTATION('',(#6037),#6041);
#6037 = LINE('',#6038,#6039);
#6038 = CARTESIAN_POINT('',(0.,-1.6));
#6039 = VECTOR('',#6040,1.);
#6040 = DIRECTION('',(1.,0.));
#6041 = ( GEOMETRIC_REPRESENTATION_CONTEXT(2) 
PARAMETRIC_REPRESENTATION_CONTEXT() REPRESENTATION_CONTEXT('2D SPACE',''
  ) );
#6042 = PCURVE('',#4559,#6043);
#6043 = DEFINITIONAL_REPRESENTATION('',(#6044),#6048);
#6044 = B_SPLINE_CURVE_WITH_KNOTS('',2,(#6045,#6046,#6047),
  .UNSPECIFIED.,.F.,.F.,(3,3),(0.,1.),.PIECEWISE_BEZIER_KNOTS.);
#6045 = CARTESIAN_POINT('',(5.42724609375,5.63671875));
#6046 = CARTESIAN_POINT('',(5.90966796875,5.69384765625));
#6047 = CARTESIAN_POINT('',(6.185791015625,5.969970703125));
#6048 = ( GEOMETRIC_REPRESENTATION_CONTEXT(2) 
PARAMETRIC_REPRESENTATION_CONTEXT() REPRESENTATION_CONTEXT('2D SPACE',''
  ) );
#6049 = ORIENTED_EDGE('',*,*,#6050,.F.);
#6050 = EDGE_CURVE('',#6051,#6028,#6053,.T.);
#6051 = VERTEX_POINT('',#6052);
#6052 = CARTESIAN_POINT('',(0.41259765625,1.67578125,0.));
#6053 = SURFACE_CURVE('',#6054,(#6058,#6065),.PCURVE_S1.);
#6054 = LINE('',#6055,#6056);
#6055 = CARTESIAN_POINT('',(0.41259765625,1.67578125,0.));
#6056 = VECTOR('',#6057,1.);
#6057 = DIRECTION('',(-0.,-0.,-1.));
#6058 = PCURVE('',#5988,#6059);
#6059 = DEFINITIONAL_REPRESENTATION('',(#6060),#6064);
#6060 = LINE('',#6061,#6062);
#6061 = CARTESIAN_POINT('',(1.,0.));
#6062 = VECTOR('',#6063,1.);
#6063 = DIRECTION('',(0.,-1.));
#6064 = ( GEOMETRIC_REPRESENTATION_CONTEXT(2) 
PARAMETRIC_REPRESENTATION_CONTEXT() REPRESENTATION_CONTEXT('2D SPACE',''
  ) );
#6065 = PCURVE('',#6066,#6073);
#6066 = SURFACE_OF_LINEAR_EXTRUSION('',#6067,#6071);
#6067 = B_SPLINE_CURVE_WITH_KNOTS('',2,(#6068,#6069,#6070),
  .UNSPECIFIED.,.F.,.F.,(3,3),(0.,1.),.PIECEWISE_BEZIER_KNOTS.);
#6068 = CARTESIAN_POINT('',(0.41259765625,1.67578125,0.));
#6069 = CARTESIAN_POINT('',(0.688720703125,1.951904296875,0.));
#6070 = CARTESIAN_POINT('',(0.688720703125,2.402587890625,0.));
#6071 = VECTOR('',#6072,1.);
#6072 = DIRECTION('',(0.,0.,1.));
#6073 = DEFINITIONAL_REPRESENTATION('',(#6074),#6078);
#6074 = LINE('',#6075,#6076);
#6075 = CARTESIAN_POINT('',(0.,0.));
#6076 = VECTOR('',#6077,1.);
#6077 = DIRECTION('',(0.,-1.));
#6078 = ( GEOMETRIC_REPRESENTATION_CONTEXT(2) 
PARAMETRIC_REPRESENTATION_CONTEXT() REPRESENTATION_CONTEXT('2D SPACE',''
  ) );
#6079 = ORIENTED_EDGE('',*,*,#6080,.F.);
#6080 = EDGE_CURVE('',#5973,#6051,#6081,.T.);
#6081 = SURFACE_CURVE('',#6082,(#6086,#6093),.PCURVE_S1.);
#6082 = B_SPLINE_CURVE_WITH_KNOTS('',2,(#6083,#6084,#6085),
  .UNSPECIFIED.,.F.,.F.,(3,3),(0.,1.),.PIECEWISE_BEZIER_KNOTS.);
#6083 = CARTESIAN_POINT('',(-0.345947265625,1.342529296875,0.));
#6084 = CARTESIAN_POINT('',(0.136474609375,1.399658203125,0.));
#6085 = CARTESIAN_POINT('',(0.41259765625,1.67578125,0.));
#6086 = PCURVE('',#5988,#6087);
#6087 = DEFINITIONAL_REPRESENTATION('',(#6088),#6092);
#6088 = LINE('',#6089,#6090);
#6089 = CARTESIAN_POINT('',(0.,0.));
#6090 = VECTOR('',#6091,1.);
#6091 = DIRECTION('',(1.,0.));
#6092 = ( GEOMETRIC_REPRESENTATION_CONTEXT(2) 
PARAMETRIC_REPRESENTATION_CONTEXT() REPRESENTATION_CONTEXT('2D SPACE',''
  ) );
#6093 = PCURVE('',#4613,#6094);
#6094 = DEFINITIONAL_REPRESENTATION('',(#6095),#6099);
#6095 = B_SPLINE_CURVE_WITH_KNOTS('',2,(#6096,#6097,#6098),
  .UNSPECIFIED.,.F.,.F.,(3,3),(0.,1.),.PIECEWISE_BEZIER_KNOTS.);
#6096 = CARTESIAN_POINT('',(5.42724609375,5.63671875));
#6097 = CARTESIAN_POINT('',(5.90966796875,5.69384765625));
#6098 = CARTESIAN_POINT('',(6.185791015625,5.969970703125));
#6099 = ( GEOMETRIC_REPRESENTATION_CONTEXT(2) 
PARAMETRIC_REPRESENTATION_CONTEXT() REPRESENTATION_CONTEXT('2D SPACE',''
  ) );
#6100 = ADVANCED_FACE('',(#6101),#6066,.F.);
#6101 = FACE_BOUND('',#6102,.F.);
#6102 = EDGE_LOOP('',(#6103,#6104,#6127,#6157));
#6103 = ORIENTED_EDGE('',*,*,#6050,.T.);
#6104 = ORIENTED_EDGE('',*,*,#6105,.T.);
#6105 = EDGE_CURVE('',#6028,#6106,#6108,.T.);
#6106 = VERTEX_POINT('',#6107);
#6107 = CARTESIAN_POINT('',(0.688720703125,2.402587890625,-1.6));
#6108 = SURFACE_CURVE('',#6109,(#6113,#6120),.PCURVE_S1.);
#6109 = B_SPLINE_CURVE_WITH_KNOTS('',2,(#6110,#6111,#6112),
  .UNSPECIFIED.,.F.,.F.,(3,3),(0.,1.),.PIECEWISE_BEZIER_KNOTS.);
#6110 = CARTESIAN_POINT('',(0.41259765625,1.67578125,-1.6));
#6111 = CARTESIAN_POINT('',(0.688720703125,1.951904296875,-1.6));
#6112 = CARTESIAN_POINT('',(0.688720703125,2.402587890625,-1.6));
#6113 = PCURVE('',#6066,#6114);
#6114 = DEFINITIONAL_REPRESENTATION('',(#6115),#6119);
#6115 = LINE('',#6116,#6117);
#6116 = CARTESIAN_POINT('',(0.,-1.6));
#6117 = VECTOR('',#6118,1.);
#6118 = DIRECTION('',(1.,0.));
#6119 = ( GEOMETRIC_REPRESENTATION_CONTEXT(2) 
PARAMETRIC_REPRESENTATION_CONTEXT() REPRESENTATION_CONTEXT('2D SPACE',''
  ) );
#6120 = PCURVE('',#4559,#6121);
#6121 = DEFINITIONAL_REPRESENTATION('',(#6122),#6126);
#6122 = B_SPLINE_CURVE_WITH_KNOTS('',2,(#6123,#6124,#6125),
  .UNSPECIFIED.,.F.,.F.,(3,3),(0.,1.),.PIECEWISE_BEZIER_KNOTS.);
#6123 = CARTESIAN_POINT('',(6.185791015625,5.969970703125));
#6124 = CARTESIAN_POINT('',(6.4619140625,6.24609375));
#6125 = CARTESIAN_POINT('',(6.4619140625,6.69677734375));
#6126 = ( GEOMETRIC_REPRESENTATION_CONTEXT(2) 
PARAMETRIC_REPRESENTATION_CONTEXT() REPRESENTATION_CONTEXT('2D SPACE',''
  ) );
#6127 = ORIENTED_EDGE('',*,*,#6128,.F.);
#6128 = EDGE_CURVE('',#6129,#6106,#6131,.T.);
#6129 = VERTEX_POINT('',#6130);
#6130 = CARTESIAN_POINT('',(0.688720703125,2.402587890625,0.));
#6131 = SURFACE_CURVE('',#6132,(#6136,#6143),.PCURVE_S1.);
#6132 = LINE('',#6133,#6134);
#6133 = CARTESIAN_POINT('',(0.688720703125,2.402587890625,0.));
#6134 = VECTOR('',#6135,1.);
#6135 = DIRECTION('',(-0.,-0.,-1.));
#6136 = PCURVE('',#6066,#6137);
#6137 = DEFINITIONAL_REPRESENTATION('',(#6138),#6142);
#6138 = LINE('',#6139,#6140);
#6139 = CARTESIAN_POINT('',(1.,0.));
#6140 = VECTOR('',#6141,1.);
#6141 = DIRECTION('',(0.,-1.));
#6142 = ( GEOMETRIC_REPRESENTATION_CONTEXT(2) 
PARAMETRIC_REPRESENTATION_CONTEXT() REPRESENTATION_CONTEXT('2D SPACE',''
  ) );
#6143 = PCURVE('',#6144,#6151);
#6144 = SURFACE_OF_LINEAR_EXTRUSION('',#6145,#6149);
#6145 = B_SPLINE_CURVE_WITH_KNOTS('',2,(#6146,#6147,#6148),
  .UNSPECIFIED.,.F.,.F.,(3,3),(0.,1.),.PIECEWISE_BEZIER_KNOTS.);
#6146 = CARTESIAN_POINT('',(0.688720703125,2.402587890625,0.));
#6147 = CARTESIAN_POINT('',(0.688720703125,2.834228515625,0.));
#6148 = CARTESIAN_POINT('',(0.45068359375,3.10400390625,0.));
#6149 = VECTOR('',#6150,1.);
#6150 = DIRECTION('',(0.,0.,1.));
#6151 = DEFINITIONAL_REPRESENTATION('',(#6152),#6156);
#6152 = LINE('',#6153,#6154);
#6153 = CARTESIAN_POINT('',(0.,0.));
#6154 = VECTOR('',#6155,1.);
#6155 = DIRECTION('',(0.,-1.));
#6156 = ( GEOMETRIC_REPRESENTATION_CONTEXT(2) 
PARAMETRIC_REPRESENTATION_CONTEXT() REPRESENTATION_CONTEXT('2D SPACE',''
  ) );
#6157 = ORIENTED_EDGE('',*,*,#6158,.F.);
#6158 = EDGE_CURVE('',#6051,#6129,#6159,.T.);
#6159 = SURFACE_CURVE('',#6160,(#6164,#6171),.PCURVE_S1.);
#6160 = B_SPLINE_CURVE_WITH_KNOTS('',2,(#6161,#6162,#6163),
  .UNSPECIFIED.,.F.,.F.,(3,3),(0.,1.),.PIECEWISE_BEZIER_KNOTS.);
#6161 = CARTESIAN_POINT('',(0.41259765625,1.67578125,0.));
#6162 = CARTESIAN_POINT('',(0.688720703125,1.951904296875,0.));
#6163 = CARTESIAN_POINT('',(0.688720703125,2.402587890625,0.));
#6164 = PCURVE('',#6066,#6165);
#6165 = DEFINITIONAL_REPRESENTATION('',(#6166),#6170);
#6166 = LINE('',#6167,#6168);
#6167 = CARTESIAN_POINT('',(0.,0.));
#6168 = VECTOR('',#6169,1.);
#6169 = DIRECTION('',(1.,0.));
#6170 = ( GEOMETRIC_REPRESENTATION_CONTEXT(2) 
PARAMETRIC_REPRESENTATION_CONTEXT() REPRESENTATION_CONTEXT('2D SPACE',''
  ) );
#6171 = PCURVE('',#4613,#6172);
#6172 = DEFINITIONAL_REPRESENTATION('',(#6173),#6177);
#6173 = B_SPLINE_CURVE_WITH_KNOTS('',2,(#6174,#6175,#6176),
  .UNSPECIFIED.,.F.,.F.,(3,3),(0.,1.),.PIECEWISE_BEZIER_KNOTS.);
#6174 = CARTESIAN_POINT('',(6.185791015625,5.969970703125));
#6175 = CARTESIAN_POINT('',(6.4619140625,6.24609375));
#6176 = CARTESIAN_POINT('',(6.4619140625,6.69677734375));
#6177 = ( GEOMETRIC_REPRESENTATION_CONTEXT(2) 
PARAMETRIC_REPRESENTATION_CONTEXT() REPRESENTATION_CONTEXT('2D SPACE',''
  ) );
#6178 = ADVANCED_FACE('',(#6179),#6144,.F.);
#6179 = FACE_BOUND('',#6180,.F.);
#6180 = EDGE_LOOP('',(#6181,#6182,#6205,#6235));
#6181 = ORIENTED_EDGE('',*,*,#6128,.T.);
#6182 = ORIENTED_EDGE('',*,*,#6183,.T.);
#6183 = EDGE_CURVE('',#6106,#6184,#6186,.T.);
#6184 = VERTEX_POINT('',#6185);
#6185 = CARTESIAN_POINT('',(0.45068359375,3.10400390625,-1.6));
#6186 = SURFACE_CURVE('',#6187,(#6191,#6198),.PCURVE_S1.);
#6187 = B_SPLINE_CURVE_WITH_KNOTS('',2,(#6188,#6189,#6190),
  .UNSPECIFIED.,.F.,.F.,(3,3),(0.,1.),.PIECEWISE_BEZIER_KNOTS.);
#6188 = CARTESIAN_POINT('',(0.688720703125,2.402587890625,-1.6));
#6189 = CARTESIAN_POINT('',(0.688720703125,2.834228515625,-1.6));
#6190 = CARTESIAN_POINT('',(0.45068359375,3.10400390625,-1.6));
#6191 = PCURVE('',#6144,#6192);
#6192 = DEFINITIONAL_REPRESENTATION('',(#6193),#6197);
#6193 = LINE('',#6194,#6195);
#6194 = CARTESIAN_POINT('',(0.,-1.6));
#6195 = VECTOR('',#6196,1.);
#6196 = DIRECTION('',(1.,0.));
#6197 = ( GEOMETRIC_REPRESENTATION_CONTEXT(2) 
PARAMETRIC_REPRESENTATION_CONTEXT() REPRESENTATION_CONTEXT('2D SPACE',''
  ) );
#6198 = PCURVE('',#4559,#6199);
#6199 = DEFINITIONAL_REPRESENTATION('',(#6200),#6204);
#6200 = B_SPLINE_CURVE_WITH_KNOTS('',2,(#6201,#6202,#6203),
  .UNSPECIFIED.,.F.,.F.,(3,3),(0.,1.),.PIECEWISE_BEZIER_KNOTS.);
#6201 = CARTESIAN_POINT('',(6.4619140625,6.69677734375));
#6202 = CARTESIAN_POINT('',(6.4619140625,7.12841796875));
#6203 = CARTESIAN_POINT('',(6.223876953125,7.398193359375));
#6204 = ( GEOMETRIC_REPRESENTATION_CONTEXT(2) 
PARAMETRIC_REPRESENTATION_CONTEXT() REPRESENTATION_CONTEXT('2D SPACE',''
  ) );
#6205 = ORIENTED_EDGE('',*,*,#6206,.F.);
#6206 = EDGE_CURVE('',#6207,#6184,#6209,.T.);
#6207 = VERTEX_POINT('',#6208);
#6208 = CARTESIAN_POINT('',(0.45068359375,3.10400390625,0.));
#6209 = SURFACE_CURVE('',#6210,(#6214,#6221),.PCURVE_S1.);
#6210 = LINE('',#6211,#6212);
#6211 = CARTESIAN_POINT('',(0.45068359375,3.10400390625,0.));
#6212 = VECTOR('',#6213,1.);
#6213 = DIRECTION('',(-0.,-0.,-1.));
#6214 = PCURVE('',#6144,#6215);
#6215 = DEFINITIONAL_REPRESENTATION('',(#6216),#6220);
#6216 = LINE('',#6217,#6218);
#6217 = CARTESIAN_POINT('',(1.,0.));
#6218 = VECTOR('',#6219,1.);
#6219 = DIRECTION('',(0.,-1.));
#6220 = ( GEOMETRIC_REPRESENTATION_CONTEXT(2) 
PARAMETRIC_REPRESENTATION_CONTEXT() REPRESENTATION_CONTEXT('2D SPACE',''
  ) );
#6221 = PCURVE('',#6222,#6229);
#6222 = SURFACE_OF_LINEAR_EXTRUSION('',#6223,#6227);
#6223 = B_SPLINE_CURVE_WITH_KNOTS('',2,(#6224,#6225,#6226),
  .UNSPECIFIED.,.F.,.F.,(3,3),(0.,1.),.PIECEWISE_BEZIER_KNOTS.);
#6224 = CARTESIAN_POINT('',(0.45068359375,3.10400390625,0.));
#6225 = CARTESIAN_POINT('',(0.212646484375,3.373779296875,0.));
#6226 = CARTESIAN_POINT('',(-0.257080078125,3.430908203125,0.));
#6227 = VECTOR('',#6228,1.);
#6228 = DIRECTION('',(0.,0.,1.));
#6229 = DEFINITIONAL_REPRESENTATION('',(#6230),#6234);
#6230 = LINE('',#6231,#6232);
#6231 = CARTESIAN_POINT('',(0.,0.));
#6232 = VECTOR('',#6233,1.);
#6233 = DIRECTION('',(0.,-1.));
#6234 = ( GEOMETRIC_REPRESENTATION_CONTEXT(2) 
PARAMETRIC_REPRESENTATION_CONTEXT() REPRESENTATION_CONTEXT('2D SPACE',''
  ) );
#6235 = ORIENTED_EDGE('',*,*,#6236,.F.);
#6236 = EDGE_CURVE('',#6129,#6207,#6237,.T.);
#6237 = SURFACE_CURVE('',#6238,(#6242,#6249),.PCURVE_S1.);
#6238 = B_SPLINE_CURVE_WITH_KNOTS('',2,(#6239,#6240,#6241),
  .UNSPECIFIED.,.F.,.F.,(3,3),(0.,1.),.PIECEWISE_BEZIER_KNOTS.);
#6239 = CARTESIAN_POINT('',(0.688720703125,2.402587890625,0.));
#6240 = CARTESIAN_POINT('',(0.688720703125,2.834228515625,0.));
#6241 = CARTESIAN_POINT('',(0.45068359375,3.10400390625,0.));
#6242 = PCURVE('',#6144,#6243);
#6243 = DEFINITIONAL_REPRESENTATION('',(#6244),#6248);
#6244 = LINE('',#6245,#6246);
#6245 = CARTESIAN_POINT('',(0.,0.));
#6246 = VECTOR('',#6247,1.);
#6247 = DIRECTION('',(1.,0.));
#6248 = ( GEOMETRIC_REPRESENTATION_CONTEXT(2) 
PARAMETRIC_REPRESENTATION_CONTEXT() REPRESENTATION_CONTEXT('2D SPACE',''
  ) );
#6249 = PCURVE('',#4613,#6250);
#6250 = DEFINITIONAL_REPRESENTATION('',(#6251),#6255);
#6251 = B_SPLINE_CURVE_WITH_KNOTS('',2,(#6252,#6253,#6254),
  .UNSPECIFIED.,.F.,.F.,(3,3),(0.,1.),.PIECEWISE_BEZIER_KNOTS.);
#6252 = CARTESIAN_POINT('',(6.4619140625,6.69677734375));
#6253 = CARTESIAN_POINT('',(6.4619140625,7.12841796875));
#6254 = CARTESIAN_POINT('',(6.223876953125,7.398193359375));
#6255 = ( GEOMETRIC_REPRESENTATION_CONTEXT(2) 
PARAMETRIC_REPRESENTATION_CONTEXT() REPRESENTATION_CONTEXT('2D SPACE',''
  ) );
#6256 = ADVANCED_FACE('',(#6257),#6222,.F.);
#6257 = FACE_BOUND('',#6258,.F.);
#6258 = EDGE_LOOP('',(#6259,#6260,#6283,#6306));
#6259 = ORIENTED_EDGE('',*,*,#6206,.T.);
#6260 = ORIENTED_EDGE('',*,*,#6261,.T.);
#6261 = EDGE_CURVE('',#6184,#6262,#6264,.T.);
#6262 = VERTEX_POINT('',#6263);
#6263 = CARTESIAN_POINT('',(-0.257080078125,3.430908203125,-1.6));
#6264 = SURFACE_CURVE('',#6265,(#6269,#6276),.PCURVE_S1.);
#6265 = B_SPLINE_CURVE_WITH_KNOTS('',2,(#6266,#6267,#6268),
  .UNSPECIFIED.,.F.,.F.,(3,3),(0.,1.),.PIECEWISE_BEZIER_KNOTS.);
#6266 = CARTESIAN_POINT('',(0.45068359375,3.10400390625,-1.6));
#6267 = CARTESIAN_POINT('',(0.212646484375,3.373779296875,-1.6));
#6268 = CARTESIAN_POINT('',(-0.257080078125,3.430908203125,-1.6));
#6269 = PCURVE('',#6222,#6270);
#6270 = DEFINITIONAL_REPRESENTATION('',(#6271),#6275);
#6271 = LINE('',#6272,#6273);
#6272 = CARTESIAN_POINT('',(0.,-1.6));
#6273 = VECTOR('',#6274,1.);
#6274 = DIRECTION('',(1.,0.));
#6275 = ( GEOMETRIC_REPRESENTATION_CONTEXT(2) 
PARAMETRIC_REPRESENTATION_CONTEXT() REPRESENTATION_CONTEXT('2D SPACE',''
  ) );
#6276 = PCURVE('',#4559,#6277);
#6277 = DEFINITIONAL_REPRESENTATION('',(#6278),#6282);
#6278 = B_SPLINE_CURVE_WITH_KNOTS('',2,(#6279,#6280,#6281),
  .UNSPECIFIED.,.F.,.F.,(3,3),(0.,1.),.PIECEWISE_BEZIER_KNOTS.);
#6279 = CARTESIAN_POINT('',(6.223876953125,7.398193359375));
#6280 = CARTESIAN_POINT('',(5.98583984375,7.66796875));
#6281 = CARTESIAN_POINT('',(5.51611328125,7.72509765625));
#6282 = ( GEOMETRIC_REPRESENTATION_CONTEXT(2) 
PARAMETRIC_REPRESENTATION_CONTEXT() REPRESENTATION_CONTEXT('2D SPACE',''
  ) );
#6283 = ORIENTED_EDGE('',*,*,#6284,.F.);
#6284 = EDGE_CURVE('',#6285,#6262,#6287,.T.);
#6285 = VERTEX_POINT('',#6286);
#6286 = CARTESIAN_POINT('',(-0.257080078125,3.430908203125,0.));
#6287 = SURFACE_CURVE('',#6288,(#6292,#6299),.PCURVE_S1.);
#6288 = LINE('',#6289,#6290);
#6289 = CARTESIAN_POINT('',(-0.257080078125,3.430908203125,0.));
#6290 = VECTOR('',#6291,1.);
#6291 = DIRECTION('',(-0.,-0.,-1.));
#6292 = PCURVE('',#6222,#6293);
#6293 = DEFINITIONAL_REPRESENTATION('',(#6294),#6298);
#6294 = LINE('',#6295,#6296);
#6295 = CARTESIAN_POINT('',(1.,0.));
#6296 = VECTOR('',#6297,1.);
#6297 = DIRECTION('',(0.,-1.));
#6298 = ( GEOMETRIC_REPRESENTATION_CONTEXT(2) 
PARAMETRIC_REPRESENTATION_CONTEXT() REPRESENTATION_CONTEXT('2D SPACE',''
  ) );
#6299 = PCURVE('',#5705,#6300);
#6300 = DEFINITIONAL_REPRESENTATION('',(#6301),#6305);
#6301 = LINE('',#6302,#6303);
#6302 = CARTESIAN_POINT('',(0.,0.));
#6303 = VECTOR('',#6304,1.);
#6304 = DIRECTION('',(0.,-1.));
#6305 = ( GEOMETRIC_REPRESENTATION_CONTEXT(2) 
PARAMETRIC_REPRESENTATION_CONTEXT() REPRESENTATION_CONTEXT('2D SPACE',''
  ) );
#6306 = ORIENTED_EDGE('',*,*,#6307,.F.);
#6307 = EDGE_CURVE('',#6207,#6285,#6308,.T.);
#6308 = SURFACE_CURVE('',#6309,(#6313,#6320),.PCURVE_S1.);
#6309 = B_SPLINE_CURVE_WITH_KNOTS('',2,(#6310,#6311,#6312),
  .UNSPECIFIED.,.F.,.F.,(3,3),(0.,1.),.PIECEWISE_BEZIER_KNOTS.);
#6310 = CARTESIAN_POINT('',(0.45068359375,3.10400390625,0.));
#6311 = CARTESIAN_POINT('',(0.212646484375,3.373779296875,0.));
#6312 = CARTESIAN_POINT('',(-0.257080078125,3.430908203125,0.));
#6313 = PCURVE('',#6222,#6314);
#6314 = DEFINITIONAL_REPRESENTATION('',(#6315),#6319);
#6315 = LINE('',#6316,#6317);
#6316 = CARTESIAN_POINT('',(0.,0.));
#6317 = VECTOR('',#6318,1.);
#6318 = DIRECTION('',(1.,0.));
#6319 = ( GEOMETRIC_REPRESENTATION_CONTEXT(2) 
PARAMETRIC_REPRESENTATION_CONTEXT() REPRESENTATION_CONTEXT('2D SPACE',''
  ) );
#6320 = PCURVE('',#4613,#6321);
#6321 = DEFINITIONAL_REPRESENTATION('',(#6322),#6326);
#6322 = B_SPLINE_CURVE_WITH_KNOTS('',2,(#6323,#6324,#6325),
  .UNSPECIFIED.,.F.,.F.,(3,3),(0.,1.),.PIECEWISE_BEZIER_KNOTS.);
#6323 = CARTESIAN_POINT('',(6.223876953125,7.398193359375));
#6324 = CARTESIAN_POINT('',(5.98583984375,7.66796875));
#6325 = CARTESIAN_POINT('',(5.51611328125,7.72509765625));
#6326 = ( GEOMETRIC_REPRESENTATION_CONTEXT(2) 
PARAMETRIC_REPRESENTATION_CONTEXT() REPRESENTATION_CONTEXT('2D SPACE',''
  ) );
#6327 = ADVANCED_FACE('',(#6328),#5705,.F.);
#6328 = FACE_BOUND('',#6329,.F.);
#6329 = EDGE_LOOP('',(#6330,#6331,#6352,#6353));
#6330 = ORIENTED_EDGE('',*,*,#6284,.T.);
#6331 = ORIENTED_EDGE('',*,*,#6332,.T.);
#6332 = EDGE_CURVE('',#6262,#5685,#6333,.T.);
#6333 = SURFACE_CURVE('',#6334,(#6338,#6345),.PCURVE_S1.);
#6334 = B_SPLINE_CURVE_WITH_KNOTS('',2,(#6335,#6336,#6337),
  .UNSPECIFIED.,.F.,.F.,(3,3),(0.,1.),.PIECEWISE_BEZIER_KNOTS.);
#6335 = CARTESIAN_POINT('',(-0.257080078125,3.430908203125,-1.6));
#6336 = CARTESIAN_POINT('',(-0.536376953125,3.462646484375,-1.6));
#6337 = CARTESIAN_POINT('',(-1.863037109375,3.462646484375,-1.6));
#6338 = PCURVE('',#5705,#6339);
#6339 = DEFINITIONAL_REPRESENTATION('',(#6340),#6344);
#6340 = LINE('',#6341,#6342);
#6341 = CARTESIAN_POINT('',(0.,-1.6));
#6342 = VECTOR('',#6343,1.);
#6343 = DIRECTION('',(1.,0.));
#6344 = ( GEOMETRIC_REPRESENTATION_CONTEXT(2) 
PARAMETRIC_REPRESENTATION_CONTEXT() REPRESENTATION_CONTEXT('2D SPACE',''
  ) );
#6345 = PCURVE('',#4559,#6346);
#6346 = DEFINITIONAL_REPRESENTATION('',(#6347),#6351);
#6347 = B_SPLINE_CURVE_WITH_KNOTS('',2,(#6348,#6349,#6350),
  .UNSPECIFIED.,.F.,.F.,(3,3),(0.,1.),.PIECEWISE_BEZIER_KNOTS.);
#6348 = CARTESIAN_POINT('',(5.51611328125,7.72509765625));
#6349 = CARTESIAN_POINT('',(5.23681640625,7.7568359375));
#6350 = CARTESIAN_POINT('',(3.91015625,7.7568359375));
#6351 = ( GEOMETRIC_REPRESENTATION_CONTEXT(2) 
PARAMETRIC_REPRESENTATION_CONTEXT() REPRESENTATION_CONTEXT('2D SPACE',''
  ) );
#6352 = ORIENTED_EDGE('',*,*,#5682,.F.);
#6353 = ORIENTED_EDGE('',*,*,#6354,.F.);
#6354 = EDGE_CURVE('',#6285,#5683,#6355,.T.);
#6355 = SURFACE_CURVE('',#6356,(#6360,#6367),.PCURVE_S1.);
#6356 = B_SPLINE_CURVE_WITH_KNOTS('',2,(#6357,#6358,#6359),
  .UNSPECIFIED.,.F.,.F.,(3,3),(0.,1.),.PIECEWISE_BEZIER_KNOTS.);
#6357 = CARTESIAN_POINT('',(-0.257080078125,3.430908203125,0.));
#6358 = CARTESIAN_POINT('',(-0.536376953125,3.462646484375,0.));
#6359 = CARTESIAN_POINT('',(-1.863037109375,3.462646484375,0.));
#6360 = PCURVE('',#5705,#6361);
#6361 = DEFINITIONAL_REPRESENTATION('',(#6362),#6366);
#6362 = LINE('',#6363,#6364);
#6363 = CARTESIAN_POINT('',(0.,0.));
#6364 = VECTOR('',#6365,1.);
#6365 = DIRECTION('',(1.,0.));
#6366 = ( GEOMETRIC_REPRESENTATION_CONTEXT(2) 
PARAMETRIC_REPRESENTATION_CONTEXT() REPRESENTATION_CONTEXT('2D SPACE',''
  ) );
#6367 = PCURVE('',#4613,#6368);
#6368 = DEFINITIONAL_REPRESENTATION('',(#6369),#6373);
#6369 = B_SPLINE_CURVE_WITH_KNOTS('',2,(#6370,#6371,#6372),
  .UNSPECIFIED.,.F.,.F.,(3,3),(0.,1.),.PIECEWISE_BEZIER_KNOTS.);
#6370 = CARTESIAN_POINT('',(5.51611328125,7.72509765625));
#6371 = CARTESIAN_POINT('',(5.23681640625,7.7568359375));
#6372 = CARTESIAN_POINT('',(3.91015625,7.7568359375));
#6373 = ( GEOMETRIC_REPRESENTATION_CONTEXT(2) 
PARAMETRIC_REPRESENTATION_CONTEXT() REPRESENTATION_CONTEXT('2D SPACE',''
  ) );
#6374 = ADVANCED_FACE('',(#6375),#6389,.F.);
#6375 = FACE_BOUND('',#6376,.F.);
#6376 = EDGE_LOOP('',(#6377,#6414,#6437,#6465));
#6377 = ORIENTED_EDGE('',*,*,#6378,.T.);
#6378 = EDGE_CURVE('',#6379,#6381,#6383,.T.);
#6379 = VERTEX_POINT('',#6380);
#6380 = CARTESIAN_POINT('',(-1.425048828125,-0.238037109375,0.));
#6381 = VERTEX_POINT('',#6382);
#6382 = CARTESIAN_POINT('',(-1.425048828125,-0.238037109375,-1.6));
#6383 = SURFACE_CURVE('',#6384,(#6388,#6400),.PCURVE_S1.);
#6384 = LINE('',#6385,#6386);
#6385 = CARTESIAN_POINT('',(-1.425048828125,-0.238037109375,0.));
#6386 = VECTOR('',#6387,1.);
#6387 = DIRECTION('',(-0.,-0.,-1.));
#6388 = PCURVE('',#6389,#6394);
#6389 = PLANE('',#6390);
#6390 = AXIS2_PLACEMENT_3D('',#6391,#6392,#6393);
#6391 = CARTESIAN_POINT('',(-1.425048828125,-0.238037109375,0.));
#6392 = DIRECTION('',(0.,1.,-0.));
#6393 = DIRECTION('',(-1.,0.,0.));
#6394 = DEFINITIONAL_REPRESENTATION('',(#6395),#6399);
#6395 = LINE('',#6396,#6397);
#6396 = CARTESIAN_POINT('',(0.,0.));
#6397 = VECTOR('',#6398,1.);
#6398 = DIRECTION('',(0.,-1.));
#6399 = ( GEOMETRIC_REPRESENTATION_CONTEXT(2) 
PARAMETRIC_REPRESENTATION_CONTEXT() REPRESENTATION_CONTEXT('2D SPACE',''
  ) );
#6400 = PCURVE('',#6401,#6408);
#6401 = SURFACE_OF_LINEAR_EXTRUSION('',#6402,#6406);
#6402 = B_SPLINE_CURVE_WITH_KNOTS('',2,(#6403,#6404,#6405),
  .UNSPECIFIED.,.F.,.F.,(3,3),(0.,1.),.PIECEWISE_BEZIER_KNOTS.);
#6403 = CARTESIAN_POINT('',(0.2412109375,-0.371337890625,0.));
#6404 = CARTESIAN_POINT('',(-0.142822265625,-0.238037109375,0.));
#6405 = CARTESIAN_POINT('',(-1.425048828125,-0.238037109375,0.));
#6406 = VECTOR('',#6407,1.);
#6407 = DIRECTION('',(0.,0.,1.));
#6408 = DEFINITIONAL_REPRESENTATION('',(#6409),#6413);
#6409 = LINE('',#6410,#6411);
#6410 = CARTESIAN_POINT('',(1.,0.));
#6411 = VECTOR('',#6412,1.);
#6412 = DIRECTION('',(0.,-1.));
#6413 = ( GEOMETRIC_REPRESENTATION_CONTEXT(2) 
PARAMETRIC_REPRESENTATION_CONTEXT() REPRESENTATION_CONTEXT('2D SPACE',''
  ) );
#6414 = ORIENTED_EDGE('',*,*,#6415,.T.);
#6415 = EDGE_CURVE('',#6381,#6416,#6418,.T.);
#6416 = VERTEX_POINT('',#6417);
#6417 = CARTESIAN_POINT('',(-2.942138671875,-0.238037109375,-1.6));
#6418 = SURFACE_CURVE('',#6419,(#6423,#6430),.PCURVE_S1.);
#6419 = LINE('',#6420,#6421);
#6420 = CARTESIAN_POINT('',(-1.425048828125,-0.238037109375,-1.6));
#6421 = VECTOR('',#6422,1.);
#6422 = DIRECTION('',(-1.,0.,0.));
#6423 = PCURVE('',#6389,#6424);
#6424 = DEFINITIONAL_REPRESENTATION('',(#6425),#6429);
#6425 = LINE('',#6426,#6427);
#6426 = CARTESIAN_POINT('',(0.,-1.6));
#6427 = VECTOR('',#6428,1.);
#6428 = DIRECTION('',(1.,0.));
#6429 = ( GEOMETRIC_REPRESENTATION_CONTEXT(2) 
PARAMETRIC_REPRESENTATION_CONTEXT() REPRESENTATION_CONTEXT('2D SPACE',''
  ) );
#6430 = PCURVE('',#4559,#6431);
#6431 = DEFINITIONAL_REPRESENTATION('',(#6432),#6436);
#6432 = LINE('',#6433,#6434);
#6433 = CARTESIAN_POINT('',(4.34814453125,4.05615234375));
#6434 = VECTOR('',#6435,1.);
#6435 = DIRECTION('',(-1.,0.));
#6436 = ( GEOMETRIC_REPRESENTATION_CONTEXT(2) 
PARAMETRIC_REPRESENTATION_CONTEXT() REPRESENTATION_CONTEXT('2D SPACE',''
  ) );
#6437 = ORIENTED_EDGE('',*,*,#6438,.F.);
#6438 = EDGE_CURVE('',#6439,#6416,#6441,.T.);
#6439 = VERTEX_POINT('',#6440);
#6440 = CARTESIAN_POINT('',(-2.942138671875,-0.238037109375,0.));
#6441 = SURFACE_CURVE('',#6442,(#6446,#6453),.PCURVE_S1.);
#6442 = LINE('',#6443,#6444);
#6443 = CARTESIAN_POINT('',(-2.942138671875,-0.238037109375,0.));
#6444 = VECTOR('',#6445,1.);
#6445 = DIRECTION('',(-0.,-0.,-1.));
#6446 = PCURVE('',#6389,#6447);
#6447 = DEFINITIONAL_REPRESENTATION('',(#6448),#6452);
#6448 = LINE('',#6449,#6450);
#6449 = CARTESIAN_POINT('',(1.51708984375,0.));
#6450 = VECTOR('',#6451,1.);
#6451 = DIRECTION('',(0.,-1.));
#6452 = ( GEOMETRIC_REPRESENTATION_CONTEXT(2) 
PARAMETRIC_REPRESENTATION_CONTEXT() REPRESENTATION_CONTEXT('2D SPACE',''
  ) );
#6453 = PCURVE('',#6454,#6459);
#6454 = PLANE('',#6455);
#6455 = AXIS2_PLACEMENT_3D('',#6456,#6457,#6458);
#6456 = CARTESIAN_POINT('',(-2.942138671875,-0.238037109375,0.));
#6457 = DIRECTION('',(-1.,0.,0.));
#6458 = DIRECTION('',(0.,-1.,0.));
#6459 = DEFINITIONAL_REPRESENTATION('',(#6460),#6464);
#6460 = LINE('',#6461,#6462);
#6461 = CARTESIAN_POINT('',(0.,0.));
#6462 = VECTOR('',#6463,1.);
#6463 = DIRECTION('',(0.,-1.));
#6464 = ( GEOMETRIC_REPRESENTATION_CONTEXT(2) 
PARAMETRIC_REPRESENTATION_CONTEXT() REPRESENTATION_CONTEXT('2D SPACE',''
  ) );
#6465 = ORIENTED_EDGE('',*,*,#6466,.F.);
#6466 = EDGE_CURVE('',#6379,#6439,#6467,.T.);
#6467 = SURFACE_CURVE('',#6468,(#6472,#6479),.PCURVE_S1.);
#6468 = LINE('',#6469,#6470);
#6469 = CARTESIAN_POINT('',(-1.425048828125,-0.238037109375,0.));
#6470 = VECTOR('',#6471,1.);
#6471 = DIRECTION('',(-1.,0.,0.));
#6472 = PCURVE('',#6389,#6473);
#6473 = DEFINITIONAL_REPRESENTATION('',(#6474),#6478);
#6474 = LINE('',#6475,#6476);
#6475 = CARTESIAN_POINT('',(0.,0.));
#6476 = VECTOR('',#6477,1.);
#6477 = DIRECTION('',(1.,0.));
#6478 = ( GEOMETRIC_REPRESENTATION_CONTEXT(2) 
PARAMETRIC_REPRESENTATION_CONTEXT() REPRESENTATION_CONTEXT('2D SPACE',''
  ) );
#6479 = PCURVE('',#4613,#6480);
#6480 = DEFINITIONAL_REPRESENTATION('',(#6481),#6485);
#6481 = LINE('',#6482,#6483);
#6482 = CARTESIAN_POINT('',(4.34814453125,4.05615234375));
#6483 = VECTOR('',#6484,1.);
#6484 = DIRECTION('',(-1.,0.));
#6485 = ( GEOMETRIC_REPRESENTATION_CONTEXT(2) 
PARAMETRIC_REPRESENTATION_CONTEXT() REPRESENTATION_CONTEXT('2D SPACE',''
  ) );
#6486 = ADVANCED_FACE('',(#6487),#6454,.F.);
#6487 = FACE_BOUND('',#6488,.F.);
#6488 = EDGE_LOOP('',(#6489,#6490,#6513,#6541));
#6489 = ORIENTED_EDGE('',*,*,#6438,.T.);
#6490 = ORIENTED_EDGE('',*,*,#6491,.T.);
#6491 = EDGE_CURVE('',#6416,#6492,#6494,.T.);
#6492 = VERTEX_POINT('',#6493);
#6493 = CARTESIAN_POINT('',(-2.942138671875,-2.726318359375,-1.6));
#6494 = SURFACE_CURVE('',#6495,(#6499,#6506),.PCURVE_S1.);
#6495 = LINE('',#6496,#6497);
#6496 = CARTESIAN_POINT('',(-2.942138671875,-0.238037109375,-1.6));
#6497 = VECTOR('',#6498,1.);
#6498 = DIRECTION('',(0.,-1.,0.));
#6499 = PCURVE('',#6454,#6500);
#6500 = DEFINITIONAL_REPRESENTATION('',(#6501),#6505);
#6501 = LINE('',#6502,#6503);
#6502 = CARTESIAN_POINT('',(0.,-1.6));
#6503 = VECTOR('',#6504,1.);
#6504 = DIRECTION('',(1.,0.));
#6505 = ( GEOMETRIC_REPRESENTATION_CONTEXT(2) 
PARAMETRIC_REPRESENTATION_CONTEXT() REPRESENTATION_CONTEXT('2D SPACE',''
  ) );
#6506 = PCURVE('',#4559,#6507);
#6507 = DEFINITIONAL_REPRESENTATION('',(#6508),#6512);
#6508 = LINE('',#6509,#6510);
#6509 = CARTESIAN_POINT('',(2.8310546875,4.05615234375));
#6510 = VECTOR('',#6511,1.);
#6511 = DIRECTION('',(0.,-1.));
#6512 = ( GEOMETRIC_REPRESENTATION_CONTEXT(2) 
PARAMETRIC_REPRESENTATION_CONTEXT() REPRESENTATION_CONTEXT('2D SPACE',''
  ) );
#6513 = ORIENTED_EDGE('',*,*,#6514,.F.);
#6514 = EDGE_CURVE('',#6515,#6492,#6517,.T.);
#6515 = VERTEX_POINT('',#6516);
#6516 = CARTESIAN_POINT('',(-2.942138671875,-2.726318359375,0.));
#6517 = SURFACE_CURVE('',#6518,(#6522,#6529),.PCURVE_S1.);
#6518 = LINE('',#6519,#6520);
#6519 = CARTESIAN_POINT('',(-2.942138671875,-2.726318359375,0.));
#6520 = VECTOR('',#6521,1.);
#6521 = DIRECTION('',(-0.,-0.,-1.));
#6522 = PCURVE('',#6454,#6523);
#6523 = DEFINITIONAL_REPRESENTATION('',(#6524),#6528);
#6524 = LINE('',#6525,#6526);
#6525 = CARTESIAN_POINT('',(2.48828125,0.));
#6526 = VECTOR('',#6527,1.);
#6527 = DIRECTION('',(0.,-1.));
#6528 = ( GEOMETRIC_REPRESENTATION_CONTEXT(2) 
PARAMETRIC_REPRESENTATION_CONTEXT() REPRESENTATION_CONTEXT('2D SPACE',''
  ) );
#6529 = PCURVE('',#6530,#6535);
#6530 = PLANE('',#6531);
#6531 = AXIS2_PLACEMENT_3D('',#6532,#6533,#6534);
#6532 = CARTESIAN_POINT('',(-2.942138671875,-2.726318359375,0.));
#6533 = DIRECTION('',(0.,-1.,0.));
#6534 = DIRECTION('',(1.,0.,0.));
#6535 = DEFINITIONAL_REPRESENTATION('',(#6536),#6540);
#6536 = LINE('',#6537,#6538);
#6537 = CARTESIAN_POINT('',(0.,0.));
#6538 = VECTOR('',#6539,1.);
#6539 = DIRECTION('',(0.,-1.));
#6540 = ( GEOMETRIC_REPRESENTATION_CONTEXT(2) 
PARAMETRIC_REPRESENTATION_CONTEXT() REPRESENTATION_CONTEXT('2D SPACE',''
  ) );
#6541 = ORIENTED_EDGE('',*,*,#6542,.F.);
#6542 = EDGE_CURVE('',#6439,#6515,#6543,.T.);
#6543 = SURFACE_CURVE('',#6544,(#6548,#6555),.PCURVE_S1.);
#6544 = LINE('',#6545,#6546);
#6545 = CARTESIAN_POINT('',(-2.942138671875,-0.238037109375,0.));
#6546 = VECTOR('',#6547,1.);
#6547 = DIRECTION('',(0.,-1.,0.));
#6548 = PCURVE('',#6454,#6549);
#6549 = DEFINITIONAL_REPRESENTATION('',(#6550),#6554);
#6550 = LINE('',#6551,#6552);
#6551 = CARTESIAN_POINT('',(0.,0.));
#6552 = VECTOR('',#6553,1.);
#6553 = DIRECTION('',(1.,0.));
#6554 = ( GEOMETRIC_REPRESENTATION_CONTEXT(2) 
PARAMETRIC_REPRESENTATION_CONTEXT() REPRESENTATION_CONTEXT('2D SPACE',''
  ) );
#6555 = PCURVE('',#4613,#6556);
#6556 = DEFINITIONAL_REPRESENTATION('',(#6557),#6561);
#6557 = LINE('',#6558,#6559);
#6558 = CARTESIAN_POINT('',(2.8310546875,4.05615234375));
#6559 = VECTOR('',#6560,1.);
#6560 = DIRECTION('',(0.,-1.));
#6561 = ( GEOMETRIC_REPRESENTATION_CONTEXT(2) 
PARAMETRIC_REPRESENTATION_CONTEXT() REPRESENTATION_CONTEXT('2D SPACE',''
  ) );
#6562 = ADVANCED_FACE('',(#6563),#6530,.F.);
#6563 = FACE_BOUND('',#6564,.F.);
#6564 = EDGE_LOOP('',(#6565,#6566,#6589,#6619));
#6565 = ORIENTED_EDGE('',*,*,#6514,.T.);
#6566 = ORIENTED_EDGE('',*,*,#6567,.T.);
#6567 = EDGE_CURVE('',#6492,#6568,#6570,.T.);
#6568 = VERTEX_POINT('',#6569);
#6569 = CARTESIAN_POINT('',(-1.202880859375,-2.726318359375,-1.6));
#6570 = SURFACE_CURVE('',#6571,(#6575,#6582),.PCURVE_S1.);
#6571 = LINE('',#6572,#6573);
#6572 = CARTESIAN_POINT('',(-2.942138671875,-2.726318359375,-1.6));
#6573 = VECTOR('',#6574,1.);
#6574 = DIRECTION('',(1.,0.,0.));
#6575 = PCURVE('',#6530,#6576);
#6576 = DEFINITIONAL_REPRESENTATION('',(#6577),#6581);
#6577 = LINE('',#6578,#6579);
#6578 = CARTESIAN_POINT('',(0.,-1.6));
#6579 = VECTOR('',#6580,1.);
#6580 = DIRECTION('',(1.,0.));
#6581 = ( GEOMETRIC_REPRESENTATION_CONTEXT(2) 
PARAMETRIC_REPRESENTATION_CONTEXT() REPRESENTATION_CONTEXT('2D SPACE',''
  ) );
#6582 = PCURVE('',#4559,#6583);
#6583 = DEFINITIONAL_REPRESENTATION('',(#6584),#6588);
#6584 = LINE('',#6585,#6586);
#6585 = CARTESIAN_POINT('',(2.8310546875,1.56787109375));
#6586 = VECTOR('',#6587,1.);
#6587 = DIRECTION('',(1.,0.));
#6588 = ( GEOMETRIC_REPRESENTATION_CONTEXT(2) 
PARAMETRIC_REPRESENTATION_CONTEXT() REPRESENTATION_CONTEXT('2D SPACE',''
  ) );
#6589 = ORIENTED_EDGE('',*,*,#6590,.F.);
#6590 = EDGE_CURVE('',#6591,#6568,#6593,.T.);
#6591 = VERTEX_POINT('',#6592);
#6592 = CARTESIAN_POINT('',(-1.202880859375,-2.726318359375,0.));
#6593 = SURFACE_CURVE('',#6594,(#6598,#6605),.PCURVE_S1.);
#6594 = LINE('',#6595,#6596);
#6595 = CARTESIAN_POINT('',(-1.202880859375,-2.726318359375,0.));
#6596 = VECTOR('',#6597,1.);
#6597 = DIRECTION('',(-0.,-0.,-1.));
#6598 = PCURVE('',#6530,#6599);
#6599 = DEFINITIONAL_REPRESENTATION('',(#6600),#6604);
#6600 = LINE('',#6601,#6602);
#6601 = CARTESIAN_POINT('',(1.7392578125,0.));
#6602 = VECTOR('',#6603,1.);
#6603 = DIRECTION('',(0.,-1.));
#6604 = ( GEOMETRIC_REPRESENTATION_CONTEXT(2) 
PARAMETRIC_REPRESENTATION_CONTEXT() REPRESENTATION_CONTEXT('2D SPACE',''
  ) );
#6605 = PCURVE('',#6606,#6613);
#6606 = SURFACE_OF_LINEAR_EXTRUSION('',#6607,#6611);
#6607 = B_SPLINE_CURVE_WITH_KNOTS('',2,(#6608,#6609,#6610),
  .UNSPECIFIED.,.F.,.F.,(3,3),(0.,1.),.PIECEWISE_BEZIER_KNOTS.);
#6608 = CARTESIAN_POINT('',(-1.202880859375,-2.726318359375,0.));
#6609 = CARTESIAN_POINT('',(-0.187255859375,-2.726318359375,0.));
#6610 = CARTESIAN_POINT('',(8.5693359375E-02,-2.669189453125,0.));
#6611 = VECTOR('',#6612,1.);
#6612 = DIRECTION('',(0.,0.,1.));
#6613 = DEFINITIONAL_REPRESENTATION('',(#6614),#6618);
#6614 = LINE('',#6615,#6616);
#6615 = CARTESIAN_POINT('',(0.,0.));
#6616 = VECTOR('',#6617,1.);
#6617 = DIRECTION('',(0.,-1.));
#6618 = ( GEOMETRIC_REPRESENTATION_CONTEXT(2) 
PARAMETRIC_REPRESENTATION_CONTEXT() REPRESENTATION_CONTEXT('2D SPACE',''
  ) );
#6619 = ORIENTED_EDGE('',*,*,#6620,.F.);
#6620 = EDGE_CURVE('',#6515,#6591,#6621,.T.);
#6621 = SURFACE_CURVE('',#6622,(#6626,#6633),.PCURVE_S1.);
#6622 = LINE('',#6623,#6624);
#6623 = CARTESIAN_POINT('',(-2.942138671875,-2.726318359375,0.));
#6624 = VECTOR('',#6625,1.);
#6625 = DIRECTION('',(1.,0.,0.));
#6626 = PCURVE('',#6530,#6627);
#6627 = DEFINITIONAL_REPRESENTATION('',(#6628),#6632);
#6628 = LINE('',#6629,#6630);
#6629 = CARTESIAN_POINT('',(0.,0.));
#6630 = VECTOR('',#6631,1.);
#6631 = DIRECTION('',(1.,0.));
#6632 = ( GEOMETRIC_REPRESENTATION_CONTEXT(2) 
PARAMETRIC_REPRESENTATION_CONTEXT() REPRESENTATION_CONTEXT('2D SPACE',''
  ) );
#6633 = PCURVE('',#4613,#6634);
#6634 = DEFINITIONAL_REPRESENTATION('',(#6635),#6639);
#6635 = LINE('',#6636,#6637);
#6636 = CARTESIAN_POINT('',(2.8310546875,1.56787109375));
#6637 = VECTOR('',#6638,1.);
#6638 = DIRECTION('',(1.,0.));
#6639 = ( GEOMETRIC_REPRESENTATION_CONTEXT(2) 
PARAMETRIC_REPRESENTATION_CONTEXT() REPRESENTATION_CONTEXT('2D SPACE',''
  ) );
#6640 = ADVANCED_FACE('',(#6641),#6606,.F.);
#6641 = FACE_BOUND('',#6642,.F.);
#6642 = EDGE_LOOP('',(#6643,#6644,#6667,#6697));
#6643 = ORIENTED_EDGE('',*,*,#6590,.T.);
#6644 = ORIENTED_EDGE('',*,*,#6645,.T.);
#6645 = EDGE_CURVE('',#6568,#6646,#6648,.T.);
#6646 = VERTEX_POINT('',#6647);
#6647 = CARTESIAN_POINT('',(8.5693359375E-02,-2.669189453125,-1.6));
#6648 = SURFACE_CURVE('',#6649,(#6653,#6660),.PCURVE_S1.);
#6649 = B_SPLINE_CURVE_WITH_KNOTS('',2,(#6650,#6651,#6652),
  .UNSPECIFIED.,.F.,.F.,(3,3),(0.,1.),.PIECEWISE_BEZIER_KNOTS.);
#6650 = CARTESIAN_POINT('',(-1.202880859375,-2.726318359375,-1.6));
#6651 = CARTESIAN_POINT('',(-0.187255859375,-2.726318359375,-1.6));
#6652 = CARTESIAN_POINT('',(8.5693359375E-02,-2.669189453125,-1.6));
#6653 = PCURVE('',#6606,#6654);
#6654 = DEFINITIONAL_REPRESENTATION('',(#6655),#6659);
#6655 = LINE('',#6656,#6657);
#6656 = CARTESIAN_POINT('',(0.,-1.6));
#6657 = VECTOR('',#6658,1.);
#6658 = DIRECTION('',(1.,0.));
#6659 = ( GEOMETRIC_REPRESENTATION_CONTEXT(2) 
PARAMETRIC_REPRESENTATION_CONTEXT() REPRESENTATION_CONTEXT('2D SPACE',''
  ) );
#6660 = PCURVE('',#4559,#6661);
#6661 = DEFINITIONAL_REPRESENTATION('',(#6662),#6666);
#6662 = B_SPLINE_CURVE_WITH_KNOTS('',2,(#6663,#6664,#6665),
  .UNSPECIFIED.,.F.,.F.,(3,3),(0.,1.),.PIECEWISE_BEZIER_KNOTS.);
#6663 = CARTESIAN_POINT('',(4.5703125,1.56787109375));
#6664 = CARTESIAN_POINT('',(5.5859375,1.56787109375));
#6665 = CARTESIAN_POINT('',(5.85888671875,1.625));
#6666 = ( GEOMETRIC_REPRESENTATION_CONTEXT(2) 
PARAMETRIC_REPRESENTATION_CONTEXT() REPRESENTATION_CONTEXT('2D SPACE',''
  ) );
#6667 = ORIENTED_EDGE('',*,*,#6668,.F.);
#6668 = EDGE_CURVE('',#6669,#6646,#6671,.T.);
#6669 = VERTEX_POINT('',#6670);
#6670 = CARTESIAN_POINT('',(8.5693359375E-02,-2.669189453125,0.));
#6671 = SURFACE_CURVE('',#6672,(#6676,#6683),.PCURVE_S1.);
#6672 = LINE('',#6673,#6674);
#6673 = CARTESIAN_POINT('',(8.5693359375E-02,-2.669189453125,0.));
#6674 = VECTOR('',#6675,1.);
#6675 = DIRECTION('',(-0.,-0.,-1.));
#6676 = PCURVE('',#6606,#6677);
#6677 = DEFINITIONAL_REPRESENTATION('',(#6678),#6682);
#6678 = LINE('',#6679,#6680);
#6679 = CARTESIAN_POINT('',(1.,0.));
#6680 = VECTOR('',#6681,1.);
#6681 = DIRECTION('',(0.,-1.));
#6682 = ( GEOMETRIC_REPRESENTATION_CONTEXT(2) 
PARAMETRIC_REPRESENTATION_CONTEXT() REPRESENTATION_CONTEXT('2D SPACE',''
  ) );
#6683 = PCURVE('',#6684,#6691);
#6684 = SURFACE_OF_LINEAR_EXTRUSION('',#6685,#6689);
#6685 = B_SPLINE_CURVE_WITH_KNOTS('',2,(#6686,#6687,#6688),
  .UNSPECIFIED.,.F.,.F.,(3,3),(0.,1.),.PIECEWISE_BEZIER_KNOTS.);
#6686 = CARTESIAN_POINT('',(8.5693359375E-02,-2.669189453125,0.));
#6687 = CARTESIAN_POINT('',(0.504638671875,-2.593017578125,0.));
#6688 = CARTESIAN_POINT('',(0.76806640625,-2.2978515625,0.));
#6689 = VECTOR('',#6690,1.);
#6690 = DIRECTION('',(0.,0.,1.));
#6691 = DEFINITIONAL_REPRESENTATION('',(#6692),#6696);
#6692 = LINE('',#6693,#6694);
#6693 = CARTESIAN_POINT('',(0.,0.));
#6694 = VECTOR('',#6695,1.);
#6695 = DIRECTION('',(0.,-1.));
#6696 = ( GEOMETRIC_REPRESENTATION_CONTEXT(2) 
PARAMETRIC_REPRESENTATION_CONTEXT() REPRESENTATION_CONTEXT('2D SPACE',''
  ) );
#6697 = ORIENTED_EDGE('',*,*,#6698,.F.);
#6698 = EDGE_CURVE('',#6591,#6669,#6699,.T.);
#6699 = SURFACE_CURVE('',#6700,(#6704,#6711),.PCURVE_S1.);
#6700 = B_SPLINE_CURVE_WITH_KNOTS('',2,(#6701,#6702,#6703),
  .UNSPECIFIED.,.F.,.F.,(3,3),(0.,1.),.PIECEWISE_BEZIER_KNOTS.);
#6701 = CARTESIAN_POINT('',(-1.202880859375,-2.726318359375,0.));
#6702 = CARTESIAN_POINT('',(-0.187255859375,-2.726318359375,0.));
#6703 = CARTESIAN_POINT('',(8.5693359375E-02,-2.669189453125,0.));
#6704 = PCURVE('',#6606,#6705);
#6705 = DEFINITIONAL_REPRESENTATION('',(#6706),#6710);
#6706 = LINE('',#6707,#6708);
#6707 = CARTESIAN_POINT('',(0.,0.));
#6708 = VECTOR('',#6709,1.);
#6709 = DIRECTION('',(1.,0.));
#6710 = ( GEOMETRIC_REPRESENTATION_CONTEXT(2) 
PARAMETRIC_REPRESENTATION_CONTEXT() REPRESENTATION_CONTEXT('2D SPACE',''
  ) );
#6711 = PCURVE('',#4613,#6712);
#6712 = DEFINITIONAL_REPRESENTATION('',(#6713),#6717);
#6713 = B_SPLINE_CURVE_WITH_KNOTS('',2,(#6714,#6715,#6716),
  .UNSPECIFIED.,.F.,.F.,(3,3),(0.,1.),.PIECEWISE_BEZIER_KNOTS.);
#6714 = CARTESIAN_POINT('',(4.5703125,1.56787109375));
#6715 = CARTESIAN_POINT('',(5.5859375,1.56787109375));
#6716 = CARTESIAN_POINT('',(5.85888671875,1.625));
#6717 = ( GEOMETRIC_REPRESENTATION_CONTEXT(2) 
PARAMETRIC_REPRESENTATION_CONTEXT() REPRESENTATION_CONTEXT('2D SPACE',''
  ) );
#6718 = ADVANCED_FACE('',(#6719),#6684,.F.);
#6719 = FACE_BOUND('',#6720,.F.);
#6720 = EDGE_LOOP('',(#6721,#6722,#6745,#6775));
#6721 = ORIENTED_EDGE('',*,*,#6668,.T.);
#6722 = ORIENTED_EDGE('',*,*,#6723,.T.);
#6723 = EDGE_CURVE('',#6646,#6724,#6726,.T.);
#6724 = VERTEX_POINT('',#6725);
#6725 = CARTESIAN_POINT('',(0.76806640625,-2.2978515625,-1.6));
#6726 = SURFACE_CURVE('',#6727,(#6731,#6738),.PCURVE_S1.);
#6727 = B_SPLINE_CURVE_WITH_KNOTS('',2,(#6728,#6729,#6730),
  .UNSPECIFIED.,.F.,.F.,(3,3),(0.,1.),.PIECEWISE_BEZIER_KNOTS.);
#6728 = CARTESIAN_POINT('',(8.5693359375E-02,-2.669189453125,-1.6));
#6729 = CARTESIAN_POINT('',(0.504638671875,-2.593017578125,-1.6));
#6730 = CARTESIAN_POINT('',(0.76806640625,-2.2978515625,-1.6));
#6731 = PCURVE('',#6684,#6732);
#6732 = DEFINITIONAL_REPRESENTATION('',(#6733),#6737);
#6733 = LINE('',#6734,#6735);
#6734 = CARTESIAN_POINT('',(0.,-1.6));
#6735 = VECTOR('',#6736,1.);
#6736 = DIRECTION('',(1.,0.));
#6737 = ( GEOMETRIC_REPRESENTATION_CONTEXT(2) 
PARAMETRIC_REPRESENTATION_CONTEXT() REPRESENTATION_CONTEXT('2D SPACE',''
  ) );
#6738 = PCURVE('',#4559,#6739);
#6739 = DEFINITIONAL_REPRESENTATION('',(#6740),#6744);
#6740 = B_SPLINE_CURVE_WITH_KNOTS('',2,(#6741,#6742,#6743),
  .UNSPECIFIED.,.F.,.F.,(3,3),(0.,1.),.PIECEWISE_BEZIER_KNOTS.);
#6741 = CARTESIAN_POINT('',(5.85888671875,1.625));
#6742 = CARTESIAN_POINT('',(6.27783203125,1.701171875));
#6743 = CARTESIAN_POINT('',(6.541259765625,1.996337890625));
#6744 = ( GEOMETRIC_REPRESENTATION_CONTEXT(2) 
PARAMETRIC_REPRESENTATION_CONTEXT() REPRESENTATION_CONTEXT('2D SPACE',''
  ) );
#6745 = ORIENTED_EDGE('',*,*,#6746,.F.);
#6746 = EDGE_CURVE('',#6747,#6724,#6749,.T.);
#6747 = VERTEX_POINT('',#6748);
#6748 = CARTESIAN_POINT('',(0.76806640625,-2.2978515625,0.));
#6749 = SURFACE_CURVE('',#6750,(#6754,#6761),.PCURVE_S1.);
#6750 = LINE('',#6751,#6752);
#6751 = CARTESIAN_POINT('',(0.76806640625,-2.2978515625,0.));
#6752 = VECTOR('',#6753,1.);
#6753 = DIRECTION('',(-0.,-0.,-1.));
#6754 = PCURVE('',#6684,#6755);
#6755 = DEFINITIONAL_REPRESENTATION('',(#6756),#6760);
#6756 = LINE('',#6757,#6758);
#6757 = CARTESIAN_POINT('',(1.,0.));
#6758 = VECTOR('',#6759,1.);
#6759 = DIRECTION('',(0.,-1.));
#6760 = ( GEOMETRIC_REPRESENTATION_CONTEXT(2) 
PARAMETRIC_REPRESENTATION_CONTEXT() REPRESENTATION_CONTEXT('2D SPACE',''
  ) );
#6761 = PCURVE('',#6762,#6769);
#6762 = SURFACE_OF_LINEAR_EXTRUSION('',#6763,#6767);
#6763 = B_SPLINE_CURVE_WITH_KNOTS('',2,(#6764,#6765,#6766),
  .UNSPECIFIED.,.F.,.F.,(3,3),(0.,1.),.PIECEWISE_BEZIER_KNOTS.);
#6764 = CARTESIAN_POINT('',(0.76806640625,-2.2978515625,0.));
#6765 = CARTESIAN_POINT('',(1.031494140625,-2.002685546875,0.));
#6766 = CARTESIAN_POINT('',(1.031494140625,-1.507568359375,0.));
#6767 = VECTOR('',#6768,1.);
#6768 = DIRECTION('',(0.,0.,1.));
#6769 = DEFINITIONAL_REPRESENTATION('',(#6770),#6774);
#6770 = LINE('',#6771,#6772);
#6771 = CARTESIAN_POINT('',(0.,0.));
#6772 = VECTOR('',#6773,1.);
#6773 = DIRECTION('',(0.,-1.));
#6774 = ( GEOMETRIC_REPRESENTATION_CONTEXT(2) 
PARAMETRIC_REPRESENTATION_CONTEXT() REPRESENTATION_CONTEXT('2D SPACE',''
  ) );
#6775 = ORIENTED_EDGE('',*,*,#6776,.F.);
#6776 = EDGE_CURVE('',#6669,#6747,#6777,.T.);
#6777 = SURFACE_CURVE('',#6778,(#6782,#6789),.PCURVE_S1.);
#6778 = B_SPLINE_CURVE_WITH_KNOTS('',2,(#6779,#6780,#6781),
  .UNSPECIFIED.,.F.,.F.,(3,3),(0.,1.),.PIECEWISE_BEZIER_KNOTS.);
#6779 = CARTESIAN_POINT('',(8.5693359375E-02,-2.669189453125,0.));
#6780 = CARTESIAN_POINT('',(0.504638671875,-2.593017578125,0.));
#6781 = CARTESIAN_POINT('',(0.76806640625,-2.2978515625,0.));
#6782 = PCURVE('',#6684,#6783);
#6783 = DEFINITIONAL_REPRESENTATION('',(#6784),#6788);
#6784 = LINE('',#6785,#6786);
#6785 = CARTESIAN_POINT('',(0.,0.));
#6786 = VECTOR('',#6787,1.);
#6787 = DIRECTION('',(1.,0.));
#6788 = ( GEOMETRIC_REPRESENTATION_CONTEXT(2) 
PARAMETRIC_REPRESENTATION_CONTEXT() REPRESENTATION_CONTEXT('2D SPACE',''
  ) );
#6789 = PCURVE('',#4613,#6790);
#6790 = DEFINITIONAL_REPRESENTATION('',(#6791),#6795);
#6791 = B_SPLINE_CURVE_WITH_KNOTS('',2,(#6792,#6793,#6794),
  .UNSPECIFIED.,.F.,.F.,(3,3),(0.,1.),.PIECEWISE_BEZIER_KNOTS.);
#6792 = CARTESIAN_POINT('',(5.85888671875,1.625));
#6793 = CARTESIAN_POINT('',(6.27783203125,1.701171875));
#6794 = CARTESIAN_POINT('',(6.541259765625,1.996337890625));
#6795 = ( GEOMETRIC_REPRESENTATION_CONTEXT(2) 
PARAMETRIC_REPRESENTATION_CONTEXT() REPRESENTATION_CONTEXT('2D SPACE',''
  ) );
#6796 = ADVANCED_FACE('',(#6797),#6762,.F.);
#6797 = FACE_BOUND('',#6798,.F.);
#6798 = EDGE_LOOP('',(#6799,#6800,#6823,#6853));
#6799 = ORIENTED_EDGE('',*,*,#6746,.T.);
#6800 = ORIENTED_EDGE('',*,*,#6801,.T.);
#6801 = EDGE_CURVE('',#6724,#6802,#6804,.T.);
#6802 = VERTEX_POINT('',#6803);
#6803 = CARTESIAN_POINT('',(1.031494140625,-1.507568359375,-1.6));
#6804 = SURFACE_CURVE('',#6805,(#6809,#6816),.PCURVE_S1.);
#6805 = B_SPLINE_CURVE_WITH_KNOTS('',2,(#6806,#6807,#6808),
  .UNSPECIFIED.,.F.,.F.,(3,3),(0.,1.),.PIECEWISE_BEZIER_KNOTS.);
#6806 = CARTESIAN_POINT('',(0.76806640625,-2.2978515625,-1.6));
#6807 = CARTESIAN_POINT('',(1.031494140625,-2.002685546875,-1.6));
#6808 = CARTESIAN_POINT('',(1.031494140625,-1.507568359375,-1.6));
#6809 = PCURVE('',#6762,#6810);
#6810 = DEFINITIONAL_REPRESENTATION('',(#6811),#6815);
#6811 = LINE('',#6812,#6813);
#6812 = CARTESIAN_POINT('',(0.,-1.6));
#6813 = VECTOR('',#6814,1.);
#6814 = DIRECTION('',(1.,0.));
#6815 = ( GEOMETRIC_REPRESENTATION_CONTEXT(2) 
PARAMETRIC_REPRESENTATION_CONTEXT() REPRESENTATION_CONTEXT('2D SPACE',''
  ) );
#6816 = PCURVE('',#4559,#6817);
#6817 = DEFINITIONAL_REPRESENTATION('',(#6818),#6822);
#6818 = B_SPLINE_CURVE_WITH_KNOTS('',2,(#6819,#6820,#6821),
  .UNSPECIFIED.,.F.,.F.,(3,3),(0.,1.),.PIECEWISE_BEZIER_KNOTS.);
#6819 = CARTESIAN_POINT('',(6.541259765625,1.996337890625));
#6820 = CARTESIAN_POINT('',(6.8046875,2.29150390625));
#6821 = CARTESIAN_POINT('',(6.8046875,2.78662109375));
#6822 = ( GEOMETRIC_REPRESENTATION_CONTEXT(2) 
PARAMETRIC_REPRESENTATION_CONTEXT() REPRESENTATION_CONTEXT('2D SPACE',''
  ) );
#6823 = ORIENTED_EDGE('',*,*,#6824,.F.);
#6824 = EDGE_CURVE('',#6825,#6802,#6827,.T.);
#6825 = VERTEX_POINT('',#6826);
#6826 = CARTESIAN_POINT('',(1.031494140625,-1.507568359375,0.));
#6827 = SURFACE_CURVE('',#6828,(#6832,#6839),.PCURVE_S1.);
#6828 = LINE('',#6829,#6830);
#6829 = CARTESIAN_POINT('',(1.031494140625,-1.507568359375,0.));
#6830 = VECTOR('',#6831,1.);
#6831 = DIRECTION('',(-0.,-0.,-1.));
#6832 = PCURVE('',#6762,#6833);
#6833 = DEFINITIONAL_REPRESENTATION('',(#6834),#6838);
#6834 = LINE('',#6835,#6836);
#6835 = CARTESIAN_POINT('',(1.,0.));
#6836 = VECTOR('',#6837,1.);
#6837 = DIRECTION('',(0.,-1.));
#6838 = ( GEOMETRIC_REPRESENTATION_CONTEXT(2) 
PARAMETRIC_REPRESENTATION_CONTEXT() REPRESENTATION_CONTEXT('2D SPACE',''
  ) );
#6839 = PCURVE('',#6840,#6847);
#6840 = SURFACE_OF_LINEAR_EXTRUSION('',#6841,#6845);
#6841 = B_SPLINE_CURVE_WITH_KNOTS('',2,(#6842,#6843,#6844),
  .UNSPECIFIED.,.F.,.F.,(3,3),(0.,1.),.PIECEWISE_BEZIER_KNOTS.);
#6842 = CARTESIAN_POINT('',(1.031494140625,-1.507568359375,0.));
#6843 = CARTESIAN_POINT('',(1.031494140625,-1.088623046875,0.));
#6844 = CARTESIAN_POINT('',(0.828369140625,-0.796630859375,0.));
#6845 = VECTOR('',#6846,1.);
#6846 = DIRECTION('',(0.,0.,1.));
#6847 = DEFINITIONAL_REPRESENTATION('',(#6848),#6852);
#6848 = LINE('',#6849,#6850);
#6849 = CARTESIAN_POINT('',(0.,0.));
#6850 = VECTOR('',#6851,1.);
#6851 = DIRECTION('',(0.,-1.));
#6852 = ( GEOMETRIC_REPRESENTATION_CONTEXT(2) 
PARAMETRIC_REPRESENTATION_CONTEXT() REPRESENTATION_CONTEXT('2D SPACE',''
  ) );
#6853 = ORIENTED_EDGE('',*,*,#6854,.F.);
#6854 = EDGE_CURVE('',#6747,#6825,#6855,.T.);
#6855 = SURFACE_CURVE('',#6856,(#6860,#6867),.PCURVE_S1.);
#6856 = B_SPLINE_CURVE_WITH_KNOTS('',2,(#6857,#6858,#6859),
  .UNSPECIFIED.,.F.,.F.,(3,3),(0.,1.),.PIECEWISE_BEZIER_KNOTS.);
#6857 = CARTESIAN_POINT('',(0.76806640625,-2.2978515625,0.));
#6858 = CARTESIAN_POINT('',(1.031494140625,-2.002685546875,0.));
#6859 = CARTESIAN_POINT('',(1.031494140625,-1.507568359375,0.));
#6860 = PCURVE('',#6762,#6861);
#6861 = DEFINITIONAL_REPRESENTATION('',(#6862),#6866);
#6862 = LINE('',#6863,#6864);
#6863 = CARTESIAN_POINT('',(0.,0.));
#6864 = VECTOR('',#6865,1.);
#6865 = DIRECTION('',(1.,0.));
#6866 = ( GEOMETRIC_REPRESENTATION_CONTEXT(2) 
PARAMETRIC_REPRESENTATION_CONTEXT() REPRESENTATION_CONTEXT('2D SPACE',''
  ) );
#6867 = PCURVE('',#4613,#6868);
#6868 = DEFINITIONAL_REPRESENTATION('',(#6869),#6873);
#6869 = B_SPLINE_CURVE_WITH_KNOTS('',2,(#6870,#6871,#6872),
  .UNSPECIFIED.,.F.,.F.,(3,3),(0.,1.),.PIECEWISE_BEZIER_KNOTS.);
#6870 = CARTESIAN_POINT('',(6.541259765625,1.996337890625));
#6871 = CARTESIAN_POINT('',(6.8046875,2.29150390625));
#6872 = CARTESIAN_POINT('',(6.8046875,2.78662109375));
#6873 = ( GEOMETRIC_REPRESENTATION_CONTEXT(2) 
PARAMETRIC_REPRESENTATION_CONTEXT() REPRESENTATION_CONTEXT('2D SPACE',''
  ) );
#6874 = ADVANCED_FACE('',(#6875),#6840,.F.);
#6875 = FACE_BOUND('',#6876,.F.);
#6876 = EDGE_LOOP('',(#6877,#6878,#6901,#6931));
#6877 = ORIENTED_EDGE('',*,*,#6824,.T.);
#6878 = ORIENTED_EDGE('',*,*,#6879,.T.);
#6879 = EDGE_CURVE('',#6802,#6880,#6882,.T.);
#6880 = VERTEX_POINT('',#6881);
#6881 = CARTESIAN_POINT('',(0.828369140625,-0.796630859375,-1.6));
#6882 = SURFACE_CURVE('',#6883,(#6887,#6894),.PCURVE_S1.);
#6883 = B_SPLINE_CURVE_WITH_KNOTS('',2,(#6884,#6885,#6886),
  .UNSPECIFIED.,.F.,.F.,(3,3),(0.,1.),.PIECEWISE_BEZIER_KNOTS.);
#6884 = CARTESIAN_POINT('',(1.031494140625,-1.507568359375,-1.6));
#6885 = CARTESIAN_POINT('',(1.031494140625,-1.088623046875,-1.6));
#6886 = CARTESIAN_POINT('',(0.828369140625,-0.796630859375,-1.6));
#6887 = PCURVE('',#6840,#6888);
#6888 = DEFINITIONAL_REPRESENTATION('',(#6889),#6893);
#6889 = LINE('',#6890,#6891);
#6890 = CARTESIAN_POINT('',(0.,-1.6));
#6891 = VECTOR('',#6892,1.);
#6892 = DIRECTION('',(1.,0.));
#6893 = ( GEOMETRIC_REPRESENTATION_CONTEXT(2) 
PARAMETRIC_REPRESENTATION_CONTEXT() REPRESENTATION_CONTEXT('2D SPACE',''
  ) );
#6894 = PCURVE('',#4559,#6895);
#6895 = DEFINITIONAL_REPRESENTATION('',(#6896),#6900);
#6896 = B_SPLINE_CURVE_WITH_KNOTS('',2,(#6897,#6898,#6899),
  .UNSPECIFIED.,.F.,.F.,(3,3),(0.,1.),.PIECEWISE_BEZIER_KNOTS.);
#6897 = CARTESIAN_POINT('',(6.8046875,2.78662109375));
#6898 = CARTESIAN_POINT('',(6.8046875,3.20556640625));
#6899 = CARTESIAN_POINT('',(6.6015625,3.49755859375));
#6900 = ( GEOMETRIC_REPRESENTATION_CONTEXT(2) 
PARAMETRIC_REPRESENTATION_CONTEXT() REPRESENTATION_CONTEXT('2D SPACE',''
  ) );
#6901 = ORIENTED_EDGE('',*,*,#6902,.F.);
#6902 = EDGE_CURVE('',#6903,#6880,#6905,.T.);
#6903 = VERTEX_POINT('',#6904);
#6904 = CARTESIAN_POINT('',(0.828369140625,-0.796630859375,0.));
#6905 = SURFACE_CURVE('',#6906,(#6910,#6917),.PCURVE_S1.);
#6906 = LINE('',#6907,#6908);
#6907 = CARTESIAN_POINT('',(0.828369140625,-0.796630859375,0.));
#6908 = VECTOR('',#6909,1.);
#6909 = DIRECTION('',(-0.,-0.,-1.));
#6910 = PCURVE('',#6840,#6911);
#6911 = DEFINITIONAL_REPRESENTATION('',(#6912),#6916);
#6912 = LINE('',#6913,#6914);
#6913 = CARTESIAN_POINT('',(1.,0.));
#6914 = VECTOR('',#6915,1.);
#6915 = DIRECTION('',(0.,-1.));
#6916 = ( GEOMETRIC_REPRESENTATION_CONTEXT(2) 
PARAMETRIC_REPRESENTATION_CONTEXT() REPRESENTATION_CONTEXT('2D SPACE',''
  ) );
#6917 = PCURVE('',#6918,#6925);
#6918 = SURFACE_OF_LINEAR_EXTRUSION('',#6919,#6923);
#6919 = B_SPLINE_CURVE_WITH_KNOTS('',2,(#6920,#6921,#6922),
  .UNSPECIFIED.,.F.,.F.,(3,3),(0.,1.),.PIECEWISE_BEZIER_KNOTS.);
#6920 = CARTESIAN_POINT('',(0.828369140625,-0.796630859375,0.));
#6921 = CARTESIAN_POINT('',(0.625244140625,-0.504638671875,0.));
#6922 = CARTESIAN_POINT('',(0.2412109375,-0.371337890625,0.));
#6923 = VECTOR('',#6924,1.);
#6924 = DIRECTION('',(0.,0.,1.));
#6925 = DEFINITIONAL_REPRESENTATION('',(#6926),#6930);
#6926 = LINE('',#6927,#6928);
#6927 = CARTESIAN_POINT('',(0.,0.));
#6928 = VECTOR('',#6929,1.);
#6929 = DIRECTION('',(0.,-1.));
#6930 = ( GEOMETRIC_REPRESENTATION_CONTEXT(2) 
PARAMETRIC_REPRESENTATION_CONTEXT() REPRESENTATION_CONTEXT('2D SPACE',''
  ) );
#6931 = ORIENTED_EDGE('',*,*,#6932,.F.);
#6932 = EDGE_CURVE('',#6825,#6903,#6933,.T.);
#6933 = SURFACE_CURVE('',#6934,(#6938,#6945),.PCURVE_S1.);
#6934 = B_SPLINE_CURVE_WITH_KNOTS('',2,(#6935,#6936,#6937),
  .UNSPECIFIED.,.F.,.F.,(3,3),(0.,1.),.PIECEWISE_BEZIER_KNOTS.);
#6935 = CARTESIAN_POINT('',(1.031494140625,-1.507568359375,0.));
#6936 = CARTESIAN_POINT('',(1.031494140625,-1.088623046875,0.));
#6937 = CARTESIAN_POINT('',(0.828369140625,-0.796630859375,0.));
#6938 = PCURVE('',#6840,#6939);
#6939 = DEFINITIONAL_REPRESENTATION('',(#6940),#6944);
#6940 = LINE('',#6941,#6942);
#6941 = CARTESIAN_POINT('',(0.,0.));
#6942 = VECTOR('',#6943,1.);
#6943 = DIRECTION('',(1.,0.));
#6944 = ( GEOMETRIC_REPRESENTATION_CONTEXT(2) 
PARAMETRIC_REPRESENTATION_CONTEXT() REPRESENTATION_CONTEXT('2D SPACE',''
  ) );
#6945 = PCURVE('',#4613,#6946);
#6946 = DEFINITIONAL_REPRESENTATION('',(#6947),#6951);
#6947 = B_SPLINE_CURVE_WITH_KNOTS('',2,(#6948,#6949,#6950),
  .UNSPECIFIED.,.F.,.F.,(3,3),(0.,1.),.PIECEWISE_BEZIER_KNOTS.);
#6948 = CARTESIAN_POINT('',(6.8046875,2.78662109375));
#6949 = CARTESIAN_POINT('',(6.8046875,3.20556640625));
#6950 = CARTESIAN_POINT('',(6.6015625,3.49755859375));
#6951 = ( GEOMETRIC_REPRESENTATION_CONTEXT(2) 
PARAMETRIC_REPRESENTATION_CONTEXT() REPRESENTATION_CONTEXT('2D SPACE',''
  ) );
#6952 = ADVANCED_FACE('',(#6953),#6918,.F.);
#6953 = FACE_BOUND('',#6954,.F.);
#6954 = EDGE_LOOP('',(#6955,#6956,#6979,#7002));
#6955 = ORIENTED_EDGE('',*,*,#6902,.T.);
#6956 = ORIENTED_EDGE('',*,*,#6957,.T.);
#6957 = EDGE_CURVE('',#6880,#6958,#6960,.T.);
#6958 = VERTEX_POINT('',#6959);
#6959 = CARTESIAN_POINT('',(0.2412109375,-0.371337890625,-1.6));
#6960 = SURFACE_CURVE('',#6961,(#6965,#6972),.PCURVE_S1.);
#6961 = B_SPLINE_CURVE_WITH_KNOTS('',2,(#6962,#6963,#6964),
  .UNSPECIFIED.,.F.,.F.,(3,3),(0.,1.),.PIECEWISE_BEZIER_KNOTS.);
#6962 = CARTESIAN_POINT('',(0.828369140625,-0.796630859375,-1.6));
#6963 = CARTESIAN_POINT('',(0.625244140625,-0.504638671875,-1.6));
#6964 = CARTESIAN_POINT('',(0.2412109375,-0.371337890625,-1.6));
#6965 = PCURVE('',#6918,#6966);
#6966 = DEFINITIONAL_REPRESENTATION('',(#6967),#6971);
#6967 = LINE('',#6968,#6969);
#6968 = CARTESIAN_POINT('',(0.,-1.6));
#6969 = VECTOR('',#6970,1.);
#6970 = DIRECTION('',(1.,0.));
#6971 = ( GEOMETRIC_REPRESENTATION_CONTEXT(2) 
PARAMETRIC_REPRESENTATION_CONTEXT() REPRESENTATION_CONTEXT('2D SPACE',''
  ) );
#6972 = PCURVE('',#4559,#6973);
#6973 = DEFINITIONAL_REPRESENTATION('',(#6974),#6978);
#6974 = B_SPLINE_CURVE_WITH_KNOTS('',2,(#6975,#6976,#6977),
  .UNSPECIFIED.,.F.,.F.,(3,3),(0.,1.),.PIECEWISE_BEZIER_KNOTS.);
#6975 = CARTESIAN_POINT('',(6.6015625,3.49755859375));
#6976 = CARTESIAN_POINT('',(6.3984375,3.78955078125));
#6977 = CARTESIAN_POINT('',(6.014404296875,3.9228515625));
#6978 = ( GEOMETRIC_REPRESENTATION_CONTEXT(2) 
PARAMETRIC_REPRESENTATION_CONTEXT() REPRESENTATION_CONTEXT('2D SPACE',''
  ) );
#6979 = ORIENTED_EDGE('',*,*,#6980,.F.);
#6980 = EDGE_CURVE('',#6981,#6958,#6983,.T.);
#6981 = VERTEX_POINT('',#6982);
#6982 = CARTESIAN_POINT('',(0.2412109375,-0.371337890625,0.));
#6983 = SURFACE_CURVE('',#6984,(#6988,#6995),.PCURVE_S1.);
#6984 = LINE('',#6985,#6986);
#6985 = CARTESIAN_POINT('',(0.2412109375,-0.371337890625,0.));
#6986 = VECTOR('',#6987,1.);
#6987 = DIRECTION('',(-0.,-0.,-1.));
#6988 = PCURVE('',#6918,#6989);
#6989 = DEFINITIONAL_REPRESENTATION('',(#6990),#6994);
#6990 = LINE('',#6991,#6992);
#6991 = CARTESIAN_POINT('',(1.,0.));
#6992 = VECTOR('',#6993,1.);
#6993 = DIRECTION('',(0.,-1.));
#6994 = ( GEOMETRIC_REPRESENTATION_CONTEXT(2) 
PARAMETRIC_REPRESENTATION_CONTEXT() REPRESENTATION_CONTEXT('2D SPACE',''
  ) );
#6995 = PCURVE('',#6401,#6996);
#6996 = DEFINITIONAL_REPRESENTATION('',(#6997),#7001);
#6997 = LINE('',#6998,#6999);
#6998 = CARTESIAN_POINT('',(0.,0.));
#6999 = VECTOR('',#7000,1.);
#7000 = DIRECTION('',(0.,-1.));
#7001 = ( GEOMETRIC_REPRESENTATION_CONTEXT(2) 
PARAMETRIC_REPRESENTATION_CONTEXT() REPRESENTATION_CONTEXT('2D SPACE',''
  ) );
#7002 = ORIENTED_EDGE('',*,*,#7003,.F.);
#7003 = EDGE_CURVE('',#6903,#6981,#7004,.T.);
#7004 = SURFACE_CURVE('',#7005,(#7009,#7016),.PCURVE_S1.);
#7005 = B_SPLINE_CURVE_WITH_KNOTS('',2,(#7006,#7007,#7008),
  .UNSPECIFIED.,.F.,.F.,(3,3),(0.,1.),.PIECEWISE_BEZIER_KNOTS.);
#7006 = CARTESIAN_POINT('',(0.828369140625,-0.796630859375,0.));
#7007 = CARTESIAN_POINT('',(0.625244140625,-0.504638671875,0.));
#7008 = CARTESIAN_POINT('',(0.2412109375,-0.371337890625,0.));
#7009 = PCURVE('',#6918,#7010);
#7010 = DEFINITIONAL_REPRESENTATION('',(#7011),#7015);
#7011 = LINE('',#7012,#7013);
#7012 = CARTESIAN_POINT('',(0.,0.));
#7013 = VECTOR('',#7014,1.);
#7014 = DIRECTION('',(1.,0.));
#7015 = ( GEOMETRIC_REPRESENTATION_CONTEXT(2) 
PARAMETRIC_REPRESENTATION_CONTEXT() REPRESENTATION_CONTEXT('2D SPACE',''
  ) );
#7016 = PCURVE('',#4613,#7017);
#7017 = DEFINITIONAL_REPRESENTATION('',(#7018),#7022);
#7018 = B_SPLINE_CURVE_WITH_KNOTS('',2,(#7019,#7020,#7021),
  .UNSPECIFIED.,.F.,.F.,(3,3),(0.,1.),.PIECEWISE_BEZIER_KNOTS.);
#7019 = CARTESIAN_POINT('',(6.6015625,3.49755859375));
#7020 = CARTESIAN_POINT('',(6.3984375,3.78955078125));
#7021 = CARTESIAN_POINT('',(6.014404296875,3.9228515625));
#7022 = ( GEOMETRIC_REPRESENTATION_CONTEXT(2) 
PARAMETRIC_REPRESENTATION_CONTEXT() REPRESENTATION_CONTEXT('2D SPACE',''
  ) );
#7023 = ADVANCED_FACE('',(#7024),#6401,.F.);
#7024 = FACE_BOUND('',#7025,.F.);
#7025 = EDGE_LOOP('',(#7026,#7027,#7048,#7049));
#7026 = ORIENTED_EDGE('',*,*,#6980,.T.);
#7027 = ORIENTED_EDGE('',*,*,#7028,.T.);
#7028 = EDGE_CURVE('',#6958,#6381,#7029,.T.);
#7029 = SURFACE_CURVE('',#7030,(#7034,#7041),.PCURVE_S1.);
#7030 = B_SPLINE_CURVE_WITH_KNOTS('',2,(#7031,#7032,#7033),
  .UNSPECIFIED.,.F.,.F.,(3,3),(0.,1.),.PIECEWISE_BEZIER_KNOTS.);
#7031 = CARTESIAN_POINT('',(0.2412109375,-0.371337890625,-1.6));
#7032 = CARTESIAN_POINT('',(-0.142822265625,-0.238037109375,-1.6));
#7033 = CARTESIAN_POINT('',(-1.425048828125,-0.238037109375,-1.6));
#7034 = PCURVE('',#6401,#7035);
#7035 = DEFINITIONAL_REPRESENTATION('',(#7036),#7040);
#7036 = LINE('',#7037,#7038);
#7037 = CARTESIAN_POINT('',(0.,-1.6));
#7038 = VECTOR('',#7039,1.);
#7039 = DIRECTION('',(1.,0.));
#7040 = ( GEOMETRIC_REPRESENTATION_CONTEXT(2) 
PARAMETRIC_REPRESENTATION_CONTEXT() REPRESENTATION_CONTEXT('2D SPACE',''
  ) );
#7041 = PCURVE('',#4559,#7042);
#7042 = DEFINITIONAL_REPRESENTATION('',(#7043),#7047);
#7043 = B_SPLINE_CURVE_WITH_KNOTS('',2,(#7044,#7045,#7046),
  .UNSPECIFIED.,.F.,.F.,(3,3),(0.,1.),.PIECEWISE_BEZIER_KNOTS.);
#7044 = CARTESIAN_POINT('',(6.014404296875,3.9228515625));
#7045 = CARTESIAN_POINT('',(5.63037109375,4.05615234375));
#7046 = CARTESIAN_POINT('',(4.34814453125,4.05615234375));
#7047 = ( GEOMETRIC_REPRESENTATION_CONTEXT(2) 
PARAMETRIC_REPRESENTATION_CONTEXT() REPRESENTATION_CONTEXT('2D SPACE',''
  ) );
#7048 = ORIENTED_EDGE('',*,*,#6378,.F.);
#7049 = ORIENTED_EDGE('',*,*,#7050,.F.);
#7050 = EDGE_CURVE('',#6981,#6379,#7051,.T.);
#7051 = SURFACE_CURVE('',#7052,(#7056,#7063),.PCURVE_S1.);
#7052 = B_SPLINE_CURVE_WITH_KNOTS('',2,(#7053,#7054,#7055),
  .UNSPECIFIED.,.F.,.F.,(3,3),(0.,1.),.PIECEWISE_BEZIER_KNOTS.);
#7053 = CARTESIAN_POINT('',(0.2412109375,-0.371337890625,0.));
#7054 = CARTESIAN_POINT('',(-0.142822265625,-0.238037109375,0.));
#7055 = CARTESIAN_POINT('',(-1.425048828125,-0.238037109375,0.));
#7056 = PCURVE('',#6401,#7057);
#7057 = DEFINITIONAL_REPRESENTATION('',(#7058),#7062);
#7058 = LINE('',#7059,#7060);
#7059 = CARTESIAN_POINT('',(0.,0.));
#7060 = VECTOR('',#7061,1.);
#7061 = DIRECTION('',(1.,0.));
#7062 = ( GEOMETRIC_REPRESENTATION_CONTEXT(2) 
PARAMETRIC_REPRESENTATION_CONTEXT() REPRESENTATION_CONTEXT('2D SPACE',''
  ) );
#7063 = PCURVE('',#4613,#7064);
#7064 = DEFINITIONAL_REPRESENTATION('',(#7065),#7069);
#7065 = B_SPLINE_CURVE_WITH_KNOTS('',2,(#7066,#7067,#7068),
  .UNSPECIFIED.,.F.,.F.,(3,3),(0.,1.),.PIECEWISE_BEZIER_KNOTS.);
#7066 = CARTESIAN_POINT('',(6.014404296875,3.9228515625));
#7067 = CARTESIAN_POINT('',(5.63037109375,4.05615234375));
#7068 = CARTESIAN_POINT('',(4.34814453125,4.05615234375));
#7069 = ( GEOMETRIC_REPRESENTATION_CONTEXT(2) 
PARAMETRIC_REPRESENTATION_CONTEXT() REPRESENTATION_CONTEXT('2D SPACE',''
  ) );
#7070 = ADVANCED_FACE('',(#7071,#7088,#7099),#4613,.T.);
#7071 = FACE_BOUND('',#7072,.F.);
#7072 = EDGE_LOOP('',(#7073,#7074,#7075,#7076,#7077,#7078,#7079,#7080,
    #7081,#7082,#7083,#7084,#7085,#7086,#7087));
#7073 = ORIENTED_EDGE('',*,*,#4599,.T.);
#7074 = ORIENTED_EDGE('',*,*,#4682,.T.);
#7075 = ORIENTED_EDGE('',*,*,#4760,.T.);
#7076 = ORIENTED_EDGE('',*,*,#4838,.T.);
#7077 = ORIENTED_EDGE('',*,*,#4916,.T.);
#7078 = ORIENTED_EDGE('',*,*,#4994,.T.);
#7079 = ORIENTED_EDGE('',*,*,#5072,.T.);
#7080 = ORIENTED_EDGE('',*,*,#5150,.T.);
#7081 = ORIENTED_EDGE('',*,*,#5228,.T.);
#7082 = ORIENTED_EDGE('',*,*,#5306,.T.);
#7083 = ORIENTED_EDGE('',*,*,#5384,.T.);
#7084 = ORIENTED_EDGE('',*,*,#5462,.T.);
#7085 = ORIENTED_EDGE('',*,*,#5540,.T.);
#7086 = ORIENTED_EDGE('',*,*,#5611,.T.);
#7087 = ORIENTED_EDGE('',*,*,#5658,.T.);
#7088 = FACE_BOUND('',#7089,.F.);
#7089 = EDGE_LOOP('',(#7090,#7091,#7092,#7093,#7094,#7095,#7096,#7097,
    #7098));
#7090 = ORIENTED_EDGE('',*,*,#5770,.T.);
#7091 = ORIENTED_EDGE('',*,*,#5846,.T.);
#7092 = ORIENTED_EDGE('',*,*,#5924,.T.);
#7093 = ORIENTED_EDGE('',*,*,#6002,.T.);
#7094 = ORIENTED_EDGE('',*,*,#6080,.T.);
#7095 = ORIENTED_EDGE('',*,*,#6158,.T.);
#7096 = ORIENTED_EDGE('',*,*,#6236,.T.);
#7097 = ORIENTED_EDGE('',*,*,#6307,.T.);
#7098 = ORIENTED_EDGE('',*,*,#6354,.T.);
#7099 = FACE_BOUND('',#7100,.F.);
#7100 = EDGE_LOOP('',(#7101,#7102,#7103,#7104,#7105,#7106,#7107,#7108,
    #7109));
#7101 = ORIENTED_EDGE('',*,*,#6466,.T.);
#7102 = ORIENTED_EDGE('',*,*,#6542,.T.);
#7103 = ORIENTED_EDGE('',*,*,#6620,.T.);
#7104 = ORIENTED_EDGE('',*,*,#6698,.T.);
#7105 = ORIENTED_EDGE('',*,*,#6776,.T.);
#7106 = ORIENTED_EDGE('',*,*,#6854,.T.);
#7107 = ORIENTED_EDGE('',*,*,#6932,.T.);
#7108 = ORIENTED_EDGE('',*,*,#7003,.T.);
#7109 = ORIENTED_EDGE('',*,*,#7050,.T.);
#7110 = ADVANCED_FACE('',(#7111,#7128,#7139),#4559,.F.);
#7111 = FACE_BOUND('',#7112,.T.);
#7112 = EDGE_LOOP('',(#7113,#7114,#7115,#7116,#7117,#7118,#7119,#7120,
    #7121,#7122,#7123,#7124,#7125,#7126,#7127));
#7113 = ORIENTED_EDGE('',*,*,#4543,.T.);
#7114 = ORIENTED_EDGE('',*,*,#4629,.T.);
#7115 = ORIENTED_EDGE('',*,*,#4707,.T.);
#7116 = ORIENTED_EDGE('',*,*,#4785,.T.);
#7117 = ORIENTED_EDGE('',*,*,#4863,.T.);
#7118 = ORIENTED_EDGE('',*,*,#4941,.T.);
#7119 = ORIENTED_EDGE('',*,*,#5019,.T.);
#7120 = ORIENTED_EDGE('',*,*,#5097,.T.);
#7121 = ORIENTED_EDGE('',*,*,#5175,.T.);
#7122 = ORIENTED_EDGE('',*,*,#5253,.T.);
#7123 = ORIENTED_EDGE('',*,*,#5331,.T.);
#7124 = ORIENTED_EDGE('',*,*,#5409,.T.);
#7125 = ORIENTED_EDGE('',*,*,#5487,.T.);
#7126 = ORIENTED_EDGE('',*,*,#5565,.T.);
#7127 = ORIENTED_EDGE('',*,*,#5636,.T.);
#7128 = FACE_BOUND('',#7129,.T.);
#7129 = EDGE_LOOP('',(#7130,#7131,#7132,#7133,#7134,#7135,#7136,#7137,
    #7138));
#7130 = ORIENTED_EDGE('',*,*,#5719,.T.);
#7131 = ORIENTED_EDGE('',*,*,#5795,.T.);
#7132 = ORIENTED_EDGE('',*,*,#5871,.T.);
#7133 = ORIENTED_EDGE('',*,*,#5949,.T.);
#7134 = ORIENTED_EDGE('',*,*,#6027,.T.);
#7135 = ORIENTED_EDGE('',*,*,#6105,.T.);
#7136 = ORIENTED_EDGE('',*,*,#6183,.T.);
#7137 = ORIENTED_EDGE('',*,*,#6261,.T.);
#7138 = ORIENTED_EDGE('',*,*,#6332,.T.);
#7139 = FACE_BOUND('',#7140,.T.);
#7140 = EDGE_LOOP('',(#7141,#7142,#7143,#7144,#7145,#7146,#7147,#7148,
    #7149));
#7141 = ORIENTED_EDGE('',*,*,#6415,.T.);
#7142 = ORIENTED_EDGE('',*,*,#6491,.T.);
#7143 = ORIENTED_EDGE('',*,*,#6567,.T.);
#7144 = ORIENTED_EDGE('',*,*,#6645,.T.);
#7145 = ORIENTED_EDGE('',*,*,#6723,.T.);
#7146 = ORIENTED_EDGE('',*,*,#6801,.T.);
#7147 = ORIENTED_EDGE('',*,*,#6879,.T.);
#7148 = ORIENTED_EDGE('',*,*,#6957,.T.);
#7149 = ORIENTED_EDGE('',*,*,#7028,.T.);
#7150 = ( GEOMETRIC_REPRESENTATION_CONTEXT(3) 
GLOBAL_UNCERTAINTY_ASSIGNED_CONTEXT((#7154)) 
GLOBAL_UNIT_ASSIGNED_CONTEXT((#7151,#7152,#7153)) REPRESENTATION_CONTEXT
('Context #1','3D Context with UNIT and UNCERTAINTY') );
#7151 = ( LENGTH_UNIT() NAMED_UNIT(*) SI_UNIT(.MILLI.,.METRE.) );
#7152 = ( NAMED_UNIT(*) PLANE_ANGLE_UNIT() SI_UNIT($,.RADIAN.) );
#7153 = ( NAMED_UNIT(*) SI_UNIT($,.STERADIAN.) SOLID_ANGLE_UNIT() );
#7154 = UNCERTAINTY_MEASURE_WITH_UNIT(LENGTH_MEASURE(1.E-07),#7151,
  'distance_accuracy_value','confusion accuracy');
#7155 = CONTEXT_DEPENDENT_SHAPE_REPRESENTATION(#7156,#7158);
#7156 = ( REPRESENTATION_RELATIONSHIP('','',#4501,#10) 
REPRESENTATION_RELATIONSHIP_WITH_TRANSFORMATION(#7157) 
SHAPE_REPRESENTATION_RELATIONSHIP() );
#7157 = ITEM_DEFINED_TRANSFORMATION('','',#11,#27);
#7158 = PRODUCT_DEFINITION_SHAPE('Placement','Placement of an item',
  #7159);
#7159 = NEXT_ASSEMBLY_USAGE_OCCURRENCE('4','','',#5,#4496,$);
#7160 = PRODUCT_RELATED_PRODUCT_CATEGORY('part',$,(#4498));
#7161 = SHAPE_DEFINITION_REPRESENTATION(#7162,#7168);
#7162 = PRODUCT_DEFINITION_SHAPE('','',#7163);
#7163 = PRODUCT_DEFINITION('design','',#7164,#7167);
#7164 = PRODUCT_DEFINITION_FORMATION('','',#7165);
#7165 = PRODUCT('Open CASCADE STEP translator 7.9 1.5',
  'Open CASCADE STEP translator 7.9 1.5','',(#7166));
#7166 = PRODUCT_CONTEXT('',#2,'mechanical');
#7167 = PRODUCT_DEFINITION_CONTEXT('part definition',#2,'design');
#7168 = ADVANCED_BREP_SHAPE_REPRESENTATION('',(#11,#7169),#8939);
#7169 = MANIFOLD_SOLID_BREP('',#7170);
#7170 = CLOSED_SHELL('',(#7171,#7291,#7369,#7447,#7525,#7603,#7681,#7759
    ,#7837,#7915,#7986,#8033,#8145,#8221,#8299,#8377,#8455,#8533,#8611,
    #8689,#8767,#8838,#8885,#8912));
#7171 = ADVANCED_FACE('',(#7172),#7186,.F.);
#7172 = FACE_BOUND('',#7173,.F.);
#7173 = EDGE_LOOP('',(#7174,#7209,#7237,#7265));
#7174 = ORIENTED_EDGE('',*,*,#7175,.T.);
#7175 = EDGE_CURVE('',#7176,#7178,#7180,.T.);
#7176 = VERTEX_POINT('',#7177);
#7177 = CARTESIAN_POINT('',(4.554443359375,-4.294189453125,0.));
#7178 = VERTEX_POINT('',#7179);
#7179 = CARTESIAN_POINT('',(4.554443359375,-4.294189453125,-1.6));
#7180 = SURFACE_CURVE('',#7181,(#7185,#7197),.PCURVE_S1.);
#7181 = LINE('',#7182,#7183);
#7182 = CARTESIAN_POINT('',(4.554443359375,-4.294189453125,0.));
#7183 = VECTOR('',#7184,1.);
#7184 = DIRECTION('',(-0.,-0.,-1.));
#7185 = PCURVE('',#7186,#7191);
#7186 = PLANE('',#7187);
#7187 = AXIS2_PLACEMENT_3D('',#7188,#7189,#7190);
#7188 = CARTESIAN_POINT('',(4.554443359375,-4.294189453125,0.));
#7189 = DIRECTION('',(1.,0.,0.));
#7190 = DIRECTION('',(-0.,1.,0.));
#7191 = DEFINITIONAL_REPRESENTATION('',(#7192),#7196);
#7192 = LINE('',#7193,#7194);
#7193 = CARTESIAN_POINT('',(0.,0.));
#7194 = VECTOR('',#7195,1.);
#7195 = DIRECTION('',(0.,-1.));
#7196 = ( GEOMETRIC_REPRESENTATION_CONTEXT(2) 
PARAMETRIC_REPRESENTATION_CONTEXT() REPRESENTATION_CONTEXT('2D SPACE',''
  ) );
#7197 = PCURVE('',#7198,#7203);
#7198 = PLANE('',#7199);
#7199 = AXIS2_PLACEMENT_3D('',#7200,#7201,#7202);
#7200 = CARTESIAN_POINT('',(8.090087890625,-4.294189453125,0.));
#7201 = DIRECTION('',(0.,1.,-0.));
#7202 = DIRECTION('',(-1.,0.,0.));
#7203 = DEFINITIONAL_REPRESENTATION('',(#7204),#7208);
#7204 = LINE('',#7205,#7206);
#7205 = CARTESIAN_POINT('',(3.53564453125,0.));
#7206 = VECTOR('',#7207,1.);
#7207 = DIRECTION('',(0.,-1.));
#7208 = ( GEOMETRIC_REPRESENTATION_CONTEXT(2) 
PARAMETRIC_REPRESENTATION_CONTEXT() REPRESENTATION_CONTEXT('2D SPACE',''
  ) );
#7209 = ORIENTED_EDGE('',*,*,#7210,.T.);
#7210 = EDGE_CURVE('',#7178,#7211,#7213,.T.);
#7211 = VERTEX_POINT('',#7212);
#7212 = CARTESIAN_POINT('',(4.554443359375,5.011474609375,-1.6));
#7213 = SURFACE_CURVE('',#7214,(#7218,#7225),.PCURVE_S1.);
#7214 = LINE('',#7215,#7216);
#7215 = CARTESIAN_POINT('',(4.554443359375,-4.294189453125,-1.6));
#7216 = VECTOR('',#7217,1.);
#7217 = DIRECTION('',(0.,1.,0.));
#7218 = PCURVE('',#7186,#7219);
#7219 = DEFINITIONAL_REPRESENTATION('',(#7220),#7224);
#7220 = LINE('',#7221,#7222);
#7221 = CARTESIAN_POINT('',(0.,-1.6));
#7222 = VECTOR('',#7223,1.);
#7223 = DIRECTION('',(1.,0.));
#7224 = ( GEOMETRIC_REPRESENTATION_CONTEXT(2) 
PARAMETRIC_REPRESENTATION_CONTEXT() REPRESENTATION_CONTEXT('2D SPACE',''
  ) );
#7225 = PCURVE('',#7226,#7231);
#7226 = PLANE('',#7227);
#7227 = AXIS2_PLACEMENT_3D('',#7228,#7229,#7230);
#7228 = CARTESIAN_POINT('',(3.614990234375,-4.294189453125,-1.6));
#7229 = DIRECTION('',(0.,0.,1.));
#7230 = DIRECTION('',(1.,0.,0.));
#7231 = DEFINITIONAL_REPRESENTATION('',(#7232),#7236);
#7232 = LINE('',#7233,#7234);
#7233 = CARTESIAN_POINT('',(0.939453125,0.));
#7234 = VECTOR('',#7235,1.);
#7235 = DIRECTION('',(0.,1.));
#7236 = ( GEOMETRIC_REPRESENTATION_CONTEXT(2) 
PARAMETRIC_REPRESENTATION_CONTEXT() REPRESENTATION_CONTEXT('2D SPACE',''
  ) );
#7237 = ORIENTED_EDGE('',*,*,#7238,.F.);
#7238 = EDGE_CURVE('',#7239,#7211,#7241,.T.);
#7239 = VERTEX_POINT('',#7240);
#7240 = CARTESIAN_POINT('',(4.554443359375,5.011474609375,0.));
#7241 = SURFACE_CURVE('',#7242,(#7246,#7253),.PCURVE_S1.);
#7242 = LINE('',#7243,#7244);
#7243 = CARTESIAN_POINT('',(4.554443359375,5.011474609375,0.));
#7244 = VECTOR('',#7245,1.);
#7245 = DIRECTION('',(-0.,-0.,-1.));
#7246 = PCURVE('',#7186,#7247);
#7247 = DEFINITIONAL_REPRESENTATION('',(#7248),#7252);
#7248 = LINE('',#7249,#7250);
#7249 = CARTESIAN_POINT('',(9.3056640625,0.));
#7250 = VECTOR('',#7251,1.);
#7251 = DIRECTION('',(0.,-1.));
#7252 = ( GEOMETRIC_REPRESENTATION_CONTEXT(2) 
PARAMETRIC_REPRESENTATION_CONTEXT() REPRESENTATION_CONTEXT('2D SPACE',''
  ) );
#7253 = PCURVE('',#7254,#7259);
#7254 = PLANE('',#7255);
#7255 = AXIS2_PLACEMENT_3D('',#7256,#7257,#7258);
#7256 = CARTESIAN_POINT('',(4.554443359375,5.011474609375,0.));
#7257 = DIRECTION('',(0.,-1.,0.));
#7258 = DIRECTION('',(1.,0.,0.));
#7259 = DEFINITIONAL_REPRESENTATION('',(#7260),#7264);
#7260 = LINE('',#7261,#7262);
#7261 = CARTESIAN_POINT('',(0.,0.));
#7262 = VECTOR('',#7263,1.);
#7263 = DIRECTION('',(0.,-1.));
#7264 = ( GEOMETRIC_REPRESENTATION_CONTEXT(2) 
PARAMETRIC_REPRESENTATION_CONTEXT() REPRESENTATION_CONTEXT('2D SPACE',''
  ) );
#7265 = ORIENTED_EDGE('',*,*,#7266,.F.);
#7266 = EDGE_CURVE('',#7176,#7239,#7267,.T.);
#7267 = SURFACE_CURVE('',#7268,(#7272,#7279),.PCURVE_S1.);
#7268 = LINE('',#7269,#7270);
#7269 = CARTESIAN_POINT('',(4.554443359375,-4.294189453125,0.));
#7270 = VECTOR('',#7271,1.);
#7271 = DIRECTION('',(0.,1.,0.));
#7272 = PCURVE('',#7186,#7273);
#7273 = DEFINITIONAL_REPRESENTATION('',(#7274),#7278);
#7274 = LINE('',#7275,#7276);
#7275 = CARTESIAN_POINT('',(0.,0.));
#7276 = VECTOR('',#7277,1.);
#7277 = DIRECTION('',(1.,0.));
#7278 = ( GEOMETRIC_REPRESENTATION_CONTEXT(2) 
PARAMETRIC_REPRESENTATION_CONTEXT() REPRESENTATION_CONTEXT('2D SPACE',''
  ) );
#7279 = PCURVE('',#7280,#7285);
#7280 = PLANE('',#7281);
#7281 = AXIS2_PLACEMENT_3D('',#7282,#7283,#7284);
#7282 = CARTESIAN_POINT('',(3.614990234375,-4.294189453125,0.));
#7283 = DIRECTION('',(0.,0.,1.));
#7284 = DIRECTION('',(1.,0.,0.));
#7285 = DEFINITIONAL_REPRESENTATION('',(#7286),#7290);
#7286 = LINE('',#7287,#7288);
#7287 = CARTESIAN_POINT('',(0.939453125,0.));
#7288 = VECTOR('',#7289,1.);
#7289 = DIRECTION('',(0.,1.));
#7290 = ( GEOMETRIC_REPRESENTATION_CONTEXT(2) 
PARAMETRIC_REPRESENTATION_CONTEXT() REPRESENTATION_CONTEXT('2D SPACE',''
  ) );
#7291 = ADVANCED_FACE('',(#7292),#7254,.F.);
#7292 = FACE_BOUND('',#7293,.F.);
#7293 = EDGE_LOOP('',(#7294,#7295,#7318,#7348));
#7294 = ORIENTED_EDGE('',*,*,#7238,.T.);
#7295 = ORIENTED_EDGE('',*,*,#7296,.T.);
#7296 = EDGE_CURVE('',#7211,#7297,#7299,.T.);
#7297 = VERTEX_POINT('',#7298);
#7298 = CARTESIAN_POINT('',(7.988525390625,5.011474609375,-1.6));
#7299 = SURFACE_CURVE('',#7300,(#7304,#7311),.PCURVE_S1.);
#7300 = LINE('',#7301,#7302);
#7301 = CARTESIAN_POINT('',(4.554443359375,5.011474609375,-1.6));
#7302 = VECTOR('',#7303,1.);
#7303 = DIRECTION('',(1.,0.,0.));
#7304 = PCURVE('',#7254,#7305);
#7305 = DEFINITIONAL_REPRESENTATION('',(#7306),#7310);
#7306 = LINE('',#7307,#7308);
#7307 = CARTESIAN_POINT('',(0.,-1.6));
#7308 = VECTOR('',#7309,1.);
#7309 = DIRECTION('',(1.,0.));
#7310 = ( GEOMETRIC_REPRESENTATION_CONTEXT(2) 
PARAMETRIC_REPRESENTATION_CONTEXT() REPRESENTATION_CONTEXT('2D SPACE',''
  ) );
#7311 = PCURVE('',#7226,#7312);
#7312 = DEFINITIONAL_REPRESENTATION('',(#7313),#7317);
#7313 = LINE('',#7314,#7315);
#7314 = CARTESIAN_POINT('',(0.939453125,9.3056640625));
#7315 = VECTOR('',#7316,1.);
#7316 = DIRECTION('',(1.,0.));
#7317 = ( GEOMETRIC_REPRESENTATION_CONTEXT(2) 
PARAMETRIC_REPRESENTATION_CONTEXT() REPRESENTATION_CONTEXT('2D SPACE',''
  ) );
#7318 = ORIENTED_EDGE('',*,*,#7319,.F.);
#7319 = EDGE_CURVE('',#7320,#7297,#7322,.T.);
#7320 = VERTEX_POINT('',#7321);
#7321 = CARTESIAN_POINT('',(7.988525390625,5.011474609375,0.));
#7322 = SURFACE_CURVE('',#7323,(#7327,#7334),.PCURVE_S1.);
#7323 = LINE('',#7324,#7325);
#7324 = CARTESIAN_POINT('',(7.988525390625,5.011474609375,0.));
#7325 = VECTOR('',#7326,1.);
#7326 = DIRECTION('',(-0.,-0.,-1.));
#7327 = PCURVE('',#7254,#7328);
#7328 = DEFINITIONAL_REPRESENTATION('',(#7329),#7333);
#7329 = LINE('',#7330,#7331);
#7330 = CARTESIAN_POINT('',(3.43408203125,0.));
#7331 = VECTOR('',#7332,1.);
#7332 = DIRECTION('',(0.,-1.));
#7333 = ( GEOMETRIC_REPRESENTATION_CONTEXT(2) 
PARAMETRIC_REPRESENTATION_CONTEXT() REPRESENTATION_CONTEXT('2D SPACE',''
  ) );
#7334 = PCURVE('',#7335,#7342);
#7335 = SURFACE_OF_LINEAR_EXTRUSION('',#7336,#7340);
#7336 = B_SPLINE_CURVE_WITH_KNOTS('',2,(#7337,#7338,#7339),
  .UNSPECIFIED.,.F.,.F.,(3,3),(0.,1.),.PIECEWISE_BEZIER_KNOTS.);
#7337 = CARTESIAN_POINT('',(7.988525390625,5.011474609375,0.));
#7338 = CARTESIAN_POINT('',(9.150146484375,5.011474609375,0.));
#7339 = CARTESIAN_POINT('',(9.759521484375,4.833740234375,0.));
#7340 = VECTOR('',#7341,1.);
#7341 = DIRECTION('',(0.,0.,1.));
#7342 = DEFINITIONAL_REPRESENTATION('',(#7343),#7347);
#7343 = LINE('',#7344,#7345);
#7344 = CARTESIAN_POINT('',(0.,0.));
#7345 = VECTOR('',#7346,1.);
#7346 = DIRECTION('',(0.,-1.));
#7347 = ( GEOMETRIC_REPRESENTATION_CONTEXT(2) 
PARAMETRIC_REPRESENTATION_CONTEXT() REPRESENTATION_CONTEXT('2D SPACE',''
  ) );
#7348 = ORIENTED_EDGE('',*,*,#7349,.F.);
#7349 = EDGE_CURVE('',#7239,#7320,#7350,.T.);
#7350 = SURFACE_CURVE('',#7351,(#7355,#7362),.PCURVE_S1.);
#7351 = LINE('',#7352,#7353);
#7352 = CARTESIAN_POINT('',(4.554443359375,5.011474609375,0.));
#7353 = VECTOR('',#7354,1.);
#7354 = DIRECTION('',(1.,0.,0.));
#7355 = PCURVE('',#7254,#7356);
#7356 = DEFINITIONAL_REPRESENTATION('',(#7357),#7361);
#7357 = LINE('',#7358,#7359);
#7358 = CARTESIAN_POINT('',(0.,0.));
#7359 = VECTOR('',#7360,1.);
#7360 = DIRECTION('',(1.,0.));
#7361 = ( GEOMETRIC_REPRESENTATION_CONTEXT(2) 
PARAMETRIC_REPRESENTATION_CONTEXT() REPRESENTATION_CONTEXT('2D SPACE',''
  ) );
#7362 = PCURVE('',#7280,#7363);
#7363 = DEFINITIONAL_REPRESENTATION('',(#7364),#7368);
#7364 = LINE('',#7365,#7366);
#7365 = CARTESIAN_POINT('',(0.939453125,9.3056640625));
#7366 = VECTOR('',#7367,1.);
#7367 = DIRECTION('',(1.,0.));
#7368 = ( GEOMETRIC_REPRESENTATION_CONTEXT(2) 
PARAMETRIC_REPRESENTATION_CONTEXT() REPRESENTATION_CONTEXT('2D SPACE',''
  ) );
#7369 = ADVANCED_FACE('',(#7370),#7335,.F.);
#7370 = FACE_BOUND('',#7371,.F.);
#7371 = EDGE_LOOP('',(#7372,#7373,#7396,#7426));
#7372 = ORIENTED_EDGE('',*,*,#7319,.T.);
#7373 = ORIENTED_EDGE('',*,*,#7374,.T.);
#7374 = EDGE_CURVE('',#7297,#7375,#7377,.T.);
#7375 = VERTEX_POINT('',#7376);
#7376 = CARTESIAN_POINT('',(9.759521484375,4.833740234375,-1.6));
#7377 = SURFACE_CURVE('',#7378,(#7382,#7389),.PCURVE_S1.);
#7378 = B_SPLINE_CURVE_WITH_KNOTS('',2,(#7379,#7380,#7381),
  .UNSPECIFIED.,.F.,.F.,(3,3),(0.,1.),.PIECEWISE_BEZIER_KNOTS.);
#7379 = CARTESIAN_POINT('',(7.988525390625,5.011474609375,-1.6));
#7380 = CARTESIAN_POINT('',(9.150146484375,5.011474609375,-1.6));
#7381 = CARTESIAN_POINT('',(9.759521484375,4.833740234375,-1.6));
#7382 = PCURVE('',#7335,#7383);
#7383 = DEFINITIONAL_REPRESENTATION('',(#7384),#7388);
#7384 = LINE('',#7385,#7386);
#7385 = CARTESIAN_POINT('',(0.,-1.6));
#7386 = VECTOR('',#7387,1.);
#7387 = DIRECTION('',(1.,0.));
#7388 = ( GEOMETRIC_REPRESENTATION_CONTEXT(2) 
PARAMETRIC_REPRESENTATION_CONTEXT() REPRESENTATION_CONTEXT('2D SPACE',''
  ) );
#7389 = PCURVE('',#7226,#7390);
#7390 = DEFINITIONAL_REPRESENTATION('',(#7391),#7395);
#7391 = B_SPLINE_CURVE_WITH_KNOTS('',2,(#7392,#7393,#7394),
  .UNSPECIFIED.,.F.,.F.,(3,3),(0.,1.),.PIECEWISE_BEZIER_KNOTS.);
#7392 = CARTESIAN_POINT('',(4.37353515625,9.3056640625));
#7393 = CARTESIAN_POINT('',(5.53515625,9.3056640625));
#7394 = CARTESIAN_POINT('',(6.14453125,9.1279296875));
#7395 = ( GEOMETRIC_REPRESENTATION_CONTEXT(2) 
PARAMETRIC_REPRESENTATION_CONTEXT() REPRESENTATION_CONTEXT('2D SPACE',''
  ) );
#7396 = ORIENTED_EDGE('',*,*,#7397,.F.);
#7397 = EDGE_CURVE('',#7398,#7375,#7400,.T.);
#7398 = VERTEX_POINT('',#7399);
#7399 = CARTESIAN_POINT('',(9.759521484375,4.833740234375,0.));
#7400 = SURFACE_CURVE('',#7401,(#7405,#7412),.PCURVE_S1.);
#7401 = LINE('',#7402,#7403);
#7402 = CARTESIAN_POINT('',(9.759521484375,4.833740234375,0.));
#7403 = VECTOR('',#7404,1.);
#7404 = DIRECTION('',(-0.,-0.,-1.));
#7405 = PCURVE('',#7335,#7406);
#7406 = DEFINITIONAL_REPRESENTATION('',(#7407),#7411);
#7407 = LINE('',#7408,#7409);
#7408 = CARTESIAN_POINT('',(1.,0.));
#7409 = VECTOR('',#7410,1.);
#7410 = DIRECTION('',(0.,-1.));
#7411 = ( GEOMETRIC_REPRESENTATION_CONTEXT(2) 
PARAMETRIC_REPRESENTATION_CONTEXT() REPRESENTATION_CONTEXT('2D SPACE',''
  ) );
#7412 = PCURVE('',#7413,#7420);
#7413 = SURFACE_OF_LINEAR_EXTRUSION('',#7414,#7418);
#7414 = B_SPLINE_CURVE_WITH_KNOTS('',2,(#7415,#7416,#7417),
  .UNSPECIFIED.,.F.,.F.,(3,3),(0.,1.),.PIECEWISE_BEZIER_KNOTS.);
#7415 = CARTESIAN_POINT('',(9.759521484375,4.833740234375,0.));
#7416 = CARTESIAN_POINT('',(10.578369140625,4.592529296875,0.));
#7417 = CARTESIAN_POINT('',(11.162353515625,3.976806640625,0.));
#7418 = VECTOR('',#7419,1.);
#7419 = DIRECTION('',(0.,0.,1.));
#7420 = DEFINITIONAL_REPRESENTATION('',(#7421),#7425);
#7421 = LINE('',#7422,#7423);
#7422 = CARTESIAN_POINT('',(0.,0.));
#7423 = VECTOR('',#7424,1.);
#7424 = DIRECTION('',(0.,-1.));
#7425 = ( GEOMETRIC_REPRESENTATION_CONTEXT(2) 
PARAMETRIC_REPRESENTATION_CONTEXT() REPRESENTATION_CONTEXT('2D SPACE',''
  ) );
#7426 = ORIENTED_EDGE('',*,*,#7427,.F.);
#7427 = EDGE_CURVE('',#7320,#7398,#7428,.T.);
#7428 = SURFACE_CURVE('',#7429,(#7433,#7440),.PCURVE_S1.);
#7429 = B_SPLINE_CURVE_WITH_KNOTS('',2,(#7430,#7431,#7432),
  .UNSPECIFIED.,.F.,.F.,(3,3),(0.,1.),.PIECEWISE_BEZIER_KNOTS.);
#7430 = CARTESIAN_POINT('',(7.988525390625,5.011474609375,0.));
#7431 = CARTESIAN_POINT('',(9.150146484375,5.011474609375,0.));
#7432 = CARTESIAN_POINT('',(9.759521484375,4.833740234375,0.));
#7433 = PCURVE('',#7335,#7434);
#7434 = DEFINITIONAL_REPRESENTATION('',(#7435),#7439);
#7435 = LINE('',#7436,#7437);
#7436 = CARTESIAN_POINT('',(0.,0.));
#7437 = VECTOR('',#7438,1.);
#7438 = DIRECTION('',(1.,0.));
#7439 = ( GEOMETRIC_REPRESENTATION_CONTEXT(2) 
PARAMETRIC_REPRESENTATION_CONTEXT() REPRESENTATION_CONTEXT('2D SPACE',''
  ) );
#7440 = PCURVE('',#7280,#7441);
#7441 = DEFINITIONAL_REPRESENTATION('',(#7442),#7446);
#7442 = B_SPLINE_CURVE_WITH_KNOTS('',2,(#7443,#7444,#7445),
  .UNSPECIFIED.,.F.,.F.,(3,3),(0.,1.),.PIECEWISE_BEZIER_KNOTS.);
#7443 = CARTESIAN_POINT('',(4.37353515625,9.3056640625));
#7444 = CARTESIAN_POINT('',(5.53515625,9.3056640625));
#7445 = CARTESIAN_POINT('',(6.14453125,9.1279296875));
#7446 = ( GEOMETRIC_REPRESENTATION_CONTEXT(2) 
PARAMETRIC_REPRESENTATION_CONTEXT() REPRESENTATION_CONTEXT('2D SPACE',''
  ) );
#7447 = ADVANCED_FACE('',(#7448),#7413,.F.);
#7448 = FACE_BOUND('',#7449,.F.);
#7449 = EDGE_LOOP('',(#7450,#7451,#7474,#7504));
#7450 = ORIENTED_EDGE('',*,*,#7397,.T.);
#7451 = ORIENTED_EDGE('',*,*,#7452,.T.);
#7452 = EDGE_CURVE('',#7375,#7453,#7455,.T.);
#7453 = VERTEX_POINT('',#7454);
#7454 = CARTESIAN_POINT('',(11.162353515625,3.976806640625,-1.6));
#7455 = SURFACE_CURVE('',#7456,(#7460,#7467),.PCURVE_S1.);
#7456 = B_SPLINE_CURVE_WITH_KNOTS('',2,(#7457,#7458,#7459),
  .UNSPECIFIED.,.F.,.F.,(3,3),(0.,1.),.PIECEWISE_BEZIER_KNOTS.);
#7457 = CARTESIAN_POINT('',(9.759521484375,4.833740234375,-1.6));
#7458 = CARTESIAN_POINT('',(10.578369140625,4.592529296875,-1.6));
#7459 = CARTESIAN_POINT('',(11.162353515625,3.976806640625,-1.6));
#7460 = PCURVE('',#7413,#7461);
#7461 = DEFINITIONAL_REPRESENTATION('',(#7462),#7466);
#7462 = LINE('',#7463,#7464);
#7463 = CARTESIAN_POINT('',(0.,-1.6));
#7464 = VECTOR('',#7465,1.);
#7465 = DIRECTION('',(1.,0.));
#7466 = ( GEOMETRIC_REPRESENTATION_CONTEXT(2) 
PARAMETRIC_REPRESENTATION_CONTEXT() REPRESENTATION_CONTEXT('2D SPACE',''
  ) );
#7467 = PCURVE('',#7226,#7468);
#7468 = DEFINITIONAL_REPRESENTATION('',(#7469),#7473);
#7469 = B_SPLINE_CURVE_WITH_KNOTS('',2,(#7470,#7471,#7472),
  .UNSPECIFIED.,.F.,.F.,(3,3),(0.,1.),.PIECEWISE_BEZIER_KNOTS.);
#7470 = CARTESIAN_POINT('',(6.14453125,9.1279296875));
#7471 = CARTESIAN_POINT('',(6.96337890625,8.88671875));
#7472 = CARTESIAN_POINT('',(7.54736328125,8.27099609375));
#7473 = ( GEOMETRIC_REPRESENTATION_CONTEXT(2) 
PARAMETRIC_REPRESENTATION_CONTEXT() REPRESENTATION_CONTEXT('2D SPACE',''
  ) );
#7474 = ORIENTED_EDGE('',*,*,#7475,.F.);
#7475 = EDGE_CURVE('',#7476,#7453,#7478,.T.);
#7476 = VERTEX_POINT('',#7477);
#7477 = CARTESIAN_POINT('',(11.162353515625,3.976806640625,0.));
#7478 = SURFACE_CURVE('',#7479,(#7483,#7490),.PCURVE_S1.);
#7479 = LINE('',#7480,#7481);
#7480 = CARTESIAN_POINT('',(11.162353515625,3.976806640625,0.));
#7481 = VECTOR('',#7482,1.);
#7482 = DIRECTION('',(-0.,-0.,-1.));
#7483 = PCURVE('',#7413,#7484);
#7484 = DEFINITIONAL_REPRESENTATION('',(#7485),#7489);
#7485 = LINE('',#7486,#7487);
#7486 = CARTESIAN_POINT('',(1.,0.));
#7487 = VECTOR('',#7488,1.);
#7488 = DIRECTION('',(0.,-1.));
#7489 = ( GEOMETRIC_REPRESENTATION_CONTEXT(2) 
PARAMETRIC_REPRESENTATION_CONTEXT() REPRESENTATION_CONTEXT('2D SPACE',''
  ) );
#7490 = PCURVE('',#7491,#7498);
#7491 = SURFACE_OF_LINEAR_EXTRUSION('',#7492,#7496);
#7492 = B_SPLINE_CURVE_WITH_KNOTS('',2,(#7493,#7494,#7495),
  .UNSPECIFIED.,.F.,.F.,(3,3),(0.,1.),.PIECEWISE_BEZIER_KNOTS.);
#7493 = CARTESIAN_POINT('',(11.162353515625,3.976806640625,0.));
#7494 = CARTESIAN_POINT('',(11.746337890625,3.361083984375,0.));
#7495 = CARTESIAN_POINT('',(12.051025390625,2.46923828125,0.));
#7496 = VECTOR('',#7497,1.);
#7497 = DIRECTION('',(0.,0.,1.));
#7498 = DEFINITIONAL_REPRESENTATION('',(#7499),#7503);
#7499 = LINE('',#7500,#7501);
#7500 = CARTESIAN_POINT('',(0.,0.));
#7501 = VECTOR('',#7502,1.);
#7502 = DIRECTION('',(0.,-1.));
#7503 = ( GEOMETRIC_REPRESENTATION_CONTEXT(2) 
PARAMETRIC_REPRESENTATION_CONTEXT() REPRESENTATION_CONTEXT('2D SPACE',''
  ) );
#7504 = ORIENTED_EDGE('',*,*,#7505,.F.);
#7505 = EDGE_CURVE('',#7398,#7476,#7506,.T.);
#7506 = SURFACE_CURVE('',#7507,(#7511,#7518),.PCURVE_S1.);
#7507 = B_SPLINE_CURVE_WITH_KNOTS('',2,(#7508,#7509,#7510),
  .UNSPECIFIED.,.F.,.F.,(3,3),(0.,1.),.PIECEWISE_BEZIER_KNOTS.);
#7508 = CARTESIAN_POINT('',(9.759521484375,4.833740234375,0.));
#7509 = CARTESIAN_POINT('',(10.578369140625,4.592529296875,0.));
#7510 = CARTESIAN_POINT('',(11.162353515625,3.976806640625,0.));
#7511 = PCURVE('',#7413,#7512);
#7512 = DEFINITIONAL_REPRESENTATION('',(#7513),#7517);
#7513 = LINE('',#7514,#7515);
#7514 = CARTESIAN_POINT('',(0.,0.));
#7515 = VECTOR('',#7516,1.);
#7516 = DIRECTION('',(1.,0.));
#7517 = ( GEOMETRIC_REPRESENTATION_CONTEXT(2) 
PARAMETRIC_REPRESENTATION_CONTEXT() REPRESENTATION_CONTEXT('2D SPACE',''
  ) );
#7518 = PCURVE('',#7280,#7519);
#7519 = DEFINITIONAL_REPRESENTATION('',(#7520),#7524);
#7520 = B_SPLINE_CURVE_WITH_KNOTS('',2,(#7521,#7522,#7523),
  .UNSPECIFIED.,.F.,.F.,(3,3),(0.,1.),.PIECEWISE_BEZIER_KNOTS.);
#7521 = CARTESIAN_POINT('',(6.14453125,9.1279296875));
#7522 = CARTESIAN_POINT('',(6.96337890625,8.88671875));
#7523 = CARTESIAN_POINT('',(7.54736328125,8.27099609375));
#7524 = ( GEOMETRIC_REPRESENTATION_CONTEXT(2) 
PARAMETRIC_REPRESENTATION_CONTEXT() REPRESENTATION_CONTEXT('2D SPACE',''
  ) );
#7525 = ADVANCED_FACE('',(#7526),#7491,.F.);
#7526 = FACE_BOUND('',#7527,.F.);
#7527 = EDGE_LOOP('',(#7528,#7529,#7552,#7582));
#7528 = ORIENTED_EDGE('',*,*,#7475,.T.);
#7529 = ORIENTED_EDGE('',*,*,#7530,.T.);
#7530 = EDGE_CURVE('',#7453,#7531,#7533,.T.);
#7531 = VERTEX_POINT('',#7532);
#7532 = CARTESIAN_POINT('',(12.051025390625,2.46923828125,-1.6));
#7533 = SURFACE_CURVE('',#7534,(#7538,#7545),.PCURVE_S1.);
#7534 = B_SPLINE_CURVE_WITH_KNOTS('',2,(#7535,#7536,#7537),
  .UNSPECIFIED.,.F.,.F.,(3,3),(0.,1.),.PIECEWISE_BEZIER_KNOTS.);
#7535 = CARTESIAN_POINT('',(11.162353515625,3.976806640625,-1.6));
#7536 = CARTESIAN_POINT('',(11.746337890625,3.361083984375,-1.6));
#7537 = CARTESIAN_POINT('',(12.051025390625,2.46923828125,-1.6));
#7538 = PCURVE('',#7491,#7539);
#7539 = DEFINITIONAL_REPRESENTATION('',(#7540),#7544);
#7540 = LINE('',#7541,#7542);
#7541 = CARTESIAN_POINT('',(0.,-1.6));
#7542 = VECTOR('',#7543,1.);
#7543 = DIRECTION('',(1.,0.));
#7544 = ( GEOMETRIC_REPRESENTATION_CONTEXT(2) 
PARAMETRIC_REPRESENTATION_CONTEXT() REPRESENTATION_CONTEXT('2D SPACE',''
  ) );
#7545 = PCURVE('',#7226,#7546);
#7546 = DEFINITIONAL_REPRESENTATION('',(#7547),#7551);
#7547 = B_SPLINE_CURVE_WITH_KNOTS('',2,(#7548,#7549,#7550),
  .UNSPECIFIED.,.F.,.F.,(3,3),(0.,1.),.PIECEWISE_BEZIER_KNOTS.);
#7548 = CARTESIAN_POINT('',(7.54736328125,8.27099609375));
#7549 = CARTESIAN_POINT('',(8.13134765625,7.6552734375));
#7550 = CARTESIAN_POINT('',(8.43603515625,6.763427734375));
#7551 = ( GEOMETRIC_REPRESENTATION_CONTEXT(2) 
PARAMETRIC_REPRESENTATION_CONTEXT() REPRESENTATION_CONTEXT('2D SPACE',''
  ) );
#7552 = ORIENTED_EDGE('',*,*,#7553,.F.);
#7553 = EDGE_CURVE('',#7554,#7531,#7556,.T.);
#7554 = VERTEX_POINT('',#7555);
#7555 = CARTESIAN_POINT('',(12.051025390625,2.46923828125,0.));
#7556 = SURFACE_CURVE('',#7557,(#7561,#7568),.PCURVE_S1.);
#7557 = LINE('',#7558,#7559);
#7558 = CARTESIAN_POINT('',(12.051025390625,2.46923828125,0.));
#7559 = VECTOR('',#7560,1.);
#7560 = DIRECTION('',(-0.,-0.,-1.));
#7561 = PCURVE('',#7491,#7562);
#7562 = DEFINITIONAL_REPRESENTATION('',(#7563),#7567);
#7563 = LINE('',#7564,#7565);
#7564 = CARTESIAN_POINT('',(1.,0.));
#7565 = VECTOR('',#7566,1.);
#7566 = DIRECTION('',(0.,-1.));
#7567 = ( GEOMETRIC_REPRESENTATION_CONTEXT(2) 
PARAMETRIC_REPRESENTATION_CONTEXT() REPRESENTATION_CONTEXT('2D SPACE',''
  ) );
#7568 = PCURVE('',#7569,#7576);
#7569 = SURFACE_OF_LINEAR_EXTRUSION('',#7570,#7574);
#7570 = B_SPLINE_CURVE_WITH_KNOTS('',2,(#7571,#7572,#7573),
  .UNSPECIFIED.,.F.,.F.,(3,3),(0.,1.),.PIECEWISE_BEZIER_KNOTS.);
#7571 = CARTESIAN_POINT('',(12.051025390625,2.46923828125,0.));
#7572 = CARTESIAN_POINT('',(12.355712890625,1.577392578125,0.));
#7573 = CARTESIAN_POINT('',(12.355712890625,0.269775390625,0.));
#7574 = VECTOR('',#7575,1.);
#7575 = DIRECTION('',(0.,0.,1.));
#7576 = DEFINITIONAL_REPRESENTATION('',(#7577),#7581);
#7577 = LINE('',#7578,#7579);
#7578 = CARTESIAN_POINT('',(0.,0.));
#7579 = VECTOR('',#7580,1.);
#7580 = DIRECTION('',(0.,-1.));
#7581 = ( GEOMETRIC_REPRESENTATION_CONTEXT(2) 
PARAMETRIC_REPRESENTATION_CONTEXT() REPRESENTATION_CONTEXT('2D SPACE',''
  ) );
#7582 = ORIENTED_EDGE('',*,*,#7583,.F.);
#7583 = EDGE_CURVE('',#7476,#7554,#7584,.T.);
#7584 = SURFACE_CURVE('',#7585,(#7589,#7596),.PCURVE_S1.);
#7585 = B_SPLINE_CURVE_WITH_KNOTS('',2,(#7586,#7587,#7588),
  .UNSPECIFIED.,.F.,.F.,(3,3),(0.,1.),.PIECEWISE_BEZIER_KNOTS.);
#7586 = CARTESIAN_POINT('',(11.162353515625,3.976806640625,0.));
#7587 = CARTESIAN_POINT('',(11.746337890625,3.361083984375,0.));
#7588 = CARTESIAN_POINT('',(12.051025390625,2.46923828125,0.));
#7589 = PCURVE('',#7491,#7590);
#7590 = DEFINITIONAL_REPRESENTATION('',(#7591),#7595);
#7591 = LINE('',#7592,#7593);
#7592 = CARTESIAN_POINT('',(0.,0.));
#7593 = VECTOR('',#7594,1.);
#7594 = DIRECTION('',(1.,0.));
#7595 = ( GEOMETRIC_REPRESENTATION_CONTEXT(2) 
PARAMETRIC_REPRESENTATION_CONTEXT() REPRESENTATION_CONTEXT('2D SPACE',''
  ) );
#7596 = PCURVE('',#7280,#7597);
#7597 = DEFINITIONAL_REPRESENTATION('',(#7598),#7602);
#7598 = B_SPLINE_CURVE_WITH_KNOTS('',2,(#7599,#7600,#7601),
  .UNSPECIFIED.,.F.,.F.,(3,3),(0.,1.),.PIECEWISE_BEZIER_KNOTS.);
#7599 = CARTESIAN_POINT('',(7.54736328125,8.27099609375));
#7600 = CARTESIAN_POINT('',(8.13134765625,7.6552734375));
#7601 = CARTESIAN_POINT('',(8.43603515625,6.763427734375));
#7602 = ( GEOMETRIC_REPRESENTATION_CONTEXT(2) 
PARAMETRIC_REPRESENTATION_CONTEXT() REPRESENTATION_CONTEXT('2D SPACE',''
  ) );
#7603 = ADVANCED_FACE('',(#7604),#7569,.F.);
#7604 = FACE_BOUND('',#7605,.F.);
#7605 = EDGE_LOOP('',(#7606,#7607,#7630,#7660));
#7606 = ORIENTED_EDGE('',*,*,#7553,.T.);
#7607 = ORIENTED_EDGE('',*,*,#7608,.T.);
#7608 = EDGE_CURVE('',#7531,#7609,#7611,.T.);
#7609 = VERTEX_POINT('',#7610);
#7610 = CARTESIAN_POINT('',(12.355712890625,0.269775390625,-1.6));
#7611 = SURFACE_CURVE('',#7612,(#7616,#7623),.PCURVE_S1.);
#7612 = B_SPLINE_CURVE_WITH_KNOTS('',2,(#7613,#7614,#7615),
  .UNSPECIFIED.,.F.,.F.,(3,3),(0.,1.),.PIECEWISE_BEZIER_KNOTS.);
#7613 = CARTESIAN_POINT('',(12.051025390625,2.46923828125,-1.6));
#7614 = CARTESIAN_POINT('',(12.355712890625,1.577392578125,-1.6));
#7615 = CARTESIAN_POINT('',(12.355712890625,0.269775390625,-1.6));
#7616 = PCURVE('',#7569,#7617);
#7617 = DEFINITIONAL_REPRESENTATION('',(#7618),#7622);
#7618 = LINE('',#7619,#7620);
#7619 = CARTESIAN_POINT('',(0.,-1.6));
#7620 = VECTOR('',#7621,1.);
#7621 = DIRECTION('',(1.,0.));
#7622 = ( GEOMETRIC_REPRESENTATION_CONTEXT(2) 
PARAMETRIC_REPRESENTATION_CONTEXT() REPRESENTATION_CONTEXT('2D SPACE',''
  ) );
#7623 = PCURVE('',#7226,#7624);
#7624 = DEFINITIONAL_REPRESENTATION('',(#7625),#7629);
#7625 = B_SPLINE_CURVE_WITH_KNOTS('',2,(#7626,#7627,#7628),
  .UNSPECIFIED.,.F.,.F.,(3,3),(0.,1.),.PIECEWISE_BEZIER_KNOTS.);
#7626 = CARTESIAN_POINT('',(8.43603515625,6.763427734375));
#7627 = CARTESIAN_POINT('',(8.74072265625,5.87158203125));
#7628 = CARTESIAN_POINT('',(8.74072265625,4.56396484375));
#7629 = ( GEOMETRIC_REPRESENTATION_CONTEXT(2) 
PARAMETRIC_REPRESENTATION_CONTEXT() REPRESENTATION_CONTEXT('2D SPACE',''
  ) );
#7630 = ORIENTED_EDGE('',*,*,#7631,.F.);
#7631 = EDGE_CURVE('',#7632,#7609,#7634,.T.);
#7632 = VERTEX_POINT('',#7633);
#7633 = CARTESIAN_POINT('',(12.355712890625,0.269775390625,0.));
#7634 = SURFACE_CURVE('',#7635,(#7639,#7646),.PCURVE_S1.);
#7635 = LINE('',#7636,#7637);
#7636 = CARTESIAN_POINT('',(12.355712890625,0.269775390625,0.));
#7637 = VECTOR('',#7638,1.);
#7638 = DIRECTION('',(-0.,-0.,-1.));
#7639 = PCURVE('',#7569,#7640);
#7640 = DEFINITIONAL_REPRESENTATION('',(#7641),#7645);
#7641 = LINE('',#7642,#7643);
#7642 = CARTESIAN_POINT('',(1.,0.));
#7643 = VECTOR('',#7644,1.);
#7644 = DIRECTION('',(0.,-1.));
#7645 = ( GEOMETRIC_REPRESENTATION_CONTEXT(2) 
PARAMETRIC_REPRESENTATION_CONTEXT() REPRESENTATION_CONTEXT('2D SPACE',''
  ) );
#7646 = PCURVE('',#7647,#7654);
#7647 = SURFACE_OF_LINEAR_EXTRUSION('',#7648,#7652);
#7648 = B_SPLINE_CURVE_WITH_KNOTS('',2,(#7649,#7650,#7651),
  .UNSPECIFIED.,.F.,.F.,(3,3),(0.,1.),.PIECEWISE_BEZIER_KNOTS.);
#7649 = CARTESIAN_POINT('',(12.355712890625,0.269775390625,0.));
#7650 = CARTESIAN_POINT('',(12.355712890625,-0.879150390625,0.));
#7651 = CARTESIAN_POINT('',(12.070068359375,-1.710693359375,0.));
#7652 = VECTOR('',#7653,1.);
#7653 = DIRECTION('',(0.,0.,1.));
#7654 = DEFINITIONAL_REPRESENTATION('',(#7655),#7659);
#7655 = LINE('',#7656,#7657);
#7656 = CARTESIAN_POINT('',(0.,0.));
#7657 = VECTOR('',#7658,1.);
#7658 = DIRECTION('',(0.,-1.));
#7659 = ( GEOMETRIC_REPRESENTATION_CONTEXT(2) 
PARAMETRIC_REPRESENTATION_CONTEXT() REPRESENTATION_CONTEXT('2D SPACE',''
  ) );
#7660 = ORIENTED_EDGE('',*,*,#7661,.F.);
#7661 = EDGE_CURVE('',#7554,#7632,#7662,.T.);
#7662 = SURFACE_CURVE('',#7663,(#7667,#7674),.PCURVE_S1.);
#7663 = B_SPLINE_CURVE_WITH_KNOTS('',2,(#7664,#7665,#7666),
  .UNSPECIFIED.,.F.,.F.,(3,3),(0.,1.),.PIECEWISE_BEZIER_KNOTS.);
#7664 = CARTESIAN_POINT('',(12.051025390625,2.46923828125,0.));
#7665 = CARTESIAN_POINT('',(12.355712890625,1.577392578125,0.));
#7666 = CARTESIAN_POINT('',(12.355712890625,0.269775390625,0.));
#7667 = PCURVE('',#7569,#7668);
#7668 = DEFINITIONAL_REPRESENTATION('',(#7669),#7673);
#7669 = LINE('',#7670,#7671);
#7670 = CARTESIAN_POINT('',(0.,0.));
#7671 = VECTOR('',#7672,1.);
#7672 = DIRECTION('',(1.,0.));
#7673 = ( GEOMETRIC_REPRESENTATION_CONTEXT(2) 
PARAMETRIC_REPRESENTATION_CONTEXT() REPRESENTATION_CONTEXT('2D SPACE',''
  ) );
#7674 = PCURVE('',#7280,#7675);
#7675 = DEFINITIONAL_REPRESENTATION('',(#7676),#7680);
#7676 = B_SPLINE_CURVE_WITH_KNOTS('',2,(#7677,#7678,#7679),
  .UNSPECIFIED.,.F.,.F.,(3,3),(0.,1.),.PIECEWISE_BEZIER_KNOTS.);
#7677 = CARTESIAN_POINT('',(8.43603515625,6.763427734375));
#7678 = CARTESIAN_POINT('',(8.74072265625,5.87158203125));
#7679 = CARTESIAN_POINT('',(8.74072265625,4.56396484375));
#7680 = ( GEOMETRIC_REPRESENTATION_CONTEXT(2) 
PARAMETRIC_REPRESENTATION_CONTEXT() REPRESENTATION_CONTEXT('2D SPACE',''
  ) );
#7681 = ADVANCED_FACE('',(#7682),#7647,.F.);
#7682 = FACE_BOUND('',#7683,.F.);
#7683 = EDGE_LOOP('',(#7684,#7685,#7708,#7738));
#7684 = ORIENTED_EDGE('',*,*,#7631,.T.);
#7685 = ORIENTED_EDGE('',*,*,#7686,.T.);
#7686 = EDGE_CURVE('',#7609,#7687,#7689,.T.);
#7687 = VERTEX_POINT('',#7688);
#7688 = CARTESIAN_POINT('',(12.070068359375,-1.710693359375,-1.6));
#7689 = SURFACE_CURVE('',#7690,(#7694,#7701),.PCURVE_S1.);
#7690 = B_SPLINE_CURVE_WITH_KNOTS('',2,(#7691,#7692,#7693),
  .UNSPECIFIED.,.F.,.F.,(3,3),(0.,1.),.PIECEWISE_BEZIER_KNOTS.);
#7691 = CARTESIAN_POINT('',(12.355712890625,0.269775390625,-1.6));
#7692 = CARTESIAN_POINT('',(12.355712890625,-0.879150390625,-1.6));
#7693 = CARTESIAN_POINT('',(12.070068359375,-1.710693359375,-1.6));
#7694 = PCURVE('',#7647,#7695);
#7695 = DEFINITIONAL_REPRESENTATION('',(#7696),#7700);
#7696 = LINE('',#7697,#7698);
#7697 = CARTESIAN_POINT('',(0.,-1.6));
#7698 = VECTOR('',#7699,1.);
#7699 = DIRECTION('',(1.,0.));
#7700 = ( GEOMETRIC_REPRESENTATION_CONTEXT(2) 
PARAMETRIC_REPRESENTATION_CONTEXT() REPRESENTATION_CONTEXT('2D SPACE',''
  ) );
#7701 = PCURVE('',#7226,#7702);
#7702 = DEFINITIONAL_REPRESENTATION('',(#7703),#7707);
#7703 = B_SPLINE_CURVE_WITH_KNOTS('',2,(#7704,#7705,#7706),
  .UNSPECIFIED.,.F.,.F.,(3,3),(0.,1.),.PIECEWISE_BEZIER_KNOTS.);
#7704 = CARTESIAN_POINT('',(8.74072265625,4.56396484375));
#7705 = CARTESIAN_POINT('',(8.74072265625,3.4150390625));
#7706 = CARTESIAN_POINT('',(8.455078125,2.58349609375));
#7707 = ( GEOMETRIC_REPRESENTATION_CONTEXT(2) 
PARAMETRIC_REPRESENTATION_CONTEXT() REPRESENTATION_CONTEXT('2D SPACE',''
  ) );
#7708 = ORIENTED_EDGE('',*,*,#7709,.F.);
#7709 = EDGE_CURVE('',#7710,#7687,#7712,.T.);
#7710 = VERTEX_POINT('',#7711);
#7711 = CARTESIAN_POINT('',(12.070068359375,-1.710693359375,0.));
#7712 = SURFACE_CURVE('',#7713,(#7717,#7724),.PCURVE_S1.);
#7713 = LINE('',#7714,#7715);
#7714 = CARTESIAN_POINT('',(12.070068359375,-1.710693359375,0.));
#7715 = VECTOR('',#7716,1.);
#7716 = DIRECTION('',(-0.,-0.,-1.));
#7717 = PCURVE('',#7647,#7718);
#7718 = DEFINITIONAL_REPRESENTATION('',(#7719),#7723);
#7719 = LINE('',#7720,#7721);
#7720 = CARTESIAN_POINT('',(1.,0.));
#7721 = VECTOR('',#7722,1.);
#7722 = DIRECTION('',(0.,-1.));
#7723 = ( GEOMETRIC_REPRESENTATION_CONTEXT(2) 
PARAMETRIC_REPRESENTATION_CONTEXT() REPRESENTATION_CONTEXT('2D SPACE',''
  ) );
#7724 = PCURVE('',#7725,#7732);
#7725 = SURFACE_OF_LINEAR_EXTRUSION('',#7726,#7730);
#7726 = B_SPLINE_CURVE_WITH_KNOTS('',2,(#7727,#7728,#7729),
  .UNSPECIFIED.,.F.,.F.,(3,3),(0.,1.),.PIECEWISE_BEZIER_KNOTS.);
#7727 = CARTESIAN_POINT('',(12.070068359375,-1.710693359375,0.));
#7728 = CARTESIAN_POINT('',(11.720947265625,-2.726318359375,0.));
#7729 = CARTESIAN_POINT('',(11.073486328125,-3.354736328125,0.));
#7730 = VECTOR('',#7731,1.);
#7731 = DIRECTION('',(0.,0.,1.));
#7732 = DEFINITIONAL_REPRESENTATION('',(#7733),#7737);
#7733 = LINE('',#7734,#7735);
#7734 = CARTESIAN_POINT('',(0.,0.));
#7735 = VECTOR('',#7736,1.);
#7736 = DIRECTION('',(0.,-1.));
#7737 = ( GEOMETRIC_REPRESENTATION_CONTEXT(2) 
PARAMETRIC_REPRESENTATION_CONTEXT() REPRESENTATION_CONTEXT('2D SPACE',''
  ) );
#7738 = ORIENTED_EDGE('',*,*,#7739,.F.);
#7739 = EDGE_CURVE('',#7632,#7710,#7740,.T.);
#7740 = SURFACE_CURVE('',#7741,(#7745,#7752),.PCURVE_S1.);
#7741 = B_SPLINE_CURVE_WITH_KNOTS('',2,(#7742,#7743,#7744),
  .UNSPECIFIED.,.F.,.F.,(3,3),(0.,1.),.PIECEWISE_BEZIER_KNOTS.);
#7742 = CARTESIAN_POINT('',(12.355712890625,0.269775390625,0.));
#7743 = CARTESIAN_POINT('',(12.355712890625,-0.879150390625,0.));
#7744 = CARTESIAN_POINT('',(12.070068359375,-1.710693359375,0.));
#7745 = PCURVE('',#7647,#7746);
#7746 = DEFINITIONAL_REPRESENTATION('',(#7747),#7751);
#7747 = LINE('',#7748,#7749);
#7748 = CARTESIAN_POINT('',(0.,0.));
#7749 = VECTOR('',#7750,1.);
#7750 = DIRECTION('',(1.,0.));
#7751 = ( GEOMETRIC_REPRESENTATION_CONTEXT(2) 
PARAMETRIC_REPRESENTATION_CONTEXT() REPRESENTATION_CONTEXT('2D SPACE',''
  ) );
#7752 = PCURVE('',#7280,#7753);
#7753 = DEFINITIONAL_REPRESENTATION('',(#7754),#7758);
#7754 = B_SPLINE_CURVE_WITH_KNOTS('',2,(#7755,#7756,#7757),
  .UNSPECIFIED.,.F.,.F.,(3,3),(0.,1.),.PIECEWISE_BEZIER_KNOTS.);
#7755 = CARTESIAN_POINT('',(8.74072265625,4.56396484375));
#7756 = CARTESIAN_POINT('',(8.74072265625,3.4150390625));
#7757 = CARTESIAN_POINT('',(8.455078125,2.58349609375));
#7758 = ( GEOMETRIC_REPRESENTATION_CONTEXT(2) 
PARAMETRIC_REPRESENTATION_CONTEXT() REPRESENTATION_CONTEXT('2D SPACE',''
  ) );
#7759 = ADVANCED_FACE('',(#7760),#7725,.F.);
#7760 = FACE_BOUND('',#7761,.F.);
#7761 = EDGE_LOOP('',(#7762,#7763,#7786,#7816));
#7762 = ORIENTED_EDGE('',*,*,#7709,.T.);
#7763 = ORIENTED_EDGE('',*,*,#7764,.T.);
#7764 = EDGE_CURVE('',#7687,#7765,#7767,.T.);
#7765 = VERTEX_POINT('',#7766);
#7766 = CARTESIAN_POINT('',(11.073486328125,-3.354736328125,-1.6));
#7767 = SURFACE_CURVE('',#7768,(#7772,#7779),.PCURVE_S1.);
#7768 = B_SPLINE_CURVE_WITH_KNOTS('',2,(#7769,#7770,#7771),
  .UNSPECIFIED.,.F.,.F.,(3,3),(0.,1.),.PIECEWISE_BEZIER_KNOTS.);
#7769 = CARTESIAN_POINT('',(12.070068359375,-1.710693359375,-1.6));
#7770 = CARTESIAN_POINT('',(11.720947265625,-2.726318359375,-1.6));
#7771 = CARTESIAN_POINT('',(11.073486328125,-3.354736328125,-1.6));
#7772 = PCURVE('',#7725,#7773);
#7773 = DEFINITIONAL_REPRESENTATION('',(#7774),#7778);
#7774 = LINE('',#7775,#7776);
#7775 = CARTESIAN_POINT('',(0.,-1.6));
#7776 = VECTOR('',#7777,1.);
#7777 = DIRECTION('',(1.,0.));
#7778 = ( GEOMETRIC_REPRESENTATION_CONTEXT(2) 
PARAMETRIC_REPRESENTATION_CONTEXT() REPRESENTATION_CONTEXT('2D SPACE',''
  ) );
#7779 = PCURVE('',#7226,#7780);
#7780 = DEFINITIONAL_REPRESENTATION('',(#7781),#7785);
#7781 = B_SPLINE_CURVE_WITH_KNOTS('',2,(#7782,#7783,#7784),
  .UNSPECIFIED.,.F.,.F.,(3,3),(0.,1.),.PIECEWISE_BEZIER_KNOTS.);
#7782 = CARTESIAN_POINT('',(8.455078125,2.58349609375));
#7783 = CARTESIAN_POINT('',(8.10595703125,1.56787109375));
#7784 = CARTESIAN_POINT('',(7.45849609375,0.939453125));
#7785 = ( GEOMETRIC_REPRESENTATION_CONTEXT(2) 
PARAMETRIC_REPRESENTATION_CONTEXT() REPRESENTATION_CONTEXT('2D SPACE',''
  ) );
#7786 = ORIENTED_EDGE('',*,*,#7787,.F.);
#7787 = EDGE_CURVE('',#7788,#7765,#7790,.T.);
#7788 = VERTEX_POINT('',#7789);
#7789 = CARTESIAN_POINT('',(11.073486328125,-3.354736328125,0.));
#7790 = SURFACE_CURVE('',#7791,(#7795,#7802),.PCURVE_S1.);
#7791 = LINE('',#7792,#7793);
#7792 = CARTESIAN_POINT('',(11.073486328125,-3.354736328125,0.));
#7793 = VECTOR('',#7794,1.);
#7794 = DIRECTION('',(-0.,-0.,-1.));
#7795 = PCURVE('',#7725,#7796);
#7796 = DEFINITIONAL_REPRESENTATION('',(#7797),#7801);
#7797 = LINE('',#7798,#7799);
#7798 = CARTESIAN_POINT('',(1.,0.));
#7799 = VECTOR('',#7800,1.);
#7800 = DIRECTION('',(0.,-1.));
#7801 = ( GEOMETRIC_REPRESENTATION_CONTEXT(2) 
PARAMETRIC_REPRESENTATION_CONTEXT() REPRESENTATION_CONTEXT('2D SPACE',''
  ) );
#7802 = PCURVE('',#7803,#7810);
#7803 = SURFACE_OF_LINEAR_EXTRUSION('',#7804,#7808);
#7804 = B_SPLINE_CURVE_WITH_KNOTS('',2,(#7805,#7806,#7807),
  .UNSPECIFIED.,.F.,.F.,(3,3),(0.,1.),.PIECEWISE_BEZIER_KNOTS.);
#7805 = CARTESIAN_POINT('',(11.073486328125,-3.354736328125,0.));
#7806 = CARTESIAN_POINT('',(10.584716796875,-3.830810546875,0.));
#7807 = CARTESIAN_POINT('',(9.753173828125,-4.097412109375,0.));
#7808 = VECTOR('',#7809,1.);
#7809 = DIRECTION('',(0.,0.,1.));
#7810 = DEFINITIONAL_REPRESENTATION('',(#7811),#7815);
#7811 = LINE('',#7812,#7813);
#7812 = CARTESIAN_POINT('',(0.,0.));
#7813 = VECTOR('',#7814,1.);
#7814 = DIRECTION('',(0.,-1.));
#7815 = ( GEOMETRIC_REPRESENTATION_CONTEXT(2) 
PARAMETRIC_REPRESENTATION_CONTEXT() REPRESENTATION_CONTEXT('2D SPACE',''
  ) );
#7816 = ORIENTED_EDGE('',*,*,#7817,.F.);
#7817 = EDGE_CURVE('',#7710,#7788,#7818,.T.);
#7818 = SURFACE_CURVE('',#7819,(#7823,#7830),.PCURVE_S1.);
#7819 = B_SPLINE_CURVE_WITH_KNOTS('',2,(#7820,#7821,#7822),
  .UNSPECIFIED.,.F.,.F.,(3,3),(0.,1.),.PIECEWISE_BEZIER_KNOTS.);
#7820 = CARTESIAN_POINT('',(12.070068359375,-1.710693359375,0.));
#7821 = CARTESIAN_POINT('',(11.720947265625,-2.726318359375,0.));
#7822 = CARTESIAN_POINT('',(11.073486328125,-3.354736328125,0.));
#7823 = PCURVE('',#7725,#7824);
#7824 = DEFINITIONAL_REPRESENTATION('',(#7825),#7829);
#7825 = LINE('',#7826,#7827);
#7826 = CARTESIAN_POINT('',(0.,0.));
#7827 = VECTOR('',#7828,1.);
#7828 = DIRECTION('',(1.,0.));
#7829 = ( GEOMETRIC_REPRESENTATION_CONTEXT(2) 
PARAMETRIC_REPRESENTATION_CONTEXT() REPRESENTATION_CONTEXT('2D SPACE',''
  ) );
#7830 = PCURVE('',#7280,#7831);
#7831 = DEFINITIONAL_REPRESENTATION('',(#7832),#7836);
#7832 = B_SPLINE_CURVE_WITH_KNOTS('',2,(#7833,#7834,#7835),
  .UNSPECIFIED.,.F.,.F.,(3,3),(0.,1.),.PIECEWISE_BEZIER_KNOTS.);
#7833 = CARTESIAN_POINT('',(8.455078125,2.58349609375));
#7834 = CARTESIAN_POINT('',(8.10595703125,1.56787109375));
#7835 = CARTESIAN_POINT('',(7.45849609375,0.939453125));
#7836 = ( GEOMETRIC_REPRESENTATION_CONTEXT(2) 
PARAMETRIC_REPRESENTATION_CONTEXT() REPRESENTATION_CONTEXT('2D SPACE',''
  ) );
#7837 = ADVANCED_FACE('',(#7838),#7803,.F.);
#7838 = FACE_BOUND('',#7839,.F.);
#7839 = EDGE_LOOP('',(#7840,#7841,#7864,#7894));
#7840 = ORIENTED_EDGE('',*,*,#7787,.T.);
#7841 = ORIENTED_EDGE('',*,*,#7842,.T.);
#7842 = EDGE_CURVE('',#7765,#7843,#7845,.T.);
#7843 = VERTEX_POINT('',#7844);
#7844 = CARTESIAN_POINT('',(9.753173828125,-4.097412109375,-1.6));
#7845 = SURFACE_CURVE('',#7846,(#7850,#7857),.PCURVE_S1.);
#7846 = B_SPLINE_CURVE_WITH_KNOTS('',2,(#7847,#7848,#7849),
  .UNSPECIFIED.,.F.,.F.,(3,3),(0.,1.),.PIECEWISE_BEZIER_KNOTS.);
#7847 = CARTESIAN_POINT('',(11.073486328125,-3.354736328125,-1.6));
#7848 = CARTESIAN_POINT('',(10.584716796875,-3.830810546875,-1.6));
#7849 = CARTESIAN_POINT('',(9.753173828125,-4.097412109375,-1.6));
#7850 = PCURVE('',#7803,#7851);
#7851 = DEFINITIONAL_REPRESENTATION('',(#7852),#7856);
#7852 = LINE('',#7853,#7854);
#7853 = CARTESIAN_POINT('',(0.,-1.6));
#7854 = VECTOR('',#7855,1.);
#7855 = DIRECTION('',(1.,0.));
#7856 = ( GEOMETRIC_REPRESENTATION_CONTEXT(2) 
PARAMETRIC_REPRESENTATION_CONTEXT() REPRESENTATION_CONTEXT('2D SPACE',''
  ) );
#7857 = PCURVE('',#7226,#7858);
#7858 = DEFINITIONAL_REPRESENTATION('',(#7859),#7863);
#7859 = B_SPLINE_CURVE_WITH_KNOTS('',2,(#7860,#7861,#7862),
  .UNSPECIFIED.,.F.,.F.,(3,3),(0.,1.),.PIECEWISE_BEZIER_KNOTS.);
#7860 = CARTESIAN_POINT('',(7.45849609375,0.939453125));
#7861 = CARTESIAN_POINT('',(6.9697265625,0.46337890625));
#7862 = CARTESIAN_POINT('',(6.13818359375,0.19677734375));
#7863 = ( GEOMETRIC_REPRESENTATION_CONTEXT(2) 
PARAMETRIC_REPRESENTATION_CONTEXT() REPRESENTATION_CONTEXT('2D SPACE',''
  ) );
#7864 = ORIENTED_EDGE('',*,*,#7865,.F.);
#7865 = EDGE_CURVE('',#7866,#7843,#7868,.T.);
#7866 = VERTEX_POINT('',#7867);
#7867 = CARTESIAN_POINT('',(9.753173828125,-4.097412109375,0.));
#7868 = SURFACE_CURVE('',#7869,(#7873,#7880),.PCURVE_S1.);
#7869 = LINE('',#7870,#7871);
#7870 = CARTESIAN_POINT('',(9.753173828125,-4.097412109375,0.));
#7871 = VECTOR('',#7872,1.);
#7872 = DIRECTION('',(-0.,-0.,-1.));
#7873 = PCURVE('',#7803,#7874);
#7874 = DEFINITIONAL_REPRESENTATION('',(#7875),#7879);
#7875 = LINE('',#7876,#7877);
#7876 = CARTESIAN_POINT('',(1.,0.));
#7877 = VECTOR('',#7878,1.);
#7878 = DIRECTION('',(0.,-1.));
#7879 = ( GEOMETRIC_REPRESENTATION_CONTEXT(2) 
PARAMETRIC_REPRESENTATION_CONTEXT() REPRESENTATION_CONTEXT('2D SPACE',''
  ) );
#7880 = PCURVE('',#7881,#7888);
#7881 = SURFACE_OF_LINEAR_EXTRUSION('',#7882,#7886);
#7882 = B_SPLINE_CURVE_WITH_KNOTS('',2,(#7883,#7884,#7885),
  .UNSPECIFIED.,.F.,.F.,(3,3),(0.,1.),.PIECEWISE_BEZIER_KNOTS.);
#7883 = CARTESIAN_POINT('',(9.753173828125,-4.097412109375,0.));
#7884 = CARTESIAN_POINT('',(9.131103515625,-4.294189453125,0.));
#7885 = CARTESIAN_POINT('',(8.090087890625,-4.294189453125,0.));
#7886 = VECTOR('',#7887,1.);
#7887 = DIRECTION('',(0.,0.,1.));
#7888 = DEFINITIONAL_REPRESENTATION('',(#7889),#7893);
#7889 = LINE('',#7890,#7891);
#7890 = CARTESIAN_POINT('',(0.,0.));
#7891 = VECTOR('',#7892,1.);
#7892 = DIRECTION('',(0.,-1.));
#7893 = ( GEOMETRIC_REPRESENTATION_CONTEXT(2) 
PARAMETRIC_REPRESENTATION_CONTEXT() REPRESENTATION_CONTEXT('2D SPACE',''
  ) );
#7894 = ORIENTED_EDGE('',*,*,#7895,.F.);
#7895 = EDGE_CURVE('',#7788,#7866,#7896,.T.);
#7896 = SURFACE_CURVE('',#7897,(#7901,#7908),.PCURVE_S1.);
#7897 = B_SPLINE_CURVE_WITH_KNOTS('',2,(#7898,#7899,#7900),
  .UNSPECIFIED.,.F.,.F.,(3,3),(0.,1.),.PIECEWISE_BEZIER_KNOTS.);
#7898 = CARTESIAN_POINT('',(11.073486328125,-3.354736328125,0.));
#7899 = CARTESIAN_POINT('',(10.584716796875,-3.830810546875,0.));
#7900 = CARTESIAN_POINT('',(9.753173828125,-4.097412109375,0.));
#7901 = PCURVE('',#7803,#7902);
#7902 = DEFINITIONAL_REPRESENTATION('',(#7903),#7907);
#7903 = LINE('',#7904,#7905);
#7904 = CARTESIAN_POINT('',(0.,0.));
#7905 = VECTOR('',#7906,1.);
#7906 = DIRECTION('',(1.,0.));
#7907 = ( GEOMETRIC_REPRESENTATION_CONTEXT(2) 
PARAMETRIC_REPRESENTATION_CONTEXT() REPRESENTATION_CONTEXT('2D SPACE',''
  ) );
#7908 = PCURVE('',#7280,#7909);
#7909 = DEFINITIONAL_REPRESENTATION('',(#7910),#7914);
#7910 = B_SPLINE_CURVE_WITH_KNOTS('',2,(#7911,#7912,#7913),
  .UNSPECIFIED.,.F.,.F.,(3,3),(0.,1.),.PIECEWISE_BEZIER_KNOTS.);
#7911 = CARTESIAN_POINT('',(7.45849609375,0.939453125));
#7912 = CARTESIAN_POINT('',(6.9697265625,0.46337890625));
#7913 = CARTESIAN_POINT('',(6.13818359375,0.19677734375));
#7914 = ( GEOMETRIC_REPRESENTATION_CONTEXT(2) 
PARAMETRIC_REPRESENTATION_CONTEXT() REPRESENTATION_CONTEXT('2D SPACE',''
  ) );
#7915 = ADVANCED_FACE('',(#7916),#7881,.F.);
#7916 = FACE_BOUND('',#7917,.F.);
#7917 = EDGE_LOOP('',(#7918,#7919,#7942,#7965));
#7918 = ORIENTED_EDGE('',*,*,#7865,.T.);
#7919 = ORIENTED_EDGE('',*,*,#7920,.T.);
#7920 = EDGE_CURVE('',#7843,#7921,#7923,.T.);
#7921 = VERTEX_POINT('',#7922);
#7922 = CARTESIAN_POINT('',(8.090087890625,-4.294189453125,-1.6));
#7923 = SURFACE_CURVE('',#7924,(#7928,#7935),.PCURVE_S1.);
#7924 = B_SPLINE_CURVE_WITH_KNOTS('',2,(#7925,#7926,#7927),
  .UNSPECIFIED.,.F.,.F.,(3,3),(0.,1.),.PIECEWISE_BEZIER_KNOTS.);
#7925 = CARTESIAN_POINT('',(9.753173828125,-4.097412109375,-1.6));
#7926 = CARTESIAN_POINT('',(9.131103515625,-4.294189453125,-1.6));
#7927 = CARTESIAN_POINT('',(8.090087890625,-4.294189453125,-1.6));
#7928 = PCURVE('',#7881,#7929);
#7929 = DEFINITIONAL_REPRESENTATION('',(#7930),#7934);
#7930 = LINE('',#7931,#7932);
#7931 = CARTESIAN_POINT('',(0.,-1.6));
#7932 = VECTOR('',#7933,1.);
#7933 = DIRECTION('',(1.,0.));
#7934 = ( GEOMETRIC_REPRESENTATION_CONTEXT(2) 
PARAMETRIC_REPRESENTATION_CONTEXT() REPRESENTATION_CONTEXT('2D SPACE',''
  ) );
#7935 = PCURVE('',#7226,#7936);
#7936 = DEFINITIONAL_REPRESENTATION('',(#7937),#7941);
#7937 = B_SPLINE_CURVE_WITH_KNOTS('',2,(#7938,#7939,#7940),
  .UNSPECIFIED.,.F.,.F.,(3,3),(0.,1.),.PIECEWISE_BEZIER_KNOTS.);
#7938 = CARTESIAN_POINT('',(6.13818359375,0.19677734375));
#7939 = CARTESIAN_POINT('',(5.51611328125,0.));
#7940 = CARTESIAN_POINT('',(4.47509765625,0.));
#7941 = ( GEOMETRIC_REPRESENTATION_CONTEXT(2) 
PARAMETRIC_REPRESENTATION_CONTEXT() REPRESENTATION_CONTEXT('2D SPACE',''
  ) );
#7942 = ORIENTED_EDGE('',*,*,#7943,.F.);
#7943 = EDGE_CURVE('',#7944,#7921,#7946,.T.);
#7944 = VERTEX_POINT('',#7945);
#7945 = CARTESIAN_POINT('',(8.090087890625,-4.294189453125,0.));
#7946 = SURFACE_CURVE('',#7947,(#7951,#7958),.PCURVE_S1.);
#7947 = LINE('',#7948,#7949);
#7948 = CARTESIAN_POINT('',(8.090087890625,-4.294189453125,0.));
#7949 = VECTOR('',#7950,1.);
#7950 = DIRECTION('',(-0.,-0.,-1.));
#7951 = PCURVE('',#7881,#7952);
#7952 = DEFINITIONAL_REPRESENTATION('',(#7953),#7957);
#7953 = LINE('',#7954,#7955);
#7954 = CARTESIAN_POINT('',(1.,0.));
#7955 = VECTOR('',#7956,1.);
#7956 = DIRECTION('',(0.,-1.));
#7957 = ( GEOMETRIC_REPRESENTATION_CONTEXT(2) 
PARAMETRIC_REPRESENTATION_CONTEXT() REPRESENTATION_CONTEXT('2D SPACE',''
  ) );
#7958 = PCURVE('',#7198,#7959);
#7959 = DEFINITIONAL_REPRESENTATION('',(#7960),#7964);
#7960 = LINE('',#7961,#7962);
#7961 = CARTESIAN_POINT('',(0.,0.));
#7962 = VECTOR('',#7963,1.);
#7963 = DIRECTION('',(0.,-1.));
#7964 = ( GEOMETRIC_REPRESENTATION_CONTEXT(2) 
PARAMETRIC_REPRESENTATION_CONTEXT() REPRESENTATION_CONTEXT('2D SPACE',''
  ) );
#7965 = ORIENTED_EDGE('',*,*,#7966,.F.);
#7966 = EDGE_CURVE('',#7866,#7944,#7967,.T.);
#7967 = SURFACE_CURVE('',#7968,(#7972,#7979),.PCURVE_S1.);
#7968 = B_SPLINE_CURVE_WITH_KNOTS('',2,(#7969,#7970,#7971),
  .UNSPECIFIED.,.F.,.F.,(3,3),(0.,1.),.PIECEWISE_BEZIER_KNOTS.);
#7969 = CARTESIAN_POINT('',(9.753173828125,-4.097412109375,0.));
#7970 = CARTESIAN_POINT('',(9.131103515625,-4.294189453125,0.));
#7971 = CARTESIAN_POINT('',(8.090087890625,-4.294189453125,0.));
#7972 = PCURVE('',#7881,#7973);
#7973 = DEFINITIONAL_REPRESENTATION('',(#7974),#7978);
#7974 = LINE('',#7975,#7976);
#7975 = CARTESIAN_POINT('',(0.,0.));
#7976 = VECTOR('',#7977,1.);
#7977 = DIRECTION('',(1.,0.));
#7978 = ( GEOMETRIC_REPRESENTATION_CONTEXT(2) 
PARAMETRIC_REPRESENTATION_CONTEXT() REPRESENTATION_CONTEXT('2D SPACE',''
  ) );
#7979 = PCURVE('',#7280,#7980);
#7980 = DEFINITIONAL_REPRESENTATION('',(#7981),#7985);
#7981 = B_SPLINE_CURVE_WITH_KNOTS('',2,(#7982,#7983,#7984),
  .UNSPECIFIED.,.F.,.F.,(3,3),(0.,1.),.PIECEWISE_BEZIER_KNOTS.);
#7982 = CARTESIAN_POINT('',(6.13818359375,0.19677734375));
#7983 = CARTESIAN_POINT('',(5.51611328125,0.));
#7984 = CARTESIAN_POINT('',(4.47509765625,0.));
#7985 = ( GEOMETRIC_REPRESENTATION_CONTEXT(2) 
PARAMETRIC_REPRESENTATION_CONTEXT() REPRESENTATION_CONTEXT('2D SPACE',''
  ) );
#7986 = ADVANCED_FACE('',(#7987),#7198,.F.);
#7987 = FACE_BOUND('',#7988,.F.);
#7988 = EDGE_LOOP('',(#7989,#7990,#8011,#8012));
#7989 = ORIENTED_EDGE('',*,*,#7943,.T.);
#7990 = ORIENTED_EDGE('',*,*,#7991,.T.);
#7991 = EDGE_CURVE('',#7921,#7178,#7992,.T.);
#7992 = SURFACE_CURVE('',#7993,(#7997,#8004),.PCURVE_S1.);
#7993 = LINE('',#7994,#7995);
#7994 = CARTESIAN_POINT('',(8.090087890625,-4.294189453125,-1.6));
#7995 = VECTOR('',#7996,1.);
#7996 = DIRECTION('',(-1.,0.,0.));
#7997 = PCURVE('',#7198,#7998);
#7998 = DEFINITIONAL_REPRESENTATION('',(#7999),#8003);
#7999 = LINE('',#8000,#8001);
#8000 = CARTESIAN_POINT('',(0.,-1.6));
#8001 = VECTOR('',#8002,1.);
#8002 = DIRECTION('',(1.,0.));
#8003 = ( GEOMETRIC_REPRESENTATION_CONTEXT(2) 
PARAMETRIC_REPRESENTATION_CONTEXT() REPRESENTATION_CONTEXT('2D SPACE',''
  ) );
#8004 = PCURVE('',#7226,#8005);
#8005 = DEFINITIONAL_REPRESENTATION('',(#8006),#8010);
#8006 = LINE('',#8007,#8008);
#8007 = CARTESIAN_POINT('',(4.47509765625,0.));
#8008 = VECTOR('',#8009,1.);
#8009 = DIRECTION('',(-1.,0.));
#8010 = ( GEOMETRIC_REPRESENTATION_CONTEXT(2) 
PARAMETRIC_REPRESENTATION_CONTEXT() REPRESENTATION_CONTEXT('2D SPACE',''
  ) );
#8011 = ORIENTED_EDGE('',*,*,#7175,.F.);
#8012 = ORIENTED_EDGE('',*,*,#8013,.F.);
#8013 = EDGE_CURVE('',#7944,#7176,#8014,.T.);
#8014 = SURFACE_CURVE('',#8015,(#8019,#8026),.PCURVE_S1.);
#8015 = LINE('',#8016,#8017);
#8016 = CARTESIAN_POINT('',(8.090087890625,-4.294189453125,0.));
#8017 = VECTOR('',#8018,1.);
#8018 = DIRECTION('',(-1.,0.,0.));
#8019 = PCURVE('',#7198,#8020);
#8020 = DEFINITIONAL_REPRESENTATION('',(#8021),#8025);
#8021 = LINE('',#8022,#8023);
#8022 = CARTESIAN_POINT('',(0.,0.));
#8023 = VECTOR('',#8024,1.);
#8024 = DIRECTION('',(1.,0.));
#8025 = ( GEOMETRIC_REPRESENTATION_CONTEXT(2) 
PARAMETRIC_REPRESENTATION_CONTEXT() REPRESENTATION_CONTEXT('2D SPACE',''
  ) );
#8026 = PCURVE('',#7280,#8027);
#8027 = DEFINITIONAL_REPRESENTATION('',(#8028),#8032);
#8028 = LINE('',#8029,#8030);
#8029 = CARTESIAN_POINT('',(4.47509765625,0.));
#8030 = VECTOR('',#8031,1.);
#8031 = DIRECTION('',(-1.,0.));
#8032 = ( GEOMETRIC_REPRESENTATION_CONTEXT(2) 
PARAMETRIC_REPRESENTATION_CONTEXT() REPRESENTATION_CONTEXT('2D SPACE',''
  ) );
#8033 = ADVANCED_FACE('',(#8034),#8048,.F.);
#8034 = FACE_BOUND('',#8035,.F.);
#8035 = EDGE_LOOP('',(#8036,#8073,#8096,#8124));
#8036 = ORIENTED_EDGE('',*,*,#8037,.T.);
#8037 = EDGE_CURVE('',#8038,#8040,#8042,.T.);
#8038 = VERTEX_POINT('',#8039);
#8039 = CARTESIAN_POINT('',(7.277587890625,3.437255859375,0.));
#8040 = VERTEX_POINT('',#8041);
#8041 = CARTESIAN_POINT('',(7.277587890625,3.437255859375,-1.6));
#8042 = SURFACE_CURVE('',#8043,(#8047,#8059),.PCURVE_S1.);
#8043 = LINE('',#8044,#8045);
#8044 = CARTESIAN_POINT('',(7.277587890625,3.437255859375,0.));
#8045 = VECTOR('',#8046,1.);
#8046 = DIRECTION('',(-0.,-0.,-1.));
#8047 = PCURVE('',#8048,#8053);
#8048 = PLANE('',#8049);
#8049 = AXIS2_PLACEMENT_3D('',#8050,#8051,#8052);
#8050 = CARTESIAN_POINT('',(7.277587890625,3.437255859375,0.));
#8051 = DIRECTION('',(0.,1.,-0.));
#8052 = DIRECTION('',(-1.,0.,0.));
#8053 = DEFINITIONAL_REPRESENTATION('',(#8054),#8058);
#8054 = LINE('',#8055,#8056);
#8055 = CARTESIAN_POINT('',(0.,0.));
#8056 = VECTOR('',#8057,1.);
#8057 = DIRECTION('',(0.,-1.));
#8058 = ( GEOMETRIC_REPRESENTATION_CONTEXT(2) 
PARAMETRIC_REPRESENTATION_CONTEXT() REPRESENTATION_CONTEXT('2D SPACE',''
  ) );
#8059 = PCURVE('',#8060,#8067);
#8060 = SURFACE_OF_LINEAR_EXTRUSION('',#8061,#8065);
#8061 = B_SPLINE_CURVE_WITH_KNOTS('',2,(#8062,#8063,#8064),
  .UNSPECIFIED.,.F.,.F.,(3,3),(0.,1.),.PIECEWISE_BEZIER_KNOTS.);
#8062 = CARTESIAN_POINT('',(8.820068359375,3.348388671875,0.));
#8063 = CARTESIAN_POINT('',(8.426513671875,3.437255859375,0.));
#8064 = CARTESIAN_POINT('',(7.277587890625,3.437255859375,0.));
#8065 = VECTOR('',#8066,1.);
#8066 = DIRECTION('',(0.,0.,1.));
#8067 = DEFINITIONAL_REPRESENTATION('',(#8068),#8072);
#8068 = LINE('',#8069,#8070);
#8069 = CARTESIAN_POINT('',(1.,0.));
#8070 = VECTOR('',#8071,1.);
#8071 = DIRECTION('',(0.,-1.));
#8072 = ( GEOMETRIC_REPRESENTATION_CONTEXT(2) 
PARAMETRIC_REPRESENTATION_CONTEXT() REPRESENTATION_CONTEXT('2D SPACE',''
  ) );
#8073 = ORIENTED_EDGE('',*,*,#8074,.T.);
#8074 = EDGE_CURVE('',#8040,#8075,#8077,.T.);
#8075 = VERTEX_POINT('',#8076);
#8076 = CARTESIAN_POINT('',(6.433349609375,3.437255859375,-1.6));
#8077 = SURFACE_CURVE('',#8078,(#8082,#8089),.PCURVE_S1.);
#8078 = LINE('',#8079,#8080);
#8079 = CARTESIAN_POINT('',(7.277587890625,3.437255859375,-1.6));
#8080 = VECTOR('',#8081,1.);
#8081 = DIRECTION('',(-1.,0.,0.));
#8082 = PCURVE('',#8048,#8083);
#8083 = DEFINITIONAL_REPRESENTATION('',(#8084),#8088);
#8084 = LINE('',#8085,#8086);
#8085 = CARTESIAN_POINT('',(0.,-1.6));
#8086 = VECTOR('',#8087,1.);
#8087 = DIRECTION('',(1.,0.));
#8088 = ( GEOMETRIC_REPRESENTATION_CONTEXT(2) 
PARAMETRIC_REPRESENTATION_CONTEXT() REPRESENTATION_CONTEXT('2D SPACE',''
  ) );
#8089 = PCURVE('',#7226,#8090);
#8090 = DEFINITIONAL_REPRESENTATION('',(#8091),#8095);
#8091 = LINE('',#8092,#8093);
#8092 = CARTESIAN_POINT('',(3.66259765625,7.7314453125));
#8093 = VECTOR('',#8094,1.);
#8094 = DIRECTION('',(-1.,0.));
#8095 = ( GEOMETRIC_REPRESENTATION_CONTEXT(2) 
PARAMETRIC_REPRESENTATION_CONTEXT() REPRESENTATION_CONTEXT('2D SPACE',''
  ) );
#8096 = ORIENTED_EDGE('',*,*,#8097,.F.);
#8097 = EDGE_CURVE('',#8098,#8075,#8100,.T.);
#8098 = VERTEX_POINT('',#8099);
#8099 = CARTESIAN_POINT('',(6.433349609375,3.437255859375,0.));
#8100 = SURFACE_CURVE('',#8101,(#8105,#8112),.PCURVE_S1.);
#8101 = LINE('',#8102,#8103);
#8102 = CARTESIAN_POINT('',(6.433349609375,3.437255859375,0.));
#8103 = VECTOR('',#8104,1.);
#8104 = DIRECTION('',(-0.,-0.,-1.));
#8105 = PCURVE('',#8048,#8106);
#8106 = DEFINITIONAL_REPRESENTATION('',(#8107),#8111);
#8107 = LINE('',#8108,#8109);
#8108 = CARTESIAN_POINT('',(0.84423828125,0.));
#8109 = VECTOR('',#8110,1.);
#8110 = DIRECTION('',(0.,-1.));
#8111 = ( GEOMETRIC_REPRESENTATION_CONTEXT(2) 
PARAMETRIC_REPRESENTATION_CONTEXT() REPRESENTATION_CONTEXT('2D SPACE',''
  ) );
#8112 = PCURVE('',#8113,#8118);
#8113 = PLANE('',#8114);
#8114 = AXIS2_PLACEMENT_3D('',#8115,#8116,#8117);
#8115 = CARTESIAN_POINT('',(6.433349609375,3.437255859375,0.));
#8116 = DIRECTION('',(-1.,0.,0.));
#8117 = DIRECTION('',(0.,-1.,0.));
#8118 = DEFINITIONAL_REPRESENTATION('',(#8119),#8123);
#8119 = LINE('',#8120,#8121);
#8120 = CARTESIAN_POINT('',(0.,0.));
#8121 = VECTOR('',#8122,1.);
#8122 = DIRECTION('',(0.,-1.));
#8123 = ( GEOMETRIC_REPRESENTATION_CONTEXT(2) 
PARAMETRIC_REPRESENTATION_CONTEXT() REPRESENTATION_CONTEXT('2D SPACE',''
  ) );
#8124 = ORIENTED_EDGE('',*,*,#8125,.F.);
#8125 = EDGE_CURVE('',#8038,#8098,#8126,.T.);
#8126 = SURFACE_CURVE('',#8127,(#8131,#8138),.PCURVE_S1.);
#8127 = LINE('',#8128,#8129);
#8128 = CARTESIAN_POINT('',(7.277587890625,3.437255859375,0.));
#8129 = VECTOR('',#8130,1.);
#8130 = DIRECTION('',(-1.,0.,0.));
#8131 = PCURVE('',#8048,#8132);
#8132 = DEFINITIONAL_REPRESENTATION('',(#8133),#8137);
#8133 = LINE('',#8134,#8135);
#8134 = CARTESIAN_POINT('',(0.,0.));
#8135 = VECTOR('',#8136,1.);
#8136 = DIRECTION('',(1.,0.));
#8137 = ( GEOMETRIC_REPRESENTATION_CONTEXT(2) 
PARAMETRIC_REPRESENTATION_CONTEXT() REPRESENTATION_CONTEXT('2D SPACE',''
  ) );
#8138 = PCURVE('',#7280,#8139);
#8139 = DEFINITIONAL_REPRESENTATION('',(#8140),#8144);
#8140 = LINE('',#8141,#8142);
#8141 = CARTESIAN_POINT('',(3.66259765625,7.7314453125));
#8142 = VECTOR('',#8143,1.);
#8143 = DIRECTION('',(-1.,0.));
#8144 = ( GEOMETRIC_REPRESENTATION_CONTEXT(2) 
PARAMETRIC_REPRESENTATION_CONTEXT() REPRESENTATION_CONTEXT('2D SPACE',''
  ) );
#8145 = ADVANCED_FACE('',(#8146),#8113,.F.);
#8146 = FACE_BOUND('',#8147,.F.);
#8147 = EDGE_LOOP('',(#8148,#8149,#8172,#8200));
#8148 = ORIENTED_EDGE('',*,*,#8097,.T.);
#8149 = ORIENTED_EDGE('',*,*,#8150,.T.);
#8150 = EDGE_CURVE('',#8075,#8151,#8153,.T.);
#8151 = VERTEX_POINT('',#8152);
#8152 = CARTESIAN_POINT('',(6.433349609375,-2.726318359375,-1.6));
#8153 = SURFACE_CURVE('',#8154,(#8158,#8165),.PCURVE_S1.);
#8154 = LINE('',#8155,#8156);
#8155 = CARTESIAN_POINT('',(6.433349609375,3.437255859375,-1.6));
#8156 = VECTOR('',#8157,1.);
#8157 = DIRECTION('',(0.,-1.,0.));
#8158 = PCURVE('',#8113,#8159);
#8159 = DEFINITIONAL_REPRESENTATION('',(#8160),#8164);
#8160 = LINE('',#8161,#8162);
#8161 = CARTESIAN_POINT('',(0.,-1.6));
#8162 = VECTOR('',#8163,1.);
#8163 = DIRECTION('',(1.,0.));
#8164 = ( GEOMETRIC_REPRESENTATION_CONTEXT(2) 
PARAMETRIC_REPRESENTATION_CONTEXT() REPRESENTATION_CONTEXT('2D SPACE',''
  ) );
#8165 = PCURVE('',#7226,#8166);
#8166 = DEFINITIONAL_REPRESENTATION('',(#8167),#8171);
#8167 = LINE('',#8168,#8169);
#8168 = CARTESIAN_POINT('',(2.818359375,7.7314453125));
#8169 = VECTOR('',#8170,1.);
#8170 = DIRECTION('',(0.,-1.));
#8171 = ( GEOMETRIC_REPRESENTATION_CONTEXT(2) 
PARAMETRIC_REPRESENTATION_CONTEXT() REPRESENTATION_CONTEXT('2D SPACE',''
  ) );
#8172 = ORIENTED_EDGE('',*,*,#8173,.F.);
#8173 = EDGE_CURVE('',#8174,#8151,#8176,.T.);
#8174 = VERTEX_POINT('',#8175);
#8175 = CARTESIAN_POINT('',(6.433349609375,-2.726318359375,0.));
#8176 = SURFACE_CURVE('',#8177,(#8181,#8188),.PCURVE_S1.);
#8177 = LINE('',#8178,#8179);
#8178 = CARTESIAN_POINT('',(6.433349609375,-2.726318359375,0.));
#8179 = VECTOR('',#8180,1.);
#8180 = DIRECTION('',(-0.,-0.,-1.));
#8181 = PCURVE('',#8113,#8182);
#8182 = DEFINITIONAL_REPRESENTATION('',(#8183),#8187);
#8183 = LINE('',#8184,#8185);
#8184 = CARTESIAN_POINT('',(6.16357421875,0.));
#8185 = VECTOR('',#8186,1.);
#8186 = DIRECTION('',(0.,-1.));
#8187 = ( GEOMETRIC_REPRESENTATION_CONTEXT(2) 
PARAMETRIC_REPRESENTATION_CONTEXT() REPRESENTATION_CONTEXT('2D SPACE',''
  ) );
#8188 = PCURVE('',#8189,#8194);
#8189 = PLANE('',#8190);
#8190 = AXIS2_PLACEMENT_3D('',#8191,#8192,#8193);
#8191 = CARTESIAN_POINT('',(6.433349609375,-2.726318359375,0.));
#8192 = DIRECTION('',(0.,-1.,0.));
#8193 = DIRECTION('',(1.,0.,0.));
#8194 = DEFINITIONAL_REPRESENTATION('',(#8195),#8199);
#8195 = LINE('',#8196,#8197);
#8196 = CARTESIAN_POINT('',(0.,0.));
#8197 = VECTOR('',#8198,1.);
#8198 = DIRECTION('',(0.,-1.));
#8199 = ( GEOMETRIC_REPRESENTATION_CONTEXT(2) 
PARAMETRIC_REPRESENTATION_CONTEXT() REPRESENTATION_CONTEXT('2D SPACE',''
  ) );
#8200 = ORIENTED_EDGE('',*,*,#8201,.F.);
#8201 = EDGE_CURVE('',#8098,#8174,#8202,.T.);
#8202 = SURFACE_CURVE('',#8203,(#8207,#8214),.PCURVE_S1.);
#8203 = LINE('',#8204,#8205);
#8204 = CARTESIAN_POINT('',(6.433349609375,3.437255859375,0.));
#8205 = VECTOR('',#8206,1.);
#8206 = DIRECTION('',(0.,-1.,0.));
#8207 = PCURVE('',#8113,#8208);
#8208 = DEFINITIONAL_REPRESENTATION('',(#8209),#8213);
#8209 = LINE('',#8210,#8211);
#8210 = CARTESIAN_POINT('',(0.,0.));
#8211 = VECTOR('',#8212,1.);
#8212 = DIRECTION('',(1.,0.));
#8213 = ( GEOMETRIC_REPRESENTATION_CONTEXT(2) 
PARAMETRIC_REPRESENTATION_CONTEXT() REPRESENTATION_CONTEXT('2D SPACE',''
  ) );
#8214 = PCURVE('',#7280,#8215);
#8215 = DEFINITIONAL_REPRESENTATION('',(#8216),#8220);
#8216 = LINE('',#8217,#8218);
#8217 = CARTESIAN_POINT('',(2.818359375,7.7314453125));
#8218 = VECTOR('',#8219,1.);
#8219 = DIRECTION('',(0.,-1.));
#8220 = ( GEOMETRIC_REPRESENTATION_CONTEXT(2) 
PARAMETRIC_REPRESENTATION_CONTEXT() REPRESENTATION_CONTEXT('2D SPACE',''
  ) );
#8221 = ADVANCED_FACE('',(#8222),#8189,.F.);
#8222 = FACE_BOUND('',#8223,.F.);
#8223 = EDGE_LOOP('',(#8224,#8225,#8248,#8278));
#8224 = ORIENTED_EDGE('',*,*,#8173,.T.);
#8225 = ORIENTED_EDGE('',*,*,#8226,.T.);
#8226 = EDGE_CURVE('',#8151,#8227,#8229,.T.);
#8227 = VERTEX_POINT('',#8228);
#8228 = CARTESIAN_POINT('',(7.836181640625,-2.726318359375,-1.6));
#8229 = SURFACE_CURVE('',#8230,(#8234,#8241),.PCURVE_S1.);
#8230 = LINE('',#8231,#8232);
#8231 = CARTESIAN_POINT('',(6.433349609375,-2.726318359375,-1.6));
#8232 = VECTOR('',#8233,1.);
#8233 = DIRECTION('',(1.,0.,0.));
#8234 = PCURVE('',#8189,#8235);
#8235 = DEFINITIONAL_REPRESENTATION('',(#8236),#8240);
#8236 = LINE('',#8237,#8238);
#8237 = CARTESIAN_POINT('',(0.,-1.6));
#8238 = VECTOR('',#8239,1.);
#8239 = DIRECTION('',(1.,0.));
#8240 = ( GEOMETRIC_REPRESENTATION_CONTEXT(2) 
PARAMETRIC_REPRESENTATION_CONTEXT() REPRESENTATION_CONTEXT('2D SPACE',''
  ) );
#8241 = PCURVE('',#7226,#8242);
#8242 = DEFINITIONAL_REPRESENTATION('',(#8243),#8247);
#8243 = LINE('',#8244,#8245);
#8244 = CARTESIAN_POINT('',(2.818359375,1.56787109375));
#8245 = VECTOR('',#8246,1.);
#8246 = DIRECTION('',(1.,0.));
#8247 = ( GEOMETRIC_REPRESENTATION_CONTEXT(2) 
PARAMETRIC_REPRESENTATION_CONTEXT() REPRESENTATION_CONTEXT('2D SPACE',''
  ) );
#8248 = ORIENTED_EDGE('',*,*,#8249,.F.);
#8249 = EDGE_CURVE('',#8250,#8227,#8252,.T.);
#8250 = VERTEX_POINT('',#8251);
#8251 = CARTESIAN_POINT('',(7.836181640625,-2.726318359375,0.));
#8252 = SURFACE_CURVE('',#8253,(#8257,#8264),.PCURVE_S1.);
#8253 = LINE('',#8254,#8255);
#8254 = CARTESIAN_POINT('',(7.836181640625,-2.726318359375,0.));
#8255 = VECTOR('',#8256,1.);
#8256 = DIRECTION('',(-0.,-0.,-1.));
#8257 = PCURVE('',#8189,#8258);
#8258 = DEFINITIONAL_REPRESENTATION('',(#8259),#8263);
#8259 = LINE('',#8260,#8261);
#8260 = CARTESIAN_POINT('',(1.40283203125,0.));
#8261 = VECTOR('',#8262,1.);
#8262 = DIRECTION('',(0.,-1.));
#8263 = ( GEOMETRIC_REPRESENTATION_CONTEXT(2) 
PARAMETRIC_REPRESENTATION_CONTEXT() REPRESENTATION_CONTEXT('2D SPACE',''
  ) );
#8264 = PCURVE('',#8265,#8272);
#8265 = SURFACE_OF_LINEAR_EXTRUSION('',#8266,#8270);
#8266 = B_SPLINE_CURVE_WITH_KNOTS('',2,(#8267,#8268,#8269),
  .UNSPECIFIED.,.F.,.F.,(3,3),(0.,1.),.PIECEWISE_BEZIER_KNOTS.);
#8267 = CARTESIAN_POINT('',(7.836181640625,-2.726318359375,0.));
#8268 = CARTESIAN_POINT('',(8.623291015625,-2.726318359375,0.));
#8269 = CARTESIAN_POINT('',(8.972412109375,-2.637451171875,0.));
#8270 = VECTOR('',#8271,1.);
#8271 = DIRECTION('',(0.,0.,1.));
#8272 = DEFINITIONAL_REPRESENTATION('',(#8273),#8277);
#8273 = LINE('',#8274,#8275);
#8274 = CARTESIAN_POINT('',(0.,0.));
#8275 = VECTOR('',#8276,1.);
#8276 = DIRECTION('',(0.,-1.));
#8277 = ( GEOMETRIC_REPRESENTATION_CONTEXT(2) 
PARAMETRIC_REPRESENTATION_CONTEXT() REPRESENTATION_CONTEXT('2D SPACE',''
  ) );
#8278 = ORIENTED_EDGE('',*,*,#8279,.F.);
#8279 = EDGE_CURVE('',#8174,#8250,#8280,.T.);
#8280 = SURFACE_CURVE('',#8281,(#8285,#8292),.PCURVE_S1.);
#8281 = LINE('',#8282,#8283);
#8282 = CARTESIAN_POINT('',(6.433349609375,-2.726318359375,0.));
#8283 = VECTOR('',#8284,1.);
#8284 = DIRECTION('',(1.,0.,0.));
#8285 = PCURVE('',#8189,#8286);
#8286 = DEFINITIONAL_REPRESENTATION('',(#8287),#8291);
#8287 = LINE('',#8288,#8289);
#8288 = CARTESIAN_POINT('',(0.,0.));
#8289 = VECTOR('',#8290,1.);
#8290 = DIRECTION('',(1.,0.));
#8291 = ( GEOMETRIC_REPRESENTATION_CONTEXT(2) 
PARAMETRIC_REPRESENTATION_CONTEXT() REPRESENTATION_CONTEXT('2D SPACE',''
  ) );
#8292 = PCURVE('',#7280,#8293);
#8293 = DEFINITIONAL_REPRESENTATION('',(#8294),#8298);
#8294 = LINE('',#8295,#8296);
#8295 = CARTESIAN_POINT('',(2.818359375,1.56787109375));
#8296 = VECTOR('',#8297,1.);
#8297 = DIRECTION('',(1.,0.));
#8298 = ( GEOMETRIC_REPRESENTATION_CONTEXT(2) 
PARAMETRIC_REPRESENTATION_CONTEXT() REPRESENTATION_CONTEXT('2D SPACE',''
  ) );
#8299 = ADVANCED_FACE('',(#8300),#8265,.F.);
#8300 = FACE_BOUND('',#8301,.F.);
#8301 = EDGE_LOOP('',(#8302,#8303,#8326,#8356));
#8302 = ORIENTED_EDGE('',*,*,#8249,.T.);
#8303 = ORIENTED_EDGE('',*,*,#8304,.T.);
#8304 = EDGE_CURVE('',#8227,#8305,#8307,.T.);
#8305 = VERTEX_POINT('',#8306);
#8306 = CARTESIAN_POINT('',(8.972412109375,-2.637451171875,-1.6));
#8307 = SURFACE_CURVE('',#8308,(#8312,#8319),.PCURVE_S1.);
#8308 = B_SPLINE_CURVE_WITH_KNOTS('',2,(#8309,#8310,#8311),
  .UNSPECIFIED.,.F.,.F.,(3,3),(0.,1.),.PIECEWISE_BEZIER_KNOTS.);
#8309 = CARTESIAN_POINT('',(7.836181640625,-2.726318359375,-1.6));
#8310 = CARTESIAN_POINT('',(8.623291015625,-2.726318359375,-1.6));
#8311 = CARTESIAN_POINT('',(8.972412109375,-2.637451171875,-1.6));
#8312 = PCURVE('',#8265,#8313);
#8313 = DEFINITIONAL_REPRESENTATION('',(#8314),#8318);
#8314 = LINE('',#8315,#8316);
#8315 = CARTESIAN_POINT('',(0.,-1.6));
#8316 = VECTOR('',#8317,1.);
#8317 = DIRECTION('',(1.,0.));
#8318 = ( GEOMETRIC_REPRESENTATION_CONTEXT(2) 
PARAMETRIC_REPRESENTATION_CONTEXT() REPRESENTATION_CONTEXT('2D SPACE',''
  ) );
#8319 = PCURVE('',#7226,#8320);
#8320 = DEFINITIONAL_REPRESENTATION('',(#8321),#8325);
#8321 = B_SPLINE_CURVE_WITH_KNOTS('',2,(#8322,#8323,#8324),
  .UNSPECIFIED.,.F.,.F.,(3,3),(0.,1.),.PIECEWISE_BEZIER_KNOTS.);
#8322 = CARTESIAN_POINT('',(4.22119140625,1.56787109375));
#8323 = CARTESIAN_POINT('',(5.00830078125,1.56787109375));
#8324 = CARTESIAN_POINT('',(5.357421875,1.65673828125));
#8325 = ( GEOMETRIC_REPRESENTATION_CONTEXT(2) 
PARAMETRIC_REPRESENTATION_CONTEXT() REPRESENTATION_CONTEXT('2D SPACE',''
  ) );
#8326 = ORIENTED_EDGE('',*,*,#8327,.F.);
#8327 = EDGE_CURVE('',#8328,#8305,#8330,.T.);
#8328 = VERTEX_POINT('',#8329);
#8329 = CARTESIAN_POINT('',(8.972412109375,-2.637451171875,0.));
#8330 = SURFACE_CURVE('',#8331,(#8335,#8342),.PCURVE_S1.);
#8331 = LINE('',#8332,#8333);
#8332 = CARTESIAN_POINT('',(8.972412109375,-2.637451171875,0.));
#8333 = VECTOR('',#8334,1.);
#8334 = DIRECTION('',(-0.,-0.,-1.));
#8335 = PCURVE('',#8265,#8336);
#8336 = DEFINITIONAL_REPRESENTATION('',(#8337),#8341);
#8337 = LINE('',#8338,#8339);
#8338 = CARTESIAN_POINT('',(1.,0.));
#8339 = VECTOR('',#8340,1.);
#8340 = DIRECTION('',(0.,-1.));
#8341 = ( GEOMETRIC_REPRESENTATION_CONTEXT(2) 
PARAMETRIC_REPRESENTATION_CONTEXT() REPRESENTATION_CONTEXT('2D SPACE',''
  ) );
#8342 = PCURVE('',#8343,#8350);
#8343 = SURFACE_OF_LINEAR_EXTRUSION('',#8344,#8348);
#8344 = B_SPLINE_CURVE_WITH_KNOTS('',2,(#8345,#8346,#8347),
  .UNSPECIFIED.,.F.,.F.,(3,3),(0.,1.),.PIECEWISE_BEZIER_KNOTS.);
#8345 = CARTESIAN_POINT('',(8.972412109375,-2.637451171875,0.));
#8346 = CARTESIAN_POINT('',(9.429443359375,-2.523193359375,0.));
#8347 = CARTESIAN_POINT('',(9.73095703125,-2.250244140625,0.));
#8348 = VECTOR('',#8349,1.);
#8349 = DIRECTION('',(0.,0.,1.));
#8350 = DEFINITIONAL_REPRESENTATION('',(#8351),#8355);
#8351 = LINE('',#8352,#8353);
#8352 = CARTESIAN_POINT('',(0.,0.));
#8353 = VECTOR('',#8354,1.);
#8354 = DIRECTION('',(0.,-1.));
#8355 = ( GEOMETRIC_REPRESENTATION_CONTEXT(2) 
PARAMETRIC_REPRESENTATION_CONTEXT() REPRESENTATION_CONTEXT('2D SPACE',''
  ) );
#8356 = ORIENTED_EDGE('',*,*,#8357,.F.);
#8357 = EDGE_CURVE('',#8250,#8328,#8358,.T.);
#8358 = SURFACE_CURVE('',#8359,(#8363,#8370),.PCURVE_S1.);
#8359 = B_SPLINE_CURVE_WITH_KNOTS('',2,(#8360,#8361,#8362),
  .UNSPECIFIED.,.F.,.F.,(3,3),(0.,1.),.PIECEWISE_BEZIER_KNOTS.);
#8360 = CARTESIAN_POINT('',(7.836181640625,-2.726318359375,0.));
#8361 = CARTESIAN_POINT('',(8.623291015625,-2.726318359375,0.));
#8362 = CARTESIAN_POINT('',(8.972412109375,-2.637451171875,0.));
#8363 = PCURVE('',#8265,#8364);
#8364 = DEFINITIONAL_REPRESENTATION('',(#8365),#8369);
#8365 = LINE('',#8366,#8367);
#8366 = CARTESIAN_POINT('',(0.,0.));
#8367 = VECTOR('',#8368,1.);
#8368 = DIRECTION('',(1.,0.));
#8369 = ( GEOMETRIC_REPRESENTATION_CONTEXT(2) 
PARAMETRIC_REPRESENTATION_CONTEXT() REPRESENTATION_CONTEXT('2D SPACE',''
  ) );
#8370 = PCURVE('',#7280,#8371);
#8371 = DEFINITIONAL_REPRESENTATION('',(#8372),#8376);
#8372 = B_SPLINE_CURVE_WITH_KNOTS('',2,(#8373,#8374,#8375),
  .UNSPECIFIED.,.F.,.F.,(3,3),(0.,1.),.PIECEWISE_BEZIER_KNOTS.);
#8373 = CARTESIAN_POINT('',(4.22119140625,1.56787109375));
#8374 = CARTESIAN_POINT('',(5.00830078125,1.56787109375));
#8375 = CARTESIAN_POINT('',(5.357421875,1.65673828125));
#8376 = ( GEOMETRIC_REPRESENTATION_CONTEXT(2) 
PARAMETRIC_REPRESENTATION_CONTEXT() REPRESENTATION_CONTEXT('2D SPACE',''
  ) );
#8377 = ADVANCED_FACE('',(#8378),#8343,.F.);
#8378 = FACE_BOUND('',#8379,.F.);
#8379 = EDGE_LOOP('',(#8380,#8381,#8404,#8434));
#8380 = ORIENTED_EDGE('',*,*,#8327,.T.);
#8381 = ORIENTED_EDGE('',*,*,#8382,.T.);
#8382 = EDGE_CURVE('',#8305,#8383,#8385,.T.);
#8383 = VERTEX_POINT('',#8384);
#8384 = CARTESIAN_POINT('',(9.73095703125,-2.250244140625,-1.6));
#8385 = SURFACE_CURVE('',#8386,(#8390,#8397),.PCURVE_S1.);
#8386 = B_SPLINE_CURVE_WITH_KNOTS('',2,(#8387,#8388,#8389),
  .UNSPECIFIED.,.F.,.F.,(3,3),(0.,1.),.PIECEWISE_BEZIER_KNOTS.);
#8387 = CARTESIAN_POINT('',(8.972412109375,-2.637451171875,-1.6));
#8388 = CARTESIAN_POINT('',(9.429443359375,-2.523193359375,-1.6));
#8389 = CARTESIAN_POINT('',(9.73095703125,-2.250244140625,-1.6));
#8390 = PCURVE('',#8343,#8391);
#8391 = DEFINITIONAL_REPRESENTATION('',(#8392),#8396);
#8392 = LINE('',#8393,#8394);
#8393 = CARTESIAN_POINT('',(0.,-1.6));
#8394 = VECTOR('',#8395,1.);
#8395 = DIRECTION('',(1.,0.));
#8396 = ( GEOMETRIC_REPRESENTATION_CONTEXT(2) 
PARAMETRIC_REPRESENTATION_CONTEXT() REPRESENTATION_CONTEXT('2D SPACE',''
  ) );
#8397 = PCURVE('',#7226,#8398);
#8398 = DEFINITIONAL_REPRESENTATION('',(#8399),#8403);
#8399 = B_SPLINE_CURVE_WITH_KNOTS('',2,(#8400,#8401,#8402),
  .UNSPECIFIED.,.F.,.F.,(3,3),(0.,1.),.PIECEWISE_BEZIER_KNOTS.);
#8400 = CARTESIAN_POINT('',(5.357421875,1.65673828125));
#8401 = CARTESIAN_POINT('',(5.814453125,1.77099609375));
#8402 = CARTESIAN_POINT('',(6.115966796875,2.0439453125));
#8403 = ( GEOMETRIC_REPRESENTATION_CONTEXT(2) 
PARAMETRIC_REPRESENTATION_CONTEXT() REPRESENTATION_CONTEXT('2D SPACE',''
  ) );
#8404 = ORIENTED_EDGE('',*,*,#8405,.F.);
#8405 = EDGE_CURVE('',#8406,#8383,#8408,.T.);
#8406 = VERTEX_POINT('',#8407);
#8407 = CARTESIAN_POINT('',(9.73095703125,-2.250244140625,0.));
#8408 = SURFACE_CURVE('',#8409,(#8413,#8420),.PCURVE_S1.);
#8409 = LINE('',#8410,#8411);
#8410 = CARTESIAN_POINT('',(9.73095703125,-2.250244140625,0.));
#8411 = VECTOR('',#8412,1.);
#8412 = DIRECTION('',(-0.,-0.,-1.));
#8413 = PCURVE('',#8343,#8414);
#8414 = DEFINITIONAL_REPRESENTATION('',(#8415),#8419);
#8415 = LINE('',#8416,#8417);
#8416 = CARTESIAN_POINT('',(1.,0.));
#8417 = VECTOR('',#8418,1.);
#8418 = DIRECTION('',(0.,-1.));
#8419 = ( GEOMETRIC_REPRESENTATION_CONTEXT(2) 
PARAMETRIC_REPRESENTATION_CONTEXT() REPRESENTATION_CONTEXT('2D SPACE',''
  ) );
#8420 = PCURVE('',#8421,#8428);
#8421 = SURFACE_OF_LINEAR_EXTRUSION('',#8422,#8426);
#8422 = B_SPLINE_CURVE_WITH_KNOTS('',2,(#8423,#8424,#8425),
  .UNSPECIFIED.,.F.,.F.,(3,3),(0.,1.),.PIECEWISE_BEZIER_KNOTS.);
#8423 = CARTESIAN_POINT('',(9.73095703125,-2.250244140625,0.));
#8424 = CARTESIAN_POINT('',(10.032470703125,-1.977294921875,0.));
#8425 = CARTESIAN_POINT('',(10.222900390625,-1.35205078125,0.));
#8426 = VECTOR('',#8427,1.);
#8427 = DIRECTION('',(0.,0.,1.));
#8428 = DEFINITIONAL_REPRESENTATION('',(#8429),#8433);
#8429 = LINE('',#8430,#8431);
#8430 = CARTESIAN_POINT('',(0.,0.));
#8431 = VECTOR('',#8432,1.);
#8432 = DIRECTION('',(0.,-1.));
#8433 = ( GEOMETRIC_REPRESENTATION_CONTEXT(2) 
PARAMETRIC_REPRESENTATION_CONTEXT() REPRESENTATION_CONTEXT('2D SPACE',''
  ) );
#8434 = ORIENTED_EDGE('',*,*,#8435,.F.);
#8435 = EDGE_CURVE('',#8328,#8406,#8436,.T.);
#8436 = SURFACE_CURVE('',#8437,(#8441,#8448),.PCURVE_S1.);
#8437 = B_SPLINE_CURVE_WITH_KNOTS('',2,(#8438,#8439,#8440),
  .UNSPECIFIED.,.F.,.F.,(3,3),(0.,1.),.PIECEWISE_BEZIER_KNOTS.);
#8438 = CARTESIAN_POINT('',(8.972412109375,-2.637451171875,0.));
#8439 = CARTESIAN_POINT('',(9.429443359375,-2.523193359375,0.));
#8440 = CARTESIAN_POINT('',(9.73095703125,-2.250244140625,0.));
#8441 = PCURVE('',#8343,#8442);
#8442 = DEFINITIONAL_REPRESENTATION('',(#8443),#8447);
#8443 = LINE('',#8444,#8445);
#8444 = CARTESIAN_POINT('',(0.,0.));
#8445 = VECTOR('',#8446,1.);
#8446 = DIRECTION('',(1.,0.));
#8447 = ( GEOMETRIC_REPRESENTATION_CONTEXT(2) 
PARAMETRIC_REPRESENTATION_CONTEXT() REPRESENTATION_CONTEXT('2D SPACE',''
  ) );
#8448 = PCURVE('',#7280,#8449);
#8449 = DEFINITIONAL_REPRESENTATION('',(#8450),#8454);
#8450 = B_SPLINE_CURVE_WITH_KNOTS('',2,(#8451,#8452,#8453),
  .UNSPECIFIED.,.F.,.F.,(3,3),(0.,1.),.PIECEWISE_BEZIER_KNOTS.);
#8451 = CARTESIAN_POINT('',(5.357421875,1.65673828125));
#8452 = CARTESIAN_POINT('',(5.814453125,1.77099609375));
#8453 = CARTESIAN_POINT('',(6.115966796875,2.0439453125));
#8454 = ( GEOMETRIC_REPRESENTATION_CONTEXT(2) 
PARAMETRIC_REPRESENTATION_CONTEXT() REPRESENTATION_CONTEXT('2D SPACE',''
  ) );
#8455 = ADVANCED_FACE('',(#8456),#8421,.F.);
#8456 = FACE_BOUND('',#8457,.F.);
#8457 = EDGE_LOOP('',(#8458,#8459,#8482,#8512));
#8458 = ORIENTED_EDGE('',*,*,#8405,.T.);
#8459 = ORIENTED_EDGE('',*,*,#8460,.T.);
#8460 = EDGE_CURVE('',#8383,#8461,#8463,.T.);
#8461 = VERTEX_POINT('',#8462);
#8462 = CARTESIAN_POINT('',(10.222900390625,-1.35205078125,-1.6));
#8463 = SURFACE_CURVE('',#8464,(#8468,#8475),.PCURVE_S1.);
#8464 = B_SPLINE_CURVE_WITH_KNOTS('',2,(#8465,#8466,#8467),
  .UNSPECIFIED.,.F.,.F.,(3,3),(0.,1.),.PIECEWISE_BEZIER_KNOTS.);
#8465 = CARTESIAN_POINT('',(9.73095703125,-2.250244140625,-1.6));
#8466 = CARTESIAN_POINT('',(10.032470703125,-1.977294921875,-1.6));
#8467 = CARTESIAN_POINT('',(10.222900390625,-1.35205078125,-1.6));
#8468 = PCURVE('',#8421,#8469);
#8469 = DEFINITIONAL_REPRESENTATION('',(#8470),#8474);
#8470 = LINE('',#8471,#8472);
#8471 = CARTESIAN_POINT('',(0.,-1.6));
#8472 = VECTOR('',#8473,1.);
#8473 = DIRECTION('',(1.,0.));
#8474 = ( GEOMETRIC_REPRESENTATION_CONTEXT(2) 
PARAMETRIC_REPRESENTATION_CONTEXT() REPRESENTATION_CONTEXT('2D SPACE',''
  ) );
#8475 = PCURVE('',#7226,#8476);
#8476 = DEFINITIONAL_REPRESENTATION('',(#8477),#8481);
#8477 = B_SPLINE_CURVE_WITH_KNOTS('',2,(#8478,#8479,#8480),
  .UNSPECIFIED.,.F.,.F.,(3,3),(0.,1.),.PIECEWISE_BEZIER_KNOTS.);
#8478 = CARTESIAN_POINT('',(6.115966796875,2.0439453125));
#8479 = CARTESIAN_POINT('',(6.41748046875,2.31689453125));
#8480 = CARTESIAN_POINT('',(6.60791015625,2.942138671875));
#8481 = ( GEOMETRIC_REPRESENTATION_CONTEXT(2) 
PARAMETRIC_REPRESENTATION_CONTEXT() REPRESENTATION_CONTEXT('2D SPACE',''
  ) );
#8482 = ORIENTED_EDGE('',*,*,#8483,.F.);
#8483 = EDGE_CURVE('',#8484,#8461,#8486,.T.);
#8484 = VERTEX_POINT('',#8485);
#8485 = CARTESIAN_POINT('',(10.222900390625,-1.35205078125,0.));
#8486 = SURFACE_CURVE('',#8487,(#8491,#8498),.PCURVE_S1.);
#8487 = LINE('',#8488,#8489);
#8488 = CARTESIAN_POINT('',(10.222900390625,-1.35205078125,0.));
#8489 = VECTOR('',#8490,1.);
#8490 = DIRECTION('',(-0.,-0.,-1.));
#8491 = PCURVE('',#8421,#8492);
#8492 = DEFINITIONAL_REPRESENTATION('',(#8493),#8497);
#8493 = LINE('',#8494,#8495);
#8494 = CARTESIAN_POINT('',(1.,0.));
#8495 = VECTOR('',#8496,1.);
#8496 = DIRECTION('',(0.,-1.));
#8497 = ( GEOMETRIC_REPRESENTATION_CONTEXT(2) 
PARAMETRIC_REPRESENTATION_CONTEXT() REPRESENTATION_CONTEXT('2D SPACE',''
  ) );
#8498 = PCURVE('',#8499,#8506);
#8499 = SURFACE_OF_LINEAR_EXTRUSION('',#8500,#8504);
#8500 = B_SPLINE_CURVE_WITH_KNOTS('',2,(#8501,#8502,#8503),
  .UNSPECIFIED.,.F.,.F.,(3,3),(0.,1.),.PIECEWISE_BEZIER_KNOTS.);
#8501 = CARTESIAN_POINT('',(10.222900390625,-1.35205078125,0.));
#8502 = CARTESIAN_POINT('',(10.413330078125,-0.726806640625,0.));
#8503 = CARTESIAN_POINT('',(10.413330078125,0.352294921875,0.));
#8504 = VECTOR('',#8505,1.);
#8505 = DIRECTION('',(0.,0.,1.));
#8506 = DEFINITIONAL_REPRESENTATION('',(#8507),#8511);
#8507 = LINE('',#8508,#8509);
#8508 = CARTESIAN_POINT('',(0.,0.));
#8509 = VECTOR('',#8510,1.);
#8510 = DIRECTION('',(0.,-1.));
#8511 = ( GEOMETRIC_REPRESENTATION_CONTEXT(2) 
PARAMETRIC_REPRESENTATION_CONTEXT() REPRESENTATION_CONTEXT('2D SPACE',''
  ) );
#8512 = ORIENTED_EDGE('',*,*,#8513,.F.);
#8513 = EDGE_CURVE('',#8406,#8484,#8514,.T.);
#8514 = SURFACE_CURVE('',#8515,(#8519,#8526),.PCURVE_S1.);
#8515 = B_SPLINE_CURVE_WITH_KNOTS('',2,(#8516,#8517,#8518),
  .UNSPECIFIED.,.F.,.F.,(3,3),(0.,1.),.PIECEWISE_BEZIER_KNOTS.);
#8516 = CARTESIAN_POINT('',(9.73095703125,-2.250244140625,0.));
#8517 = CARTESIAN_POINT('',(10.032470703125,-1.977294921875,0.));
#8518 = CARTESIAN_POINT('',(10.222900390625,-1.35205078125,0.));
#8519 = PCURVE('',#8421,#8520);
#8520 = DEFINITIONAL_REPRESENTATION('',(#8521),#8525);
#8521 = LINE('',#8522,#8523);
#8522 = CARTESIAN_POINT('',(0.,0.));
#8523 = VECTOR('',#8524,1.);
#8524 = DIRECTION('',(1.,0.));
#8525 = ( GEOMETRIC_REPRESENTATION_CONTEXT(2) 
PARAMETRIC_REPRESENTATION_CONTEXT() REPRESENTATION_CONTEXT('2D SPACE',''
  ) );
#8526 = PCURVE('',#7280,#8527);
#8527 = DEFINITIONAL_REPRESENTATION('',(#8528),#8532);
#8528 = B_SPLINE_CURVE_WITH_KNOTS('',2,(#8529,#8530,#8531),
  .UNSPECIFIED.,.F.,.F.,(3,3),(0.,1.),.PIECEWISE_BEZIER_KNOTS.);
#8529 = CARTESIAN_POINT('',(6.115966796875,2.0439453125));
#8530 = CARTESIAN_POINT('',(6.41748046875,2.31689453125));
#8531 = CARTESIAN_POINT('',(6.60791015625,2.942138671875));
#8532 = ( GEOMETRIC_REPRESENTATION_CONTEXT(2) 
PARAMETRIC_REPRESENTATION_CONTEXT() REPRESENTATION_CONTEXT('2D SPACE',''
  ) );
#8533 = ADVANCED_FACE('',(#8534),#8499,.F.);
#8534 = FACE_BOUND('',#8535,.F.);
#8535 = EDGE_LOOP('',(#8536,#8537,#8560,#8590));
#8536 = ORIENTED_EDGE('',*,*,#8483,.T.);
#8537 = ORIENTED_EDGE('',*,*,#8538,.T.);
#8538 = EDGE_CURVE('',#8461,#8539,#8541,.T.);
#8539 = VERTEX_POINT('',#8540);
#8540 = CARTESIAN_POINT('',(10.413330078125,0.352294921875,-1.6));
#8541 = SURFACE_CURVE('',#8542,(#8546,#8553),.PCURVE_S1.);
#8542 = B_SPLINE_CURVE_WITH_KNOTS('',2,(#8543,#8544,#8545),
  .UNSPECIFIED.,.F.,.F.,(3,3),(0.,1.),.PIECEWISE_BEZIER_KNOTS.);
#8543 = CARTESIAN_POINT('',(10.222900390625,-1.35205078125,-1.6));
#8544 = CARTESIAN_POINT('',(10.413330078125,-0.726806640625,-1.6));
#8545 = CARTESIAN_POINT('',(10.413330078125,0.352294921875,-1.6));
#8546 = PCURVE('',#8499,#8547);
#8547 = DEFINITIONAL_REPRESENTATION('',(#8548),#8552);
#8548 = LINE('',#8549,#8550);
#8549 = CARTESIAN_POINT('',(0.,-1.6));
#8550 = VECTOR('',#8551,1.);
#8551 = DIRECTION('',(1.,0.));
#8552 = ( GEOMETRIC_REPRESENTATION_CONTEXT(2) 
PARAMETRIC_REPRESENTATION_CONTEXT() REPRESENTATION_CONTEXT('2D SPACE',''
  ) );
#8553 = PCURVE('',#7226,#8554);
#8554 = DEFINITIONAL_REPRESENTATION('',(#8555),#8559);
#8555 = B_SPLINE_CURVE_WITH_KNOTS('',2,(#8556,#8557,#8558),
  .UNSPECIFIED.,.F.,.F.,(3,3),(0.,1.),.PIECEWISE_BEZIER_KNOTS.);
#8556 = CARTESIAN_POINT('',(6.60791015625,2.942138671875));
#8557 = CARTESIAN_POINT('',(6.79833984375,3.5673828125));
#8558 = CARTESIAN_POINT('',(6.79833984375,4.646484375));
#8559 = ( GEOMETRIC_REPRESENTATION_CONTEXT(2) 
PARAMETRIC_REPRESENTATION_CONTEXT() REPRESENTATION_CONTEXT('2D SPACE',''
  ) );
#8560 = ORIENTED_EDGE('',*,*,#8561,.F.);
#8561 = EDGE_CURVE('',#8562,#8539,#8564,.T.);
#8562 = VERTEX_POINT('',#8563);
#8563 = CARTESIAN_POINT('',(10.413330078125,0.352294921875,0.));
#8564 = SURFACE_CURVE('',#8565,(#8569,#8576),.PCURVE_S1.);
#8565 = LINE('',#8566,#8567);
#8566 = CARTESIAN_POINT('',(10.413330078125,0.352294921875,0.));
#8567 = VECTOR('',#8568,1.);
#8568 = DIRECTION('',(-0.,-0.,-1.));
#8569 = PCURVE('',#8499,#8570);
#8570 = DEFINITIONAL_REPRESENTATION('',(#8571),#8575);
#8571 = LINE('',#8572,#8573);
#8572 = CARTESIAN_POINT('',(1.,0.));
#8573 = VECTOR('',#8574,1.);
#8574 = DIRECTION('',(0.,-1.));
#8575 = ( GEOMETRIC_REPRESENTATION_CONTEXT(2) 
PARAMETRIC_REPRESENTATION_CONTEXT() REPRESENTATION_CONTEXT('2D SPACE',''
  ) );
#8576 = PCURVE('',#8577,#8584);
#8577 = SURFACE_OF_LINEAR_EXTRUSION('',#8578,#8582);
#8578 = B_SPLINE_CURVE_WITH_KNOTS('',2,(#8579,#8580,#8581),
  .UNSPECIFIED.,.F.,.F.,(3,3),(0.,1.),.PIECEWISE_BEZIER_KNOTS.);
#8579 = CARTESIAN_POINT('',(10.413330078125,0.352294921875,0.));
#8580 = CARTESIAN_POINT('',(10.413330078125,1.431396484375,0.));
#8581 = CARTESIAN_POINT('',(10.222900390625,2.009033203125,0.));
#8582 = VECTOR('',#8583,1.);
#8583 = DIRECTION('',(0.,0.,1.));
#8584 = DEFINITIONAL_REPRESENTATION('',(#8585),#8589);
#8585 = LINE('',#8586,#8587);
#8586 = CARTESIAN_POINT('',(0.,0.));
#8587 = VECTOR('',#8588,1.);
#8588 = DIRECTION('',(0.,-1.));
#8589 = ( GEOMETRIC_REPRESENTATION_CONTEXT(2) 
PARAMETRIC_REPRESENTATION_CONTEXT() REPRESENTATION_CONTEXT('2D SPACE',''
  ) );
#8590 = ORIENTED_EDGE('',*,*,#8591,.F.);
#8591 = EDGE_CURVE('',#8484,#8562,#8592,.T.);
#8592 = SURFACE_CURVE('',#8593,(#8597,#8604),.PCURVE_S1.);
#8593 = B_SPLINE_CURVE_WITH_KNOTS('',2,(#8594,#8595,#8596),
  .UNSPECIFIED.,.F.,.F.,(3,3),(0.,1.),.PIECEWISE_BEZIER_KNOTS.);
#8594 = CARTESIAN_POINT('',(10.222900390625,-1.35205078125,0.));
#8595 = CARTESIAN_POINT('',(10.413330078125,-0.726806640625,0.));
#8596 = CARTESIAN_POINT('',(10.413330078125,0.352294921875,0.));
#8597 = PCURVE('',#8499,#8598);
#8598 = DEFINITIONAL_REPRESENTATION('',(#8599),#8603);
#8599 = LINE('',#8600,#8601);
#8600 = CARTESIAN_POINT('',(0.,0.));
#8601 = VECTOR('',#8602,1.);
#8602 = DIRECTION('',(1.,0.));
#8603 = ( GEOMETRIC_REPRESENTATION_CONTEXT(2) 
PARAMETRIC_REPRESENTATION_CONTEXT() REPRESENTATION_CONTEXT('2D SPACE',''
  ) );
#8604 = PCURVE('',#7280,#8605);
#8605 = DEFINITIONAL_REPRESENTATION('',(#8606),#8610);
#8606 = B_SPLINE_CURVE_WITH_KNOTS('',2,(#8607,#8608,#8609),
  .UNSPECIFIED.,.F.,.F.,(3,3),(0.,1.),.PIECEWISE_BEZIER_KNOTS.);
#8607 = CARTESIAN_POINT('',(6.60791015625,2.942138671875));
#8608 = CARTESIAN_POINT('',(6.79833984375,3.5673828125));
#8609 = CARTESIAN_POINT('',(6.79833984375,4.646484375));
#8610 = ( GEOMETRIC_REPRESENTATION_CONTEXT(2) 
PARAMETRIC_REPRESENTATION_CONTEXT() REPRESENTATION_CONTEXT('2D SPACE',''
  ) );
#8611 = ADVANCED_FACE('',(#8612),#8577,.F.);
#8612 = FACE_BOUND('',#8613,.F.);
#8613 = EDGE_LOOP('',(#8614,#8615,#8638,#8668));
#8614 = ORIENTED_EDGE('',*,*,#8561,.T.);
#8615 = ORIENTED_EDGE('',*,*,#8616,.T.);
#8616 = EDGE_CURVE('',#8539,#8617,#8619,.T.);
#8617 = VERTEX_POINT('',#8618);
#8618 = CARTESIAN_POINT('',(10.222900390625,2.009033203125,-1.6));
#8619 = SURFACE_CURVE('',#8620,(#8624,#8631),.PCURVE_S1.);
#8620 = B_SPLINE_CURVE_WITH_KNOTS('',2,(#8621,#8622,#8623),
  .UNSPECIFIED.,.F.,.F.,(3,3),(0.,1.),.PIECEWISE_BEZIER_KNOTS.);
#8621 = CARTESIAN_POINT('',(10.413330078125,0.352294921875,-1.6));
#8622 = CARTESIAN_POINT('',(10.413330078125,1.431396484375,-1.6));
#8623 = CARTESIAN_POINT('',(10.222900390625,2.009033203125,-1.6));
#8624 = PCURVE('',#8577,#8625);
#8625 = DEFINITIONAL_REPRESENTATION('',(#8626),#8630);
#8626 = LINE('',#8627,#8628);
#8627 = CARTESIAN_POINT('',(0.,-1.6));
#8628 = VECTOR('',#8629,1.);
#8629 = DIRECTION('',(1.,0.));
#8630 = ( GEOMETRIC_REPRESENTATION_CONTEXT(2) 
PARAMETRIC_REPRESENTATION_CONTEXT() REPRESENTATION_CONTEXT('2D SPACE',''
  ) );
#8631 = PCURVE('',#7226,#8632);
#8632 = DEFINITIONAL_REPRESENTATION('',(#8633),#8637);
#8633 = B_SPLINE_CURVE_WITH_KNOTS('',2,(#8634,#8635,#8636),
  .UNSPECIFIED.,.F.,.F.,(3,3),(0.,1.),.PIECEWISE_BEZIER_KNOTS.);
#8634 = CARTESIAN_POINT('',(6.79833984375,4.646484375));
#8635 = CARTESIAN_POINT('',(6.79833984375,5.7255859375));
#8636 = CARTESIAN_POINT('',(6.60791015625,6.30322265625));
#8637 = ( GEOMETRIC_REPRESENTATION_CONTEXT(2) 
PARAMETRIC_REPRESENTATION_CONTEXT() REPRESENTATION_CONTEXT('2D SPACE',''
  ) );
#8638 = ORIENTED_EDGE('',*,*,#8639,.F.);
#8639 = EDGE_CURVE('',#8640,#8617,#8642,.T.);
#8640 = VERTEX_POINT('',#8641);
#8641 = CARTESIAN_POINT('',(10.222900390625,2.009033203125,0.));
#8642 = SURFACE_CURVE('',#8643,(#8647,#8654),.PCURVE_S1.);
#8643 = LINE('',#8644,#8645);
#8644 = CARTESIAN_POINT('',(10.222900390625,2.009033203125,0.));
#8645 = VECTOR('',#8646,1.);
#8646 = DIRECTION('',(-0.,-0.,-1.));
#8647 = PCURVE('',#8577,#8648);
#8648 = DEFINITIONAL_REPRESENTATION('',(#8649),#8653);
#8649 = LINE('',#8650,#8651);
#8650 = CARTESIAN_POINT('',(1.,0.));
#8651 = VECTOR('',#8652,1.);
#8652 = DIRECTION('',(0.,-1.));
#8653 = ( GEOMETRIC_REPRESENTATION_CONTEXT(2) 
PARAMETRIC_REPRESENTATION_CONTEXT() REPRESENTATION_CONTEXT('2D SPACE',''
  ) );
#8654 = PCURVE('',#8655,#8662);
#8655 = SURFACE_OF_LINEAR_EXTRUSION('',#8656,#8660);
#8656 = B_SPLINE_CURVE_WITH_KNOTS('',2,(#8657,#8658,#8659),
  .UNSPECIFIED.,.F.,.F.,(3,3),(0.,1.),.PIECEWISE_BEZIER_KNOTS.);
#8657 = CARTESIAN_POINT('',(10.222900390625,2.009033203125,0.));
#8658 = CARTESIAN_POINT('',(10.032470703125,2.586669921875,0.));
#8659 = CARTESIAN_POINT('',(9.689697265625,2.910400390625,0.));
#8660 = VECTOR('',#8661,1.);
#8661 = DIRECTION('',(0.,0.,1.));
#8662 = DEFINITIONAL_REPRESENTATION('',(#8663),#8667);
#8663 = LINE('',#8664,#8665);
#8664 = CARTESIAN_POINT('',(0.,0.));
#8665 = VECTOR('',#8666,1.);
#8666 = DIRECTION('',(0.,-1.));
#8667 = ( GEOMETRIC_REPRESENTATION_CONTEXT(2) 
PARAMETRIC_REPRESENTATION_CONTEXT() REPRESENTATION_CONTEXT('2D SPACE',''
  ) );
#8668 = ORIENTED_EDGE('',*,*,#8669,.F.);
#8669 = EDGE_CURVE('',#8562,#8640,#8670,.T.);
#8670 = SURFACE_CURVE('',#8671,(#8675,#8682),.PCURVE_S1.);
#8671 = B_SPLINE_CURVE_WITH_KNOTS('',2,(#8672,#8673,#8674),
  .UNSPECIFIED.,.F.,.F.,(3,3),(0.,1.),.PIECEWISE_BEZIER_KNOTS.);
#8672 = CARTESIAN_POINT('',(10.413330078125,0.352294921875,0.));
#8673 = CARTESIAN_POINT('',(10.413330078125,1.431396484375,0.));
#8674 = CARTESIAN_POINT('',(10.222900390625,2.009033203125,0.));
#8675 = PCURVE('',#8577,#8676);
#8676 = DEFINITIONAL_REPRESENTATION('',(#8677),#8681);
#8677 = LINE('',#8678,#8679);
#8678 = CARTESIAN_POINT('',(0.,0.));
#8679 = VECTOR('',#8680,1.);
#8680 = DIRECTION('',(1.,0.));
#8681 = ( GEOMETRIC_REPRESENTATION_CONTEXT(2) 
PARAMETRIC_REPRESENTATION_CONTEXT() REPRESENTATION_CONTEXT('2D SPACE',''
  ) );
#8682 = PCURVE('',#7280,#8683);
#8683 = DEFINITIONAL_REPRESENTATION('',(#8684),#8688);
#8684 = B_SPLINE_CURVE_WITH_KNOTS('',2,(#8685,#8686,#8687),
  .UNSPECIFIED.,.F.,.F.,(3,3),(0.,1.),.PIECEWISE_BEZIER_KNOTS.);
#8685 = CARTESIAN_POINT('',(6.79833984375,4.646484375));
#8686 = CARTESIAN_POINT('',(6.79833984375,5.7255859375));
#8687 = CARTESIAN_POINT('',(6.60791015625,6.30322265625));
#8688 = ( GEOMETRIC_REPRESENTATION_CONTEXT(2) 
PARAMETRIC_REPRESENTATION_CONTEXT() REPRESENTATION_CONTEXT('2D SPACE',''
  ) );
#8689 = ADVANCED_FACE('',(#8690),#8655,.F.);
#8690 = FACE_BOUND('',#8691,.F.);
#8691 = EDGE_LOOP('',(#8692,#8693,#8716,#8746));
#8692 = ORIENTED_EDGE('',*,*,#8639,.T.);
#8693 = ORIENTED_EDGE('',*,*,#8694,.T.);
#8694 = EDGE_CURVE('',#8617,#8695,#8697,.T.);
#8695 = VERTEX_POINT('',#8696);
#8696 = CARTESIAN_POINT('',(9.689697265625,2.910400390625,-1.6));
#8697 = SURFACE_CURVE('',#8698,(#8702,#8709),.PCURVE_S1.);
#8698 = B_SPLINE_CURVE_WITH_KNOTS('',2,(#8699,#8700,#8701),
  .UNSPECIFIED.,.F.,.F.,(3,3),(0.,1.),.PIECEWISE_BEZIER_KNOTS.);
#8699 = CARTESIAN_POINT('',(10.222900390625,2.009033203125,-1.6));
#8700 = CARTESIAN_POINT('',(10.032470703125,2.586669921875,-1.6));
#8701 = CARTESIAN_POINT('',(9.689697265625,2.910400390625,-1.6));
#8702 = PCURVE('',#8655,#8703);
#8703 = DEFINITIONAL_REPRESENTATION('',(#8704),#8708);
#8704 = LINE('',#8705,#8706);
#8705 = CARTESIAN_POINT('',(0.,-1.6));
#8706 = VECTOR('',#8707,1.);
#8707 = DIRECTION('',(1.,0.));
#8708 = ( GEOMETRIC_REPRESENTATION_CONTEXT(2) 
PARAMETRIC_REPRESENTATION_CONTEXT() REPRESENTATION_CONTEXT('2D SPACE',''
  ) );
#8709 = PCURVE('',#7226,#8710);
#8710 = DEFINITIONAL_REPRESENTATION('',(#8711),#8715);
#8711 = B_SPLINE_CURVE_WITH_KNOTS('',2,(#8712,#8713,#8714),
  .UNSPECIFIED.,.F.,.F.,(3,3),(0.,1.),.PIECEWISE_BEZIER_KNOTS.);
#8712 = CARTESIAN_POINT('',(6.60791015625,6.30322265625));
#8713 = CARTESIAN_POINT('',(6.41748046875,6.880859375));
#8714 = CARTESIAN_POINT('',(6.07470703125,7.20458984375));
#8715 = ( GEOMETRIC_REPRESENTATION_CONTEXT(2) 
PARAMETRIC_REPRESENTATION_CONTEXT() REPRESENTATION_CONTEXT('2D SPACE',''
  ) );
#8716 = ORIENTED_EDGE('',*,*,#8717,.F.);
#8717 = EDGE_CURVE('',#8718,#8695,#8720,.T.);
#8718 = VERTEX_POINT('',#8719);
#8719 = CARTESIAN_POINT('',(9.689697265625,2.910400390625,0.));
#8720 = SURFACE_CURVE('',#8721,(#8725,#8732),.PCURVE_S1.);
#8721 = LINE('',#8722,#8723);
#8722 = CARTESIAN_POINT('',(9.689697265625,2.910400390625,0.));
#8723 = VECTOR('',#8724,1.);
#8724 = DIRECTION('',(-0.,-0.,-1.));
#8725 = PCURVE('',#8655,#8726);
#8726 = DEFINITIONAL_REPRESENTATION('',(#8727),#8731);
#8727 = LINE('',#8728,#8729);
#8728 = CARTESIAN_POINT('',(1.,0.));
#8729 = VECTOR('',#8730,1.);
#8730 = DIRECTION('',(0.,-1.));
#8731 = ( GEOMETRIC_REPRESENTATION_CONTEXT(2) 
PARAMETRIC_REPRESENTATION_CONTEXT() REPRESENTATION_CONTEXT('2D SPACE',''
  ) );
#8732 = PCURVE('',#8733,#8740);
#8733 = SURFACE_OF_LINEAR_EXTRUSION('',#8734,#8738);
#8734 = B_SPLINE_CURVE_WITH_KNOTS('',2,(#8735,#8736,#8737),
  .UNSPECIFIED.,.F.,.F.,(3,3),(0.,1.),.PIECEWISE_BEZIER_KNOTS.);
#8735 = CARTESIAN_POINT('',(9.689697265625,2.910400390625,0.));
#8736 = CARTESIAN_POINT('',(9.346923828125,3.234130859375,0.));
#8737 = CARTESIAN_POINT('',(8.820068359375,3.348388671875,0.));
#8738 = VECTOR('',#8739,1.);
#8739 = DIRECTION('',(0.,0.,1.));
#8740 = DEFINITIONAL_REPRESENTATION('',(#8741),#8745);
#8741 = LINE('',#8742,#8743);
#8742 = CARTESIAN_POINT('',(0.,0.));
#8743 = VECTOR('',#8744,1.);
#8744 = DIRECTION('',(0.,-1.));
#8745 = ( GEOMETRIC_REPRESENTATION_CONTEXT(2) 
PARAMETRIC_REPRESENTATION_CONTEXT() REPRESENTATION_CONTEXT('2D SPACE',''
  ) );
#8746 = ORIENTED_EDGE('',*,*,#8747,.F.);
#8747 = EDGE_CURVE('',#8640,#8718,#8748,.T.);
#8748 = SURFACE_CURVE('',#8749,(#8753,#8760),.PCURVE_S1.);
#8749 = B_SPLINE_CURVE_WITH_KNOTS('',2,(#8750,#8751,#8752),
  .UNSPECIFIED.,.F.,.F.,(3,3),(0.,1.),.PIECEWISE_BEZIER_KNOTS.);
#8750 = CARTESIAN_POINT('',(10.222900390625,2.009033203125,0.));
#8751 = CARTESIAN_POINT('',(10.032470703125,2.586669921875,0.));
#8752 = CARTESIAN_POINT('',(9.689697265625,2.910400390625,0.));
#8753 = PCURVE('',#8655,#8754);
#8754 = DEFINITIONAL_REPRESENTATION('',(#8755),#8759);
#8755 = LINE('',#8756,#8757);
#8756 = CARTESIAN_POINT('',(0.,0.));
#8757 = VECTOR('',#8758,1.);
#8758 = DIRECTION('',(1.,0.));
#8759 = ( GEOMETRIC_REPRESENTATION_CONTEXT(2) 
PARAMETRIC_REPRESENTATION_CONTEXT() REPRESENTATION_CONTEXT('2D SPACE',''
  ) );
#8760 = PCURVE('',#7280,#8761);
#8761 = DEFINITIONAL_REPRESENTATION('',(#8762),#8766);
#8762 = B_SPLINE_CURVE_WITH_KNOTS('',2,(#8763,#8764,#8765),
  .UNSPECIFIED.,.F.,.F.,(3,3),(0.,1.),.PIECEWISE_BEZIER_KNOTS.);
#8763 = CARTESIAN_POINT('',(6.60791015625,6.30322265625));
#8764 = CARTESIAN_POINT('',(6.41748046875,6.880859375));
#8765 = CARTESIAN_POINT('',(6.07470703125,7.20458984375));
#8766 = ( GEOMETRIC_REPRESENTATION_CONTEXT(2) 
PARAMETRIC_REPRESENTATION_CONTEXT() REPRESENTATION_CONTEXT('2D SPACE',''
  ) );
#8767 = ADVANCED_FACE('',(#8768),#8733,.F.);
#8768 = FACE_BOUND('',#8769,.F.);
#8769 = EDGE_LOOP('',(#8770,#8771,#8794,#8817));
#8770 = ORIENTED_EDGE('',*,*,#8717,.T.);
#8771 = ORIENTED_EDGE('',*,*,#8772,.T.);
#8772 = EDGE_CURVE('',#8695,#8773,#8775,.T.);
#8773 = VERTEX_POINT('',#8774);
#8774 = CARTESIAN_POINT('',(8.820068359375,3.348388671875,-1.6));
#8775 = SURFACE_CURVE('',#8776,(#8780,#8787),.PCURVE_S1.);
#8776 = B_SPLINE_CURVE_WITH_KNOTS('',2,(#8777,#8778,#8779),
  .UNSPECIFIED.,.F.,.F.,(3,3),(0.,1.),.PIECEWISE_BEZIER_KNOTS.);
#8777 = CARTESIAN_POINT('',(9.689697265625,2.910400390625,-1.6));
#8778 = CARTESIAN_POINT('',(9.346923828125,3.234130859375,-1.6));
#8779 = CARTESIAN_POINT('',(8.820068359375,3.348388671875,-1.6));
#8780 = PCURVE('',#8733,#8781);
#8781 = DEFINITIONAL_REPRESENTATION('',(#8782),#8786);
#8782 = LINE('',#8783,#8784);
#8783 = CARTESIAN_POINT('',(0.,-1.6));
#8784 = VECTOR('',#8785,1.);
#8785 = DIRECTION('',(1.,0.));
#8786 = ( GEOMETRIC_REPRESENTATION_CONTEXT(2) 
PARAMETRIC_REPRESENTATION_CONTEXT() REPRESENTATION_CONTEXT('2D SPACE',''
  ) );
#8787 = PCURVE('',#7226,#8788);
#8788 = DEFINITIONAL_REPRESENTATION('',(#8789),#8793);
#8789 = B_SPLINE_CURVE_WITH_KNOTS('',2,(#8790,#8791,#8792),
  .UNSPECIFIED.,.F.,.F.,(3,3),(0.,1.),.PIECEWISE_BEZIER_KNOTS.);
#8790 = CARTESIAN_POINT('',(6.07470703125,7.20458984375));
#8791 = CARTESIAN_POINT('',(5.73193359375,7.5283203125));
#8792 = CARTESIAN_POINT('',(5.205078125,7.642578125));
#8793 = ( GEOMETRIC_REPRESENTATION_CONTEXT(2) 
PARAMETRIC_REPRESENTATION_CONTEXT() REPRESENTATION_CONTEXT('2D SPACE',''
  ) );
#8794 = ORIENTED_EDGE('',*,*,#8795,.F.);
#8795 = EDGE_CURVE('',#8796,#8773,#8798,.T.);
#8796 = VERTEX_POINT('',#8797);
#8797 = CARTESIAN_POINT('',(8.820068359375,3.348388671875,0.));
#8798 = SURFACE_CURVE('',#8799,(#8803,#8810),.PCURVE_S1.);
#8799 = LINE('',#8800,#8801);
#8800 = CARTESIAN_POINT('',(8.820068359375,3.348388671875,0.));
#8801 = VECTOR('',#8802,1.);
#8802 = DIRECTION('',(-0.,-0.,-1.));
#8803 = PCURVE('',#8733,#8804);
#8804 = DEFINITIONAL_REPRESENTATION('',(#8805),#8809);
#8805 = LINE('',#8806,#8807);
#8806 = CARTESIAN_POINT('',(1.,0.));
#8807 = VECTOR('',#8808,1.);
#8808 = DIRECTION('',(0.,-1.));
#8809 = ( GEOMETRIC_REPRESENTATION_CONTEXT(2) 
PARAMETRIC_REPRESENTATION_CONTEXT() REPRESENTATION_CONTEXT('2D SPACE',''
  ) );
#8810 = PCURVE('',#8060,#8811);
#8811 = DEFINITIONAL_REPRESENTATION('',(#8812),#8816);
#8812 = LINE('',#8813,#8814);
#8813 = CARTESIAN_POINT('',(0.,0.));
#8814 = VECTOR('',#8815,1.);
#8815 = DIRECTION('',(0.,-1.));
#8816 = ( GEOMETRIC_REPRESENTATION_CONTEXT(2) 
PARAMETRIC_REPRESENTATION_CONTEXT() REPRESENTATION_CONTEXT('2D SPACE',''
  ) );
#8817 = ORIENTED_EDGE('',*,*,#8818,.F.);
#8818 = EDGE_CURVE('',#8718,#8796,#8819,.T.);
#8819 = SURFACE_CURVE('',#8820,(#8824,#8831),.PCURVE_S1.);
#8820 = B_SPLINE_CURVE_WITH_KNOTS('',2,(#8821,#8822,#8823),
  .UNSPECIFIED.,.F.,.F.,(3,3),(0.,1.),.PIECEWISE_BEZIER_KNOTS.);
#8821 = CARTESIAN_POINT('',(9.689697265625,2.910400390625,0.));
#8822 = CARTESIAN_POINT('',(9.346923828125,3.234130859375,0.));
#8823 = CARTESIAN_POINT('',(8.820068359375,3.348388671875,0.));
#8824 = PCURVE('',#8733,#8825);
#8825 = DEFINITIONAL_REPRESENTATION('',(#8826),#8830);
#8826 = LINE('',#8827,#8828);
#8827 = CARTESIAN_POINT('',(0.,0.));
#8828 = VECTOR('',#8829,1.);
#8829 = DIRECTION('',(1.,0.));
#8830 = ( GEOMETRIC_REPRESENTATION_CONTEXT(2) 
PARAMETRIC_REPRESENTATION_CONTEXT() REPRESENTATION_CONTEXT('2D SPACE',''
  ) );
#8831 = PCURVE('',#7280,#8832);
#8832 = DEFINITIONAL_REPRESENTATION('',(#8833),#8837);
#8833 = B_SPLINE_CURVE_WITH_KNOTS('',2,(#8834,#8835,#8836),
  .UNSPECIFIED.,.F.,.F.,(3,3),(0.,1.),.PIECEWISE_BEZIER_KNOTS.);
#8834 = CARTESIAN_POINT('',(6.07470703125,7.20458984375));
#8835 = CARTESIAN_POINT('',(5.73193359375,7.5283203125));
#8836 = CARTESIAN_POINT('',(5.205078125,7.642578125));
#8837 = ( GEOMETRIC_REPRESENTATION_CONTEXT(2) 
PARAMETRIC_REPRESENTATION_CONTEXT() REPRESENTATION_CONTEXT('2D SPACE',''
  ) );
#8838 = ADVANCED_FACE('',(#8839),#8060,.F.);
#8839 = FACE_BOUND('',#8840,.F.);
#8840 = EDGE_LOOP('',(#8841,#8842,#8863,#8864));
#8841 = ORIENTED_EDGE('',*,*,#8795,.T.);
#8842 = ORIENTED_EDGE('',*,*,#8843,.T.);
#8843 = EDGE_CURVE('',#8773,#8040,#8844,.T.);
#8844 = SURFACE_CURVE('',#8845,(#8849,#8856),.PCURVE_S1.);
#8845 = B_SPLINE_CURVE_WITH_KNOTS('',2,(#8846,#8847,#8848),
  .UNSPECIFIED.,.F.,.F.,(3,3),(0.,1.),.PIECEWISE_BEZIER_KNOTS.);
#8846 = CARTESIAN_POINT('',(8.820068359375,3.348388671875,-1.6));
#8847 = CARTESIAN_POINT('',(8.426513671875,3.437255859375,-1.6));
#8848 = CARTESIAN_POINT('',(7.277587890625,3.437255859375,-1.6));
#8849 = PCURVE('',#8060,#8850);
#8850 = DEFINITIONAL_REPRESENTATION('',(#8851),#8855);
#8851 = LINE('',#8852,#8853);
#8852 = CARTESIAN_POINT('',(0.,-1.6));
#8853 = VECTOR('',#8854,1.);
#8854 = DIRECTION('',(1.,0.));
#8855 = ( GEOMETRIC_REPRESENTATION_CONTEXT(2) 
PARAMETRIC_REPRESENTATION_CONTEXT() REPRESENTATION_CONTEXT('2D SPACE',''
  ) );
#8856 = PCURVE('',#7226,#8857);
#8857 = DEFINITIONAL_REPRESENTATION('',(#8858),#8862);
#8858 = B_SPLINE_CURVE_WITH_KNOTS('',2,(#8859,#8860,#8861),
  .UNSPECIFIED.,.F.,.F.,(3,3),(0.,1.),.PIECEWISE_BEZIER_KNOTS.);
#8859 = CARTESIAN_POINT('',(5.205078125,7.642578125));
#8860 = CARTESIAN_POINT('',(4.8115234375,7.7314453125));
#8861 = CARTESIAN_POINT('',(3.66259765625,7.7314453125));
#8862 = ( GEOMETRIC_REPRESENTATION_CONTEXT(2) 
PARAMETRIC_REPRESENTATION_CONTEXT() REPRESENTATION_CONTEXT('2D SPACE',''
  ) );
#8863 = ORIENTED_EDGE('',*,*,#8037,.F.);
#8864 = ORIENTED_EDGE('',*,*,#8865,.F.);
#8865 = EDGE_CURVE('',#8796,#8038,#8866,.T.);
#8866 = SURFACE_CURVE('',#8867,(#8871,#8878),.PCURVE_S1.);
#8867 = B_SPLINE_CURVE_WITH_KNOTS('',2,(#8868,#8869,#8870),
  .UNSPECIFIED.,.F.,.F.,(3,3),(0.,1.),.PIECEWISE_BEZIER_KNOTS.);
#8868 = CARTESIAN_POINT('',(8.820068359375,3.348388671875,0.));
#8869 = CARTESIAN_POINT('',(8.426513671875,3.437255859375,0.));
#8870 = CARTESIAN_POINT('',(7.277587890625,3.437255859375,0.));
#8871 = PCURVE('',#8060,#8872);
#8872 = DEFINITIONAL_REPRESENTATION('',(#8873),#8877);
#8873 = LINE('',#8874,#8875);
#8874 = CARTESIAN_POINT('',(0.,0.));
#8875 = VECTOR('',#8876,1.);
#8876 = DIRECTION('',(1.,0.));
#8877 = ( GEOMETRIC_REPRESENTATION_CONTEXT(2) 
PARAMETRIC_REPRESENTATION_CONTEXT() REPRESENTATION_CONTEXT('2D SPACE',''
  ) );
#8878 = PCURVE('',#7280,#8879);
#8879 = DEFINITIONAL_REPRESENTATION('',(#8880),#8884);
#8880 = B_SPLINE_CURVE_WITH_KNOTS('',2,(#8881,#8882,#8883),
  .UNSPECIFIED.,.F.,.F.,(3,3),(0.,1.),.PIECEWISE_BEZIER_KNOTS.);
#8881 = CARTESIAN_POINT('',(5.205078125,7.642578125));
#8882 = CARTESIAN_POINT('',(4.8115234375,7.7314453125));
#8883 = CARTESIAN_POINT('',(3.66259765625,7.7314453125));
#8884 = ( GEOMETRIC_REPRESENTATION_CONTEXT(2) 
PARAMETRIC_REPRESENTATION_CONTEXT() REPRESENTATION_CONTEXT('2D SPACE',''
  ) );
#8885 = ADVANCED_FACE('',(#8886,#8899),#7280,.T.);
#8886 = FACE_BOUND('',#8887,.F.);
#8887 = EDGE_LOOP('',(#8888,#8889,#8890,#8891,#8892,#8893,#8894,#8895,
    #8896,#8897,#8898));
#8888 = ORIENTED_EDGE('',*,*,#7266,.T.);
#8889 = ORIENTED_EDGE('',*,*,#7349,.T.);
#8890 = ORIENTED_EDGE('',*,*,#7427,.T.);
#8891 = ORIENTED_EDGE('',*,*,#7505,.T.);
#8892 = ORIENTED_EDGE('',*,*,#7583,.T.);
#8893 = ORIENTED_EDGE('',*,*,#7661,.T.);
#8894 = ORIENTED_EDGE('',*,*,#7739,.T.);
#8895 = ORIENTED_EDGE('',*,*,#7817,.T.);
#8896 = ORIENTED_EDGE('',*,*,#7895,.T.);
#8897 = ORIENTED_EDGE('',*,*,#7966,.T.);
#8898 = ORIENTED_EDGE('',*,*,#8013,.T.);
#8899 = FACE_BOUND('',#8900,.F.);
#8900 = EDGE_LOOP('',(#8901,#8902,#8903,#8904,#8905,#8906,#8907,#8908,
    #8909,#8910,#8911));
#8901 = ORIENTED_EDGE('',*,*,#8125,.T.);
#8902 = ORIENTED_EDGE('',*,*,#8201,.T.);
#8903 = ORIENTED_EDGE('',*,*,#8279,.T.);
#8904 = ORIENTED_EDGE('',*,*,#8357,.T.);
#8905 = ORIENTED_EDGE('',*,*,#8435,.T.);
#8906 = ORIENTED_EDGE('',*,*,#8513,.T.);
#8907 = ORIENTED_EDGE('',*,*,#8591,.T.);
#8908 = ORIENTED_EDGE('',*,*,#8669,.T.);
#8909 = ORIENTED_EDGE('',*,*,#8747,.T.);
#8910 = ORIENTED_EDGE('',*,*,#8818,.T.);
#8911 = ORIENTED_EDGE('',*,*,#8865,.T.);
#8912 = ADVANCED_FACE('',(#8913,#8926),#7226,.F.);
#8913 = FACE_BOUND('',#8914,.T.);
#8914 = EDGE_LOOP('',(#8915,#8916,#8917,#8918,#8919,#8920,#8921,#8922,
    #8923,#8924,#8925));
#8915 = ORIENTED_EDGE('',*,*,#7210,.T.);
#8916 = ORIENTED_EDGE('',*,*,#7296,.T.);
#8917 = ORIENTED_EDGE('',*,*,#7374,.T.);
#8918 = ORIENTED_EDGE('',*,*,#7452,.T.);
#8919 = ORIENTED_EDGE('',*,*,#7530,.T.);
#8920 = ORIENTED_EDGE('',*,*,#7608,.T.);
#8921 = ORIENTED_EDGE('',*,*,#7686,.T.);
#8922 = ORIENTED_EDGE('',*,*,#7764,.T.);
#8923 = ORIENTED_EDGE('',*,*,#7842,.T.);
#8924 = ORIENTED_EDGE('',*,*,#7920,.T.);
#8925 = ORIENTED_EDGE('',*,*,#7991,.T.);
#8926 = FACE_BOUND('',#8927,.T.);
#8927 = EDGE_LOOP('',(#8928,#8929,#8930,#8931,#8932,#8933,#8934,#8935,
    #8936,#8937,#8938));
#8928 = ORIENTED_EDGE('',*,*,#8074,.T.);
#8929 = ORIENTED_EDGE('',*,*,#8150,.T.);
#8930 = ORIENTED_EDGE('',*,*,#8226,.T.);
#8931 = ORIENTED_EDGE('',*,*,#8304,.T.);
#8932 = ORIENTED_EDGE('',*,*,#8382,.T.);
#8933 = ORIENTED_EDGE('',*,*,#8460,.T.);
#8934 = ORIENTED_EDGE('',*,*,#8538,.T.);
#8935 = ORIENTED_EDGE('',*,*,#8616,.T.);
#8936 = ORIENTED_EDGE('',*,*,#8694,.T.);
#8937 = ORIENTED_EDGE('',*,*,#8772,.T.);
#8938 = ORIENTED_EDGE('',*,*,#8843,.T.);
#8939 = ( GEOMETRIC_REPRESENTATION_CONTEXT(3) 
GLOBAL_UNCERTAINTY_ASSIGNED_CONTEXT((#8943)) 
GLOBAL_UNIT_ASSIGNED_CONTEXT((#8940,#8941,#8942)) REPRESENTATION_CONTEXT
('Context #1','3D Context with UNIT and UNCERTAINTY') );
#8940 = ( LENGTH_UNIT() NAMED_UNIT(*) SI_UNIT(.MILLI.,.METRE.) );
#8941 = ( NAMED_UNIT(*) PLANE_ANGLE_UNIT() SI_UNIT($,.RADIAN.) );
#8942 = ( NAMED_UNIT(*) SI_UNIT($,.STERADIAN.) SOLID_ANGLE_UNIT() );
#8943 = UNCERTAINTY_MEASURE_WITH_UNIT(LENGTH_MEASURE(1.E-07),#8940,
  'distance_accuracy_value','confusion accuracy');
#8944 = CONTEXT_DEPENDENT_SHAPE_REPRESENTATION(#8945,#8947);
#8945 = ( REPRESENTATION_RELATIONSHIP('','',#7168,#10) 
REPRESENTATION_RELATIONSHIP_WITH_TRANSFORMATION(#8946) 
SHAPE_REPRESENTATION_RELATIONSHIP() );
#8946 = ITEM_DEFINED_TRANSFORMATION('','',#11,#31);
#8947 = PRODUCT_DEFINITION_SHAPE('Placement','Placement of an item',
  #8948);
#8948 = NEXT_ASSEMBLY_USAGE_OCCURRENCE('5','','',#5,#7163,$);
#8949 = PRODUCT_RELATED_PRODUCT_CATEGORY('part',$,(#7165));
ENDSEC;
END-ISO-10303-21;
