ISO-10303-21;
HEADER;
FILE_DESCRIPTION(('Open CASCADE Model'),'2;1');
FILE_NAME('Open CASCADE Shape Model','2026-08-27T21:46:59',('Author'),(
    'Open CASCADE'),'Open CASCADE STEP processor 7.8','Open CASCADE 7.8'
  ,'Unknown');
FILE_SCHEMA(('AUTOMOTIVE_DESIGN { 1 0 10303 214 1 1 1 1 }'));
ENDSEC;
DATA;
#1 = APPLICATION_PROTOCOL_DEFINITION('international standard',
  'automotive_design',2000,#2);
#2 = APPLICATION_CONTEXT(
  'core data for automotive mechanical design processes');
#3 = SHAPE_DEFINITION_REPRESENTATION(#4,#10);
#4 = PRODUCT_DEFINITION_SHAPE('','',#5);
#5 = PRODUCT_DEFINITION('design','',#6,#9);
#6 = PRODUCT_DEFINITION_FORMATION('','',#7);
#7 = PRODUCT('Open CASCADE STEP translator 7.8 1',
  'Open CASCADE STEP translator 7.8 1','',(#8));
#8 = PRODUCT_CONTEXT('',#2,'mechanical');
#9 = PRODUCT_DEFINITION_CONTEXT('part definition',#2,'design');
#10 = ADVANCED_BREP_SHAPE_REPRESENTATION('',(#11,#15),#4080);
#11 = AXIS2_PLACEMENT_3D('',#12,#13,#14);
#12 = CARTESIAN_POINT('',(0.,0.,0.));
#13 = DIRECTION('',(0.,0.,1.));
#14 = DIRECTION('',(1.,0.,-0.));
#15 = MANIFOLD_SOLID_BREP('',#16);
#16 = CLOSED_SHELL('',(#17,#366,#785,#991,#1200,#1492,#1637,#1822,#1945,
    #2219,#2361,#2480,#2523,#2750,#3218,#3377,#3528,#3535,#3559,#3677,
    #3758,#3808,#3907,#3996,#4046,#4073));
#17 = ADVANCED_FACE('',(#18),#31,.F.);
#18 = FACE_BOUND('',#19,.F.);
#19 = EDGE_LOOP('',(#20,#72,#250,#295));
#20 = ORIENTED_EDGE('',*,*,#21,.T.);
#21 = EDGE_CURVE('',#22,#24,#26,.T.);
#22 = VERTEX_POINT('',#23);
#23 = CARTESIAN_POINT('',(5.491204839494,10.539006049368,1.610953580666)
  );
#24 = VERTEX_POINT('',#25);
#25 = CARTESIAN_POINT('',(5.186039487671,10.157549359589,57.506149112762
    ));
#26 = SURFACE_CURVE('',#27,(#30,#42),.PCURVE_S1.);
#27 = B_SPLINE_CURVE_WITH_KNOTS('',1,(#28,#29),.UNSPECIFIED.,.F.,.F.,(2,
    2),(0.,1.),.PIECEWISE_BEZIER_KNOTS.);
#28 = CARTESIAN_POINT('',(5.5,10.55,0.));
#29 = CARTESIAN_POINT('',(5.18115942029,10.151449275362,58.4));
#30 = PCURVE('',#31,#36);
#31 = B_SPLINE_SURFACE_WITH_KNOTS('',1,1,(
    (#32,#33)
    ,(#34,#35)),.UNSPECIFIED.,.F.,.F.,.F.,(2,2),(2,2),(0.,11.),(0.,1.),
  .PIECEWISE_BEZIER_KNOTS.);
#32 = CARTESIAN_POINT('',(-5.5,10.55,0.));
#33 = CARTESIAN_POINT('',(-5.18115942029,10.151449275362,58.4));
#34 = CARTESIAN_POINT('',(5.5,10.55,0.));
#35 = CARTESIAN_POINT('',(5.18115942029,10.151449275362,58.4));
#36 = DEFINITIONAL_REPRESENTATION('',(#37),#41);
#37 = LINE('',#38,#39);
#38 = CARTESIAN_POINT('',(11.,0.));
#39 = VECTOR('',#40,1.);
#40 = DIRECTION('',(0.,1.));
#41 = ( GEOMETRIC_REPRESENTATION_CONTEXT(2) 
PARAMETRIC_REPRESENTATION_CONTEXT() REPRESENTATION_CONTEXT('2D SPACE',''
  ) );
#42 = PCURVE('',#43,#66);
#43 = B_SPLINE_SURFACE_WITH_KNOTS('',10,1,(
    (#44,#45)
    ,(#46,#47)
    ,(#48,#49)
    ,(#50,#51)
    ,(#52,#53)
    ,(#54,#55)
    ,(#56,#57)
    ,(#58,#59)
    ,(#60,#61)
    ,(#62,#63)
    ,(#64,#65
    )),.UNSPECIFIED.,.F.,.F.,.F.,(11,11),(2,2),(0.,3.14159265359),(0.,1.
    ),.PIECEWISE_BEZIER_KNOTS.);
#44 = CARTESIAN_POINT('',(5.5,10.55,0.));
#45 = CARTESIAN_POINT('',(5.18115942029,10.151449275362,58.4));
#46 = CARTESIAN_POINT('',(8.814380249538,10.55,0.));
#47 = CARTESIAN_POINT('',(8.370331266967,10.151449275362,58.400000000002
    ));
#48 = CARTESIAN_POINT('',(12.128760211182,9.39306618202,0.));
#49 = CARTESIAN_POINT('',(11.559502836626,9.038221316293,58.399999999991
    ));
#50 = CARTESIAN_POINT('',(14.988814948243,7.079169881988,0.));
#51 = CARTESIAN_POINT('',(14.31151237104,6.811737816936,58.400000000019)
  );
#52 = CARTESIAN_POINT('',(16.940198603668,3.81234223845,0.));
#53 = CARTESIAN_POINT('',(16.189177981918,3.668322166251,58.399999999974
    ));
#54 = CARTESIAN_POINT('',(17.635416554028,2.16182627355E-12,0.));
#55 = CARTESIAN_POINT('',(16.858132461392,1.615596545435E-12,
    58.400000000026));
#56 = CARTESIAN_POINT('',(16.940198603669,-3.812342238453,0.));
#57 = CARTESIAN_POINT('',(16.189177981919,-3.668322166254,58.39999999998
    ));
#58 = CARTESIAN_POINT('',(14.988814948242,-7.079169881986,0.));
#59 = CARTESIAN_POINT('',(14.311512371038,-6.811737816934,
    58.400000000011));
#60 = CARTESIAN_POINT('',(12.128760211182,-9.393066182021,0.));
#61 = CARTESIAN_POINT('',(11.559502836626,-9.038221316294,
    58.399999999996));
#62 = CARTESIAN_POINT('',(8.814380249537,-10.55,0.));
#63 = CARTESIAN_POINT('',(8.370331266967,-10.15144927536,58.400000000001
    ));
#64 = CARTESIAN_POINT('',(5.5,-10.55,0.));
#65 = CARTESIAN_POINT('',(5.18115942029,-10.15144927536,58.4));
#66 = DEFINITIONAL_REPRESENTATION('',(#67),#71);
#67 = LINE('',#68,#69);
#68 = CARTESIAN_POINT('',(0.,0.));
#69 = VECTOR('',#70,1.);
#70 = DIRECTION('',(0.,1.));
#71 = ( GEOMETRIC_REPRESENTATION_CONTEXT(2) 
PARAMETRIC_REPRESENTATION_CONTEXT() REPRESENTATION_CONTEXT('2D SPACE',''
  ) );
#72 = ORIENTED_EDGE('',*,*,#73,.F.);
#73 = EDGE_CURVE('',#74,#24,#76,.T.);
#74 = VERTEX_POINT('',#75);
#75 = CARTESIAN_POINT('',(-5.186039487671,10.157549359589,
    57.506149112762));
#76 = SURFACE_CURVE('',#77,(#110,#146),.PCURVE_S1.);
#77 = ( BOUNDED_CURVE() B_SPLINE_CURVE(11,(#78,#79,#80,#81,#82,#83,#84,
    #85,#86,#87,#88,#89,#90,#91,#92,#93,#94,#95,#96,#97,#98,#99,#100,
    #101,#102,#103,#104,#105,#106,#107,#108,#109),.UNSPECIFIED.,.F.,.F.)
 B_SPLINE_CURVE_WITH_KNOTS((12,10,10,12),(31.817078388051,
    31.821652815601,42.186420743818,42.190995171367),.UNSPECIFIED.) 
CURVE() GEOMETRIC_REPRESENTATION_ITEM() RATIONAL_B_SPLINE_CURVE((1.,1.,
    1.,0.999999999999,1.000000000001,0.999999999998,1.000000000001,
    0.999999999999,1.000000000001,1.,1.,1.,1.,0.999999999999,
    1.000000000001,0.999999999999,1.000000000001,0.999999999999,
    1.000000000001,1.,1.,1.,1.,1.,1.,1.000000000001,0.999999999999,1.,1.
,1.,1.,1.)) REPRESENTATION_ITEM('') );
#78 = CARTESIAN_POINT('',(-5.186039487671,10.157549359589,
    57.506149112762));
#79 = CARTESIAN_POINT('',(-5.185622519396,10.157549359652,
    57.506149103575));
#80 = CARTESIAN_POINT('',(-5.185205553231,10.157549359714,
    57.506149094395));
#81 = CARTESIAN_POINT('',(-5.184788589179,10.157549359777,
    57.506149085222));
#82 = CARTESIAN_POINT('',(-5.184371627232,10.157549359839,
    57.506149076056));
#83 = CARTESIAN_POINT('',(-5.183954667402,10.157549359902,
    57.506149066897));
#84 = CARTESIAN_POINT('',(-5.18353770967,10.157549359964,57.506149057745
    ));
#85 = CARTESIAN_POINT('',(-5.183120754056,10.157549360027,57.5061490486)
  );
#86 = CARTESIAN_POINT('',(-5.18270380054,10.157549360089,57.506149039461
    ));
#87 = CARTESIAN_POINT('',(-5.182286849135,10.157549360151,57.50614903033
    ));
#88 = CARTESIAN_POINT('',(-5.181869899833,10.157549360214,
    57.506149021205));
#89 = CARTESIAN_POINT('',(-4.236731259468,10.157549501263,
    57.506128353091));
#90 = CARTESIAN_POINT('',(-3.303099021252,10.157549273645,57.50616170615
    ));
#91 = CARTESIAN_POINT('',(-2.345996131239,10.157549550459,
    57.506121144304));
#92 = CARTESIAN_POINT('',(-1.424736677583,10.157549296189,
    57.506158402798));
#93 = CARTESIAN_POINT('',(-0.457661285307,10.157549452704,
    57.506135468518));
#94 = CARTESIAN_POINT('',(0.457661285306,10.157549452704,57.506135468517
    ));
#95 = CARTESIAN_POINT('',(1.424736677586,10.157549296189,57.506158402799
    ));
#96 = CARTESIAN_POINT('',(2.345996131237,10.15754955046,57.506121144304)
  );
#97 = CARTESIAN_POINT('',(3.303099021253,10.157549273645,57.50616170615)
  );
#98 = CARTESIAN_POINT('',(4.236731259468,10.157549501263,57.506128353091
    ));
#99 = CARTESIAN_POINT('',(5.181869899833,10.157549360214,57.506149021205
    ));
#100 = CARTESIAN_POINT('',(5.182286849135,10.157549360151,57.50614903033
    ));
#101 = CARTESIAN_POINT('',(5.18270380054,10.157549360089,57.506149039461
    ));
#102 = CARTESIAN_POINT('',(5.183120754057,10.157549360027,
    57.506149048599));
#103 = CARTESIAN_POINT('',(5.183537709668,10.157549359964,
    57.506149057745));
#104 = CARTESIAN_POINT('',(5.183954667404,10.157549359902,
    57.506149066897));
#105 = CARTESIAN_POINT('',(5.18437162723,10.157549359839,57.506149076056
    ));
#106 = CARTESIAN_POINT('',(5.18478858918,10.157549359777,57.506149085222
    ));
#107 = CARTESIAN_POINT('',(5.18520555323,10.157549359714,57.506149094395
    ));
#108 = CARTESIAN_POINT('',(5.185622519396,10.157549359652,
    57.506149103575));
#109 = CARTESIAN_POINT('',(5.186039487671,10.157549359589,
    57.506149112762));
#110 = PCURVE('',#31,#111);
#111 = DEFINITIONAL_REPRESENTATION('',(#112),#145);
#112 = B_SPLINE_CURVE_WITH_KNOTS('',11,(#113,#114,#115,#116,#117,#118,
    #119,#120,#121,#122,#123,#124,#125,#126,#127,#128,#129,#130,#131,
    #132,#133,#134,#135,#136,#137,#138,#139,#140,#141,#142,#143,#144),
  .UNSPECIFIED.,.F.,.F.,(12,10,10,12),(31.817078388051,31.821652815601,
    42.186420743818,42.190995171367),.UNSPECIFIED.);
#113 = CARTESIAN_POINT('',(6.001463884502E-15,0.984694334123));
#114 = CARTESIAN_POINT('',(4.422114017897E-04,0.984694333965));
#115 = CARTESIAN_POINT('',(8.844205642745E-04,0.984694333808));
#116 = CARTESIAN_POINT('',(1.326627488308E-03,0.98469433365));
#117 = CARTESIAN_POINT('',(1.768832174752E-03,0.984694333495));
#118 = CARTESIAN_POINT('',(2.211034624439E-03,0.984694333336));
#119 = CARTESIAN_POINT('',(2.653234838249E-03,0.984694333182));
#120 = CARTESIAN_POINT('',(3.095432817003E-03,0.984694333023));
#121 = CARTESIAN_POINT('',(3.53762856158E-03,0.984694332868));
#122 = CARTESIAN_POINT('',(3.979822072811E-03,0.984694332711));
#123 = CARTESIAN_POINT('',(4.422013351561E-03,0.984694332555));
#124 = CARTESIAN_POINT('',(1.006779043969,0.984693978649));
#125 = CARTESIAN_POINT('',(1.996932718442,0.984694549763));
#126 = CARTESIAN_POINT('',(3.011978544323,0.98469385521));
#127 = CARTESIAN_POINT('',(3.989010137413,0.9846944932));
#128 = CARTESIAN_POINT('',(5.014632423221,0.984694100487));
#129 = CARTESIAN_POINT('',(5.985367576779,0.98469410049));
#130 = CARTESIAN_POINT('',(7.010989862586,0.984694493197));
#131 = CARTESIAN_POINT('',(7.988021455677,0.984693855211));
#132 = CARTESIAN_POINT('',(9.003067281558,0.984694549763));
#133 = CARTESIAN_POINT('',(9.993220956031,0.984693978649));
#134 = CARTESIAN_POINT('',(10.995577986648,0.984694332555));
#135 = CARTESIAN_POINT('',(10.996020177927,0.984694332711));
#136 = CARTESIAN_POINT('',(10.99646237144,0.984694332867));
#137 = CARTESIAN_POINT('',(10.996904567181,0.984694333024));
#138 = CARTESIAN_POINT('',(10.997346765164,0.98469433318));
#139 = CARTESIAN_POINT('',(10.997788965374,0.984694333338));
#140 = CARTESIAN_POINT('',(10.998231167827,0.984694333494));
#141 = CARTESIAN_POINT('',(10.998673372511,0.984694333651));
#142 = CARTESIAN_POINT('',(10.999115579436,0.984694333808));
#143 = CARTESIAN_POINT('',(10.999557788598,0.984694333965));
#144 = CARTESIAN_POINT('',(11.,0.984694334123));
#145 = ( GEOMETRIC_REPRESENTATION_CONTEXT(2) 
PARAMETRIC_REPRESENTATION_CONTEXT() REPRESENTATION_CONTEXT('2D SPACE',''
  ) );
#146 = PCURVE('',#147,#244);
#147 = ( BOUNDED_SURFACE() B_SPLINE_SURFACE(2,11,(
    (#148,#149,#150,#151,#152,#153,#154,#155,#156,#157,#158,#159,#160
      ,#161,#162,#163,#164,#165,#166,#167,#168,#169,#170,#171,#172,#173
      ,#174,#175,#176,#177,#178,#179)
    ,(#180,#181,#182,#183,#184,#185,#186,#187,#188,#189,#190,#191,#192
      ,#193,#194,#195,#196,#197,#198,#199,#200,#201,#202,#203,#204,#205
      ,#206,#207,#208,#209,#210,#211)
    ,(#212,#213,#214,#215,#216,#217,#218,#219,#220,#221,#222,#223,#224
      ,#225,#226,#227,#228,#229,#230,#231,#232,#233,#234,#235,#236,#237
      ,#238,#239,#240,#241,#242,#243
)),.UNSPECIFIED.,.F.,.F.,.F.) B_SPLINE_SURFACE_WITH_KNOTS((3,3),(12,10,
    10,12),(0.,10.373916783316),(31.817078388051,31.821652815601,
    42.186420743818,42.190995171367),.UNSPECIFIED.) 
GEOMETRIC_REPRESENTATION_ITEM() RATIONAL_B_SPLINE_SURFACE((
    (1.,1.,1.,0.999999999999,1.000000000001,0.999999999998
      ,1.000000000001,0.999999999999,1.000000000001,1.,1.,1.,1.
      ,0.999999999999,1.000000000001,0.999999999999,1.000000000001
      ,0.999999999999,1.000000000001,1.,1.,1.,1.,1.,1.,1.000000000001
      ,0.999999999999,1.,1.,1.,1.,1.)
    ,(0.709518268797,0.7095182652,0.709518261607,0.709518258015
      ,0.709518254427,0.70951825084,0.709518247259,0.709518243677
      ,0.7095182401,0.709518236524,0.709518232952,0.709510141345
      ,0.709523199082,0.709507319193,0.709521905733,0.7095129271
      ,0.709512927103,0.709521905731,0.709507319194,0.709523199081
      ,0.709510141345,0.709518232952,0.709518236525,0.7095182401
      ,0.709518243677,0.709518247258,0.709518250841,0.709518254427
      ,0.709518258015,0.709518261606,0.7095182652,0.709518268797)
    ,(1.,1.,1.,0.999999999999,1.000000000001,0.999999999998
      ,1.000000000001,0.999999999999,1.000000000001,1.,1.,1.,1.
      ,0.999999999999,1.000000000001,0.999999999999,1.000000000001
      ,0.999999999999,1.000000000001,1.,1.,1.,1.,1.,1.,1.000000000001
,0.999999999999,1.,1.,1.,1.,1.))) REPRESENTATION_ITEM('') SURFACE() );
#148 = CARTESIAN_POINT('',(-5.186039487671,10.157549359589,
    57.506149112762));
#149 = CARTESIAN_POINT('',(-5.185622519396,10.157549359652,
    57.506149103575));
#150 = CARTESIAN_POINT('',(-5.185205553231,10.157549359714,
    57.506149094395));
#151 = CARTESIAN_POINT('',(-5.184788589179,10.157549359777,
    57.506149085222));
#152 = CARTESIAN_POINT('',(-5.184371627232,10.157549359839,
    57.506149076056));
#153 = CARTESIAN_POINT('',(-5.183954667402,10.157549359902,
    57.506149066897));
#154 = CARTESIAN_POINT('',(-5.18353770967,10.157549359964,
    57.506149057745));
#155 = CARTESIAN_POINT('',(-5.183120754056,10.157549360027,57.5061490486
    ));
#156 = CARTESIAN_POINT('',(-5.18270380054,10.157549360089,
    57.506149039461));
#157 = CARTESIAN_POINT('',(-5.182286849135,10.157549360151,
    57.50614903033));
#158 = CARTESIAN_POINT('',(-5.181869899833,10.157549360214,
    57.506149021205));
#159 = CARTESIAN_POINT('',(-4.236731259468,10.157549501263,
    57.506128353091));
#160 = CARTESIAN_POINT('',(-3.303099021252,10.157549273645,
    57.50616170615));
#161 = CARTESIAN_POINT('',(-2.345996131239,10.157549550459,
    57.506121144304));
#162 = CARTESIAN_POINT('',(-1.424736677583,10.157549296189,
    57.506158402798));
#163 = CARTESIAN_POINT('',(-0.457661285307,10.157549452704,
    57.506135468518));
#164 = CARTESIAN_POINT('',(0.457661285306,10.157549452704,
    57.506135468517));
#165 = CARTESIAN_POINT('',(1.424736677586,10.157549296189,
    57.506158402799));
#166 = CARTESIAN_POINT('',(2.345996131237,10.15754955046,57.506121144304
    ));
#167 = CARTESIAN_POINT('',(3.303099021253,10.157549273645,57.50616170615
    ));
#168 = CARTESIAN_POINT('',(4.236731259468,10.157549501263,
    57.506128353091));
#169 = CARTESIAN_POINT('',(5.181869899833,10.157549360214,
    57.506149021205));
#170 = CARTESIAN_POINT('',(5.182286849135,10.157549360151,57.50614903033
    ));
#171 = CARTESIAN_POINT('',(5.18270380054,10.157549360089,57.506149039461
    ));
#172 = CARTESIAN_POINT('',(5.183120754057,10.157549360027,
    57.506149048599));
#173 = CARTESIAN_POINT('',(5.183537709668,10.157549359964,
    57.506149057745));
#174 = CARTESIAN_POINT('',(5.183954667404,10.157549359902,
    57.506149066897));
#175 = CARTESIAN_POINT('',(5.18437162723,10.157549359839,57.506149076056
    ));
#176 = CARTESIAN_POINT('',(5.18478858918,10.157549359777,57.506149085222
    ));
#177 = CARTESIAN_POINT('',(5.18520555323,10.157549359714,57.506149094395
    ));
#178 = CARTESIAN_POINT('',(5.185622519396,10.157549359652,
    57.506149103575));
#179 = CARTESIAN_POINT('',(5.186039487671,10.157549359589,
    57.506149112762));
#180 = CARTESIAN_POINT('',(-5.185743882222,10.151449275362,58.4));
#181 = CARTESIAN_POINT('',(-5.185327102458,10.151449275362,58.4));
#182 = CARTESIAN_POINT('',(-5.184910324795,10.151449275362,58.4));
#183 = CARTESIAN_POINT('',(-5.184493549234,10.151449275362,58.4));
#184 = CARTESIAN_POINT('',(-5.184076775772,10.151449275363,58.4));
#185 = CARTESIAN_POINT('',(-5.183660004412,10.151449275362,58.4));
#186 = CARTESIAN_POINT('',(-5.183243235148,10.151449275363,58.4));
#187 = CARTESIAN_POINT('',(-5.182826467985,10.151449275362,58.4));
#188 = CARTESIAN_POINT('',(-5.182409702917,10.151449275362,58.4));
#189 = CARTESIAN_POINT('',(-5.181992939946,10.151449275362,58.4));
#190 = CARTESIAN_POINT('',(-5.181576179071,10.151449275362,58.4));
#191 = CARTESIAN_POINT('',(-4.23685387379,10.151449275362,58.4));
#192 = CARTESIAN_POINT('',(-3.303248616733,10.151449275362,58.4));
#193 = CARTESIAN_POINT('',(-2.345958044245,10.151449275362,58.4));
#194 = CARTESIAN_POINT('',(-1.424867038577,10.151449275362,58.4));
#195 = CARTESIAN_POINT('',(-0.457507050379,10.151449275363,
    58.399999999999));
#196 = CARTESIAN_POINT('',(0.457507050378,10.151449275362,
    58.400000000001));
#197 = CARTESIAN_POINT('',(1.42486703858,10.151449275362,58.4));
#198 = CARTESIAN_POINT('',(2.345958044242,10.151449275362,58.4));
#199 = CARTESIAN_POINT('',(3.303248616735,10.151449275362,58.4));
#200 = CARTESIAN_POINT('',(4.23685387379,10.151449275362,58.4));
#201 = CARTESIAN_POINT('',(5.181576179071,10.151449275362,58.4));
#202 = CARTESIAN_POINT('',(5.181992939946,10.151449275362,58.4));
#203 = CARTESIAN_POINT('',(5.182409702917,10.151449275362,58.4));
#204 = CARTESIAN_POINT('',(5.182826467985,10.151449275362,58.4));
#205 = CARTESIAN_POINT('',(5.183243235149,10.151449275363,58.4));
#206 = CARTESIAN_POINT('',(5.183660004412,10.151449275362,58.4));
#207 = CARTESIAN_POINT('',(5.184076775773,10.151449275363,58.4));
#208 = CARTESIAN_POINT('',(5.184493549234,10.151449275362,58.4));
#209 = CARTESIAN_POINT('',(5.184910324795,10.151449275362,58.4));
#210 = CARTESIAN_POINT('',(5.185327102458,10.151449275362,58.4));
#211 = CARTESIAN_POINT('',(5.185743882222,10.151449275362,58.4));
#212 = CARTESIAN_POINT('',(-5.142478306458,9.258625218238,58.4));
#213 = CARTESIAN_POINT('',(-5.142089053338,9.258623875182,58.4));
#214 = CARTESIAN_POINT('',(-5.141699801016,9.258622533133,58.4));
#215 = CARTESIAN_POINT('',(-5.141310549493,9.258621192088,58.4));
#216 = CARTESIAN_POINT('',(-5.140921298762,9.25861985205,58.4));
#217 = CARTESIAN_POINT('',(-5.140532048833,9.258618513017,58.4));
#218 = CARTESIAN_POINT('',(-5.140142799688,9.258617174989,58.4));
#219 = CARTESIAN_POINT('',(-5.139753551347,9.258615837966,58.4));
#220 = CARTESIAN_POINT('',(-5.13936430379,9.258614501948,58.4));
#221 = CARTESIAN_POINT('',(-5.138975057028,9.258613166935,58.4));
#222 = CARTESIAN_POINT('',(-5.138585811055,9.258611832926,58.4));
#223 = CARTESIAN_POINT('',(-4.256242276598,9.255590170607,58.4));
#224 = CARTESIAN_POINT('',(-3.320118543167,9.260454987408,58.4));
#225 = CARTESIAN_POINT('',(-2.350984591258,9.254558760712,58.4));
#226 = CARTESIAN_POINT('',(-1.427537956338,9.259954156761,58.4));
#227 = CARTESIAN_POINT('',(-0.455401723618,9.256642107232,58.4));
#228 = CARTESIAN_POINT('',(0.455401723617,9.256642107231,58.4));
#229 = CARTESIAN_POINT('',(1.427537956341,9.259954156762,58.4));
#230 = CARTESIAN_POINT('',(2.350984591256,9.254558760711,58.4));
#231 = CARTESIAN_POINT('',(3.320118543169,9.260454987408,58.4));
#232 = CARTESIAN_POINT('',(4.256242276597,9.255590170607,58.4));
#233 = CARTESIAN_POINT('',(5.138585811055,9.258611832926,58.4));
#234 = CARTESIAN_POINT('',(5.138975057028,9.258613166935,58.4));
#235 = CARTESIAN_POINT('',(5.139364303789,9.258614501948,58.4));
#236 = CARTESIAN_POINT('',(5.139753551348,9.258615837966,58.4));
#237 = CARTESIAN_POINT('',(5.140142799687,9.258617174988,58.4));
#238 = CARTESIAN_POINT('',(5.140532048835,9.258618513017,58.4));
#239 = CARTESIAN_POINT('',(5.14092129876,9.25861985205,58.4));
#240 = CARTESIAN_POINT('',(5.141310549494,9.258621192088,58.4));
#241 = CARTESIAN_POINT('',(5.141699801016,9.258622533133,58.4));
#242 = CARTESIAN_POINT('',(5.142089053338,9.258623875182,58.4));
#243 = CARTESIAN_POINT('',(5.142478306458,9.258625218238,58.4));
#244 = DEFINITIONAL_REPRESENTATION('',(#245),#249);
#245 = LINE('',#246,#247);
#246 = CARTESIAN_POINT('',(0.,0.));
#247 = VECTOR('',#248,1.);
#248 = DIRECTION('',(0.,1.));
#249 = ( GEOMETRIC_REPRESENTATION_CONTEXT(2) 
PARAMETRIC_REPRESENTATION_CONTEXT() REPRESENTATION_CONTEXT('2D SPACE',''
  ) );
#250 = ORIENTED_EDGE('',*,*,#251,.F.);
#251 = EDGE_CURVE('',#252,#74,#254,.T.);
#252 = VERTEX_POINT('',#253);
#253 = CARTESIAN_POINT('',(-5.491205028598,10.539006285748,1.61091894367
    ));
#254 = SURFACE_CURVE('',#255,(#258,#265),.PCURVE_S1.);
#255 = B_SPLINE_CURVE_WITH_KNOTS('',1,(#256,#257),.UNSPECIFIED.,.F.,.F.,
  (2,2),(0.,1.),.PIECEWISE_BEZIER_KNOTS.);
#256 = CARTESIAN_POINT('',(-5.5,10.55,0.));
#257 = CARTESIAN_POINT('',(-5.18115942029,10.151449275362,58.4));
#258 = PCURVE('',#31,#259);
#259 = DEFINITIONAL_REPRESENTATION('',(#260),#264);
#260 = LINE('',#261,#262);
#261 = CARTESIAN_POINT('',(0.,0.));
#262 = VECTOR('',#263,1.);
#263 = DIRECTION('',(0.,1.));
#264 = ( GEOMETRIC_REPRESENTATION_CONTEXT(2) 
PARAMETRIC_REPRESENTATION_CONTEXT() REPRESENTATION_CONTEXT('2D SPACE',''
  ) );
#265 = PCURVE('',#266,#289);
#266 = B_SPLINE_SURFACE_WITH_KNOTS('',10,1,(
    (#267,#268)
    ,(#269,#270)
    ,(#271,#272)
    ,(#273,#274)
    ,(#275,#276)
    ,(#277,#278)
    ,(#279,#280)
    ,(#281,#282)
    ,(#283,#284)
    ,(#285,#286)
    ,(#287,#288
    )),.UNSPECIFIED.,.F.,.F.,.F.,(11,11),(2,2),(0.,3.14159265359),(0.,1.
    ),.PIECEWISE_BEZIER_KNOTS.);
#267 = CARTESIAN_POINT('',(-5.5,-10.55,0.));
#268 = CARTESIAN_POINT('',(-5.18115942029,-10.15144927536,58.4));
#269 = CARTESIAN_POINT('',(-8.814380249538,-10.55,0.));
#270 = CARTESIAN_POINT('',(-8.370331266967,-10.15144927536,
    58.400000000002));
#271 = CARTESIAN_POINT('',(-12.12876021118,-9.39306618202,0.));
#272 = CARTESIAN_POINT('',(-11.55950283662,-9.038221316293,
    58.399999999991));
#273 = CARTESIAN_POINT('',(-14.98881494824,-7.079169881988,0.));
#274 = CARTESIAN_POINT('',(-14.31151237104,-6.811737816936,
    58.400000000019));
#275 = CARTESIAN_POINT('',(-16.94019860366,-3.81234223845,0.));
#276 = CARTESIAN_POINT('',(-16.18917798191,-3.668322166251,
    58.399999999974));
#277 = CARTESIAN_POINT('',(-17.63541655402,-2.16182627355E-12,0.));
#278 = CARTESIAN_POINT('',(-16.85813246139,-1.615596545435E-12,
    58.400000000026));
#279 = CARTESIAN_POINT('',(-16.94019860366,3.812342238453,0.));
#280 = CARTESIAN_POINT('',(-16.18917798191,3.668322166254,58.39999999998
    ));
#281 = CARTESIAN_POINT('',(-14.98881494824,7.079169881986,0.));
#282 = CARTESIAN_POINT('',(-14.31151237103,6.811737816934,
    58.400000000011));
#283 = CARTESIAN_POINT('',(-12.12876021118,9.393066182021,0.));
#284 = CARTESIAN_POINT('',(-11.55950283662,9.038221316294,
    58.399999999996));
#285 = CARTESIAN_POINT('',(-8.814380249537,10.55,0.));
#286 = CARTESIAN_POINT('',(-8.370331266967,10.151449275362,
    58.400000000001));
#287 = CARTESIAN_POINT('',(-5.5,10.55,0.));
#288 = CARTESIAN_POINT('',(-5.18115942029,10.151449275362,58.4));
#289 = DEFINITIONAL_REPRESENTATION('',(#290),#294);
#290 = LINE('',#291,#292);
#291 = CARTESIAN_POINT('',(3.14159265359,0.));
#292 = VECTOR('',#293,1.);
#293 = DIRECTION('',(0.,1.));
#294 = ( GEOMETRIC_REPRESENTATION_CONTEXT(2) 
PARAMETRIC_REPRESENTATION_CONTEXT() REPRESENTATION_CONTEXT('2D SPACE',''
  ) );
#295 = ORIENTED_EDGE('',*,*,#296,.T.);
#296 = EDGE_CURVE('',#252,#22,#297,.T.);
#297 = SURFACE_CURVE('',#298,(#310,#325),.PCURVE_S1.);
#298 = ( BOUNDED_CURVE() B_SPLINE_CURVE(10,(#299,#300,#301,#302,#303,
    #304,#305,#306,#307,#308,#309),.UNSPECIFIED.,.F.,.F.) 
B_SPLINE_CURVE_WITH_KNOTS((11,11),(8.796809268859E-03,10.994395739865),
.PIECEWISE_BEZIER_KNOTS.) CURVE() GEOMETRIC_REPRESENTATION_ITEM() 
RATIONAL_B_SPLINE_CURVE((1.,1.,1.,1.,1.,1.,1.,1.,1.,1.,1.)) 
REPRESENTATION_ITEM('') );
#299 = CARTESIAN_POINT('',(-5.491205028598,10.539006285748,1.61091894367
    ));
#300 = CARTESIAN_POINT('',(-4.392874651373,10.539006285748,1.61091894367
    ));
#301 = CARTESIAN_POINT('',(-3.294490670411,10.539006284575,
    1.610919115541));
#302 = CARTESIAN_POINT('',(-2.196522702305,10.539006292335,
    1.610917978435));
#303 = CARTESIAN_POINT('',(-1.096956888473,10.539006267158,
    1.610921667712));
#304 = CARTESIAN_POINT('',(-2.535042489676E-03,10.539006319521,
    1.610913994861));
#305 = CARTESIAN_POINT('',(1.097511769396,10.539006242065,1.610925344537
    ));
#306 = CARTESIAN_POINT('',(2.186308065872,10.539006328692,1.61091265105)
  );
#307 = CARTESIAN_POINT('',(3.301283745383,10.539006124729,1.610942537836
    ));
#308 = CARTESIAN_POINT('',(4.391375838115,10.539006534208,1.610882536563
    ));
#309 = CARTESIAN_POINT('',(5.491204839494,10.539006049368,1.610953580666
    ));
#310 = PCURVE('',#31,#311);
#311 = DEFINITIONAL_REPRESENTATION('',(#312),#324);
#312 = B_SPLINE_CURVE_WITH_KNOTS('',10,(#313,#314,#315,#316,#317,#318,
    #319,#320,#321,#322,#323),.UNSPECIFIED.,.F.,.F.,(11,11),(
    8.796809268859E-03,10.994395739865),.PIECEWISE_BEZIER_KNOTS.);
#313 = CARTESIAN_POINT('',(-8.204186122733E-16,2.75842284875E-02));
#314 = CARTESIAN_POINT('',(1.100089514647,2.75842284875E-02));
#315 = CARTESIAN_POINT('',(2.200232720962,2.758423143049E-02));
#316 = CARTESIAN_POINT('',(3.299959232085,2.758421195951E-02));
#317 = CARTESIAN_POINT('',(4.401286208636,2.758427513204E-02));
#318 = CARTESIAN_POINT('',(5.497460829636,2.758414374764E-02));
#319 = CARTESIAN_POINT('',(6.599269698773,2.758433809137E-02));
#320 = CARTESIAN_POINT('',(7.689809605499,2.758412073717E-02));
#321 = CARTESIAN_POINT('',(8.806571460149,2.758463249719E-02));
#322 = CARTESIAN_POINT('',(9.898409034502,2.758360507814E-02));
#323 = CARTESIAN_POINT('',(11.,2.758482158674E-02));
#324 = ( GEOMETRIC_REPRESENTATION_CONTEXT(2) 
PARAMETRIC_REPRESENTATION_CONTEXT() REPRESENTATION_CONTEXT('2D SPACE',''
  ) );
#325 = PCURVE('',#326,#360);
#326 = ( BOUNDED_SURFACE() B_SPLINE_SURFACE(2,10,(
    (#327,#328,#329,#330,#331,#332,#333,#334,#335,#336,#337)
    ,(#338,#339,#340,#341,#342,#343,#344,#345,#346,#347,#348)
    ,(#349,#350,#351,#352,#353,#354,#355,#356,#357,#358,#359
)),.UNSPECIFIED.,.F.,.F.,.F.) B_SPLINE_SURFACE_WITH_KNOTS((3,3),(11,11),
  (0.,10.985598930597),(8.796809268859E-03,10.994395739865),
.PIECEWISE_BEZIER_KNOTS.) GEOMETRIC_REPRESENTATION_ITEM() 
RATIONAL_B_SPLINE_SURFACE((
    (1.,1.,1.,1.,1.,1.,1.,1.,1.,1.,1.)
    ,(0.70468988222,0.70468988222,0.704689844087,0.704690096371
      ,0.704689277872,0.704690980102,0.70468846229,0.704691278017
      ,0.704684650404,0.704697954852,0.704682202161)
,(1.,1.,1.,1.,1.,1.,1.,1.,1.,1.,1.
  ))) REPRESENTATION_ITEM('') SURFACE() );
#327 = CARTESIAN_POINT('',(-5.491205028598,10.539006285748,1.61091894367
    ));
#328 = CARTESIAN_POINT('',(-4.392874651373,10.539006285748,1.61091894367
    ));
#329 = CARTESIAN_POINT('',(-3.294490670411,10.539006284575,
    1.610919115541));
#330 = CARTESIAN_POINT('',(-2.196522702305,10.539006292335,
    1.610917978435));
#331 = CARTESIAN_POINT('',(-1.096956888473,10.539006267158,
    1.610921667712));
#332 = CARTESIAN_POINT('',(-2.535042489676E-03,10.539006319521,
    1.610913994861));
#333 = CARTESIAN_POINT('',(1.097511769396,10.539006242065,1.610925344537
    ));
#334 = CARTESIAN_POINT('',(2.186308065872,10.539006328692,1.61091265105)
  );
#335 = CARTESIAN_POINT('',(3.301283745383,10.539006124729,1.610942537836
    ));
#336 = CARTESIAN_POINT('',(4.391375838115,10.539006534208,1.610882536563
    ));
#337 = CARTESIAN_POINT('',(5.491204839494,10.539006049368,1.610953580666
    ));
#338 = CARTESIAN_POINT('',(-5.491205028598,10.55,2.22044604925E-16));
#339 = CARTESIAN_POINT('',(-4.392874651374,10.55,-1.199040866595E-14));
#340 = CARTESIAN_POINT('',(-3.294491412281,10.55,4.907185768843E-14));
#341 = CARTESIAN_POINT('',(-2.196518935028,10.55,-1.173505737029E-13));
#342 = CARTESIAN_POINT('',(-1.096987909126,10.55,1.916244940503E-13));
#343 = CARTESIAN_POINT('',(-2.599061947755E-03,10.55,-2.272626531408E-13
    ));
#344 = CARTESIAN_POINT('',(1.097302379653,10.55,2.023936573892E-13));
#345 = CARTESIAN_POINT('',(2.18605735244,10.55,-1.328936960476E-13));
#346 = CARTESIAN_POINT('',(3.300957504905,10.55,5.873079800267E-14));
#347 = CARTESIAN_POINT('',(4.391376587303,10.55,-1.376676550535E-14));
#348 = CARTESIAN_POINT('',(5.492081240558,10.55,0.));
#349 = CARTESIAN_POINT('',(-5.491205028598,8.939043543472,0.));
#350 = CARTESIAN_POINT('',(-4.392874651245,8.939043543472,
    1.15463194561E-14));
#351 = CARTESIAN_POINT('',(-3.294443057125,8.939059553336,
    -4.274358644807E-14));
#352 = CARTESIAN_POINT('',(-2.196770126261,8.938951826513,
    9.470202400053E-14));
#353 = CARTESIAN_POINT('',(-1.093210151282,8.939309324717,
    -1.469935284604E-13));
#354 = CARTESIAN_POINT('',(8.150865547597E-03,8.938542938615,
    1.671995875085E-13));
#355 = CARTESIAN_POINT('',(1.125785116956,8.939724254791,
    -1.402211680102E-13));
#356 = CARTESIAN_POINT('',(2.227148718018,8.938328616939,
    8.548717289614E-14));
#357 = CARTESIAN_POINT('',(3.343517361377,8.942381882257,
    -3.508304757815E-14));
#358 = CARTESIAN_POINT('',(4.394006389628,8.933758214762,
    7.771561172376E-15));
#359 = CARTESIAN_POINT('',(5.364064499297,8.944103120357,0.));
#360 = DEFINITIONAL_REPRESENTATION('',(#361),#365);
#361 = LINE('',#362,#363);
#362 = CARTESIAN_POINT('',(0.,0.));
#363 = VECTOR('',#364,1.);
#364 = DIRECTION('',(0.,1.));
#365 = ( GEOMETRIC_REPRESENTATION_CONTEXT(2) 
PARAMETRIC_REPRESENTATION_CONTEXT() REPRESENTATION_CONTEXT('2D SPACE',''
  ) );
#366 = ADVANCED_FACE('',(#367),#43,.F.);
#367 = FACE_BOUND('',#368,.F.);
#368 = EDGE_LOOP('',(#369,#370,#550,#577,#611,#645));
#369 = ORIENTED_EDGE('',*,*,#21,.F.);
#370 = ORIENTED_EDGE('',*,*,#371,.T.);
#371 = EDGE_CURVE('',#22,#372,#374,.T.);
#372 = VERTEX_POINT('',#373);
#373 = CARTESIAN_POINT('',(5.491204839494,-10.53900604936,1.610953580666
    ));
#374 = SURFACE_CURVE('',#375,(#411,#437),.PCURVE_S1.);
#375 = ( BOUNDED_CURVE() B_SPLINE_CURVE(12,(#376,#377,#378,#379,#380,
    #381,#382,#383,#384,#385,#386,#387,#388,#389,#390,#391,#392,#393,
    #394,#395,#396,#397,#398,#399,#400,#401,#402,#403,#404,#405,#406,
    #407,#408,#409,#410),.UNSPECIFIED.,.F.,.F.) 
B_SPLINE_CURVE_WITH_KNOTS((13,11,11,13),(10.994395739865,11.002298647331
,44.143802495372,44.151705402838),.UNSPECIFIED.) CURVE() 
GEOMETRIC_REPRESENTATION_ITEM() RATIONAL_B_SPLINE_CURVE((1.,1.,1.,
    1.000000000001,0.999999999998,1.000000000002,0.999999999998,
    1.000000000002,0.999999999999,1.,1.,1.,1.,0.999999999999,
    1.000000000003,0.999999999995,1.000000000006,0.999999999994,
    1.000000000005,0.999999999996,1.000000000002,0.999999999999,1.,1.,1.
,1.,1.,1.,1.000000000001,1.,1.,1.,1.,1.,1.)) REPRESENTATION_ITEM('') );
#376 = CARTESIAN_POINT('',(5.491204839494,10.539006049368,1.610953580666
    ));
#377 = CARTESIAN_POINT('',(5.491864175666,10.539006045709,1.610954116824
    ));
#378 = CARTESIAN_POINT('',(5.492523511721,10.539005997048,1.610954653001
    ));
#379 = CARTESIAN_POINT('',(5.493182847664,10.539005903397,1.610955189196
    ));
#380 = CARTESIAN_POINT('',(5.493842183485,10.539005764726,1.61095572541)
  );
#381 = CARTESIAN_POINT('',(5.494501519197,10.539005581093,1.610956261643
    ));
#382 = CARTESIAN_POINT('',(5.495160854784,10.539005352407,1.610956797892
    ));
#383 = CARTESIAN_POINT('',(5.495820190258,10.539005078783,1.610957334163
    ));
#384 = CARTESIAN_POINT('',(5.49647952561,10.539004760103,1.610957870449)
  );
#385 = CARTESIAN_POINT('',(5.497138860843,10.539004396466,1.610958406756
    ));
#386 = CARTESIAN_POINT('',(5.497798195955,10.539003987806,1.61095894308)
  );
#387 = CARTESIAN_POINT('',(5.498457530947,10.539003534156,1.610959479423
    ));
#388 = CARTESIAN_POINT('',(8.264092821382,10.536911900927,1.61320929241)
  );
#389 = CARTESIAN_POINT('',(11.030741966732,9.743334495428,1.615495235899
    ));
#390 = CARTESIAN_POINT('',(13.565609272221,8.157455370616,1.617612321203
    ));
#391 = CARTESIAN_POINT('',(15.593678361367,5.837059659633,1.619317352363
    ));
#392 = CARTESIAN_POINT('',(16.83257581028,3.008450103553,1.620330679221)
  );
#393 = CARTESIAN_POINT('',(17.234302729785,-1.675804313534E-11,
    1.620603104039));
#394 = CARTESIAN_POINT('',(16.832575810281,-3.008450103525,
    1.620330679221));
#395 = CARTESIAN_POINT('',(15.593678361367,-5.83705965965,1.619317352364
    ));
#396 = CARTESIAN_POINT('',(13.565609272219,-8.157455370609,
    1.617612321203));
#397 = CARTESIAN_POINT('',(11.030741966734,-9.74333449543,1.615495235899
    ));
#398 = CARTESIAN_POINT('',(8.264092821381,-10.53691190092,1.61320929241)
  );
#399 = CARTESIAN_POINT('',(5.498457530947,-10.53900353415,1.610959479423
    ));
#400 = CARTESIAN_POINT('',(5.497798195955,-10.5390039878,1.61095894308)
  );
#401 = CARTESIAN_POINT('',(5.497138860843,-10.53900439646,1.610958406756
    ));
#402 = CARTESIAN_POINT('',(5.496479525609,-10.5390047601,1.610957870449)
  );
#403 = CARTESIAN_POINT('',(5.495820190259,-10.53900507878,1.610957334163
    ));
#404 = CARTESIAN_POINT('',(5.495160854784,-10.5390053524,1.610956797892)
  );
#405 = CARTESIAN_POINT('',(5.494501519196,-10.53900558109,1.610956261643
    ));
#406 = CARTESIAN_POINT('',(5.493842183487,-10.53900576472,1.610955725409
    ));
#407 = CARTESIAN_POINT('',(5.493182847663,-10.53900590339,1.610955189196
    ));
#408 = CARTESIAN_POINT('',(5.492523511722,-10.53900599704,1.610954653001
    ));
#409 = CARTESIAN_POINT('',(5.491864175665,-10.5390060457,1.610954116824)
  );
#410 = CARTESIAN_POINT('',(5.491204839494,-10.53900604936,1.610953580666
    ));
#411 = PCURVE('',#43,#412);
#412 = DEFINITIONAL_REPRESENTATION('',(#413),#436);
#413 = B_SPLINE_CURVE_WITH_KNOTS('',11,(#414,#415,#416,#417,#418,#419,
    #420,#421,#422,#423,#424,#425,#426,#427,#428,#429,#430,#431,#432,
    #433,#434,#435),.UNSPECIFIED.,.F.,.F.,(12,10,12),(10.994395739865,
    27.573050571352,44.151705402838),.UNSPECIFIED.);
#414 = CARTESIAN_POINT('',(5.329850742034E-17,2.758482158674E-02));
#415 = CARTESIAN_POINT('',(0.143172671915,2.760583184151E-02));
#416 = CARTESIAN_POINT('',(0.286405462852,2.762708084511E-02));
#417 = CARTESIAN_POINT('',(0.429965901665,2.764777321526E-02));
#418 = CARTESIAN_POINT('',(0.573695295137,2.766777152059E-02));
#419 = CARTESIAN_POINT('',(0.71733894692,2.768548038156E-02));
#420 = CARTESIAN_POINT('',(0.860546364221,2.770141802247E-02));
#421 = CARTESIAN_POINT('',(1.003290247486,2.771406077966E-02));
#422 = CARTESIAN_POINT('',(1.145521172871,2.772394479138E-02));
#423 = CARTESIAN_POINT('',(1.287401611902,2.773049290118E-02));
#424 = CARTESIAN_POINT('',(1.429098794826,2.773378546049E-02));
#425 = CARTESIAN_POINT('',(1.712493858764,2.773378546049E-02));
#426 = CARTESIAN_POINT('',(1.854191041697,2.773049289781E-02));
#427 = CARTESIAN_POINT('',(1.99607148066,2.772394481114E-02));
#428 = CARTESIAN_POINT('',(2.138302406286,2.771406072206E-02));
#429 = CARTESIAN_POINT('',(2.281046289016,2.770141812825E-02));
#430 = CARTESIAN_POINT('',(2.424253707138,2.768548024935E-02));
#431 = CARTESIAN_POINT('',(2.567897358016,2.766777163576E-02));
#432 = CARTESIAN_POINT('',(2.711626752208,2.764777314615E-02));
#433 = CARTESIAN_POINT('',(2.855187190617,2.762708087204E-02));
#434 = CARTESIAN_POINT('',(2.998419981703,2.760583183589E-02));
#435 = CARTESIAN_POINT('',(3.14159265359,2.758482158674E-02));
#436 = ( GEOMETRIC_REPRESENTATION_CONTEXT(2) 
PARAMETRIC_REPRESENTATION_CONTEXT() REPRESENTATION_CONTEXT('2D SPACE',''
  ) );
#437 = PCURVE('',#438,#544);
#438 = ( BOUNDED_SURFACE() B_SPLINE_SURFACE(2,12,(
    (#439,#440,#441,#442,#443,#444,#445,#446,#447,#448,#449,#450,#451
      ,#452,#453,#454,#455,#456,#457,#458,#459,#460,#461,#462,#463,#464
      ,#465,#466,#467,#468,#469,#470,#471,#472,#473)
    ,(#474,#475,#476,#477,#478,#479,#480,#481,#482,#483,#484,#485,#486
      ,#487,#488,#489,#490,#491,#492,#493,#494,#495,#496,#497,#498,#499
      ,#500,#501,#502,#503,#504,#505,#506,#507,#508)
    ,(#509,#510,#511,#512,#513,#514,#515,#516,#517,#518,#519,#520,#521
      ,#522,#523,#524,#525,#526,#527,#528,#529,#530,#531,#532,#533,#534
      ,#535,#536,#537,#538,#539,#540,#541,#542,#543
)),.UNSPECIFIED.,.F.,.F.,.F.) B_SPLINE_SURFACE_WITH_KNOTS((3,3),(13,11,
    11,13),(0.,33.157309662972),(10.994395739865,11.002298647331,
    44.143802495372,44.151705402838),.UNSPECIFIED.) 
GEOMETRIC_REPRESENTATION_ITEM() RATIONAL_B_SPLINE_SURFACE((
    (1.,1.,1.,1.000000000001,0.999999999998,1.000000000002
      ,0.999999999998,1.000000000002,0.999999999999,1.,1.,1.,1.
      ,0.999999999999,1.000000000003,0.999999999995,1.000000000006
      ,0.999999999994,1.000000000005,0.999999999996,1.000000000002
      ,0.999999999999,1.,1.,1.,1.,1.,1.,1.000000000001,1.,1.,1.,1.,1.,1.
      )
    ,(0.704682202161,0.704682083278,0.70468196439,0.7046818455
      ,0.704681726602,0.704681607707,0.704681488797,0.704681369896
      ,0.704681250979,0.704681132066,0.704681013145,0.704680894221
      ,0.704182039575,0.703674788928,0.7032045689,0.702825479385
      ,0.702599794295,0.702539365473,0.702599794295,0.702825479386
      ,0.703204568899,0.703674788928,0.704182039575,0.704680894221
      ,0.704681013145,0.704681132065,0.704681250982,0.704681369892
      ,0.704681488802,0.704681607703,0.704681726605,0.704681845499
      ,0.704681964391,0.704682083278,0.704682202161)
    ,(1.,1.,1.,1.000000000001,0.999999999998,1.000000000002
      ,0.999999999998,1.000000000002,0.999999999999,1.,1.,1.,1.
      ,0.999999999999,1.000000000003,0.999999999995,1.000000000006
      ,0.999999999994,1.000000000005,0.999999999996,1.000000000002
      ,0.999999999999,1.,1.,1.,1.,1.,1.,1.000000000001,1.,1.,1.,1.,1.,1.
))) REPRESENTATION_ITEM('') SURFACE() );
#439 = CARTESIAN_POINT('',(5.491204839494,10.539006049368,1.610953580666
    ));
#440 = CARTESIAN_POINT('',(5.491864175666,10.539006045709,1.610954116824
    ));
#441 = CARTESIAN_POINT('',(5.492523511721,10.539005997048,1.610954653001
    ));
#442 = CARTESIAN_POINT('',(5.493182847664,10.539005903397,1.610955189196
    ));
#443 = CARTESIAN_POINT('',(5.493842183485,10.539005764726,1.61095572541)
  );
#444 = CARTESIAN_POINT('',(5.494501519197,10.539005581093,1.610956261643
    ));
#445 = CARTESIAN_POINT('',(5.495160854784,10.539005352407,1.610956797892
    ));
#446 = CARTESIAN_POINT('',(5.495820190258,10.539005078783,1.610957334163
    ));
#447 = CARTESIAN_POINT('',(5.49647952561,10.539004760103,1.610957870449)
  );
#448 = CARTESIAN_POINT('',(5.497138860843,10.539004396466,1.610958406756
    ));
#449 = CARTESIAN_POINT('',(5.497798195955,10.539003987806,1.61095894308)
  );
#450 = CARTESIAN_POINT('',(5.498457530947,10.539003534156,1.610959479423
    ));
#451 = CARTESIAN_POINT('',(8.264092821382,10.536911900927,1.61320929241)
  );
#452 = CARTESIAN_POINT('',(11.030741966732,9.743334495428,1.615495235899
    ));
#453 = CARTESIAN_POINT('',(13.565609272221,8.157455370616,1.617612321203
    ));
#454 = CARTESIAN_POINT('',(15.593678361367,5.837059659633,1.619317352363
    ));
#455 = CARTESIAN_POINT('',(16.83257581028,3.008450103553,1.620330679221)
  );
#456 = CARTESIAN_POINT('',(17.234302729785,-1.675804313534E-11,
    1.620603104039));
#457 = CARTESIAN_POINT('',(16.832575810281,-3.008450103525,
    1.620330679221));
#458 = CARTESIAN_POINT('',(15.593678361367,-5.83705965965,1.619317352364
    ));
#459 = CARTESIAN_POINT('',(13.565609272219,-8.157455370609,
    1.617612321203));
#460 = CARTESIAN_POINT('',(11.030741966734,-9.74333449543,1.615495235899
    ));
#461 = CARTESIAN_POINT('',(8.264092821381,-10.53691190092,1.61320929241)
  );
#462 = CARTESIAN_POINT('',(5.498457530947,-10.53900353415,1.610959479423
    ));
#463 = CARTESIAN_POINT('',(5.497798195955,-10.5390039878,1.61095894308)
  );
#464 = CARTESIAN_POINT('',(5.497138860843,-10.53900439646,1.610958406756
    ));
#465 = CARTESIAN_POINT('',(5.496479525609,-10.5390047601,1.610957870449)
  );
#466 = CARTESIAN_POINT('',(5.495820190259,-10.53900507878,1.610957334163
    ));
#467 = CARTESIAN_POINT('',(5.495160854784,-10.5390053524,1.610956797892)
  );
#468 = CARTESIAN_POINT('',(5.494501519196,-10.53900558109,1.610956261643
    ));
#469 = CARTESIAN_POINT('',(5.493842183487,-10.53900576472,1.610955725409
    ));
#470 = CARTESIAN_POINT('',(5.493182847663,-10.53900590339,1.610955189196
    ));
#471 = CARTESIAN_POINT('',(5.492523511722,-10.53900599704,1.610954653001
    ));
#472 = CARTESIAN_POINT('',(5.491864175665,-10.5390060457,1.610954116824)
  );
#473 = CARTESIAN_POINT('',(5.491204839494,-10.53900604936,1.610953580666
    ));
#474 = CARTESIAN_POINT('',(5.492081240558,10.55,2.22044604925E-16));
#475 = CARTESIAN_POINT('',(5.492741156297,10.55000049541,
    3.586020369539E-14));
#476 = CARTESIAN_POINT('',(5.493401072177,10.550000945793,
    -1.597610932436E-13));
#477 = CARTESIAN_POINT('',(5.494060988207,10.550001351131,
    4.282130205979E-13));
#478 = CARTESIAN_POINT('',(5.494720904362,10.55000171147,
    -8.266720641359E-13));
#479 = CARTESIAN_POINT('',(5.495380820689,10.550002026718,
    1.223021683927E-12));
#480 = CARTESIAN_POINT('',(5.496040737113,10.550002297024,
    -1.41298084344E-12));
#481 = CARTESIAN_POINT('',(5.496700653727,10.550002522192,
    1.275535232992E-12));
#482 = CARTESIAN_POINT('',(5.497360570435,10.55000270243,
    -8.815170815524E-13));
#483 = CARTESIAN_POINT('',(5.498020487316,10.550002837562,
    4.463096558993E-13));
#484 = CARTESIAN_POINT('',(5.498680404316,10.550002927705,
    -1.46660461553E-13));
#485 = CARTESIAN_POINT('',(5.499340321461,10.550002972799,
    1.498801083244E-14));
#486 = CARTESIAN_POINT('',(8.269379071817,10.550003252327,
    -6.87228052243E-14));
#487 = CARTESIAN_POINT('',(11.041369501751,9.756815409735,
    2.071676163951E-13));
#488 = CARTESIAN_POINT('',(13.581448673351,8.169348142423,
    -4.478639681338E-13));
#489 = CARTESIAN_POINT('',(15.613460002558,5.84542182803,
    7.354117315117E-13));
#490 = CARTESIAN_POINT('',(16.854026985685,3.013702094698,
    -9.463541061905E-13));
#491 = CARTESIAN_POINT('',(17.258215024851,-2.230610906609E-11,
    9.662270983313E-13));
#492 = CARTESIAN_POINT('',(16.854026985686,-3.013702094659,
    -7.808198532189E-13));
#493 = CARTESIAN_POINT('',(15.613460002558,-5.845421828056,
    4.894973315572E-13));
#494 = CARTESIAN_POINT('',(13.581448673349,-8.169348142408,
    -2.214894934127E-13));
#495 = CARTESIAN_POINT('',(11.041369501753,-9.756815409741,
    5.428990590417E-14));
#496 = CARTESIAN_POINT('',(8.269379071817,-10.55000325232,
    9.547918011776E-15));
#497 = CARTESIAN_POINT('',(5.499340321461,-10.55000297279,
    -1.743050148661E-14));
#498 = CARTESIAN_POINT('',(5.498680404317,-10.5500029277,
    1.740829702612E-13));
#499 = CARTESIAN_POINT('',(5.498020487311,-10.55000283757,
    -5.27133892092E-13));
#500 = CARTESIAN_POINT('',(5.497360570446,-10.5500027024,
    1.058819698585E-12));
#501 = CARTESIAN_POINT('',(5.496700653712,-10.55000252222,
    -1.595834575596E-12));
#502 = CARTESIAN_POINT('',(5.496040737131,-10.55000229698,
    1.876276911617E-12));
#503 = CARTESIAN_POINT('',(5.495380820674,-10.55000202675,
    -1.752487044371E-12));
#504 = CARTESIAN_POINT('',(5.494720904373,-10.55000171144,
    1.300293206441E-12));
#505 = CARTESIAN_POINT('',(5.494060988201,-10.55000135114,
    -7.469580509678E-13));
#506 = CARTESIAN_POINT('',(5.493401072179,-10.55000094578,
    3.100852907778E-13));
#507 = CARTESIAN_POINT('',(5.492741156296,-10.55000049541,
    -7.571721027944E-14));
#508 = CARTESIAN_POINT('',(5.492081240558,-10.55,1.110223024625E-16));
#509 = CARTESIAN_POINT('',(5.364064499297,8.944103120357,0.));
#510 = CARTESIAN_POINT('',(5.36464603939,8.944109322025,
    -1.920685832602E-14));
#511 = CARTESIAN_POINT('',(5.365227547592,8.944115485391,
    8.160139230995E-14));
#512 = CARTESIAN_POINT('',(5.365809023895,8.944121610467,
    -2.106093077714E-13));
#513 = CARTESIAN_POINT('',(5.366390468278,8.944127697249,
    3.815836535637E-13));
#514 = CARTESIAN_POINT('',(5.366971880751,8.944133745764,
    -5.232481115058E-13));
#515 = CARTESIAN_POINT('',(5.367553261274,8.944139755983,
    5.62883073485E-13));
#516 = CARTESIAN_POINT('',(5.368134609871,8.944145727963,
    -4.817257703849E-13));
#517 = CARTESIAN_POINT('',(5.368715926499,8.944151661653,
    3.195221864871E-13));
#518 = CARTESIAN_POINT('',(5.369297211173,8.944157557112,
    -1.535438443057E-13));
#519 = CARTESIAN_POINT('',(5.369878463866,8.944163414309,
    4.674038933672E-14));
#520 = CARTESIAN_POINT('',(5.370459684576,8.944169233271,
    -4.218847493576E-15));
#521 = CARTESIAN_POINT('',(7.808304382453,8.968416968866,
    1.754152378908E-14));
#522 = CARTESIAN_POINT('',(10.218577347565,8.277314442439,
    -4.729550084903E-14));
#523 = CARTESIAN_POINT('',(12.393048369114,6.894798676639,
    8.359979375427E-14));
#524 = CARTESIAN_POINT('',(14.09771297137,4.889556424045,
    -9.71445146547E-14));
#525 = CARTESIAN_POINT('',(15.089953543051,2.500231437852,
    6.705747068736E-14));
#526 = CARTESIAN_POINT('',(15.418868726145,-1.310410050979E-11,
    -1.187938636349E-14));
#527 = CARTESIAN_POINT('',(15.089953543052,-2.50023143783,
    -3.275157922644E-14));
#528 = CARTESIAN_POINT('',(14.097712971369,-4.889556424059,
    4.696243394164E-14));
#529 = CARTESIAN_POINT('',(12.393048369113,-6.894798676633,
    -3.685940441756E-14));
#530 = CARTESIAN_POINT('',(10.218577347566,-8.277314442441,
    2.164934898019E-14));
#531 = CARTESIAN_POINT('',(7.808304382452,-8.968416968865,
    -1.143529715364E-14));
#532 = CARTESIAN_POINT('',(5.370459684576,-8.94416923327,
    5.107025913276E-15));
#533 = CARTESIAN_POINT('',(5.369878463866,-8.94416341431,
    -5.329070518201E-14));
#534 = CARTESIAN_POINT('',(5.369297211172,-8.944157557111,
    1.657562975765E-13));
#535 = CARTESIAN_POINT('',(5.368715926501,-8.944151661654,
    -3.336220188999E-13));
#536 = CARTESIAN_POINT('',(5.368134609869,-8.944145727965,
    4.906075545819E-13));
#537 = CARTESIAN_POINT('',(5.367553261277,-8.944139755978,
    -5.531131108683E-13));
#538 = CARTESIAN_POINT('',(5.366971880748,-8.944133745771,
    4.826139488046E-13));
#539 = CARTESIAN_POINT('',(5.36639046828,-8.944127697242,
    -3.217426325364E-13));
#540 = CARTESIAN_POINT('',(5.365809023894,-8.944121610471,
    1.606492716633E-13));
#541 = CARTESIAN_POINT('',(5.365227547592,-8.944115485389,
    -5.773159728051E-14));
#542 = CARTESIAN_POINT('',(5.36464603939,-8.944109322025,
    1.287858708565E-14));
#543 = CARTESIAN_POINT('',(5.364064499296,-8.944103120357,0.));
#544 = DEFINITIONAL_REPRESENTATION('',(#545),#549);
#545 = LINE('',#546,#547);
#546 = CARTESIAN_POINT('',(0.,0.));
#547 = VECTOR('',#548,1.);
#548 = DIRECTION('',(0.,1.));
#549 = ( GEOMETRIC_REPRESENTATION_CONTEXT(2) 
PARAMETRIC_REPRESENTATION_CONTEXT() REPRESENTATION_CONTEXT('2D SPACE',''
  ) );
#550 = ORIENTED_EDGE('',*,*,#551,.T.);
#551 = EDGE_CURVE('',#372,#552,#554,.T.);
#552 = VERTEX_POINT('',#553);
#553 = CARTESIAN_POINT('',(5.25,-10.2375,45.790909090909));
#554 = SURFACE_CURVE('',#555,(#558,#565),.PCURVE_S1.);
#555 = B_SPLINE_CURVE_WITH_KNOTS('',1,(#556,#557),.UNSPECIFIED.,.F.,.F.,
  (2,2),(0.,1.),.PIECEWISE_BEZIER_KNOTS.);
#556 = CARTESIAN_POINT('',(5.5,-10.55,0.));
#557 = CARTESIAN_POINT('',(5.18115942029,-10.15144927536,58.4));
#558 = PCURVE('',#43,#559);
#559 = DEFINITIONAL_REPRESENTATION('',(#560),#564);
#560 = LINE('',#561,#562);
#561 = CARTESIAN_POINT('',(3.14159265359,0.));
#562 = VECTOR('',#563,1.);
#563 = DIRECTION('',(0.,1.));
#564 = ( GEOMETRIC_REPRESENTATION_CONTEXT(2) 
PARAMETRIC_REPRESENTATION_CONTEXT() REPRESENTATION_CONTEXT('2D SPACE',''
  ) );
#565 = PCURVE('',#566,#571);
#566 = B_SPLINE_SURFACE_WITH_KNOTS('',1,1,(
    (#567,#568)
    ,(#569,#570
  )),.UNSPECIFIED.,.F.,.F.,.F.,(2,2),(2,2),(0.,11.),(0.,1.),
  .PIECEWISE_BEZIER_KNOTS.);
#567 = CARTESIAN_POINT('',(5.5,-10.55,0.));
#568 = CARTESIAN_POINT('',(5.18115942029,-10.15144927536,58.4));
#569 = CARTESIAN_POINT('',(-5.5,-10.55,0.));
#570 = CARTESIAN_POINT('',(-5.18115942029,-10.15144927536,58.4));
#571 = DEFINITIONAL_REPRESENTATION('',(#572),#576);
#572 = LINE('',#573,#574);
#573 = CARTESIAN_POINT('',(0.,0.));
#574 = VECTOR('',#575,1.);
#575 = DIRECTION('',(0.,1.));
#576 = ( GEOMETRIC_REPRESENTATION_CONTEXT(2) 
PARAMETRIC_REPRESENTATION_CONTEXT() REPRESENTATION_CONTEXT('2D SPACE',''
  ) );
#577 = ORIENTED_EDGE('',*,*,#578,.T.);
#578 = EDGE_CURVE('',#552,#579,#581,.T.);
#579 = VERTEX_POINT('',#580);
#580 = CARTESIAN_POINT('',(5.25,-10.15739016018,57.5));
#581 = SURFACE_CURVE('',#582,(#588,#597),.PCURVE_S1.);
#582 = B_SPLINE_CURVE_WITH_KNOTS('',4,(#583,#584,#585,#586,#587),
  .UNSPECIFIED.,.F.,.F.,(5,5),(0.,1.),.PIECEWISE_BEZIER_KNOTS.);
#583 = CARTESIAN_POINT('',(5.25,-10.2375,45.790909090908));
#584 = CARTESIAN_POINT('',(5.25,-10.21598731606,48.943182224655));
#585 = CARTESIAN_POINT('',(5.25,-10.19443605833,52.095455090209));
#586 = CARTESIAN_POINT('',(5.25,-10.17284574057,55.247727683435));
#587 = CARTESIAN_POINT('',(5.25,-10.15121585708,58.4));
#588 = PCURVE('',#43,#589);
#589 = DEFINITIONAL_REPRESENTATION('',(#590),#596);
#590 = B_SPLINE_CURVE_WITH_KNOTS('',4,(#591,#592,#593,#594,#595),
  .UNSPECIFIED.,.F.,.F.,(5,5),(0.,1.),.PIECEWISE_BEZIER_KNOTS.);
#591 = CARTESIAN_POINT('',(3.14159265359,0.784090909091));
#592 = CARTESIAN_POINT('',(3.139911564735,0.838068188778));
#593 = CARTESIAN_POINT('',(3.138221055819,0.892045463873));
#594 = CARTESIAN_POINT('',(3.136520995435,0.946022734305));
#595 = CARTESIAN_POINT('',(3.134811246765,1.));
#596 = ( GEOMETRIC_REPRESENTATION_CONTEXT(2) 
PARAMETRIC_REPRESENTATION_CONTEXT() REPRESENTATION_CONTEXT('2D SPACE',''
  ) );
#597 = PCURVE('',#598,#603);
#598 = PLANE('',#599);
#599 = AXIS2_PLACEMENT_3D('',#600,#601,#602);
#600 = CARTESIAN_POINT('',(5.25,-12.15144927536,41.4));
#601 = DIRECTION('',(1.,0.,0.));
#602 = DIRECTION('',(0.,0.,1.));
#603 = DEFINITIONAL_REPRESENTATION('',(#604),#610);
#604 = B_SPLINE_CURVE_WITH_KNOTS('',4,(#605,#606,#607,#608,#609),
  .UNSPECIFIED.,.F.,.F.,(5,5),(0.,1.),.PIECEWISE_BEZIER_KNOTS.);
#605 = CARTESIAN_POINT('',(4.390909090908,-1.913949275362));
#606 = CARTESIAN_POINT('',(7.543182224655,-1.935461959296));
#607 = CARTESIAN_POINT('',(10.695455090209,-1.957013217027));
#608 = CARTESIAN_POINT('',(13.847727683435,-1.978603534785));
#609 = CARTESIAN_POINT('',(17.,-2.000233418282));
#610 = ( GEOMETRIC_REPRESENTATION_CONTEXT(2) 
PARAMETRIC_REPRESENTATION_CONTEXT() REPRESENTATION_CONTEXT('2D SPACE',''
  ) );
#611 = ORIENTED_EDGE('',*,*,#612,.F.);
#612 = EDGE_CURVE('',#613,#579,#615,.T.);
#613 = VERTEX_POINT('',#614);
#614 = CARTESIAN_POINT('',(5.250021169215,-10.15734768723,
    57.506172855003));
#615 = SURFACE_CURVE('',#616,(#622,#631),.PCURVE_S1.);
#616 = B_SPLINE_CURVE_WITH_KNOTS('',4,(#617,#618,#619,#620,#621),
  .UNSPECIFIED.,.F.,.F.,(5,5),(0.,1.),.PIECEWISE_BEZIER_KNOTS.);
#617 = CARTESIAN_POINT('',(5.250021438558,-10.15734741703,
    57.506212000133));
#618 = CARTESIAN_POINT('',(5.250010719327,-10.15735813644,
    57.504659025465));
#619 = CARTESIAN_POINT('',(5.250003573112,-10.15736883347,
    57.503106026307));
#620 = CARTESIAN_POINT('',(5.249999999999,-10.15737950808,
    57.501553011861));
#621 = CARTESIAN_POINT('',(5.249999999999,-10.15739016018,57.5));
#622 = PCURVE('',#43,#623);
#623 = DEFINITIONAL_REPRESENTATION('',(#624),#630);
#624 = B_SPLINE_CURVE_WITH_KNOTS('',4,(#625,#626,#627,#628,#629),
  .UNSPECIFIED.,.F.,.F.,(5,5),(0.,1.),.PIECEWISE_BEZIER_KNOTS.);
#625 = CARTESIAN_POINT('',(3.135293622413,0.984695410961));
#626 = CARTESIAN_POINT('',(3.135295519031,0.984668818929));
#627 = CARTESIAN_POINT('',(3.135297063891,0.984642226478));
#628 = CARTESIAN_POINT('',(3.13529825698,0.984615633765));
#629 = CARTESIAN_POINT('',(3.135299098291,0.984589041096));
#630 = ( GEOMETRIC_REPRESENTATION_CONTEXT(2) 
PARAMETRIC_REPRESENTATION_CONTEXT() REPRESENTATION_CONTEXT('2D SPACE',''
  ) );
#631 = PCURVE('',#632,#637);
#632 = CYLINDRICAL_SURFACE('',#633,0.9);
#633 = AXIS2_PLACEMENT_3D('',#634,#635,#636);
#634 = CARTESIAN_POINT('',(6.15,-7.165201568654,57.5));
#635 = DIRECTION('',(0.,-1.,0.));
#636 = DIRECTION('',(-0.,0.,1.));
#637 = DEFINITIONAL_REPRESENTATION('',(#638),#644);
#638 = B_SPLINE_CURVE_WITH_KNOTS('',4,(#639,#640,#641,#642,#643),
  .UNSPECIFIED.,.F.,.F.,(5,5),(0.,1.),.PIECEWISE_BEZIER_KNOTS.);
#639 = CARTESIAN_POINT('',(1.563894049619,2.992145848382));
#640 = CARTESIAN_POINT('',(1.565619618132,2.992156567795));
#641 = CARTESIAN_POINT('',(1.567345186453,2.99216726482));
#642 = CARTESIAN_POINT('',(1.56907075806,2.992177939436));
#643 = CARTESIAN_POINT('',(1.570796326795,2.992188591536));
#644 = ( GEOMETRIC_REPRESENTATION_CONTEXT(2) 
PARAMETRIC_REPRESENTATION_CONTEXT() REPRESENTATION_CONTEXT('2D SPACE',''
  ) );
#645 = ORIENTED_EDGE('',*,*,#646,.F.);
#646 = EDGE_CURVE('',#24,#613,#647,.T.);
#647 = SURFACE_CURVE('',#648,(#675,#699),.PCURVE_S1.);
#648 = B_SPLINE_CURVE_WITH_KNOTS('',13,(#649,#650,#651,#652,#653,#654,
    #655,#656,#657,#658,#659,#660,#661,#662,#663,#664,#665,#666,#667,
    #668,#669,#670,#671,#672,#673,#674),.UNSPECIFIED.,.F.,.F.,(14,12,14)
  ,(42.190995171367,74.008115127164,76.932232617164),.UNSPECIFIED.);
#649 = CARTESIAN_POINT('',(5.186039487671,10.157549359589,
    57.506149112762));
#650 = CARTESIAN_POINT('',(7.640049853218,10.157541371518,
    57.507319611909));
#651 = CARTESIAN_POINT('',(10.13459184974,9.51520271669,57.508540268827)
  );
#652 = CARTESIAN_POINT('',(12.413908426798,8.196286018554,
    57.509646078991));
#653 = CARTESIAN_POINT('',(14.224694175629,6.311962984634,
    57.510497655941));
#654 = CARTESIAN_POINT('',(15.611940953931,4.100206391733,
    57.511200095632));
#655 = CARTESIAN_POINT('',(16.385676163397,1.368571244804,
    57.511549285888));
#656 = CARTESIAN_POINT('',(16.339934842238,-1.314029906841,
    57.511540548159));
#657 = CARTESIAN_POINT('',(15.669884655998,-3.98911884809,57.51121196889
    ));
#658 = CARTESIAN_POINT('',(14.288317511652,-6.313558732086,
    57.510544445334));
#659 = CARTESIAN_POINT('',(12.406267968158,-8.192964541367,
    57.509634388119));
#660 = CARTESIAN_POINT('',(10.144897011185,-9.487049380626,
    57.50854050995));
#661 = CARTESIAN_POINT('',(7.698322114087,-10.14192269491,57.5073571194)
  );
#662 = CARTESIAN_POINT('',(5.024989643156,-10.15876544987,
    57.506064005302));
#663 = CARTESIAN_POINT('',(4.799979286314,-10.16018307912,
    57.505955165841));
#664 = CARTESIAN_POINT('',(4.574968929471,-10.16160070837,57.50584632638
    ));
#665 = CARTESIAN_POINT('',(4.349958572628,-10.16301833762,
    57.505737486919));
#666 = CARTESIAN_POINT('',(4.124948215785,-10.16443596686,
    57.505628647458));
#667 = CARTESIAN_POINT('',(3.899937858943,-10.16585359611,
    57.505519807997));
#668 = CARTESIAN_POINT('',(3.6749275021,-10.16727122536,57.505410968536)
  );
#669 = CARTESIAN_POINT('',(3.449917145257,-10.16868885461,
    57.505302129075));
#670 = CARTESIAN_POINT('',(3.224906788414,-10.17010648386,
    57.505193289614));
#671 = CARTESIAN_POINT('',(2.999896431572,-10.17152411311,
    57.505084450153));
#672 = CARTESIAN_POINT('',(2.774886074729,-10.17294174236,
    57.504975610692));
#673 = CARTESIAN_POINT('',(2.549875717886,-10.17435937161,
    57.504866771231));
#674 = CARTESIAN_POINT('',(2.324865361043,-10.17577700086,
    57.504757931769));
#675 = PCURVE('',#43,#676);
#676 = DEFINITIONAL_REPRESENTATION('',(#677),#698);
#677 = B_SPLINE_CURVE_WITH_KNOTS('',10,(#678,#679,#680,#681,#682,#683,
    #684,#685,#686,#687,#688,#689,#690,#691,#692,#693,#694,#695,#696,
    #697),.UNSPECIFIED.,.F.,.F.,(11,9,11),(42.190995171367,
    58.099544568338,74.008093965308),.UNSPECIFIED.);
#678 = CARTESIAN_POINT('',(4.050442983101E-17,0.984694334123));
#679 = CARTESIAN_POINT('',(0.157036877106,0.98470736193));
#680 = CARTESIAN_POINT('',(0.315806611203,0.984720761454));
#681 = CARTESIAN_POINT('',(0.474153964398,0.984733693686));
#682 = CARTESIAN_POINT('',(0.630615948414,0.984745404108));
#683 = CARTESIAN_POINT('',(0.786694201488,0.984755837993));
#684 = CARTESIAN_POINT('',(0.942498666555,0.984764564425));
#685 = CARTESIAN_POINT('',(1.09861679068,0.984771357791));
#686 = CARTESIAN_POINT('',(1.254886651988,0.984775968891));
#687 = CARTESIAN_POINT('',(1.411345960186,0.984778298482));
#688 = CARTESIAN_POINT('',(1.724505636889,0.984778373991));
#689 = CARTESIAN_POINT('',(1.881209546756,0.984776120001));
#690 = CARTESIAN_POINT('',(2.037973607827,0.984771569066));
#691 = CARTESIAN_POINT('',(2.194785401562,0.984764809297));
#692 = CARTESIAN_POINT('',(2.351482324202,0.984756068834));
#693 = CARTESIAN_POINT('',(2.508327553985,0.984745593801));
#694 = CARTESIAN_POINT('',(2.665025426228,0.984733814446));
#695 = CARTESIAN_POINT('',(2.821841812483,0.984721095708));
#696 = CARTESIAN_POINT('',(2.978617676189,0.984707921798));
#697 = CARTESIAN_POINT('',(3.135293670137,0.984694740668));
#698 = ( GEOMETRIC_REPRESENTATION_CONTEXT(2) 
PARAMETRIC_REPRESENTATION_CONTEXT() REPRESENTATION_CONTEXT('2D SPACE',''
  ) );
#699 = PCURVE('',#700,#779);
#700 = ( BOUNDED_SURFACE() B_SPLINE_SURFACE(2,13,(
    (#701,#702,#703,#704,#705,#706,#707,#708,#709,#710,#711,#712,#713
      ,#714,#715,#716,#717,#718,#719,#720,#721,#722,#723,#724,#725,#726)
    ,(#727,#728,#729,#730,#731,#732,#733,#734,#735,#736,#737,#738,#739
      ,#740,#741,#742,#743,#744,#745,#746,#747,#748,#749,#750,#751,#752)
    ,(#753,#754,#755,#756,#757,#758,#759,#760,#761,#762,#763,#764,#765
      ,#766,#767,#768,#769,#770,#771,#772,#773,#774,#775,#776,#777,#778
)),.UNSPECIFIED.,.F.,.F.,.F.) B_SPLINE_SURFACE_WITH_KNOTS((3,3),(14,12,
    14),(0.,31.817119955796),(42.190995171367,74.008115127164,
76.932232617164),.UNSPECIFIED.) GEOMETRIC_REPRESENTATION_ITEM() 
RATIONAL_B_SPLINE_SURFACE((
    (1.,1.,1.,1.,1.,1.,1.,1.,1.,1.,1.,1.,1.,1.,1.,1.,1.,1.,1.,1.,1.,1.
      ,1.,1.,1.,1.)
    ,(0.709518268797,0.709976521482,0.710454090716,0.710886329645
      ,0.711218852209,0.711493140786,0.71162914693,0.711625869349
      ,0.711497653579,0.711237196629,0.710881756539,0.710454165457
      ,0.709991199607,0.709484949558,0.709449440973,0.709421034105
      ,0.709399728954,0.70938552552,0.709378423803,0.709378423803
      ,0.70938552552,0.709399728954,0.709421034105,0.709449440973
      ,0.709484949558,0.70952755986)
    ,(1.,1.,1.,1.,1.,1.,1.,1.,1.,1.,1.,1.,1.,1.,1.,1.,1.,1.,1.,1.,1.,1.
,1.,1.,1.,1.))) REPRESENTATION_ITEM('') SURFACE() );
#701 = CARTESIAN_POINT('',(5.186039487671,10.157549359589,
    57.506149112762));
#702 = CARTESIAN_POINT('',(7.640049853218,10.157541371518,
    57.507319611909));
#703 = CARTESIAN_POINT('',(10.13459184974,9.51520271669,57.508540268827)
  );
#704 = CARTESIAN_POINT('',(12.413908426798,8.196286018554,
    57.509646078991));
#705 = CARTESIAN_POINT('',(14.224694175629,6.311962984634,
    57.510497655941));
#706 = CARTESIAN_POINT('',(15.611940953931,4.100206391733,
    57.511200095632));
#707 = CARTESIAN_POINT('',(16.385676163397,1.368571244804,
    57.511549285888));
#708 = CARTESIAN_POINT('',(16.339934842238,-1.314029906841,
    57.511540548159));
#709 = CARTESIAN_POINT('',(15.669884655998,-3.98911884809,57.51121196889
    ));
#710 = CARTESIAN_POINT('',(14.288317511652,-6.313558732086,
    57.510544445334));
#711 = CARTESIAN_POINT('',(12.406267968158,-8.192964541367,
    57.509634388119));
#712 = CARTESIAN_POINT('',(10.144897011185,-9.487049380626,
    57.50854050995));
#713 = CARTESIAN_POINT('',(7.698322114087,-10.14192269491,57.5073571194)
  );
#714 = CARTESIAN_POINT('',(5.024989643156,-10.15876544987,
    57.506064005302));
#715 = CARTESIAN_POINT('',(4.799979286314,-10.16018307912,
    57.505955165841));
#716 = CARTESIAN_POINT('',(4.574968929471,-10.16160070837,57.50584632638
    ));
#717 = CARTESIAN_POINT('',(4.349958572628,-10.16301833762,
    57.505737486919));
#718 = CARTESIAN_POINT('',(4.124948215785,-10.16443596686,
    57.505628647458));
#719 = CARTESIAN_POINT('',(3.899937858943,-10.16585359611,
    57.505519807997));
#720 = CARTESIAN_POINT('',(3.6749275021,-10.16727122536,57.505410968536)
  );
#721 = CARTESIAN_POINT('',(3.449917145257,-10.16868885461,
    57.505302129075));
#722 = CARTESIAN_POINT('',(3.224906788414,-10.17010648386,
    57.505193289614));
#723 = CARTESIAN_POINT('',(2.999896431572,-10.17152411311,
    57.505084450153));
#724 = CARTESIAN_POINT('',(2.774886074729,-10.17294174236,
    57.504975610692));
#725 = CARTESIAN_POINT('',(2.549875717886,-10.17435937161,
    57.504866771231));
#726 = CARTESIAN_POINT('',(2.324865361043,-10.17577700086,
    57.504757931769));
#727 = CARTESIAN_POINT('',(5.185743882222,10.151449275362,58.4));
#728 = CARTESIAN_POINT('',(7.637008290438,10.150342408543,58.4));
#729 = CARTESIAN_POINT('',(10.12812187243,9.507953767184,58.4));
#730 = CARTESIAN_POINT('',(12.404610743833,8.190376740985,
    58.400000000001));
#731 = CARTESIAN_POINT('',(14.213890708875,6.3076341415,58.399999999997)
  );
#732 = CARTESIAN_POINT('',(15.599271838563,4.098576723445,
    58.400000000007));
#733 = CARTESIAN_POINT('',(16.374580693485,1.368069500008,58.39999999999
    ));
#734 = CARTESIAN_POINT('',(16.327589590475,-1.31369824205,58.40000000001
    ));
#735 = CARTESIAN_POINT('',(15.658250932754,-3.987097103808,
    58.399999999993));
#736 = CARTESIAN_POINT('',(14.276965086394,-6.309782658082,
    58.400000000004));
#737 = CARTESIAN_POINT('',(12.396832719181,-8.18706932909,
    58.399999999999));
#738 = CARTESIAN_POINT('',(10.138352540756,-9.479853011027,58.4));
#739 = CARTESIAN_POINT('',(7.695197120393,-10.13464494324,58.4));
#740 = CARTESIAN_POINT('',(5.025071121727,-10.15274146222,58.4));
#741 = CARTESIAN_POINT('',(4.80013863545,-10.15426592025,58.4));
#742 = CARTESIAN_POINT('',(4.575167740478,-10.15579063858,58.4));
#743 = CARTESIAN_POINT('',(4.350165188667,-10.15731557147,58.4));
#744 = CARTESIAN_POINT('',(4.125137734724,-10.15884067313,58.4));
#745 = CARTESIAN_POINT('',(3.900092135525,-10.16036589777,58.4));
#746 = CARTESIAN_POINT('',(3.675035149443,-10.16189119958,58.4));
#747 = CARTESIAN_POINT('',(3.44997353567,-10.16341653276,58.4));
#748 = CARTESIAN_POINT('',(3.224914053541,-10.16494185148,58.4));
#749 = CARTESIAN_POINT('',(2.999863461857,-10.16646710996,58.4));
#750 = CARTESIAN_POINT('',(2.774828518208,-10.16799226238,58.4));
#751 = CARTESIAN_POINT('',(2.549815978297,-10.16951726296,58.4));
#752 = CARTESIAN_POINT('',(2.324832595265,-10.17104206593,58.4));
#753 = CARTESIAN_POINT('',(5.142478306458,9.258625218238,58.4));
#754 = CARTESIAN_POINT('',(7.433375216659,9.266529591167,58.4));
#755 = CARTESIAN_POINT('',(9.719912215388,8.666460307476,58.399999999997
    ));
#756 = CARTESIAN_POINT('',(11.786578356172,7.451769101963,
    58.400000000016));
#757 = CARTESIAN_POINT('',(13.405129505511,5.742714240862,
    58.399999999956));
#758 = CARTESIAN_POINT('',(14.694243073556,3.757399461596,
    58.400000000085));
#759 = CARTESIAN_POINT('',(15.394979617342,1.231218243044,
    58.399999999882));
#760 = CARTESIAN_POINT('',(15.349052095312,-1.186856424329,
    58.400000000124));
#761 = CARTESIAN_POINT('',(14.743256804989,-3.641652093717,
    58.399999999898));
#762 = CARTESIAN_POINT('',(13.480568277442,-5.752414779869,
    58.400000000066));
#763 = CARTESIAN_POINT('',(11.766591215215,-7.467773199194,
    58.399999999967));
#764 = CARTESIAN_POINT('',(9.70525314314,-8.646635046353,58.400000000012
    ));
#765 = CARTESIAN_POINT('',(7.475298004971,-9.243442845088,
    58.399999999997));
#766 = CARTESIAN_POINT('',(5.038826479685,-9.258671425179,58.4));
#767 = CARTESIAN_POINT('',(4.830429630091,-9.259973959636,58.4));
#768 = CARTESIAN_POINT('',(4.618710059657,-9.261297261961,
    58.400000000001));
#769 = CARTESIAN_POINT('',(4.403667768383,-9.262641332155,
    58.400000000001));
#770 = CARTESIAN_POINT('',(4.185302756267,-9.264006170218,
    58.400000000001));
#771 = CARTESIAN_POINT('',(3.963615023311,-9.265391776149,
    58.400000000001));
#772 = CARTESIAN_POINT('',(3.738604569514,-9.266798149949,
    58.400000000001));
#773 = CARTESIAN_POINT('',(3.510271394876,-9.268225291617,
    58.400000000001));
#774 = CARTESIAN_POINT('',(3.278615499398,-9.269673201154,
    58.400000000001));
#775 = CARTESIAN_POINT('',(3.043636883078,-9.271141878559,
    58.400000000001));
#776 = CARTESIAN_POINT('',(2.805335545918,-9.272631323833,58.4));
#777 = CARTESIAN_POINT('',(2.563711487917,-9.274141536976,58.4));
#778 = CARTESIAN_POINT('',(2.318764709076,-9.275672517987,58.4));
#779 = DEFINITIONAL_REPRESENTATION('',(#780),#784);
#780 = LINE('',#781,#782);
#781 = CARTESIAN_POINT('',(0.,0.));
#782 = VECTOR('',#783,1.);
#783 = DIRECTION('',(0.,1.));
#784 = ( GEOMETRIC_REPRESENTATION_CONTEXT(2) 
PARAMETRIC_REPRESENTATION_CONTEXT() REPRESENTATION_CONTEXT('2D SPACE',''
  ) );
#785 = ADVANCED_FACE('',(#786),#326,.F.);
#786 = FACE_BOUND('',#787,.F.);
#787 = EDGE_LOOP('',(#788,#927,#971,#990));
#788 = ORIENTED_EDGE('',*,*,#789,.T.);
#789 = EDGE_CURVE('',#252,#790,#792,.T.);
#790 = VERTEX_POINT('',#791);
#791 = CARTESIAN_POINT('',(-5.491205028598,8.939043543472,0.));
#792 = SURFACE_CURVE('',#793,(#797,#803),.PCURVE_S1.);
#793 = ( BOUNDED_CURVE() B_SPLINE_CURVE(2,(#794,#795,#796),
.UNSPECIFIED.,.F.,.F.) B_SPLINE_CURVE_WITH_KNOTS((3,3),(0.,
10.985598930597),.PIECEWISE_BEZIER_KNOTS.) CURVE() 
GEOMETRIC_REPRESENTATION_ITEM() RATIONAL_B_SPLINE_CURVE((1.,
0.70468988222,1.)) REPRESENTATION_ITEM('') );
#794 = CARTESIAN_POINT('',(-5.491205028598,10.539006285748,1.61091894367
    ));
#795 = CARTESIAN_POINT('',(-5.491205028598,10.55,2.22044604925E-16));
#796 = CARTESIAN_POINT('',(-5.491205028598,8.939043543472,0.));
#797 = PCURVE('',#326,#798);
#798 = DEFINITIONAL_REPRESENTATION('',(#799),#802);
#799 = B_SPLINE_CURVE_WITH_KNOTS('',1,(#800,#801),.UNSPECIFIED.,.F.,.F.,
  (2,2),(0.,10.985598930597),.PIECEWISE_BEZIER_KNOTS.);
#800 = CARTESIAN_POINT('',(0.,8.796809268859E-03));
#801 = CARTESIAN_POINT('',(10.985598930597,8.796809268859E-03));
#802 = ( GEOMETRIC_REPRESENTATION_CONTEXT(2) 
PARAMETRIC_REPRESENTATION_CONTEXT() REPRESENTATION_CONTEXT('2D SPACE',''
  ) );
#803 = PCURVE('',#804,#922);
#804 = ( BOUNDED_SURFACE() B_SPLINE_SURFACE(2,13,(
    (#805,#806,#807,#808,#809,#810,#811,#812,#813,#814,#815,#816,#817
      ,#818,#819,#820,#821,#822,#823,#824,#825,#826,#827,#828,#829,#830
      ,#831,#832,#833,#834,#835,#836,#837,#838,#839,#840,#841,#842,#843)
    ,(#844,#845,#846,#847,#848,#849,#850,#851,#852,#853,#854,#855,#856
      ,#857,#858,#859,#860,#861,#862,#863,#864,#865,#866,#867,#868,#869
      ,#870,#871,#872,#873,#874,#875,#876,#877,#878,#879,#880,#881,#882)
    ,(#883,#884,#885,#886,#887,#888,#889,#890,#891,#892,#893,#894,#895
      ,#896,#897,#898,#899,#900,#901,#902,#903,#904,#905,#906,#907,#908
      ,#909,#910,#911,#912,#913,#914,#915,#916,#917,#918,#919,#920,#921
)),.UNSPECIFIED.,.F.,.F.,.F.) B_SPLINE_SURFACE_WITH_KNOTS((3,3),(14,12,
    13,14),(0.,33.158203564776),(55.138198235238,55.146101142703,
    88.287604990745,88.296401800013),.UNSPECIFIED.) 
GEOMETRIC_REPRESENTATION_ITEM() RATIONAL_B_SPLINE_SURFACE((
    (1.,1.,1.000000000001,0.999999999998,1.000000000004,0.999999999995
      ,1.000000000006,0.999999999995,1.000000000004,0.999999999998
      ,1.000000000001,1.,1.,1.,1.,1.,1.,0.999999999999,1.000000000001
      ,0.999999999998,1.000000000002,0.999999999999,1.000000000001,1.,1.
      ,1.,1.,1.,0.999999999999,1.000000000002,0.999999999997
      ,1.000000000003,0.999999999997,1.000000000003,0.999999999998
      ,1.000000000001,1.,1.,1.)
    ,(0.704682202161,0.704682092422,0.704681982681,0.704681872935
      ,0.704681763188,0.704681653433,0.704681543681,0.704681433919
      ,0.704681324159,0.704681214391,0.704681104622,0.704680994849
      ,0.704680885073,0.704220403861,0.703752836435,0.703312969974
      ,0.702942844068,0.702683862142,0.702574326582,0.702545352282
      ,0.702699530848,0.702953098532,0.703319323008,0.703752018764
      ,0.704220357849,0.704688265127,0.704688389584,0.704688514029
      ,0.704688638465,0.704688762888,0.704688887303,0.704689011704
      ,0.704689136098,0.704689260477,0.704689384849,0.704689509207
      ,0.704689633556,0.704689757893,0.70468988222)
    ,(1.,1.,1.000000000001,0.999999999998,1.000000000004,0.999999999995
      ,1.000000000006,0.999999999995,1.000000000004,0.999999999998
      ,1.000000000001,1.,1.,1.,1.,1.,1.,0.999999999999,1.000000000001
      ,0.999999999998,1.000000000002,0.999999999999,1.000000000001,1.,1.
      ,1.,1.,1.,0.999999999999,1.000000000002,0.999999999997
      ,1.000000000003,0.999999999997,1.000000000003,0.999999999998
,1.000000000001,1.,1.,1.))) REPRESENTATION_ITEM('') SURFACE() );
#805 = CARTESIAN_POINT('',(-5.491204839494,-10.53900604936,
    1.610953580666));
#806 = CARTESIAN_POINT('',(-5.491813457499,-10.53900604599,
    1.610954075581));
#807 = CARTESIAN_POINT('',(-5.492422075405,-10.53900600453,
    1.610954570512));
#808 = CARTESIAN_POINT('',(-5.493030693217,-10.539005925,1.610955065459)
  );
#809 = CARTESIAN_POINT('',(-5.493639310921,-10.53900580739,
    1.610955560421));
#810 = CARTESIAN_POINT('',(-5.494247928548,-10.53900565172,
    1.610956055399));
#811 = CARTESIAN_POINT('',(-5.494856546039,-10.53900545794,
    1.610956550393));
#812 = CARTESIAN_POINT('',(-5.495465163478,-10.53900522612,
    1.610957045401));
#813 = CARTESIAN_POINT('',(-5.496073780766,-10.5390049562,1.610957540427
    ));
#814 = CARTESIAN_POINT('',(-5.496682397996,-10.53900464821,
    1.610958035467));
#815 = CARTESIAN_POINT('',(-5.497291015096,-10.53900430215,
    1.610958530523));
#816 = CARTESIAN_POINT('',(-5.497899632109,-10.53900391801,
    1.610959025595));
#817 = CARTESIAN_POINT('',(-5.498508249014,-10.53900349579,
    1.610959520682));
#818 = CARTESIAN_POINT('',(-8.05140236326,-10.53707275743,1.613036271131
    ));
#819 = CARTESIAN_POINT('',(-10.60503071853,-9.865740244751,
    1.615143511983));
#820 = CARTESIAN_POINT('',(-12.98127289506,-8.521246969196,
    1.617124262285));
#821 = CARTESIAN_POINT('',(-14.96673661722,-6.558648921614,
    1.618789493471));
#822 = CARTESIAN_POINT('',(-16.36566993923,-4.079315936239,
    1.619953172702));
#823 = CARTESIAN_POINT('',(-17.03109275124,-1.413154149504,
    1.620445771719));
#824 = CARTESIAN_POINT('',(-17.10679068099,1.421664525455,1.620575514088
    ));
#825 = CARTESIAN_POINT('',(-16.32827055661,4.170886275715,1.619883132214
    ));
#826 = CARTESIAN_POINT('',(-14.92396900538,6.589418038104,1.618743215421
    ));
#827 = CARTESIAN_POINT('',(-12.94604096746,8.533663662447,1.617095627916
    ));
#828 = CARTESIAN_POINT('',(-10.59258476664,9.868217786002,1.615147192919
    ));
#829 = CARTESIAN_POINT('',(-8.046156918442,10.536863341231,1.61303650089
    ));
#830 = CARTESIAN_POINT('',(-5.5,10.539002566179,1.610926236776));
#831 = CARTESIAN_POINT('',(-5.499323463738,10.539003134594,
    1.610925675475));
#832 = CARTESIAN_POINT('',(-5.498646927478,10.539003655961,
    1.610925114223));
#833 = CARTESIAN_POINT('',(-5.497970391211,10.539004130272,
    1.610924553021));
#834 = CARTESIAN_POINT('',(-5.497293854961,10.539004557552,
    1.610923991863));
#835 = CARTESIAN_POINT('',(-5.496617318681,10.539004937749,
    1.610923430763));
#836 = CARTESIAN_POINT('',(-5.495940782444,10.53900527095,1.610922869699
    ));
#837 = CARTESIAN_POINT('',(-5.495264246155,10.539005557036,
    1.610922308698));
#838 = CARTESIAN_POINT('',(-5.494587709918,10.539005796138,
    1.610921747732));
#839 = CARTESIAN_POINT('',(-5.493911173638,10.539005988139,
    1.610921186826));
#840 = CARTESIAN_POINT('',(-5.493234637387,10.539006133125,
    1.610920625962));
#841 = CARTESIAN_POINT('',(-5.49255810112,10.539006231044,1.61092006515)
  );
#842 = CARTESIAN_POINT('',(-5.49188156486,10.539006281921,1.610919504385
    ));
#843 = CARTESIAN_POINT('',(-5.491205028598,10.539006285748,1.61091894367
    ));
#844 = CARTESIAN_POINT('',(-5.492081240558,-10.55,-4.440892098501E-16));
#845 = CARTESIAN_POINT('',(-5.49269039354,-10.5500004573,
    4.352074256531E-14));
#846 = CARTESIAN_POINT('',(-5.493299546642,-10.5500008765,
    -2.07389661E-13));
#847 = CARTESIAN_POINT('',(-5.493908699875,-10.55000125757,
    5.90971716008E-13));
#848 = CARTESIAN_POINT('',(-5.494517853209,-10.55000160062,
    -1.249778058821E-12));
#849 = CARTESIAN_POINT('',(-5.495127006701,-10.55000190541,
    2.076672167561E-12));
#850 = CARTESIAN_POINT('',(-5.495736160259,-10.55000217234,
    -2.795874642914E-12));
#851 = CARTESIAN_POINT('',(-5.496345314003,-10.55000240086,
    3.059108522052E-12));
#852 = CARTESIAN_POINT('',(-5.496954467801,-10.55000259159,
    -2.693290035438E-12));
#853 = CARTESIAN_POINT('',(-5.497563621773,-10.55000274395,
    1.863398324531E-12));
#854 = CARTESIAN_POINT('',(-5.498172775827,-10.55000285839,
    -9.620082508377E-13));
#855 = CARTESIAN_POINT('',(-5.498781930019,-10.55000293463,
    3.248512570053E-13));
#856 = CARTESIAN_POINT('',(-5.499391084321,-10.5500029728,
    -3.28626015289E-14));
#857 = CARTESIAN_POINT('',(-8.056210666838,-10.55000323081,
    4.007905118897E-14));
#858 = CARTESIAN_POINT('',(-10.61457755856,-9.879234304265,
    2.109423746788E-14));
#859 = CARTESIAN_POINT('',(-12.99559706786,-8.533709138146,
    -2.39808173319E-13));
#860 = CARTESIAN_POINT('',(-14.98512497253,-6.568293106528,
    6.56030785251E-13));
#861 = CARTESIAN_POINT('',(-16.3861820944,-4.086190175749,
    -1.159294882314E-12));
#862 = CARTESIAN_POINT('',(-17.0543073648,-1.415313724108,
    1.523448034391E-12));
#863 = CARTESIAN_POINT('',(-17.12859840921,1.423937915104,
    -1.591615728103E-12));
#864 = CARTESIAN_POINT('',(-16.34970301133,4.176344255108,
    1.375233260603E-12));
#865 = CARTESIAN_POINT('',(-14.94257079449,6.599051745443,
    -9.927614286198E-13));
#866 = CARTESIAN_POINT('',(-12.96069743646,8.546005874579,
    5.78981307342E-13));
#867 = CARTESIAN_POINT('',(-10.60212983632,9.881926319808,
    -2.478017790963E-13));
#868 = CARTESIAN_POINT('',(-8.050508233729,10.550003683324,
    6.117328865685E-14));
#869 = CARTESIAN_POINT('',(-5.5,10.550003673626,-3.330669073875E-16));
#870 = CARTESIAN_POINT('',(-5.499323463858,10.550003673033,
    1.060262988517E-13));
#871 = CARTESIAN_POINT('',(-5.498646927693,10.550003625449,
    -4.822808818972E-13));
#872 = CARTESIAN_POINT('',(-5.497970391521,10.550003530839,
    1.312949748922E-12));
#873 = CARTESIAN_POINT('',(-5.497293855296,10.550003389293,
    -2.609801263986E-12));
#874 = CARTESIAN_POINT('',(-5.496617319114,10.550003200631,
    4.039768519704E-12));
#875 = CARTESIAN_POINT('',(-5.495940782818,10.550002965144,
    -5.032863015231E-12));
#876 = CARTESIAN_POINT('',(-5.495264246617,10.550002682446,
    5.098255151381E-12));
#877 = CARTESIAN_POINT('',(-5.494587710279,10.550002352962,
    -4.18254320067E-12));
#878 = CARTESIAN_POINT('',(-5.49391117402,10.550001976301,
    2.733813175837E-12));
#879 = CARTESIAN_POINT('',(-5.493234637673,10.550001552762,
    -1.381339487239E-12));
#880 = CARTESIAN_POINT('',(-5.492558101344,10.550001082158,
    5.052624985069E-13));
#881 = CARTESIAN_POINT('',(-5.491881564978,10.550000564583,
    -1.109112801601E-13));
#882 = CARTESIAN_POINT('',(-5.491205028598,10.55,2.22044604925E-16));
#883 = CARTESIAN_POINT('',(-5.364064499296,-8.944103120357,0.));
#884 = CARTESIAN_POINT('',(-5.364601305536,-8.944108844973,
    -3.397282455353E-14));
#885 = CARTESIAN_POINT('',(-5.365138084793,-8.944114537181,
    1.461053500407E-13));
#886 = CARTESIAN_POINT('',(-5.365674837051,-8.944120196986,
    -3.704814233174E-13));
#887 = CARTESIAN_POINT('',(-5.366211562323,-8.944125824397,
    6.821210263297E-13));
#888 = CARTESIAN_POINT('',(-5.366748260556,-8.944131419404,
    -9.858780458671E-13));
#889 = CARTESIAN_POINT('',(-5.367284931816,-8.944136982045,
    1.154742967913E-12));
#890 = CARTESIAN_POINT('',(-5.367821575999,-8.944142512272,
    -1.109223823903E-12));
#891 = CARTESIAN_POINT('',(-5.368358193199,-8.944148010158,
    8.70636895911E-13));
#892 = CARTESIAN_POINT('',(-5.368894783317,-8.944153475638,
    -5.456746166033E-13));
#893 = CARTESIAN_POINT('',(-5.369431346412,-8.944158908773,
    2.589040093426E-13));
#894 = CARTESIAN_POINT('',(-5.369967882436,-8.944164309534,
    -8.060219158779E-14));
#895 = CARTESIAN_POINT('',(-5.3705043914,-8.944169677942,
    7.105427357601E-15));
#896 = CARTESIAN_POINT('',(-7.620822574054,-8.966552203107,
    -7.716050021145E-14));
#897 = CARTESIAN_POINT('',(-9.847678839701,-8.384106078823,
    3.097522238704E-13));
#898 = CARTESIAN_POINT('',(-11.89201642764,-7.21064324568,
    -8.206768598029E-13));
#899 = CARTESIAN_POINT('',(-13.5698978979,-5.517623430225,
    1.615263478527E-12));
#900 = CARTESIAN_POINT('',(-14.72195592442,-3.393972373114,
    -2.474687121889E-12));
#901 = CARTESIAN_POINT('',(-15.24809767204,-1.186463071869,
    3.028577388875E-12));
#902 = CARTESIAN_POINT('',(-15.34888777479,1.210051215403,
    -3.004263504636E-12));
#903 = CARTESIAN_POINT('',(-14.67488313175,3.538353882704,
    2.424616063479E-12));
#904 = CARTESIAN_POINT('',(-13.49450449568,5.587585762232,
    -1.577293851085E-12));
#905 = CARTESIAN_POINT('',(-11.81454485499,7.237513517252,
    8.029132914089E-13));
#906 = CARTESIAN_POINT('',(-9.819376723404,8.369438470745,
    -2.975397705995E-13));
#907 = CARTESIAN_POINT('',(-7.659615967043,8.936915059859,
    6.572520305781E-14));
#908 = CARTESIAN_POINT('',(-5.5,8.939039873692,-1.110223024625E-16));
#909 = CARTESIAN_POINT('',(-5.499323463738,8.939040438275,
    -2.609024107869E-14));
#910 = CARTESIAN_POINT('',(-5.498646927478,8.939040955801,
    1.170175067955E-13));
#911 = CARTESIAN_POINT('',(-5.497970391212,8.939041426308,
    -3.161915174132E-13));
#912 = CARTESIAN_POINT('',(-5.49729385496,8.939041849696,
    6.171729793891E-13));
#913 = CARTESIAN_POINT('',(-5.496617318682,8.939042226164,
    -9.332534744999E-13));
#914 = CARTESIAN_POINT('',(-5.495940782441,8.939042555396,
    1.133537708142E-12));
#915 = CARTESIAN_POINT('',(-5.495264246157,8.939042837804,
    -1.123767745526E-12));
#916 = CARTESIAN_POINT('',(-5.494587709916,8.93904307294,
    9.054978988843E-13));
#917 = CARTESIAN_POINT('',(-5.493911173639,8.939043261212,
    -5.794253965519E-13));
#918 = CARTESIAN_POINT('',(-5.493234637386,8.939043402312,
    2.812194921376E-13));
#919 = CARTESIAN_POINT('',(-5.49255810112,8.93904349643,
    -9.503509090791E-14));
#920 = CARTESIAN_POINT('',(-5.49188156486,8.939043543471,
    1.842970220878E-14));
#921 = CARTESIAN_POINT('',(-5.491205028598,8.939043543472,0.));
#922 = DEFINITIONAL_REPRESENTATION('',(#923),#926);
#923 = B_SPLINE_CURVE_WITH_KNOTS('',1,(#924,#925),.UNSPECIFIED.,.F.,.F.,
  (2,2),(0.,10.985598930597),.PIECEWISE_BEZIER_KNOTS.);
#924 = CARTESIAN_POINT('',(0.,88.296401800013));
#925 = CARTESIAN_POINT('',(33.158203564776,88.296401800013));
#926 = ( GEOMETRIC_REPRESENTATION_CONTEXT(2) 
PARAMETRIC_REPRESENTATION_CONTEXT() REPRESENTATION_CONTEXT('2D SPACE',''
  ) );
#927 = ORIENTED_EDGE('',*,*,#928,.T.);
#928 = EDGE_CURVE('',#790,#929,#931,.T.);
#929 = VERTEX_POINT('',#930);
#930 = CARTESIAN_POINT('',(5.364064499297,8.944103120357,0.));
#931 = SURFACE_CURVE('',#932,(#944,#951),.PCURVE_S1.);
#932 = ( BOUNDED_CURVE() B_SPLINE_CURVE(10,(#933,#934,#935,#936,#937,
    #938,#939,#940,#941,#942,#943),.UNSPECIFIED.,.F.,.F.) 
B_SPLINE_CURVE_WITH_KNOTS((11,11),(8.796809268859E-03,10.994395739865),
.PIECEWISE_BEZIER_KNOTS.) CURVE() GEOMETRIC_REPRESENTATION_ITEM() 
RATIONAL_B_SPLINE_CURVE((1.,1.,1.,1.,1.,1.,1.,1.,1.,1.,1.)) 
REPRESENTATION_ITEM('') );
#933 = CARTESIAN_POINT('',(-5.491205028598,8.939043543472,0.));
#934 = CARTESIAN_POINT('',(-4.392874651245,8.939043543472,
    1.15463194561E-14));
#935 = CARTESIAN_POINT('',(-3.294443057125,8.939059553336,
    -4.274358644807E-14));
#936 = CARTESIAN_POINT('',(-2.196770126261,8.938951826513,
    9.470202400053E-14));
#937 = CARTESIAN_POINT('',(-1.093210151282,8.939309324717,
    -1.469935284604E-13));
#938 = CARTESIAN_POINT('',(8.150865547597E-03,8.938542938615,
    1.671995875085E-13));
#939 = CARTESIAN_POINT('',(1.125785116956,8.939724254791,
    -1.402211680102E-13));
#940 = CARTESIAN_POINT('',(2.227148718018,8.938328616939,
    8.548717289614E-14));
#941 = CARTESIAN_POINT('',(3.343517361377,8.942381882257,
    -3.508304757815E-14));
#942 = CARTESIAN_POINT('',(4.394006389628,8.933758214762,
    7.771561172376E-15));
#943 = CARTESIAN_POINT('',(5.364064499297,8.944103120357,0.));
#944 = PCURVE('',#326,#945);
#945 = DEFINITIONAL_REPRESENTATION('',(#946),#950);
#946 = LINE('',#947,#948);
#947 = CARTESIAN_POINT('',(10.985598930597,0.));
#948 = VECTOR('',#949,1.);
#949 = DIRECTION('',(0.,1.));
#950 = ( GEOMETRIC_REPRESENTATION_CONTEXT(2) 
PARAMETRIC_REPRESENTATION_CONTEXT() REPRESENTATION_CONTEXT('2D SPACE',''
  ) );
#951 = PCURVE('',#952,#957);
#952 = PLANE('',#953);
#953 = AXIS2_PLACEMENT_3D('',#954,#955,#956);
#954 = CARTESIAN_POINT('',(-5.5,0.,0.));
#955 = DIRECTION('',(-0.,0.,-1.));
#956 = DIRECTION('',(-8.418752793366E-17,-1.,0.));
#957 = DEFINITIONAL_REPRESENTATION('',(#958),#970);
#958 = B_SPLINE_CURVE_WITH_KNOTS('',10,(#959,#960,#961,#962,#963,#964,
    #965,#966,#967,#968,#969),.UNSPECIFIED.,.F.,.F.,(11,11),(
    8.796809268859E-03,10.994395739865),.PIECEWISE_BEZIER_KNOTS.);
#959 = CARTESIAN_POINT('',(-8.939043543472,-8.794971402064E-03));
#960 = CARTESIAN_POINT('',(-8.939043543473,-1.107125348755));
#961 = CARTESIAN_POINT('',(-8.939059553335,-2.205556942875));
#962 = CARTESIAN_POINT('',(-8.938951826516,-3.303229873739));
#963 = CARTESIAN_POINT('',(-8.939309324713,-4.406789848717));
#964 = CARTESIAN_POINT('',(-8.93854293862,-5.508150865549));
#965 = CARTESIAN_POINT('',(-8.939724254786,-6.625785116954));
#966 = CARTESIAN_POINT('',(-8.938328616941,-7.727148718019));
#967 = CARTESIAN_POINT('',(-8.942381882255,-8.843517361376));
#968 = CARTESIAN_POINT('',(-8.933758214763,-9.894006389628));
#969 = CARTESIAN_POINT('',(-8.944103120357,-10.86406449929));
#970 = ( GEOMETRIC_REPRESENTATION_CONTEXT(2) 
PARAMETRIC_REPRESENTATION_CONTEXT() REPRESENTATION_CONTEXT('2D SPACE',''
  ) );
#971 = ORIENTED_EDGE('',*,*,#972,.F.);
#972 = EDGE_CURVE('',#22,#929,#973,.T.);
#973 = SURFACE_CURVE('',#974,(#978,#984),.PCURVE_S1.);
#974 = ( BOUNDED_CURVE() B_SPLINE_CURVE(2,(#975,#976,#977),
.UNSPECIFIED.,.F.,.F.) B_SPLINE_CURVE_WITH_KNOTS((3,3),(0.,
10.985598930597),.PIECEWISE_BEZIER_KNOTS.) CURVE() 
GEOMETRIC_REPRESENTATION_ITEM() RATIONAL_B_SPLINE_CURVE((1.,
0.704682202161,1.)) REPRESENTATION_ITEM('') );
#975 = CARTESIAN_POINT('',(5.491204839494,10.539006049368,1.610953580666
    ));
#976 = CARTESIAN_POINT('',(5.492081240558,10.55,0.));
#977 = CARTESIAN_POINT('',(5.364064499297,8.944103120357,0.));
#978 = PCURVE('',#326,#979);
#979 = DEFINITIONAL_REPRESENTATION('',(#980),#983);
#980 = B_SPLINE_CURVE_WITH_KNOTS('',1,(#981,#982),.UNSPECIFIED.,.F.,.F.,
  (2,2),(0.,10.985598930597),.PIECEWISE_BEZIER_KNOTS.);
#981 = CARTESIAN_POINT('',(0.,10.994395739865));
#982 = CARTESIAN_POINT('',(10.985598930597,10.994395739865));
#983 = ( GEOMETRIC_REPRESENTATION_CONTEXT(2) 
PARAMETRIC_REPRESENTATION_CONTEXT() REPRESENTATION_CONTEXT('2D SPACE',''
  ) );
#984 = PCURVE('',#438,#985);
#985 = DEFINITIONAL_REPRESENTATION('',(#986),#989);
#986 = B_SPLINE_CURVE_WITH_KNOTS('',1,(#987,#988),.UNSPECIFIED.,.F.,.F.,
  (2,2),(0.,10.985598930597),.PIECEWISE_BEZIER_KNOTS.);
#987 = CARTESIAN_POINT('',(0.,10.994395739865));
#988 = CARTESIAN_POINT('',(33.157309662972,10.994395739865));
#989 = ( GEOMETRIC_REPRESENTATION_CONTEXT(2) 
PARAMETRIC_REPRESENTATION_CONTEXT() REPRESENTATION_CONTEXT('2D SPACE',''
  ) );
#990 = ORIENTED_EDGE('',*,*,#296,.F.);
#991 = ADVANCED_FACE('',(#992),#147,.T.);
#992 = FACE_BOUND('',#993,.T.);
#993 = EDGE_LOOP('',(#994,#1094,#1180,#1199));
#994 = ORIENTED_EDGE('',*,*,#995,.T.);
#995 = EDGE_CURVE('',#74,#996,#998,.T.);
#996 = VERTEX_POINT('',#997);
#997 = CARTESIAN_POINT('',(-5.142478306458,9.258625218238,58.4));
#998 = SURFACE_CURVE('',#999,(#1003,#1009),.PCURVE_S1.);
#999 = ( BOUNDED_CURVE() B_SPLINE_CURVE(2,(#1000,#1001,#1002),
.UNSPECIFIED.,.F.,.F.) B_SPLINE_CURVE_WITH_KNOTS((3,3),(0.,
31.817119955797),.PIECEWISE_BEZIER_KNOTS.) CURVE() 
GEOMETRIC_REPRESENTATION_ITEM() RATIONAL_B_SPLINE_CURVE((1.,
0.709518268797,1.)) REPRESENTATION_ITEM('') );
#1000 = CARTESIAN_POINT('',(-5.186039487671,10.157549359589,
    57.506149112762));
#1001 = CARTESIAN_POINT('',(-5.185743882222,10.151449275362,58.4));
#1002 = CARTESIAN_POINT('',(-5.142478306458,9.258625218238,58.4));
#1003 = PCURVE('',#147,#1004);
#1004 = DEFINITIONAL_REPRESENTATION('',(#1005),#1008);
#1005 = B_SPLINE_CURVE_WITH_KNOTS('',1,(#1006,#1007),.UNSPECIFIED.,.F.,
  .F.,(2,2),(0.,31.817119955797),.PIECEWISE_BEZIER_KNOTS.);
#1006 = CARTESIAN_POINT('',(0.,31.817078388051));
#1007 = CARTESIAN_POINT('',(10.373916783316,31.817078388051));
#1008 = ( GEOMETRIC_REPRESENTATION_CONTEXT(2) 
PARAMETRIC_REPRESENTATION_CONTEXT() REPRESENTATION_CONTEXT('2D SPACE',''
  ) );
#1009 = PCURVE('',#1010,#1089);
#1010 = ( BOUNDED_SURFACE() B_SPLINE_SURFACE(2,13,(
    (#1011,#1012,#1013,#1014,#1015,#1016,#1017,#1018,#1019,#1020,#1021
      ,#1022,#1023,#1024,#1025,#1026,#1027,#1028,#1029,#1030,#1031,#1032
      ,#1033,#1034,#1035,#1036)
    ,(#1037,#1038,#1039,#1040,#1041,#1042,#1043,#1044,#1045,#1046,#1047
      ,#1048,#1049,#1050,#1051,#1052,#1053,#1054,#1055,#1056,#1057,#1058
      ,#1059,#1060,#1061,#1062)
    ,(#1063,#1064,#1065,#1066,#1067,#1068,#1069,#1070,#1071,#1072,#1073
      ,#1074,#1075,#1076,#1077,#1078,#1079,#1080,#1081,#1082,#1083,#1084
      ,#1085,#1086,#1087,#1088
)),.UNSPECIFIED.,.F.,.F.,.F.) B_SPLINE_SURFACE_WITH_KNOTS((3,3),(14,12,
    14),(0.,31.817119955797),(-2.924159057749,-4.156774576217E-05,
31.817078388051),.UNSPECIFIED.) GEOMETRIC_REPRESENTATION_ITEM() 
RATIONAL_B_SPLINE_SURFACE((
    (1.,1.,1.,1.,1.,1.,1.,1.,1.,1.,1.,1.,1.,1.,1.,1.,1.,1.,1.,1.,1.,1.
      ,1.,1.,1.,1.)
    ,(0.70952755986,0.709484949558,0.709449440973,0.709421034105
      ,0.709399728954,0.70938552552,0.709378423803,0.709378423803
      ,0.70938552552,0.709399728954,0.709421034105,0.709449440973
      ,0.709484949558,0.709991199606,0.710454165458,0.710881756536
      ,0.711237196633,0.711497653572,0.711625869357,0.711629146922
      ,0.711493140792,0.711218852205,0.710886329646,0.710454090715
      ,0.709976521482,0.709518268797)
    ,(1.,1.,1.,1.,1.,1.,1.,1.,1.,1.,1.,1.,1.,1.,1.,1.,1.,1.,1.,1.,1.,1.
,1.,1.,1.,1.))) REPRESENTATION_ITEM('') SURFACE() );
#1011 = CARTESIAN_POINT('',(-2.324865361043,-10.17577700085,
    57.504757931769));
#1012 = CARTESIAN_POINT('',(-2.549875717886,-10.1743593716,
    57.504866771232));
#1013 = CARTESIAN_POINT('',(-2.774886074729,-10.17294174236,
    57.504975610694));
#1014 = CARTESIAN_POINT('',(-2.999896431572,-10.17152411311,
    57.505084450157));
#1015 = CARTESIAN_POINT('',(-3.224906788415,-10.17010648386,
    57.505193289618));
#1016 = CARTESIAN_POINT('',(-3.449917145258,-10.16868885461,
    57.50530212908));
#1017 = CARTESIAN_POINT('',(-3.674927502101,-10.16727122536,
    57.505410968541));
#1018 = CARTESIAN_POINT('',(-3.899937858943,-10.16585359611,
    57.505519808002));
#1019 = CARTESIAN_POINT('',(-4.124948215786,-10.16443596686,
    57.505628647463));
#1020 = CARTESIAN_POINT('',(-4.349958572629,-10.16301833762,
    57.505737486924));
#1021 = CARTESIAN_POINT('',(-4.574968929471,-10.16160070837,
    57.505846326384));
#1022 = CARTESIAN_POINT('',(-4.799979286314,-10.16018307912,
    57.505955165844));
#1023 = CARTESIAN_POINT('',(-5.024989643156,-10.15876544987,
    57.506064005303));
#1024 = CARTESIAN_POINT('',(-7.698322114083,-10.14192269491,
    57.507357119385));
#1025 = CARTESIAN_POINT('',(-10.1448970112,-9.487049380628,
    57.50854051002));
#1026 = CARTESIAN_POINT('',(-12.40626796811,-8.192964541361,
    57.509634387924));
#1027 = CARTESIAN_POINT('',(-14.28831751174,-6.313558732099,
    57.510544445721));
#1028 = CARTESIAN_POINT('',(-15.66988465586,-3.989118848069,
    57.511211968305));
#1029 = CARTESIAN_POINT('',(-16.33993484238,-1.314029906864,
    57.511540548854));
#1030 = CARTESIAN_POINT('',(-16.38567616325,1.368571244823,
    57.511549285224));
#1031 = CARTESIAN_POINT('',(-15.61194095403,4.100206391722,
    57.511200096146));
#1032 = CARTESIAN_POINT('',(-14.22469417556,6.311962984638,
    57.510497655617));
#1033 = CARTESIAN_POINT('',(-12.41390842683,8.196286018553,
    57.509646079154));
#1034 = CARTESIAN_POINT('',(-10.13459184972,9.515202716691,
    57.508540268766));
#1035 = CARTESIAN_POINT('',(-7.640049853221,10.157541371518,
    57.507319611923));
#1036 = CARTESIAN_POINT('',(-5.186039487671,10.157549359589,
    57.506149112762));
#1037 = CARTESIAN_POINT('',(-2.324832595265,-10.17104206593,58.4));
#1038 = CARTESIAN_POINT('',(-2.549815978297,-10.16951726296,58.4));
#1039 = CARTESIAN_POINT('',(-2.774828518208,-10.16799226238,58.4));
#1040 = CARTESIAN_POINT('',(-2.999863461857,-10.16646710995,58.4));
#1041 = CARTESIAN_POINT('',(-3.224914053541,-10.16494185148,58.4));
#1042 = CARTESIAN_POINT('',(-3.44997353567,-10.16341653275,58.4));
#1043 = CARTESIAN_POINT('',(-3.675035149443,-10.16189119958,58.4));
#1044 = CARTESIAN_POINT('',(-3.900092135525,-10.16036589777,58.4));
#1045 = CARTESIAN_POINT('',(-4.125137734724,-10.15884067313,58.4));
#1046 = CARTESIAN_POINT('',(-4.350165188667,-10.15731557147,58.4));
#1047 = CARTESIAN_POINT('',(-4.575167740478,-10.15579063858,58.4));
#1048 = CARTESIAN_POINT('',(-4.80013863545,-10.15426592025,58.4));
#1049 = CARTESIAN_POINT('',(-5.025071121727,-10.15274146222,58.4));
#1050 = CARTESIAN_POINT('',(-7.695197120392,-10.13464494324,58.4));
#1051 = CARTESIAN_POINT('',(-10.13835254076,-9.479853011019,58.4));
#1052 = CARTESIAN_POINT('',(-12.39683271917,-8.187069329105,58.4));
#1053 = CARTESIAN_POINT('',(-14.27696508638,-6.309782658066,
    58.400000000001));
#1054 = CARTESIAN_POINT('',(-15.65825093278,-3.98709710381,
    58.399999999998));
#1055 = CARTESIAN_POINT('',(-16.32758959042,-1.313698242078,
    58.400000000002));
#1056 = CARTESIAN_POINT('',(-16.37458069353,1.368069500063,
    58.399999999999));
#1057 = CARTESIAN_POINT('',(-15.59927183852,4.098576723382,58.4));
#1058 = CARTESIAN_POINT('',(-14.21389070889,6.30763414155,
    58.400000000001));
#1059 = CARTESIAN_POINT('',(-12.40461074382,8.190376740955,
    58.399999999999));
#1060 = CARTESIAN_POINT('',(-10.12812187242,9.507953767197,58.4));
#1061 = CARTESIAN_POINT('',(-7.637008290439,10.15034240854,58.4));
#1062 = CARTESIAN_POINT('',(-5.185743882222,10.151449275362,58.4));
#1063 = CARTESIAN_POINT('',(-2.318764709076,-9.275672517983,58.4));
#1064 = CARTESIAN_POINT('',(-2.563711487918,-9.274141536973,
    58.400000000002));
#1065 = CARTESIAN_POINT('',(-2.805335545919,-9.272631323831,
    58.400000000003));
#1066 = CARTESIAN_POINT('',(-3.043636883079,-9.271141878557,
    58.400000000004));
#1067 = CARTESIAN_POINT('',(-3.278615499398,-9.269673201152,
    58.400000000005));
#1068 = CARTESIAN_POINT('',(-3.510271394877,-9.268225291616,
    58.400000000006));
#1069 = CARTESIAN_POINT('',(-3.738604569515,-9.266798149948,
    58.400000000006));
#1070 = CARTESIAN_POINT('',(-3.963615023312,-9.265391776148,
    58.400000000006));
#1071 = CARTESIAN_POINT('',(-4.185302756268,-9.264006170217,
    58.400000000006));
#1072 = CARTESIAN_POINT('',(-4.403667768383,-9.262641332155,
    58.400000000005));
#1073 = CARTESIAN_POINT('',(-4.618710059658,-9.261297261961,
    58.400000000004));
#1074 = CARTESIAN_POINT('',(-4.830429630092,-9.259973959636,
    58.400000000003));
#1075 = CARTESIAN_POINT('',(-5.038826479685,-9.258671425179,
    58.400000000002));
#1076 = CARTESIAN_POINT('',(-7.475298004968,-9.243442845088,
    58.399999999982));
#1077 = CARTESIAN_POINT('',(-9.705253143155,-8.646635046354,
    58.400000000084));
#1078 = CARTESIAN_POINT('',(-11.76659121517,-7.467773199192,
    58.399999999769));
#1079 = CARTESIAN_POINT('',(-13.48056827751,-5.752414779877,
    58.400000000459));
#1080 = CARTESIAN_POINT('',(-14.74325680488,-3.641652093703,
    58.399999999303));
#1081 = CARTESIAN_POINT('',(-15.34905209543,-1.186856424346,
    58.400000000834));
#1082 = CARTESIAN_POINT('',(-15.39497961722,1.231218243059,
    58.399999999205));
#1083 = CARTESIAN_POINT('',(-14.69424307364,3.757399461586,
    58.400000000609));
#1084 = CARTESIAN_POINT('',(-13.40512950545,5.742714240867,
    58.399999999625));
#1085 = CARTESIAN_POINT('',(-11.78657835619,7.451769101962,
    58.400000000181));
#1086 = CARTESIAN_POINT('',(-9.719912215378,8.666460307477,
    58.399999999935));
#1087 = CARTESIAN_POINT('',(-7.433375216661,9.266529591167,
    58.400000000014));
#1088 = CARTESIAN_POINT('',(-5.142478306458,9.258625218238,58.4));
#1089 = DEFINITIONAL_REPRESENTATION('',(#1090),#1093);
#1090 = B_SPLINE_CURVE_WITH_KNOTS('',1,(#1091,#1092),.UNSPECIFIED.,.F.,
  .F.,(2,2),(0.,31.817119955797),.PIECEWISE_BEZIER_KNOTS.);
#1091 = CARTESIAN_POINT('',(0.,31.817078388051));
#1092 = CARTESIAN_POINT('',(31.817119955797,31.817078388051));
#1093 = ( GEOMETRIC_REPRESENTATION_CONTEXT(2) 
PARAMETRIC_REPRESENTATION_CONTEXT() REPRESENTATION_CONTEXT('2D SPACE',''
  ) );
#1094 = ORIENTED_EDGE('',*,*,#1095,.T.);
#1095 = EDGE_CURVE('',#996,#1096,#1098,.T.);
#1096 = VERTEX_POINT('',#1097);
#1097 = CARTESIAN_POINT('',(5.142478306458,9.258625218238,58.4));
#1098 = SURFACE_CURVE('',#1099,(#1132,#1139),.PCURVE_S1.);
#1099 = ( BOUNDED_CURVE() B_SPLINE_CURVE(11,(#1100,#1101,#1102,#1103,
    #1104,#1105,#1106,#1107,#1108,#1109,#1110,#1111,#1112,#1113,#1114,
    #1115,#1116,#1117,#1118,#1119,#1120,#1121,#1122,#1123,#1124,#1125,
    #1126,#1127,#1128,#1129,#1130,#1131),.UNSPECIFIED.,.F.,.F.) 
B_SPLINE_CURVE_WITH_KNOTS((12,10,10,12),(31.817078388051,31.821652815601
,42.186420743818,42.190995171367),.UNSPECIFIED.) CURVE() 
GEOMETRIC_REPRESENTATION_ITEM() RATIONAL_B_SPLINE_CURVE((1.,1.,1.,
    0.999999999999,1.000000000001,0.999999999998,1.000000000001,
    0.999999999999,1.000000000001,1.,1.,1.,1.,0.999999999999,
    1.000000000001,0.999999999999,1.000000000001,0.999999999999,
    1.000000000001,1.,1.,1.,1.,1.,1.,1.000000000001,0.999999999999,1.,1.
,1.,1.,1.)) REPRESENTATION_ITEM('') );
#1100 = CARTESIAN_POINT('',(-5.142478306458,9.258625218238,58.4));
#1101 = CARTESIAN_POINT('',(-5.142089053338,9.258623875182,58.4));
#1102 = CARTESIAN_POINT('',(-5.141699801016,9.258622533133,58.4));
#1103 = CARTESIAN_POINT('',(-5.141310549493,9.258621192088,58.4));
#1104 = CARTESIAN_POINT('',(-5.140921298762,9.25861985205,58.4));
#1105 = CARTESIAN_POINT('',(-5.140532048833,9.258618513017,58.4));
#1106 = CARTESIAN_POINT('',(-5.140142799688,9.258617174989,58.4));
#1107 = CARTESIAN_POINT('',(-5.139753551347,9.258615837966,58.4));
#1108 = CARTESIAN_POINT('',(-5.13936430379,9.258614501948,58.4));
#1109 = CARTESIAN_POINT('',(-5.138975057028,9.258613166935,58.4));
#1110 = CARTESIAN_POINT('',(-5.138585811055,9.258611832926,58.4));
#1111 = CARTESIAN_POINT('',(-4.256242276598,9.255590170607,58.4));
#1112 = CARTESIAN_POINT('',(-3.320118543167,9.260454987408,58.4));
#1113 = CARTESIAN_POINT('',(-2.350984591258,9.254558760712,58.4));
#1114 = CARTESIAN_POINT('',(-1.427537956338,9.259954156761,58.4));
#1115 = CARTESIAN_POINT('',(-0.455401723618,9.256642107232,58.4));
#1116 = CARTESIAN_POINT('',(0.455401723617,9.256642107231,58.4));
#1117 = CARTESIAN_POINT('',(1.427537956341,9.259954156762,58.4));
#1118 = CARTESIAN_POINT('',(2.350984591256,9.254558760711,58.4));
#1119 = CARTESIAN_POINT('',(3.320118543169,9.260454987408,58.4));
#1120 = CARTESIAN_POINT('',(4.256242276597,9.255590170607,58.4));
#1121 = CARTESIAN_POINT('',(5.138585811055,9.258611832926,58.4));
#1122 = CARTESIAN_POINT('',(5.138975057028,9.258613166935,58.4));
#1123 = CARTESIAN_POINT('',(5.139364303789,9.258614501948,58.4));
#1124 = CARTESIAN_POINT('',(5.139753551348,9.258615837966,58.4));
#1125 = CARTESIAN_POINT('',(5.140142799687,9.258617174988,58.4));
#1126 = CARTESIAN_POINT('',(5.140532048835,9.258618513017,58.4));
#1127 = CARTESIAN_POINT('',(5.14092129876,9.25861985205,58.4));
#1128 = CARTESIAN_POINT('',(5.141310549494,9.258621192088,58.4));
#1129 = CARTESIAN_POINT('',(5.141699801016,9.258622533133,58.4));
#1130 = CARTESIAN_POINT('',(5.142089053338,9.258623875182,58.4));
#1131 = CARTESIAN_POINT('',(5.142478306458,9.258625218238,58.4));
#1132 = PCURVE('',#147,#1133);
#1133 = DEFINITIONAL_REPRESENTATION('',(#1134),#1138);
#1134 = LINE('',#1135,#1136);
#1135 = CARTESIAN_POINT('',(10.373916783316,0.));
#1136 = VECTOR('',#1137,1.);
#1137 = DIRECTION('',(0.,1.));
#1138 = ( GEOMETRIC_REPRESENTATION_CONTEXT(2) 
PARAMETRIC_REPRESENTATION_CONTEXT() REPRESENTATION_CONTEXT('2D SPACE',''
  ) );
#1139 = PCURVE('',#1140,#1145);
#1140 = PLANE('',#1141);
#1141 = AXIS2_PLACEMENT_3D('',#1142,#1143,#1144);
#1142 = CARTESIAN_POINT('',(5.18115942029,-8.881784197001E-16,58.4));
#1143 = DIRECTION('',(0.,0.,-1.));
#1144 = DIRECTION('',(0.,1.,0.));
#1145 = DEFINITIONAL_REPRESENTATION('',(#1146),#1179);
#1146 = B_SPLINE_CURVE_WITH_KNOTS('',11,(#1147,#1148,#1149,#1150,#1151,
    #1152,#1153,#1154,#1155,#1156,#1157,#1158,#1159,#1160,#1161,#1162,
    #1163,#1164,#1165,#1166,#1167,#1168,#1169,#1170,#1171,#1172,#1173,
    #1174,#1175,#1176,#1177,#1178),.UNSPECIFIED.,.F.,.F.,(12,10,10,12),(
    31.817078388051,31.821652815601,42.186420743818,42.190995171367),
  .UNSPECIFIED.);
#1147 = CARTESIAN_POINT('',(9.258625218238,-10.32363772674));
#1148 = CARTESIAN_POINT('',(9.258623875182,-10.32324847362));
#1149 = CARTESIAN_POINT('',(9.258622533135,-10.3228592213));
#1150 = CARTESIAN_POINT('',(9.258621192081,-10.32246996977));
#1151 = CARTESIAN_POINT('',(9.258619852062,-10.32208071906));
#1152 = CARTESIAN_POINT('',(9.258618513001,-10.3216914691));
#1153 = CARTESIAN_POINT('',(9.258617175004,-10.32130221999));
#1154 = CARTESIAN_POINT('',(9.258615837955,-10.32091297162));
#1155 = CARTESIAN_POINT('',(9.258614501953,-10.32052372408));
#1156 = CARTESIAN_POINT('',(9.258613166933,-10.32013447731));
#1157 = CARTESIAN_POINT('',(9.258611832926,-10.31974523134));
#1158 = CARTESIAN_POINT('',(9.255590170606,-9.437401696887));
#1159 = CARTESIAN_POINT('',(9.260454987411,-8.50127796346));
#1160 = CARTESIAN_POINT('',(9.254558760705,-7.532144011542));
#1161 = CARTESIAN_POINT('',(9.259954156774,-6.608697376637));
#1162 = CARTESIAN_POINT('',(9.256642107215,-5.636561143897));
#1163 = CARTESIAN_POINT('',(9.256642107248,-4.725757696682));
#1164 = CARTESIAN_POINT('',(9.259954156748,-3.753621463943));
#1165 = CARTESIAN_POINT('',(9.25455876072,-2.830174829037));
#1166 = CARTESIAN_POINT('',(9.260454987404,-1.86104087712));
#1167 = CARTESIAN_POINT('',(9.255590170608,-0.924917143693));
#1168 = CARTESIAN_POINT('',(9.258611832926,-4.257360923487E-02));
#1169 = CARTESIAN_POINT('',(9.258613166936,-4.218436326191E-02));
#1170 = CARTESIAN_POINT('',(9.258614501945,-4.179511649888E-02));
#1171 = CARTESIAN_POINT('',(9.258615837971,-4.140586894481E-02));
#1172 = CARTESIAN_POINT('',(9.258617174982,-4.101662059863E-02));
#1173 = CARTESIAN_POINT('',(9.258618513023,-4.062737145944E-02));
#1174 = CARTESIAN_POINT('',(9.258619852046,-4.02381215261E-02));
#1175 = CARTESIAN_POINT('',(9.258621192091,-3.984887079775E-02));
#1176 = CARTESIAN_POINT('',(9.258622533132,-3.945961927326E-02));
#1177 = CARTESIAN_POINT('',(9.258623875182,-3.907036695171E-02));
#1178 = CARTESIAN_POINT('',(9.258625218238,-3.868111383205E-02));
#1179 = ( GEOMETRIC_REPRESENTATION_CONTEXT(2) 
PARAMETRIC_REPRESENTATION_CONTEXT() REPRESENTATION_CONTEXT('2D SPACE',''
  ) );
#1180 = ORIENTED_EDGE('',*,*,#1181,.F.);
#1181 = EDGE_CURVE('',#24,#1096,#1182,.T.);
#1182 = SURFACE_CURVE('',#1183,(#1187,#1193),.PCURVE_S1.);
#1183 = ( BOUNDED_CURVE() B_SPLINE_CURVE(2,(#1184,#1185,#1186),
.UNSPECIFIED.,.F.,.F.) B_SPLINE_CURVE_WITH_KNOTS((3,3),(0.,
10.373916783316),.PIECEWISE_BEZIER_KNOTS.) CURVE() 
GEOMETRIC_REPRESENTATION_ITEM() RATIONAL_B_SPLINE_CURVE((1.,
0.709518268797,1.)) REPRESENTATION_ITEM('') );
#1184 = CARTESIAN_POINT('',(5.186039487671,10.157549359589,
    57.506149112762));
#1185 = CARTESIAN_POINT('',(5.185743882222,10.151449275362,58.4));
#1186 = CARTESIAN_POINT('',(5.142478306458,9.258625218238,58.4));
#1187 = PCURVE('',#147,#1188);
#1188 = DEFINITIONAL_REPRESENTATION('',(#1189),#1192);
#1189 = B_SPLINE_CURVE_WITH_KNOTS('',1,(#1190,#1191),.UNSPECIFIED.,.F.,
  .F.,(2,2),(0.,10.373916783316),.PIECEWISE_BEZIER_KNOTS.);
#1190 = CARTESIAN_POINT('',(0.,42.190995171367));
#1191 = CARTESIAN_POINT('',(10.373916783316,42.190995171367));
#1192 = ( GEOMETRIC_REPRESENTATION_CONTEXT(2) 
PARAMETRIC_REPRESENTATION_CONTEXT() REPRESENTATION_CONTEXT('2D SPACE',''
  ) );
#1193 = PCURVE('',#700,#1194);
#1194 = DEFINITIONAL_REPRESENTATION('',(#1195),#1198);
#1195 = B_SPLINE_CURVE_WITH_KNOTS('',1,(#1196,#1197),.UNSPECIFIED.,.F.,
  .F.,(2,2),(0.,10.373916783316),.PIECEWISE_BEZIER_KNOTS.);
#1196 = CARTESIAN_POINT('',(0.,42.190995171367));
#1197 = CARTESIAN_POINT('',(31.817119955796,42.190995171367));
#1198 = ( GEOMETRIC_REPRESENTATION_CONTEXT(2) 
PARAMETRIC_REPRESENTATION_CONTEXT() REPRESENTATION_CONTEXT('2D SPACE',''
  ) );
#1199 = ORIENTED_EDGE('',*,*,#73,.F.);
#1200 = ADVANCED_FACE('',(#1201),#266,.F.);
#1201 = FACE_BOUND('',#1202,.F.);
#1202 = EDGE_LOOP('',(#1203,#1227,#1362,#1363,#1426,#1460));
#1203 = ORIENTED_EDGE('',*,*,#1204,.F.);
#1204 = EDGE_CURVE('',#1205,#1207,#1209,.T.);
#1205 = VERTEX_POINT('',#1206);
#1206 = CARTESIAN_POINT('',(-5.491204839494,-10.53900604936,
    1.610953580666));
#1207 = VERTEX_POINT('',#1208);
#1208 = CARTESIAN_POINT('',(-5.25,-10.2375,45.790909090909));
#1209 = SURFACE_CURVE('',#1210,(#1213,#1220),.PCURVE_S1.);
#1210 = B_SPLINE_CURVE_WITH_KNOTS('',1,(#1211,#1212),.UNSPECIFIED.,.F.,
  .F.,(2,2),(0.,1.),.PIECEWISE_BEZIER_KNOTS.);
#1211 = CARTESIAN_POINT('',(-5.5,-10.55,0.));
#1212 = CARTESIAN_POINT('',(-5.18115942029,-10.15144927536,58.4));
#1213 = PCURVE('',#266,#1214);
#1214 = DEFINITIONAL_REPRESENTATION('',(#1215),#1219);
#1215 = LINE('',#1216,#1217);
#1216 = CARTESIAN_POINT('',(0.,0.));
#1217 = VECTOR('',#1218,1.);
#1218 = DIRECTION('',(0.,1.));
#1219 = ( GEOMETRIC_REPRESENTATION_CONTEXT(2) 
PARAMETRIC_REPRESENTATION_CONTEXT() REPRESENTATION_CONTEXT('2D SPACE',''
  ) );
#1220 = PCURVE('',#566,#1221);
#1221 = DEFINITIONAL_REPRESENTATION('',(#1222),#1226);
#1222 = LINE('',#1223,#1224);
#1223 = CARTESIAN_POINT('',(11.,0.));
#1224 = VECTOR('',#1225,1.);
#1225 = DIRECTION('',(0.,1.));
#1226 = ( GEOMETRIC_REPRESENTATION_CONTEXT(2) 
PARAMETRIC_REPRESENTATION_CONTEXT() REPRESENTATION_CONTEXT('2D SPACE',''
  ) );
#1227 = ORIENTED_EDGE('',*,*,#1228,.T.);
#1228 = EDGE_CURVE('',#1205,#252,#1229,.T.);
#1229 = SURFACE_CURVE('',#1230,(#1270,#1355),.PCURVE_S1.);
#1230 = ( BOUNDED_CURVE() B_SPLINE_CURVE(13,(#1231,#1232,#1233,#1234,
    #1235,#1236,#1237,#1238,#1239,#1240,#1241,#1242,#1243,#1244,#1245,
    #1246,#1247,#1248,#1249,#1250,#1251,#1252,#1253,#1254,#1255,#1256,
    #1257,#1258,#1259,#1260,#1261,#1262,#1263,#1264,#1265,#1266,#1267,
#1268,#1269),.UNSPECIFIED.,.F.,.F.) B_SPLINE_CURVE_WITH_KNOTS((14,12,13,
    14),(55.138198235238,55.146101142703,88.287604990745,88.296401800013
),.UNSPECIFIED.) CURVE() GEOMETRIC_REPRESENTATION_ITEM() 
RATIONAL_B_SPLINE_CURVE((1.,1.,1.000000000001,0.999999999998,
    1.000000000004,0.999999999995,1.000000000006,0.999999999995,
    1.000000000004,0.999999999998,1.000000000001,1.,1.,1.,1.,1.,1.,
    0.999999999999,1.000000000001,0.999999999998,1.000000000002,
    0.999999999999,1.000000000001,1.,1.,1.,1.,1.,0.999999999999,
    1.000000000002,0.999999999997,1.000000000003,0.999999999997,
    1.000000000003,0.999999999998,1.000000000001,1.,1.,1.)) 
REPRESENTATION_ITEM('') );
#1231 = CARTESIAN_POINT('',(-5.491204839494,-10.53900604936,
    1.610953580666));
#1232 = CARTESIAN_POINT('',(-5.491813457499,-10.53900604599,
    1.610954075581));
#1233 = CARTESIAN_POINT('',(-5.492422075405,-10.53900600453,
    1.610954570512));
#1234 = CARTESIAN_POINT('',(-5.493030693217,-10.539005925,1.610955065459
    ));
#1235 = CARTESIAN_POINT('',(-5.493639310921,-10.53900580739,
    1.610955560421));
#1236 = CARTESIAN_POINT('',(-5.494247928548,-10.53900565172,
    1.610956055399));
#1237 = CARTESIAN_POINT('',(-5.494856546039,-10.53900545794,
    1.610956550393));
#1238 = CARTESIAN_POINT('',(-5.495465163478,-10.53900522612,
    1.610957045401));
#1239 = CARTESIAN_POINT('',(-5.496073780766,-10.5390049562,
    1.610957540427));
#1240 = CARTESIAN_POINT('',(-5.496682397996,-10.53900464821,
    1.610958035467));
#1241 = CARTESIAN_POINT('',(-5.497291015096,-10.53900430215,
    1.610958530523));
#1242 = CARTESIAN_POINT('',(-5.497899632109,-10.53900391801,
    1.610959025595));
#1243 = CARTESIAN_POINT('',(-5.498508249014,-10.53900349579,
    1.610959520682));
#1244 = CARTESIAN_POINT('',(-8.05140236326,-10.53707275743,
    1.613036271131));
#1245 = CARTESIAN_POINT('',(-10.60503071853,-9.865740244751,
    1.615143511983));
#1246 = CARTESIAN_POINT('',(-12.98127289506,-8.521246969196,
    1.617124262285));
#1247 = CARTESIAN_POINT('',(-14.96673661722,-6.558648921614,
    1.618789493471));
#1248 = CARTESIAN_POINT('',(-16.36566993923,-4.079315936239,
    1.619953172702));
#1249 = CARTESIAN_POINT('',(-17.03109275124,-1.413154149504,
    1.620445771719));
#1250 = CARTESIAN_POINT('',(-17.10679068099,1.421664525455,
    1.620575514088));
#1251 = CARTESIAN_POINT('',(-16.32827055661,4.170886275715,
    1.619883132214));
#1252 = CARTESIAN_POINT('',(-14.92396900538,6.589418038104,
    1.618743215421));
#1253 = CARTESIAN_POINT('',(-12.94604096746,8.533663662447,
    1.617095627916));
#1254 = CARTESIAN_POINT('',(-10.59258476664,9.868217786002,
    1.615147192919));
#1255 = CARTESIAN_POINT('',(-8.046156918442,10.536863341231,
    1.61303650089));
#1256 = CARTESIAN_POINT('',(-5.5,10.539002566179,1.610926236776));
#1257 = CARTESIAN_POINT('',(-5.499323463738,10.539003134594,
    1.610925675475));
#1258 = CARTESIAN_POINT('',(-5.498646927478,10.539003655961,
    1.610925114223));
#1259 = CARTESIAN_POINT('',(-5.497970391211,10.539004130272,
    1.610924553021));
#1260 = CARTESIAN_POINT('',(-5.497293854961,10.539004557552,
    1.610923991863));
#1261 = CARTESIAN_POINT('',(-5.496617318681,10.539004937749,
    1.610923430763));
#1262 = CARTESIAN_POINT('',(-5.495940782444,10.53900527095,
    1.610922869699));
#1263 = CARTESIAN_POINT('',(-5.495264246155,10.539005557036,
    1.610922308698));
#1264 = CARTESIAN_POINT('',(-5.494587709918,10.539005796138,
    1.610921747732));
#1265 = CARTESIAN_POINT('',(-5.493911173638,10.539005988139,
    1.610921186826));
#1266 = CARTESIAN_POINT('',(-5.493234637387,10.539006133125,
    1.610920625962));
#1267 = CARTESIAN_POINT('',(-5.49255810112,10.539006231044,1.61092006515
    ));
#1268 = CARTESIAN_POINT('',(-5.49188156486,10.539006281921,
    1.610919504385));
#1269 = CARTESIAN_POINT('',(-5.491205028598,10.539006285748,
    1.61091894367));
#1270 = PCURVE('',#266,#1271);
#1271 = DEFINITIONAL_REPRESENTATION('',(#1272),#1354);
#1272 = B_SPLINE_CURVE_WITH_KNOTS('',10,(#1273,#1274,#1275,#1276,#1277,
    #1278,#1279,#1280,#1281,#1282,#1283,#1284,#1285,#1286,#1287,#1288,
    #1289,#1290,#1291,#1292,#1293,#1294,#1295,#1296,#1297,#1298,#1299,
    #1300,#1301,#1302,#1303,#1304,#1305,#1306,#1307,#1308,#1309,#1310,
    #1311,#1312,#1313,#1314,#1315,#1316,#1317,#1318,#1319,#1320,#1321,
    #1322,#1323,#1324,#1325,#1326,#1327,#1328,#1329,#1330,#1331,#1332,
    #1333,#1334,#1335,#1336,#1337,#1338,#1339,#1340,#1341,#1342,#1343,
    #1344,#1345,#1346,#1347,#1348,#1349,#1350,#1351,#1352,#1353),
  .UNSPECIFIED.,.F.,.F.,(11,10,10,10,10,10,10,10,11),(55.138198235238,
    71.717300017626,80.00685090882,84.151626354417,86.224014077215,
    87.260207938614,87.778304869314,88.037353334664,88.296401800013),
  .UNSPECIFIED.);
#1273 = CARTESIAN_POINT('',(-1.110223024625E-16,2.758482158674E-02));
#1274 = CARTESIAN_POINT('',(0.157493075934,2.76079420929E-02));
#1275 = CARTESIAN_POINT('',(0.315064064963,2.763129080459E-02));
#1276 = CARTESIAN_POINT('',(0.473067434358,2.765407995688E-02));
#1277 = CARTESIAN_POINT('',(0.631233369511,2.767537258477E-02));
#1278 = CARTESIAN_POINT('',(0.789104773132,2.769419886966E-02));
#1279 = CARTESIAN_POINT('',(0.946419482741,2.770981072922E-02));
#1280 = CARTESIAN_POINT('',(1.103234479839,2.772177762042E-02));
#1281 = CARTESIAN_POINT('',(1.259779190574,2.772986358849E-02));
#1282 = CARTESIAN_POINT('',(1.416215304109,2.773386265698E-02));
#1283 = CARTESIAN_POINT('',(1.57267086131,2.773380671727E-02));
#1284 = CARTESIAN_POINT('',(1.650899023359,2.773377784154E-02));
#1285 = CARTESIAN_POINT('',(1.729130635012,2.773273421219E-02));
#1286 = CARTESIAN_POINT('',(1.807383216705,2.773067479335E-02));
#1287 = CARTESIAN_POINT('',(1.885668030764,2.772760950514E-02));
#1288 = CARTESIAN_POINT('',(1.963991062421,2.772355905924E-02));
#1289 = CARTESIAN_POINT('',(2.042354000926,2.771855479592E-02));
#1290 = CARTESIAN_POINT('',(2.120755220542,2.771263851928E-02));
#1291 = CARTESIAN_POINT('',(2.199190761655,2.770586233429E-02));
#1292 = CARTESIAN_POINT('',(2.277655311793,2.769828848232E-02));
#1293 = CARTESIAN_POINT('',(2.356143186702,2.768998917773E-02));
#1294 = CARTESIAN_POINT('',(2.395387372631,2.768584128303E-02));
#1295 = CARTESIAN_POINT('',(2.434637390567,2.768150930058E-02));
#1296 = CARTESIAN_POINT('',(2.473892708461,2.767700367305E-02));
#1297 = CARTESIAN_POINT('',(2.513152794262,2.767233484307E-02));
#1298 = CARTESIAN_POINT('',(2.552417115922,2.766751325329E-02));
#1299 = CARTESIAN_POINT('',(2.59168514139,2.766254934635E-02));
#1300 = CARTESIAN_POINT('',(2.630956338616,2.765745356491E-02));
#1301 = CARTESIAN_POINT('',(2.67023017555,2.76522363516E-02));
#1302 = CARTESIAN_POINT('',(2.709506120144,2.764690814908E-02));
#1303 = CARTESIAN_POINT('',(2.748783640346,2.764147939997E-02));
#1304 = CARTESIAN_POINT('',(2.768422475201,2.76387659627E-02));
#1305 = CARTESIAN_POINT('',(2.788061733811,2.76360278498E-02));
#1306 = CARTESIAN_POINT('',(2.807701369492,2.763326657199E-02));
#1307 = CARTESIAN_POINT('',(2.827341335557,2.763048363984E-02));
#1308 = CARTESIAN_POINT('',(2.846981585328,2.762768056417E-02));
#1309 = CARTESIAN_POINT('',(2.866622072111,2.762485885547E-02));
#1310 = CARTESIAN_POINT('',(2.886262749232,2.762202002457E-02));
#1311 = CARTESIAN_POINT('',(2.90590357,2.761916558201E-02));
#1312 = CARTESIAN_POINT('',(2.925544487734,2.761629703854E-02));
#1313 = CARTESIAN_POINT('',(2.945185455749,2.761341590479E-02));
#1314 = CARTESIAN_POINT('',(2.95500594355,2.761196360029E-02));
#1315 = CARTESIAN_POINT('',(2.96482643135,2.761051129577E-02));
#1316 = CARTESIAN_POINT('',(2.974646919152,2.760905899128E-02));
#1317 = CARTESIAN_POINT('',(2.984467406951,2.760760668675E-02));
#1318 = CARTESIAN_POINT('',(2.994287894754,2.760615438227E-02));
#1319 = CARTESIAN_POINT('',(3.004108382553,2.760470207773E-02));
#1320 = CARTESIAN_POINT('',(3.013928870355,2.760324977325E-02));
#1321 = CARTESIAN_POINT('',(3.023749358155,2.760179746873E-02));
#1322 = CARTESIAN_POINT('',(3.033569845957,2.760034516423E-02));
#1323 = CARTESIAN_POINT('',(3.043390333757,2.759889285972E-02));
#1324 = CARTESIAN_POINT('',(3.04830054791,2.759816184781E-02));
#1325 = CARTESIAN_POINT('',(3.053210749409,2.75974305419E-02));
#1326 = CARTESIAN_POINT('',(3.058120938256,2.7596698942E-02));
#1327 = CARTESIAN_POINT('',(3.063031114447,2.759596704809E-02));
#1328 = CARTESIAN_POINT('',(3.067941277988,2.759523486021E-02));
#1329 = CARTESIAN_POINT('',(3.072851428872,2.759450237831E-02));
#1330 = CARTESIAN_POINT('',(3.077761567106,2.759376960243E-02));
#1331 = CARTESIAN_POINT('',(3.082671692684,2.759303653254E-02));
#1332 = CARTESIAN_POINT('',(3.08758180561,2.759230316866E-02));
#1333 = CARTESIAN_POINT('',(3.092491905883,2.759156951079E-02));
#1334 = CARTESIAN_POINT('',(3.094946928381,2.759120257515E-02));
#1335 = CARTESIAN_POINT('',(3.09740195088,2.759083563952E-02));
#1336 = CARTESIAN_POINT('',(3.099856973378,2.759046870389E-02));
#1337 = CARTESIAN_POINT('',(3.102311995877,2.759010176826E-02));
#1338 = CARTESIAN_POINT('',(3.104767018375,2.758973483262E-02));
#1339 = CARTESIAN_POINT('',(3.107222040875,2.758936789699E-02));
#1340 = CARTESIAN_POINT('',(3.109677063372,2.758900096135E-02));
#1341 = CARTESIAN_POINT('',(3.112132085871,2.758863402572E-02));
#1342 = CARTESIAN_POINT('',(3.11458710837,2.758826709009E-02));
#1343 = CARTESIAN_POINT('',(3.117042130868,2.758790015446E-02));
#1344 = CARTESIAN_POINT('',(3.119496972046,2.758753310023E-02));
#1345 = CARTESIAN_POINT('',(3.121953184985,2.758716579795E-02));
#1346 = CARTESIAN_POINT('',(3.124403361955,2.758679947289E-02));
#1347 = CARTESIAN_POINT('',(3.126870429825,2.758643028451E-02));
#1348 = CARTESIAN_POINT('',(3.129304135432,2.758606681697E-02));
#1349 = CARTESIAN_POINT('',(3.131786345704,2.758569479603E-02));
#1350 = CARTESIAN_POINT('',(3.134215366097,2.75853323978E-02));
#1351 = CARTESIAN_POINT('',(3.136688752102,2.758496169004E-02));
#1352 = CARTESIAN_POINT('',(3.139133947188,2.758459646727E-02));
#1353 = CARTESIAN_POINT('',(3.14159265359,2.75842284875E-02));
#1354 = ( GEOMETRIC_REPRESENTATION_CONTEXT(2) 
PARAMETRIC_REPRESENTATION_CONTEXT() REPRESENTATION_CONTEXT('2D SPACE',''
  ) );
#1355 = PCURVE('',#804,#1356);
#1356 = DEFINITIONAL_REPRESENTATION('',(#1357),#1361);
#1357 = LINE('',#1358,#1359);
#1358 = CARTESIAN_POINT('',(0.,0.));
#1359 = VECTOR('',#1360,1.);
#1360 = DIRECTION('',(0.,1.));
#1361 = ( GEOMETRIC_REPRESENTATION_CONTEXT(2) 
PARAMETRIC_REPRESENTATION_CONTEXT() REPRESENTATION_CONTEXT('2D SPACE',''
  ) );
#1362 = ORIENTED_EDGE('',*,*,#251,.T.);
#1363 = ORIENTED_EDGE('',*,*,#1364,.F.);
#1364 = EDGE_CURVE('',#1365,#74,#1367,.T.);
#1365 = VERTEX_POINT('',#1366);
#1366 = CARTESIAN_POINT('',(-5.250021169215,-10.15734768723,
    57.506172855003));
#1367 = SURFACE_CURVE('',#1368,(#1395,#1419),.PCURVE_S1.);
#1368 = B_SPLINE_CURVE_WITH_KNOTS('',13,(#1369,#1370,#1371,#1372,#1373,
    #1374,#1375,#1376,#1377,#1378,#1379,#1380,#1381,#1382,#1383,#1384,
    #1385,#1386,#1387,#1388,#1389,#1390,#1391,#1392,#1393,#1394),
  .UNSPECIFIED.,.F.,.F.,(14,12,14),(-2.924159057749,-4.156774576217E-05,
    31.817078388051),.UNSPECIFIED.);
#1369 = CARTESIAN_POINT('',(-2.324865361043,-10.17577700085,
    57.504757931769));
#1370 = CARTESIAN_POINT('',(-2.549875717886,-10.1743593716,
    57.504866771232));
#1371 = CARTESIAN_POINT('',(-2.774886074729,-10.17294174236,
    57.504975610694));
#1372 = CARTESIAN_POINT('',(-2.999896431572,-10.17152411311,
    57.505084450157));
#1373 = CARTESIAN_POINT('',(-3.224906788415,-10.17010648386,
    57.505193289618));
#1374 = CARTESIAN_POINT('',(-3.449917145258,-10.16868885461,
    57.50530212908));
#1375 = CARTESIAN_POINT('',(-3.674927502101,-10.16727122536,
    57.505410968541));
#1376 = CARTESIAN_POINT('',(-3.899937858943,-10.16585359611,
    57.505519808002));
#1377 = CARTESIAN_POINT('',(-4.124948215786,-10.16443596686,
    57.505628647463));
#1378 = CARTESIAN_POINT('',(-4.349958572629,-10.16301833762,
    57.505737486924));
#1379 = CARTESIAN_POINT('',(-4.574968929471,-10.16160070837,
    57.505846326384));
#1380 = CARTESIAN_POINT('',(-4.799979286314,-10.16018307912,
    57.505955165844));
#1381 = CARTESIAN_POINT('',(-5.024989643156,-10.15876544987,
    57.506064005303));
#1382 = CARTESIAN_POINT('',(-7.698322114083,-10.14192269491,
    57.507357119385));
#1383 = CARTESIAN_POINT('',(-10.1448970112,-9.487049380628,
    57.50854051002));
#1384 = CARTESIAN_POINT('',(-12.40626796811,-8.192964541361,
    57.509634387924));
#1385 = CARTESIAN_POINT('',(-14.28831751174,-6.313558732099,
    57.510544445721));
#1386 = CARTESIAN_POINT('',(-15.66988465586,-3.989118848069,
    57.511211968305));
#1387 = CARTESIAN_POINT('',(-16.33993484238,-1.314029906864,
    57.511540548854));
#1388 = CARTESIAN_POINT('',(-16.38567616325,1.368571244823,
    57.511549285224));
#1389 = CARTESIAN_POINT('',(-15.61194095403,4.100206391722,
    57.511200096146));
#1390 = CARTESIAN_POINT('',(-14.22469417556,6.311962984638,
    57.510497655617));
#1391 = CARTESIAN_POINT('',(-12.41390842683,8.196286018553,
    57.509646079154));
#1392 = CARTESIAN_POINT('',(-10.13459184972,9.515202716691,
    57.508540268766));
#1393 = CARTESIAN_POINT('',(-7.640049853221,10.157541371518,
    57.507319611923));
#1394 = CARTESIAN_POINT('',(-5.186039487671,10.157549359589,
    57.506149112762));
#1395 = PCURVE('',#266,#1396);
#1396 = DEFINITIONAL_REPRESENTATION('',(#1397),#1418);
#1397 = B_SPLINE_CURVE_WITH_KNOTS('',10,(#1398,#1399,#1400,#1401,#1402,
    #1403,#1404,#1405,#1406,#1407,#1408,#1409,#1410,#1411,#1412,#1413,
    #1414,#1415,#1416,#1417),.UNSPECIFIED.,.F.,.F.,(11,9,11),(
    -2.040589069565E-05,15.90852899108,31.817078388051),.UNSPECIFIED.);
#1398 = CARTESIAN_POINT('',(6.298983453095E-03,0.984694740668));
#1399 = CARTESIAN_POINT('',(0.1629749774,0.984707921798));
#1400 = CARTESIAN_POINT('',(0.319750841108,0.984721095708));
#1401 = CARTESIAN_POINT('',(0.47656722736,0.984733814446));
#1402 = CARTESIAN_POINT('',(0.633265099606,0.9847455938));
#1403 = CARTESIAN_POINT('',(0.790110329387,0.984756068836));
#1404 = CARTESIAN_POINT('',(0.946807252028,0.984764809296));
#1405 = CARTESIAN_POINT('',(1.103619045763,0.984771569067));
#1406 = CARTESIAN_POINT('',(1.260383106833,0.98477612));
#1407 = CARTESIAN_POINT('',(1.417087016701,0.984778373991));
#1408 = CARTESIAN_POINT('',(1.730246693404,0.984778298482));
#1409 = CARTESIAN_POINT('',(1.886706001601,0.984775968891));
#1410 = CARTESIAN_POINT('',(2.042975862912,0.984771357791));
#1411 = CARTESIAN_POINT('',(2.199093987031,0.984764564425));
#1412 = CARTESIAN_POINT('',(2.354898452108,0.984755837993));
#1413 = CARTESIAN_POINT('',(2.51097670517,0.984745404108));
#1414 = CARTESIAN_POINT('',(2.667438689195,0.984733693686));
#1415 = CARTESIAN_POINT('',(2.825786042385,0.984720761454));
#1416 = CARTESIAN_POINT('',(2.984555776484,0.98470736193));
#1417 = CARTESIAN_POINT('',(3.14159265359,0.984694334123));
#1418 = ( GEOMETRIC_REPRESENTATION_CONTEXT(2) 
PARAMETRIC_REPRESENTATION_CONTEXT() REPRESENTATION_CONTEXT('2D SPACE',''
  ) );
#1419 = PCURVE('',#1010,#1420);
#1420 = DEFINITIONAL_REPRESENTATION('',(#1421),#1425);
#1421 = LINE('',#1422,#1423);
#1422 = CARTESIAN_POINT('',(0.,0.));
#1423 = VECTOR('',#1424,1.);
#1424 = DIRECTION('',(0.,1.));
#1425 = ( GEOMETRIC_REPRESENTATION_CONTEXT(2) 
PARAMETRIC_REPRESENTATION_CONTEXT() REPRESENTATION_CONTEXT('2D SPACE',''
  ) );
#1426 = ORIENTED_EDGE('',*,*,#1427,.T.);
#1427 = EDGE_CURVE('',#1365,#1428,#1430,.T.);
#1428 = VERTEX_POINT('',#1429);
#1429 = CARTESIAN_POINT('',(-5.25,-10.15739016018,57.5));
#1430 = SURFACE_CURVE('',#1431,(#1437,#1446),.PCURVE_S1.);
#1431 = B_SPLINE_CURVE_WITH_KNOTS('',4,(#1432,#1433,#1434,#1435,#1436),
  .UNSPECIFIED.,.F.,.F.,(5,5),(0.,1.),.PIECEWISE_BEZIER_KNOTS.);
#1432 = CARTESIAN_POINT('',(-5.250021438558,-10.15734741703,
    57.506212000134));
#1433 = CARTESIAN_POINT('',(-5.250010719327,-10.15735813644,
    57.504659025465));
#1434 = CARTESIAN_POINT('',(-5.250003573112,-10.15736883347,
    57.503106026307));
#1435 = CARTESIAN_POINT('',(-5.249999999999,-10.15737950808,
    57.501553011861));
#1436 = CARTESIAN_POINT('',(-5.249999999999,-10.15739016018,57.5));
#1437 = PCURVE('',#266,#1438);
#1438 = DEFINITIONAL_REPRESENTATION('',(#1439),#1445);
#1439 = B_SPLINE_CURVE_WITH_KNOTS('',4,(#1440,#1441,#1442,#1443,#1444),
  .UNSPECIFIED.,.F.,.F.,(5,5),(0.,1.),.PIECEWISE_BEZIER_KNOTS.);
#1440 = CARTESIAN_POINT('',(6.299031176472E-03,0.984695410961));
#1441 = CARTESIAN_POINT('',(6.29713455835E-03,0.984668818929));
#1442 = CARTESIAN_POINT('',(6.295589699152E-03,0.984642226478));
#1443 = CARTESIAN_POINT('',(6.294396609571E-03,0.984615633765));
#1444 = CARTESIAN_POINT('',(6.293555298584E-03,0.984589041096));
#1445 = ( GEOMETRIC_REPRESENTATION_CONTEXT(2) 
PARAMETRIC_REPRESENTATION_CONTEXT() REPRESENTATION_CONTEXT('2D SPACE',''
  ) );
#1446 = PCURVE('',#1447,#1452);
#1447 = CYLINDRICAL_SURFACE('',#1448,0.9);
#1448 = AXIS2_PLACEMENT_3D('',#1449,#1450,#1451);
#1449 = CARTESIAN_POINT('',(-6.15,-7.165201568669,57.5));
#1450 = DIRECTION('',(0.,-1.,0.));
#1451 = DIRECTION('',(-0.,0.,1.));
#1452 = DEFINITIONAL_REPRESENTATION('',(#1453),#1459);
#1453 = B_SPLINE_CURVE_WITH_KNOTS('',4,(#1454,#1455,#1456,#1457,#1458),
  .UNSPECIFIED.,.F.,.F.,(5,5),(0.,1.),.PIECEWISE_BEZIER_KNOTS.);
#1454 = CARTESIAN_POINT('',(-1.563894049619,2.992145848366));
#1455 = CARTESIAN_POINT('',(-1.565619618132,2.992156567779));
#1456 = CARTESIAN_POINT('',(-1.567345186453,2.992167264804));
#1457 = CARTESIAN_POINT('',(-1.56907075806,2.99217793942));
#1458 = CARTESIAN_POINT('',(-1.570796326795,2.99218859152));
#1459 = ( GEOMETRIC_REPRESENTATION_CONTEXT(2) 
PARAMETRIC_REPRESENTATION_CONTEXT() REPRESENTATION_CONTEXT('2D SPACE',''
  ) );
#1460 = ORIENTED_EDGE('',*,*,#1461,.T.);
#1461 = EDGE_CURVE('',#1428,#1207,#1462,.T.);
#1462 = SURFACE_CURVE('',#1463,(#1469,#1478),.PCURVE_S1.);
#1463 = B_SPLINE_CURVE_WITH_KNOTS('',4,(#1464,#1465,#1466,#1467,#1468),
  .UNSPECIFIED.,.F.,.F.,(5,5),(0.,1.),.PIECEWISE_BEZIER_KNOTS.);
#1464 = CARTESIAN_POINT('',(-5.25,-10.15121585708,58.4));
#1465 = CARTESIAN_POINT('',(-5.25,-10.17284574057,55.247727683436));
#1466 = CARTESIAN_POINT('',(-5.25,-10.19443605833,52.09545509021));
#1467 = CARTESIAN_POINT('',(-5.25,-10.21598731606,48.943182224656));
#1468 = CARTESIAN_POINT('',(-5.25,-10.2375,45.790909090909));
#1469 = PCURVE('',#266,#1470);
#1470 = DEFINITIONAL_REPRESENTATION('',(#1471),#1477);
#1471 = B_SPLINE_CURVE_WITH_KNOTS('',4,(#1472,#1473,#1474,#1475,#1476),
  .UNSPECIFIED.,.F.,.F.,(5,5),(0.,1.),.PIECEWISE_BEZIER_KNOTS.);
#1472 = CARTESIAN_POINT('',(6.781406825198E-03,1.));
#1473 = CARTESIAN_POINT('',(5.071658154419E-03,0.946022734305));
#1474 = CARTESIAN_POINT('',(3.371597770602E-03,0.892045463873));
#1475 = CARTESIAN_POINT('',(1.68108885438E-03,0.838068188778));
#1476 = CARTESIAN_POINT('',(0.,0.784090909091));
#1477 = ( GEOMETRIC_REPRESENTATION_CONTEXT(2) 
PARAMETRIC_REPRESENTATION_CONTEXT() REPRESENTATION_CONTEXT('2D SPACE',''
  ) );
#1478 = PCURVE('',#1479,#1484);
#1479 = PLANE('',#1480);
#1480 = AXIS2_PLACEMENT_3D('',#1481,#1482,#1483);
#1481 = CARTESIAN_POINT('',(-5.25,-12.15144927536,41.4));
#1482 = DIRECTION('',(1.,0.,0.));
#1483 = DIRECTION('',(0.,0.,1.));
#1484 = DEFINITIONAL_REPRESENTATION('',(#1485),#1491);
#1485 = B_SPLINE_CURVE_WITH_KNOTS('',4,(#1486,#1487,#1488,#1489,#1490),
  .UNSPECIFIED.,.F.,.F.,(5,5),(0.,1.),.PIECEWISE_BEZIER_KNOTS.);
#1486 = CARTESIAN_POINT('',(17.,-2.000233418282));
#1487 = CARTESIAN_POINT('',(13.847727683436,-1.978603534785));
#1488 = CARTESIAN_POINT('',(10.69545509021,-1.957013217027));
#1489 = CARTESIAN_POINT('',(7.543182224656,-1.935461959296));
#1490 = CARTESIAN_POINT('',(4.390909090909,-1.913949275362));
#1491 = ( GEOMETRIC_REPRESENTATION_CONTEXT(2) 
PARAMETRIC_REPRESENTATION_CONTEXT() REPRESENTATION_CONTEXT('2D SPACE',''
  ) );
#1492 = ADVANCED_FACE('',(#1493),#438,.F.);
#1493 = FACE_BOUND('',#1494,.F.);
#1494 = EDGE_LOOP('',(#1495,#1496,#1583,#1636));
#1495 = ORIENTED_EDGE('',*,*,#972,.T.);
#1496 = ORIENTED_EDGE('',*,*,#1497,.T.);
#1497 = EDGE_CURVE('',#929,#1498,#1500,.T.);
#1498 = VERTEX_POINT('',#1499);
#1499 = CARTESIAN_POINT('',(5.364064499296,-8.944103120357,0.));
#1500 = SURFACE_CURVE('',#1501,(#1537,#1544),.PCURVE_S1.);
#1501 = ( BOUNDED_CURVE() B_SPLINE_CURVE(12,(#1502,#1503,#1504,#1505,
    #1506,#1507,#1508,#1509,#1510,#1511,#1512,#1513,#1514,#1515,#1516,
    #1517,#1518,#1519,#1520,#1521,#1522,#1523,#1524,#1525,#1526,#1527,
    #1528,#1529,#1530,#1531,#1532,#1533,#1534,#1535,#1536),
.UNSPECIFIED.,.F.,.F.) B_SPLINE_CURVE_WITH_KNOTS((13,11,11,13),(
    10.994395739865,11.002298647331,44.143802495372,44.151705402838),
.UNSPECIFIED.) CURVE() GEOMETRIC_REPRESENTATION_ITEM() 
RATIONAL_B_SPLINE_CURVE((1.,1.,1.,1.000000000001,0.999999999998,
    1.000000000002,0.999999999998,1.000000000002,0.999999999999,1.,1.,1.
    ,1.,0.999999999999,1.000000000003,0.999999999995,1.000000000006,
    0.999999999994,1.000000000005,0.999999999996,1.000000000002,
    0.999999999999,1.,1.,1.,1.,1.,1.,1.000000000001,1.,1.,1.,1.,1.,1.)) 
REPRESENTATION_ITEM('') );
#1502 = CARTESIAN_POINT('',(5.364064499297,8.944103120357,0.));
#1503 = CARTESIAN_POINT('',(5.36464603939,8.944109322025,
    -1.920685832602E-14));
#1504 = CARTESIAN_POINT('',(5.365227547592,8.944115485391,
    8.160139230995E-14));
#1505 = CARTESIAN_POINT('',(5.365809023895,8.944121610467,
    -2.106093077714E-13));
#1506 = CARTESIAN_POINT('',(5.366390468278,8.944127697249,
    3.815836535637E-13));
#1507 = CARTESIAN_POINT('',(5.366971880751,8.944133745764,
    -5.232481115058E-13));
#1508 = CARTESIAN_POINT('',(5.367553261274,8.944139755983,
    5.62883073485E-13));
#1509 = CARTESIAN_POINT('',(5.368134609871,8.944145727963,
    -4.817257703849E-13));
#1510 = CARTESIAN_POINT('',(5.368715926499,8.944151661653,
    3.195221864871E-13));
#1511 = CARTESIAN_POINT('',(5.369297211173,8.944157557112,
    -1.535438443057E-13));
#1512 = CARTESIAN_POINT('',(5.369878463866,8.944163414309,
    4.674038933672E-14));
#1513 = CARTESIAN_POINT('',(5.370459684576,8.944169233271,
    -4.218847493576E-15));
#1514 = CARTESIAN_POINT('',(7.808304382453,8.968416968866,
    1.754152378908E-14));
#1515 = CARTESIAN_POINT('',(10.218577347565,8.277314442439,
    -4.729550084903E-14));
#1516 = CARTESIAN_POINT('',(12.393048369114,6.894798676639,
    8.359979375427E-14));
#1517 = CARTESIAN_POINT('',(14.09771297137,4.889556424045,
    -9.71445146547E-14));
#1518 = CARTESIAN_POINT('',(15.089953543051,2.500231437852,
    6.705747068736E-14));
#1519 = CARTESIAN_POINT('',(15.418868726145,-1.310410050979E-11,
    -1.187938636349E-14));
#1520 = CARTESIAN_POINT('',(15.089953543052,-2.50023143783,
    -3.275157922644E-14));
#1521 = CARTESIAN_POINT('',(14.097712971369,-4.889556424059,
    4.696243394164E-14));
#1522 = CARTESIAN_POINT('',(12.393048369113,-6.894798676633,
    -3.685940441756E-14));
#1523 = CARTESIAN_POINT('',(10.218577347566,-8.277314442441,
    2.164934898019E-14));
#1524 = CARTESIAN_POINT('',(7.808304382452,-8.968416968865,
    -1.143529715364E-14));
#1525 = CARTESIAN_POINT('',(5.370459684576,-8.94416923327,
    5.107025913276E-15));
#1526 = CARTESIAN_POINT('',(5.369878463866,-8.94416341431,
    -5.329070518201E-14));
#1527 = CARTESIAN_POINT('',(5.369297211172,-8.944157557111,
    1.657562975765E-13));
#1528 = CARTESIAN_POINT('',(5.368715926501,-8.944151661654,
    -3.336220188999E-13));
#1529 = CARTESIAN_POINT('',(5.368134609869,-8.944145727965,
    4.906075545819E-13));
#1530 = CARTESIAN_POINT('',(5.367553261277,-8.944139755978,
    -5.531131108683E-13));
#1531 = CARTESIAN_POINT('',(5.366971880748,-8.944133745771,
    4.826139488046E-13));
#1532 = CARTESIAN_POINT('',(5.36639046828,-8.944127697242,
    -3.217426325364E-13));
#1533 = CARTESIAN_POINT('',(5.365809023894,-8.944121610471,
    1.606492716633E-13));
#1534 = CARTESIAN_POINT('',(5.365227547592,-8.944115485389,
    -5.773159728051E-14));
#1535 = CARTESIAN_POINT('',(5.36464603939,-8.944109322025,
    1.287858708565E-14));
#1536 = CARTESIAN_POINT('',(5.364064499296,-8.944103120357,0.));
#1537 = PCURVE('',#438,#1538);
#1538 = DEFINITIONAL_REPRESENTATION('',(#1539),#1543);
#1539 = LINE('',#1540,#1541);
#1540 = CARTESIAN_POINT('',(33.157309662972,0.));
#1541 = VECTOR('',#1542,1.);
#1542 = DIRECTION('',(0.,1.));
#1543 = ( GEOMETRIC_REPRESENTATION_CONTEXT(2) 
PARAMETRIC_REPRESENTATION_CONTEXT() REPRESENTATION_CONTEXT('2D SPACE',''
  ) );
#1544 = PCURVE('',#952,#1545);
#1545 = DEFINITIONAL_REPRESENTATION('',(#1546),#1582);
#1546 = B_SPLINE_CURVE_WITH_KNOTS('',12,(#1547,#1548,#1549,#1550,#1551,
    #1552,#1553,#1554,#1555,#1556,#1557,#1558,#1559,#1560,#1561,#1562,
    #1563,#1564,#1565,#1566,#1567,#1568,#1569,#1570,#1571,#1572,#1573,
    #1574,#1575,#1576,#1577,#1578,#1579,#1580,#1581),.UNSPECIFIED.,.F.,
  .F.,(13,11,11,13),(10.994395739865,11.002298647331,44.143802495372,
    44.151705402838),.UNSPECIFIED.);
#1547 = CARTESIAN_POINT('',(-8.944103120357,-10.86406449929));
#1548 = CARTESIAN_POINT('',(-8.944109322026,-10.86464603939));
#1549 = CARTESIAN_POINT('',(-8.944115485387,-10.86522754758));
#1550 = CARTESIAN_POINT('',(-8.944121610477,-10.8658090239));
#1551 = CARTESIAN_POINT('',(-8.94412769723,-10.86639046825));
#1552 = CARTESIAN_POINT('',(-8.944133745788,-10.86697188078));
#1553 = CARTESIAN_POINT('',(-8.944139755958,-10.86755326124));
#1554 = CARTESIAN_POINT('',(-8.944145727983,-10.86813460989));
#1555 = CARTESIAN_POINT('',(-8.944151661641,-10.86871592648));
#1556 = CARTESIAN_POINT('',(-8.944157557118,-10.86929721118));
#1557 = CARTESIAN_POINT('',(-8.944163414307,-10.86987846386));
#1558 = CARTESIAN_POINT('',(-8.944169233271,-10.87045968457));
#1559 = CARTESIAN_POINT('',(-8.968416968867,-13.30830438245));
#1560 = CARTESIAN_POINT('',(-8.277314442432,-15.71857734755));
#1561 = CARTESIAN_POINT('',(-6.894798676654,-17.89304836915));
#1562 = CARTESIAN_POINT('',(-4.889556424029,-19.59771297128));
#1563 = CARTESIAN_POINT('',(-2.500231437859,-20.58995354316));
#1564 = CARTESIAN_POINT('',(3.434563960352E-12,-20.91886872602));
#1565 = CARTESIAN_POINT('',(2.500231437853,-20.58995354315));
#1566 = CARTESIAN_POINT('',(4.889556424035,-19.5977129713));
#1567 = CARTESIAN_POINT('',(6.89479867665,-17.89304836914));
#1568 = CARTESIAN_POINT('',(8.277314442433,-15.71857734755));
#1569 = CARTESIAN_POINT('',(8.968416968867,-13.30830438245));
#1570 = CARTESIAN_POINT('',(8.94416923327,-10.87045968457));
#1571 = CARTESIAN_POINT('',(8.94416341431,-10.86987846386));
#1572 = CARTESIAN_POINT('',(8.944157557109,-10.86929721117));
#1573 = CARTESIAN_POINT('',(8.944151661658,-10.8687159265));
#1574 = CARTESIAN_POINT('',(8.944145727958,-10.86813460986));
#1575 = CARTESIAN_POINT('',(8.944139755985,-10.86755326128));
#1576 = CARTESIAN_POINT('',(8.944133745765,-10.86697188074));
#1577 = CARTESIAN_POINT('',(8.944127697246,-10.86639046828));
#1578 = CARTESIAN_POINT('',(8.944121610469,-10.86580902389));
#1579 = CARTESIAN_POINT('',(8.94411548539,-10.86522754759));
#1580 = CARTESIAN_POINT('',(8.944109322025,-10.86464603939));
#1581 = CARTESIAN_POINT('',(8.944103120357,-10.86406449929));
#1582 = ( GEOMETRIC_REPRESENTATION_CONTEXT(2) 
PARAMETRIC_REPRESENTATION_CONTEXT() REPRESENTATION_CONTEXT('2D SPACE',''
  ) );
#1583 = ORIENTED_EDGE('',*,*,#1584,.F.);
#1584 = EDGE_CURVE('',#372,#1498,#1585,.T.);
#1585 = SURFACE_CURVE('',#1586,(#1590,#1596),.PCURVE_S1.);
#1586 = ( BOUNDED_CURVE() B_SPLINE_CURVE(2,(#1587,#1588,#1589),
.UNSPECIFIED.,.F.,.F.) B_SPLINE_CURVE_WITH_KNOTS((3,3),(0.,
33.157309662972),.PIECEWISE_BEZIER_KNOTS.) CURVE() 
GEOMETRIC_REPRESENTATION_ITEM() RATIONAL_B_SPLINE_CURVE((1.,
0.704682202161,1.)) REPRESENTATION_ITEM('') );
#1587 = CARTESIAN_POINT('',(5.491204839494,-10.53900604936,
    1.610953580666));
#1588 = CARTESIAN_POINT('',(5.492081240558,-10.55,1.110223024625E-16));
#1589 = CARTESIAN_POINT('',(5.364064499296,-8.944103120357,0.));
#1590 = PCURVE('',#438,#1591);
#1591 = DEFINITIONAL_REPRESENTATION('',(#1592),#1595);
#1592 = B_SPLINE_CURVE_WITH_KNOTS('',1,(#1593,#1594),.UNSPECIFIED.,.F.,
  .F.,(2,2),(0.,33.157309662972),.PIECEWISE_BEZIER_KNOTS.);
#1593 = CARTESIAN_POINT('',(0.,44.151705402838));
#1594 = CARTESIAN_POINT('',(33.157309662972,44.151705402838));
#1595 = ( GEOMETRIC_REPRESENTATION_CONTEXT(2) 
PARAMETRIC_REPRESENTATION_CONTEXT() REPRESENTATION_CONTEXT('2D SPACE',''
  ) );
#1596 = PCURVE('',#1597,#1631);
#1597 = ( BOUNDED_SURFACE() B_SPLINE_SURFACE(2,10,(
    (#1598,#1599,#1600,#1601,#1602,#1603,#1604,#1605,#1606,#1607,#1608)
    ,(#1609,#1610,#1611,#1612,#1613,#1614,#1615,#1616,#1617,#1618,#1619)
    ,(#1620,#1621,#1622,#1623,#1624,#1625,#1626,#1627,#1628,#1629,#1630
)),.UNSPECIFIED.,.F.,.F.,.F.) B_SPLINE_SURFACE_WITH_KNOTS((3,3),(11,11),
  (0.,10.9864928324),(44.151705402838,55.138198235238),
.PIECEWISE_BEZIER_KNOTS.) GEOMETRIC_REPRESENTATION_ITEM() 
RATIONAL_B_SPLINE_SURFACE((
    (1.,1.,1.,1.,1.,1.,1.,1.,1.,1.,1.)
    ,(0.704682202161,0.704697956134,0.704684609944,0.704691489525
      ,0.704687527065,0.704693581546,0.704687527065,0.704691489525
      ,0.704684609944,0.704697956134,0.704682202161)
,(1.,1.,1.,1.,1.,1.,1.,1.,1.,1.,1.
  ))) REPRESENTATION_ITEM('') SURFACE() );
#1598 = CARTESIAN_POINT('',(5.491204839494,-10.53900604936,
    1.610953580666));
#1599 = CARTESIAN_POINT('',(4.391286344666,-10.53900653424,
    1.610882530782));
#1600 = CARTESIAN_POINT('',(3.30102119068,-10.53900612348,1.6109427202)
  );
#1601 = CARTESIAN_POINT('',(2.18654074075,-10.53900633519,1.610911697733
    ));
#1602 = CARTESIAN_POINT('',(1.095564454819,-10.53900621329,
    1.610929560845));
#1603 = CARTESIAN_POINT('',(-8.19788681383E-13,-10.53900639957,
    1.610902264954));
#1604 = CARTESIAN_POINT('',(-1.095564454817,-10.53900621329,
    1.610929560845));
#1605 = CARTESIAN_POINT('',(-2.18654074075,-10.53900633519,
    1.610911697733));
#1606 = CARTESIAN_POINT('',(-3.301021190679,-10.53900612348,1.6109427202
    ));
#1607 = CARTESIAN_POINT('',(-4.391286344666,-10.53900653424,
    1.610882530782));
#1608 = CARTESIAN_POINT('',(-5.491204839494,-10.53900604936,
    1.610953580666));
#1609 = CARTESIAN_POINT('',(5.492081240558,-10.55,-1.110223024625E-16));
#1610 = CARTESIAN_POINT('',(4.391287024605,-10.55,6.661338147751E-15));
#1611 = CARTESIAN_POINT('',(3.300695909014,-10.55,-2.964295475749E-14));
#1612 = CARTESIAN_POINT('',(2.186284573219,-10.55,7.31636973228E-14));
#1613 = CARTESIAN_POINT('',(1.095390613145,-10.55,-1.187938636349E-13));
#1614 = CARTESIAN_POINT('',(-5.659085322879E-13,-10.55,
    1.448841047136E-13));
#1615 = CARTESIAN_POINT('',(-1.095390613144,-10.55,-1.360023205166E-13)
  );
#1616 = CARTESIAN_POINT('',(-2.186284573219,-10.55,9.44799793956E-14));
#1617 = CARTESIAN_POINT('',(-3.300695909014,-10.55,-4.374278717023E-14)
  );
#1618 = CARTESIAN_POINT('',(-4.391287024605,-10.55,1.121325254871E-14));
#1619 = CARTESIAN_POINT('',(-5.492081240558,-10.55,-1.110223024625E-16)
  );
#1620 = CARTESIAN_POINT('',(5.364064499296,-8.944103120357,0.));
#1621 = CARTESIAN_POINT('',(4.393927455582,-8.933757373002,
    6.661338147751E-15));
#1622 = CARTESIAN_POINT('',(3.343228742888,-8.942399464284,
    -2.642330798608E-14));
#1623 = CARTESIAN_POINT('',(2.227544460667,-8.938238370798,
    6.272760089132E-14));
#1624 = CARTESIAN_POINT('',(1.120175288669,-8.940209440975,
    -1.035838081975E-13));
#1625 = CARTESIAN_POINT('',(-1.008526595569E-12,-8.937047717212,
    1.221245327088E-13));
#1626 = CARTESIAN_POINT('',(-1.120175288667,-8.940209440975,
    -1.061373211542E-13));
#1627 = CARTESIAN_POINT('',(-2.227544460668,-8.938238370798,
    6.727951529228E-14));
#1628 = CARTESIAN_POINT('',(-3.343228742887,-8.942399464284,
    -2.997602166488E-14));
#1629 = CARTESIAN_POINT('',(-4.393927455583,-8.933757373002,
    7.882583474839E-15));
#1630 = CARTESIAN_POINT('',(-5.364064499296,-8.944103120357,0.));
#1631 = DEFINITIONAL_REPRESENTATION('',(#1632),#1635);
#1632 = B_SPLINE_CURVE_WITH_KNOTS('',1,(#1633,#1634),.UNSPECIFIED.,.F.,
  .F.,(2,2),(0.,33.157309662972),.PIECEWISE_BEZIER_KNOTS.);
#1633 = CARTESIAN_POINT('',(0.,44.151705402838));
#1634 = CARTESIAN_POINT('',(10.9864928324,44.151705402838));
#1635 = ( GEOMETRIC_REPRESENTATION_CONTEXT(2) 
PARAMETRIC_REPRESENTATION_CONTEXT() REPRESENTATION_CONTEXT('2D SPACE',''
  ) );
#1636 = ORIENTED_EDGE('',*,*,#371,.F.);
#1637 = ADVANCED_FACE('',(#1638),#700,.T.);
#1638 = FACE_BOUND('',#1639,.T.);
#1639 = EDGE_LOOP('',(#1640,#1641,#1698,#1821));
#1640 = ORIENTED_EDGE('',*,*,#1181,.T.);
#1641 = ORIENTED_EDGE('',*,*,#1642,.T.);
#1642 = EDGE_CURVE('',#1096,#1643,#1645,.T.);
#1643 = VERTEX_POINT('',#1644);
#1644 = CARTESIAN_POINT('',(6.15,-9.207243093793,58.4));
#1645 = SURFACE_CURVE('',#1646,(#1673,#1680),.PCURVE_S1.);
#1646 = B_SPLINE_CURVE_WITH_KNOTS('',13,(#1647,#1648,#1649,#1650,#1651,
    #1652,#1653,#1654,#1655,#1656,#1657,#1658,#1659,#1660,#1661,#1662,
    #1663,#1664,#1665,#1666,#1667,#1668,#1669,#1670,#1671,#1672),
  .UNSPECIFIED.,.F.,.F.,(14,12,14),(42.190995171367,74.008115127164,
    76.932232617164),.UNSPECIFIED.);
#1647 = CARTESIAN_POINT('',(5.142478306458,9.258625218238,58.4));
#1648 = CARTESIAN_POINT('',(7.433375216659,9.266529591167,58.4));
#1649 = CARTESIAN_POINT('',(9.719912215388,8.666460307476,
    58.399999999997));
#1650 = CARTESIAN_POINT('',(11.786578356172,7.451769101963,
    58.400000000016));
#1651 = CARTESIAN_POINT('',(13.405129505511,5.742714240862,
    58.399999999956));
#1652 = CARTESIAN_POINT('',(14.694243073556,3.757399461596,
    58.400000000085));
#1653 = CARTESIAN_POINT('',(15.394979617342,1.231218243044,
    58.399999999882));
#1654 = CARTESIAN_POINT('',(15.349052095312,-1.186856424329,
    58.400000000124));
#1655 = CARTESIAN_POINT('',(14.743256804989,-3.641652093717,
    58.399999999898));
#1656 = CARTESIAN_POINT('',(13.480568277442,-5.752414779869,
    58.400000000066));
#1657 = CARTESIAN_POINT('',(11.766591215215,-7.467773199194,
    58.399999999967));
#1658 = CARTESIAN_POINT('',(9.70525314314,-8.646635046353,
    58.400000000012));
#1659 = CARTESIAN_POINT('',(7.475298004971,-9.243442845088,
    58.399999999997));
#1660 = CARTESIAN_POINT('',(5.038826479685,-9.258671425179,58.4));
#1661 = CARTESIAN_POINT('',(4.830429630091,-9.259973959636,58.4));
#1662 = CARTESIAN_POINT('',(4.618710059657,-9.261297261961,
    58.400000000001));
#1663 = CARTESIAN_POINT('',(4.403667768383,-9.262641332155,
    58.400000000001));
#1664 = CARTESIAN_POINT('',(4.185302756267,-9.264006170218,
    58.400000000001));
#1665 = CARTESIAN_POINT('',(3.963615023311,-9.265391776149,
    58.400000000001));
#1666 = CARTESIAN_POINT('',(3.738604569514,-9.266798149949,
    58.400000000001));
#1667 = CARTESIAN_POINT('',(3.510271394876,-9.268225291617,
    58.400000000001));
#1668 = CARTESIAN_POINT('',(3.278615499398,-9.269673201154,
    58.400000000001));
#1669 = CARTESIAN_POINT('',(3.043636883078,-9.271141878559,
    58.400000000001));
#1670 = CARTESIAN_POINT('',(2.805335545918,-9.272631323833,58.4));
#1671 = CARTESIAN_POINT('',(2.563711487917,-9.274141536976,58.4));
#1672 = CARTESIAN_POINT('',(2.318764709076,-9.275672517987,58.4));
#1673 = PCURVE('',#700,#1674);
#1674 = DEFINITIONAL_REPRESENTATION('',(#1675),#1679);
#1675 = LINE('',#1676,#1677);
#1676 = CARTESIAN_POINT('',(31.817119955796,0.));
#1677 = VECTOR('',#1678,1.);
#1678 = DIRECTION('',(0.,1.));
#1679 = ( GEOMETRIC_REPRESENTATION_CONTEXT(2) 
PARAMETRIC_REPRESENTATION_CONTEXT() REPRESENTATION_CONTEXT('2D SPACE',''
  ) );
#1680 = PCURVE('',#1140,#1681);
#1681 = DEFINITIONAL_REPRESENTATION('',(#1682),#1697);
#1682 = B_SPLINE_CURVE_WITH_KNOTS('',13,(#1683,#1684,#1685,#1686,#1687,
    #1688,#1689,#1690,#1691,#1692,#1693,#1694,#1695,#1696),
  .UNSPECIFIED.,.F.,.F.,(14,14),(42.190995171367,74.008115127164),
  .PIECEWISE_BEZIER_KNOTS.);
#1683 = CARTESIAN_POINT('',(9.258625218238,-3.868111383205E-02));
#1684 = CARTESIAN_POINT('',(9.266529591168,2.252215796369));
#1685 = CARTESIAN_POINT('',(8.666460307474,4.538752795099));
#1686 = CARTESIAN_POINT('',(7.451769101969,6.60541893588));
#1687 = CARTESIAN_POINT('',(5.74271424085,8.223970085228));
#1688 = CARTESIAN_POINT('',(3.757399461615,9.513083653254));
#1689 = CARTESIAN_POINT('',(1.231218243019,10.213820197067));
#1690 = CARTESIAN_POINT('',(-1.186856424303,10.167892675007));
#1691 = CARTESIAN_POINT('',(-3.64165209374,9.562097384711));
#1692 = CARTESIAN_POINT('',(-5.752414779854,8.299408857145));
#1693 = CARTESIAN_POINT('',(-7.467773199203,6.585431794928));
#1694 = CARTESIAN_POINT('',(-8.64663504635,4.524093722849));
#1695 = CARTESIAN_POINT('',(-9.243442845089,2.294138584681));
#1696 = CARTESIAN_POINT('',(-9.257389658591,6.274118814717E-02));
#1697 = ( GEOMETRIC_REPRESENTATION_CONTEXT(2) 
PARAMETRIC_REPRESENTATION_CONTEXT() REPRESENTATION_CONTEXT('2D SPACE',''
  ) );
#1698 = ORIENTED_EDGE('',*,*,#1699,.T.);
#1699 = EDGE_CURVE('',#1643,#613,#1700,.T.);
#1700 = SURFACE_CURVE('',#1701,(#1739,#1780),.PCURVE_S1.);
#1701 = B_SPLINE_CURVE_WITH_KNOTS('',6,(#1702,#1703,#1704,#1705,#1706,
    #1707,#1708,#1709,#1710,#1711,#1712,#1713,#1714,#1715,#1716,#1717,
    #1718,#1719,#1720,#1721,#1722,#1723,#1724,#1725,#1726,#1727,#1728,
    #1729,#1730,#1731,#1732,#1733,#1734,#1735,#1736,#1737,#1738),
  .UNSPECIFIED.,.F.,.F.,(7,5,5,5,5,5,5,7),(0.,6.112671049608E-03,
    1.311554091587E-02,2.812191973669E-02,8.514986414081E-02,
    0.393316448935,0.702278820077,1.),.UNSPECIFIED.);
#1702 = CARTESIAN_POINT('',(6.149999301024,-9.207243166974,58.4));
#1703 = CARTESIAN_POINT('',(6.148802083714,-9.208573357627,
    58.400000145499));
#1704 = CARTESIAN_POINT('',(6.147502065264,-9.210016207626,
    58.39999790867));
#1705 = CARTESIAN_POINT('',(6.146195349377,-9.211466011969,
    58.39999356881));
#1706 = CARTESIAN_POINT('',(6.144923477398,-9.212877146104,
    58.399987205033));
#1707 = CARTESIAN_POINT('',(6.143673428316,-9.214264065925,
    58.399978696267));
#1708 = CARTESIAN_POINT('',(6.140893098239,-9.217347857639,
    58.399955147938));
#1709 = CARTESIAN_POINT('',(6.139407404576,-9.218995355685,
    58.399939625965));
#1710 = CARTESIAN_POINT('',(6.137920546944,-9.220643790989,
    58.399921146522));
#1711 = CARTESIAN_POINT('',(6.13643253459,-9.222293152548,
    58.399899700831));
#1712 = CARTESIAN_POINT('',(6.134943376844,-9.223943429282,
    58.39987528015));
#1713 = CARTESIAN_POINT('',(6.130259547798,-9.229132908528,
    58.399789151226));
#1714 = CARTESIAN_POINT('',(6.127060816013,-9.232675336175,
    58.399716726007));
#1715 = CARTESIAN_POINT('',(6.123856980185,-9.23622178344,
    58.399630514777));
#1716 = CARTESIAN_POINT('',(6.120648134462,-9.239772139213,
    58.399530433063));
#1717 = CARTESIAN_POINT('',(6.117434374716,-9.243326290805,
    58.399416397274));
#1718 = CARTESIAN_POINT('',(6.101984414454,-9.260404768289,
    58.398801617258));
#1719 = CARTESIAN_POINT('',(6.089683470015,-9.273978585189,
    58.398112201341));
#1720 = CARTESIAN_POINT('',(6.077318327274,-9.287599292509,
    58.397215512104));
#1721 = CARTESIAN_POINT('',(6.06489469789,-9.301260301206,
    58.396107223729));
#1722 = CARTESIAN_POINT('',(6.052418643132,-9.314954715328,
    58.394783249411));
#1723 = CARTESIAN_POINT('',(5.972230040284,-9.402818554793,
    58.384898960233));
#1724 = CARTESIAN_POINT('',(5.903219909631,-9.477726846007,
    58.370147339351));
#1725 = CARTESIAN_POINT('',(5.833874819736,-9.552267986863,
    58.348385503666));
#1726 = CARTESIAN_POINT('',(5.765497591526,-9.625057230912,
    58.319240538257));
#1727 = CARTESIAN_POINT('',(5.699578294389,-9.694616977437,
    58.282838493821));
#1728 = CARTESIAN_POINT('',(5.575129566816,-9.824955190439,
    58.196612778862));
#1729 = CARTESIAN_POINT('',(5.51661998807,-9.885710342001,
    58.146754481433));
#1730 = CARTESIAN_POINT('',(5.463233646431,-9.940710395255,
    58.090805927895));
#1731 = CARTESIAN_POINT('',(5.416151506889,-9.988910401294,
    58.029851062729));
#1732 = CARTESIAN_POINT('',(5.376040430827,-10.02978617689,57.9653201242
    ));
#1733 = CARTESIAN_POINT('',(5.31133072001,-10.09551371366,
    57.834327000202));
#1734 = CARTESIAN_POINT('',(5.286220378837,-10.12089486962,
    57.768020747582));
#1735 = CARTESIAN_POINT('',(5.267925841578,-10.13932849711,
    57.700944005878));
#1736 = CARTESIAN_POINT('',(5.256195075764,-10.1511348192,
    57.634341612024));
#1737 = CARTESIAN_POINT('',(5.250453361287,-10.15691276423,
    57.569184818728));
#1738 = CARTESIAN_POINT('',(5.250021169215,-10.15734768723,
    57.506172855003));
#1739 = PCURVE('',#700,#1740);
#1740 = DEFINITIONAL_REPRESENTATION('',(#1741),#1779);
#1741 = B_SPLINE_CURVE_WITH_KNOTS('',6,(#1742,#1743,#1744,#1745,#1746,
    #1747,#1748,#1749,#1750,#1751,#1752,#1753,#1754,#1755,#1756,#1757,
    #1758,#1759,#1760,#1761,#1762,#1763,#1764,#1765,#1766,#1767,#1768,
    #1769,#1770,#1771,#1772,#1773,#1774,#1775,#1776,#1777,#1778),
  .UNSPECIFIED.,.F.,.F.,(7,5,5,5,5,5,5,7),(0.,6.112671049608E-03,
    1.311554091587E-02,2.812191973669E-02,8.514986414081E-02,
    0.393316448935,0.702278820077,1.),.UNSPECIFIED.);
#1742 = CARTESIAN_POINT('',(31.817119955796,73.012543101721));
#1743 = CARTESIAN_POINT('',(31.787052742653,73.014001256397));
#1744 = CARTESIAN_POINT('',(31.754460239202,73.015583873171));
#1745 = CARTESIAN_POINT('',(31.721726963328,73.017174094381));
#1746 = CARTESIAN_POINT('',(31.689882149045,73.018721405776));
#1747 = CARTESIAN_POINT('',(31.658599746494,73.020241636515));
#1748 = CARTESIAN_POINT('',(31.589078436672,73.023621698781));
#1749 = CARTESIAN_POINT('',(31.551958451571,73.025427131777));
#1750 = CARTESIAN_POINT('',(31.514838466643,73.027233245508));
#1751 = CARTESIAN_POINT('',(31.477718481887,73.029040027255));
#1752 = CARTESIAN_POINT('',(31.440598497305,73.030847464231));
#1753 = CARTESIAN_POINT('',(31.32393447474,73.036530058492));
#1754 = CARTESIAN_POINT('',(31.244390933842,73.040407498995));
#1755 = CARTESIAN_POINT('',(31.164847882326,73.044287738894));
#1756 = CARTESIAN_POINT('',(31.085305312142,73.048170650602));
#1757 = CARTESIAN_POINT('',(31.005763215071,73.052056105139));
#1758 = CARTESIAN_POINT('',(30.623943741961,73.070718826591));
#1759 = CARTESIAN_POINT('',(30.321672613157,73.085528527393));
#1760 = CARTESIAN_POINT('',(30.019407734084,73.100365903326));
#1761 = CARTESIAN_POINT('',(29.717148610009,73.115223526848));
#1762 = CARTESIAN_POINT('',(29.414894713691,73.130093714094));
#1763 = CARTESIAN_POINT('',(27.479356517696,73.225348761004));
#1764 = CARTESIAN_POINT('',(25.846199655266,73.305863950939));
#1765 = CARTESIAN_POINT('',(24.213093572315,73.385266789172));
#1766 = CARTESIAN_POINT('',(22.579925646526,73.462106100205));
#1767 = CARTESIAN_POINT('',(20.946575599597,73.534936056512));
#1768 = CARTESIAN_POINT('',(17.675162230182,73.670437693526));
#1769 = CARTESIAN_POINT('',(16.037083704416,73.733082646679));
#1770 = CARTESIAN_POINT('',(14.39869598211,73.789364626237));
#1771 = CARTESIAN_POINT('',(12.759954652066,73.838388081098));
#1772 = CARTESIAN_POINT('',(11.120866375493,73.879777320235));
#1773 = CARTESIAN_POINT('',(7.901776601016,73.946117605899));
#1774 = CARTESIAN_POINT('',(6.321782837146,73.971612512426));
#1775 = CARTESIAN_POINT('',(4.741564487033,73.99007143176));
#1776 = CARTESIAN_POINT('',(3.161163700559,74.001880464373));
#1777 = CARTESIAN_POINT('',(1.580627821312,74.007658994568));
#1778 = CARTESIAN_POINT('',(0.,74.008093965309));
#1779 = ( GEOMETRIC_REPRESENTATION_CONTEXT(2) 
PARAMETRIC_REPRESENTATION_CONTEXT() REPRESENTATION_CONTEXT('2D SPACE',''
  ) );
#1780 = PCURVE('',#632,#1781);
#1781 = DEFINITIONAL_REPRESENTATION('',(#1782),#1820);
#1782 = B_SPLINE_CURVE_WITH_KNOTS('',6,(#1783,#1784,#1785,#1786,#1787,
    #1788,#1789,#1790,#1791,#1792,#1793,#1794,#1795,#1796,#1797,#1798,
    #1799,#1800,#1801,#1802,#1803,#1804,#1805,#1806,#1807,#1808,#1809,
    #1810,#1811,#1812,#1813,#1814,#1815,#1816,#1817,#1818,#1819),
  .UNSPECIFIED.,.F.,.F.,(7,5,5,5,5,5,5,7),(0.,6.112671049608E-03,
    1.311554091587E-02,2.812191973669E-02,8.514986414081E-02,
    0.393316448935,0.702278820077,1.),.UNSPECIFIED.);
#1783 = CARTESIAN_POINT('',(7.766399227431E-07,2.042041598321));
#1784 = CARTESIAN_POINT('',(1.331017690008E-03,2.043371788974));
#1785 = CARTESIAN_POINT('',(2.775483128102E-03,2.044814638973));
#1786 = CARTESIAN_POINT('',(4.227394837401E-03,2.046264443316));
#1787 = CARTESIAN_POINT('',(5.640600521807E-03,2.04767557745));
#1788 = CARTESIAN_POINT('',(7.029573705924E-03,2.049062497272));
#1789 = CARTESIAN_POINT('',(1.011894014839E-02,2.052146288986));
#1790 = CARTESIAN_POINT('',(1.176979774643E-02,2.053793787031));
#1791 = CARTESIAN_POINT('',(1.342198450713E-02,2.055442222335));
#1792 = CARTESIAN_POINT('',(1.507549838243E-02,2.057091583894));
#1793 = CARTESIAN_POINT('',(1.673033729823E-02,2.058741860629));
#1794 = CARTESIAN_POINT('',(2.193547160101E-02,2.063931339875));
#1795 = CARTESIAN_POINT('',(2.549049680437E-02,2.067473767521));
#1796 = CARTESIAN_POINT('',(2.905155429605E-02,2.071020214787));
#1797 = CARTESIAN_POINT('',(3.261862303952E-02,2.074570570559));
#1798 = CARTESIAN_POINT('',(3.619168143014E-02,2.078124722151));
#1799 = CARTESIAN_POINT('',(5.33718891985E-02,2.095203199636));
#1800 = CARTESIAN_POINT('',(6.70592521575E-02,2.108777016535));
#1801 = CARTESIAN_POINT('',(8.083158051567E-02,2.122397723856));
#1802 = CARTESIAN_POINT('',(9.468753659484E-02,2.136058732552));
#1803 = CARTESIAN_POINT('',(0.108625660695,2.149753146674));
#1804 = CARTESIAN_POINT('',(0.198398427327,2.237616986139));
#1805 = CARTESIAN_POINT('',(0.276505860312,2.312525277354));
#1806 = CARTESIAN_POINT('',(0.356716575578,2.387066418209));
#1807 = CARTESIAN_POINT('',(0.438675504404,2.459855662259));
#1808 = CARTESIAN_POINT('',(0.521915465293,2.529415408784));
#1809 = CARTESIAN_POINT('',(0.690139154245,2.659753621785));
#1810 = CARTESIAN_POINT('',(0.775127414465,2.720508773348));
#1811 = CARTESIAN_POINT('',(0.860361742837,2.775508826602));
#1812 = CARTESIAN_POINT('',(0.945267618907,2.82370883264));
#1813 = CARTESIAN_POINT('',(1.029292521829,2.864584608236));
#1814 = CARTESIAN_POINT('',(1.191630932309,2.930312145012));
#1815 = CARTESIAN_POINT('',(1.270041544898,2.955693300973));
#1816 = CARTESIAN_POINT('',(1.346776110414,2.974126928465));
#1817 = CARTESIAN_POINT('',(1.421484064084,2.985933250546));
#1818 = CARTESIAN_POINT('',(1.493922605364,2.99171119558));
#1819 = CARTESIAN_POINT('',(1.563937545238,2.992146118576));
#1820 = ( GEOMETRIC_REPRESENTATION_CONTEXT(2) 
PARAMETRIC_REPRESENTATION_CONTEXT() REPRESENTATION_CONTEXT('2D SPACE',''
  ) );
#1821 = ORIENTED_EDGE('',*,*,#646,.F.);
#1822 = ADVANCED_FACE('',(#1823),#566,.F.);
#1823 = FACE_BOUND('',#1824,.F.);
#1824 = EDGE_LOOP('',(#1825,#1826,#1863,#1864,#1893,#1918));
#1825 = ORIENTED_EDGE('',*,*,#551,.F.);
#1826 = ORIENTED_EDGE('',*,*,#1827,.T.);
#1827 = EDGE_CURVE('',#372,#1205,#1828,.T.);
#1828 = SURFACE_CURVE('',#1829,(#1841,#1856),.PCURVE_S1.);
#1829 = ( BOUNDED_CURVE() B_SPLINE_CURVE(10,(#1830,#1831,#1832,#1833,
    #1834,#1835,#1836,#1837,#1838,#1839,#1840),.UNSPECIFIED.,.F.,.F.) 
B_SPLINE_CURVE_WITH_KNOTS((11,11),(44.151705402838,55.138198235238),
.PIECEWISE_BEZIER_KNOTS.) CURVE() GEOMETRIC_REPRESENTATION_ITEM() 
RATIONAL_B_SPLINE_CURVE((1.,1.,1.,1.,1.,1.,1.,1.,1.,1.,1.)) 
REPRESENTATION_ITEM('') );
#1830 = CARTESIAN_POINT('',(5.491204839494,-10.53900604936,
    1.610953580666));
#1831 = CARTESIAN_POINT('',(4.391286344666,-10.53900653424,
    1.610882530782));
#1832 = CARTESIAN_POINT('',(3.30102119068,-10.53900612348,1.6109427202)
  );
#1833 = CARTESIAN_POINT('',(2.18654074075,-10.53900633519,1.610911697733
    ));
#1834 = CARTESIAN_POINT('',(1.095564454819,-10.53900621329,
    1.610929560845));
#1835 = CARTESIAN_POINT('',(-8.19788681383E-13,-10.53900639957,
    1.610902264954));
#1836 = CARTESIAN_POINT('',(-1.095564454817,-10.53900621329,
    1.610929560845));
#1837 = CARTESIAN_POINT('',(-2.18654074075,-10.53900633519,
    1.610911697733));
#1838 = CARTESIAN_POINT('',(-3.301021190679,-10.53900612348,1.6109427202
    ));
#1839 = CARTESIAN_POINT('',(-4.391286344666,-10.53900653424,
    1.610882530782));
#1840 = CARTESIAN_POINT('',(-5.491204839494,-10.53900604936,
    1.610953580666));
#1841 = PCURVE('',#566,#1842);
#1842 = DEFINITIONAL_REPRESENTATION('',(#1843),#1855);
#1843 = B_SPLINE_CURVE_WITH_KNOTS('',10,(#1844,#1845,#1846,#1847,#1848,
    #1849,#1850,#1851,#1852,#1853,#1854),.UNSPECIFIED.,.F.,.F.,(11,11),(
    44.151705402838,55.138198235238),.PIECEWISE_BEZIER_KNOTS.);
#1844 = CARTESIAN_POINT('',(2.46125583682E-15,2.758482158674E-02));
#1845 = CARTESIAN_POINT('',(1.101680602318,2.758360497915E-02));
#1846 = CARTESIAN_POINT('',(2.193691518163,2.758463561987E-02));
#1847 = CARTESIAN_POINT('',(3.309957328352,2.758410441324E-02));
#1848 = CARTESIAN_POINT('',(4.40268078321,2.758441028843E-02));
#1849 = CARTESIAN_POINT('',(5.500000000002,2.758394289305E-02));
#1850 = CARTESIAN_POINT('',(6.597319216787,2.758441028843E-02));
#1851 = CARTESIAN_POINT('',(7.69004267165,2.758410441324E-02));
#1852 = CARTESIAN_POINT('',(8.806308481837,2.758463561987E-02));
#1853 = CARTESIAN_POINT('',(9.898319397682,2.758360497915E-02));
#1854 = CARTESIAN_POINT('',(11.,2.758482158674E-02));
#1855 = ( GEOMETRIC_REPRESENTATION_CONTEXT(2) 
PARAMETRIC_REPRESENTATION_CONTEXT() REPRESENTATION_CONTEXT('2D SPACE',''
  ) );
#1856 = PCURVE('',#1597,#1857);
#1857 = DEFINITIONAL_REPRESENTATION('',(#1858),#1862);
#1858 = LINE('',#1859,#1860);
#1859 = CARTESIAN_POINT('',(0.,0.));
#1860 = VECTOR('',#1861,1.);
#1861 = DIRECTION('',(0.,1.));
#1862 = ( GEOMETRIC_REPRESENTATION_CONTEXT(2) 
PARAMETRIC_REPRESENTATION_CONTEXT() REPRESENTATION_CONTEXT('2D SPACE',''
  ) );
#1863 = ORIENTED_EDGE('',*,*,#1204,.T.);
#1864 = ORIENTED_EDGE('',*,*,#1865,.F.);
#1865 = EDGE_CURVE('',#1866,#1207,#1868,.T.);
#1866 = VERTEX_POINT('',#1867);
#1867 = CARTESIAN_POINT('',(-5.25,-10.26746575342,41.4));
#1868 = SURFACE_CURVE('',#1869,(#1875,#1884),.PCURVE_S1.);
#1869 = B_SPLINE_CURVE_WITH_KNOTS('',4,(#1870,#1871,#1872,#1873,#1874),
  .UNSPECIFIED.,.F.,.F.,(5,5),(0.,1.),.PIECEWISE_BEZIER_KNOTS.);
#1870 = CARTESIAN_POINT('',(-5.25,-10.26746575342,41.4));
#1871 = CARTESIAN_POINT('',(-5.25,-10.25997431396,42.49772743417));
#1872 = CARTESIAN_POINT('',(-5.25,-10.25248287523,43.595454761545));
#1873 = CARTESIAN_POINT('',(-5.25,-10.24499143724,44.69318198086));
#1874 = CARTESIAN_POINT('',(-5.25,-10.2375,45.790909090909));
#1875 = PCURVE('',#566,#1876);
#1876 = DEFINITIONAL_REPRESENTATION('',(#1877),#1883);
#1877 = B_SPLINE_CURVE_WITH_KNOTS('',4,(#1878,#1879,#1880,#1881,#1882),
  .UNSPECIFIED.,.F.,.F.,(5,5),(0.,1.),.PIECEWISE_BEZIER_KNOTS.);
#1878 = CARTESIAN_POINT('',(10.975000001672,0.708904109589));
#1879 = CARTESIAN_POINT('',(10.981221593498,0.727700812229));
#1880 = CARTESIAN_POINT('',(10.987462034263,0.74649751304));
#1881 = CARTESIAN_POINT('',(10.993721462118,0.765294212001));
#1882 = CARTESIAN_POINT('',(11.,0.784090909091));
#1883 = ( GEOMETRIC_REPRESENTATION_CONTEXT(2) 
PARAMETRIC_REPRESENTATION_CONTEXT() REPRESENTATION_CONTEXT('2D SPACE',''
  ) );
#1884 = PCURVE('',#1479,#1885);
#1885 = DEFINITIONAL_REPRESENTATION('',(#1886),#1892);
#1886 = B_SPLINE_CURVE_WITH_KNOTS('',4,(#1887,#1888,#1889,#1890,#1891),
  .UNSPECIFIED.,.F.,.F.,(5,5),(0.,1.),.PIECEWISE_BEZIER_KNOTS.);
#1887 = CARTESIAN_POINT('',(0.,-1.883983521938));
#1888 = CARTESIAN_POINT('',(1.09772743417,-1.891474961396));
#1889 = CARTESIAN_POINT('',(2.195454761545,-1.898966400125));
#1890 = CARTESIAN_POINT('',(3.29318198086,-1.906457838116));
#1891 = CARTESIAN_POINT('',(4.390909090909,-1.913949275362));
#1892 = ( GEOMETRIC_REPRESENTATION_CONTEXT(2) 
PARAMETRIC_REPRESENTATION_CONTEXT() REPRESENTATION_CONTEXT('2D SPACE',''
  ) );
#1893 = ORIENTED_EDGE('',*,*,#1894,.T.);
#1894 = EDGE_CURVE('',#1866,#1895,#1897,.T.);
#1895 = VERTEX_POINT('',#1896);
#1896 = CARTESIAN_POINT('',(5.25,-10.26746575342,41.4));
#1897 = SURFACE_CURVE('',#1898,(#1901,#1907),.PCURVE_S1.);
#1898 = B_SPLINE_CURVE_WITH_KNOTS('',1,(#1899,#1900),.UNSPECIFIED.,.F.,
  .F.,(2,2),(0.,1.),.PIECEWISE_BEZIER_KNOTS.);
#1899 = CARTESIAN_POINT('',(-5.25,-10.26746575342,41.4));
#1900 = CARTESIAN_POINT('',(5.25,-10.26746575342,41.4));
#1901 = PCURVE('',#566,#1902);
#1902 = DEFINITIONAL_REPRESENTATION('',(#1903),#1906);
#1903 = B_SPLINE_CURVE_WITH_KNOTS('',1,(#1904,#1905),.UNSPECIFIED.,.F.,
  .F.,(2,2),(0.,1.),.PIECEWISE_BEZIER_KNOTS.);
#1904 = CARTESIAN_POINT('',(10.975,0.708904109589));
#1905 = CARTESIAN_POINT('',(2.5E-02,0.708904109589));
#1906 = ( GEOMETRIC_REPRESENTATION_CONTEXT(2) 
PARAMETRIC_REPRESENTATION_CONTEXT() REPRESENTATION_CONTEXT('2D SPACE',''
  ) );
#1907 = PCURVE('',#1908,#1913);
#1908 = PLANE('',#1909);
#1909 = AXIS2_PLACEMENT_3D('',#1910,#1911,#1912);
#1910 = CARTESIAN_POINT('',(-5.25,-12.15144927536,41.4));
#1911 = DIRECTION('',(0.,0.,1.));
#1912 = DIRECTION('',(1.,0.,0.));
#1913 = DEFINITIONAL_REPRESENTATION('',(#1914),#1917);
#1914 = B_SPLINE_CURVE_WITH_KNOTS('',1,(#1915,#1916),.UNSPECIFIED.,.F.,
  .F.,(2,2),(0.,1.),.PIECEWISE_BEZIER_KNOTS.);
#1915 = CARTESIAN_POINT('',(0.,1.883983521938));
#1916 = CARTESIAN_POINT('',(10.5,1.883983521938));
#1917 = ( GEOMETRIC_REPRESENTATION_CONTEXT(2) 
PARAMETRIC_REPRESENTATION_CONTEXT() REPRESENTATION_CONTEXT('2D SPACE',''
  ) );
#1918 = ORIENTED_EDGE('',*,*,#1919,.T.);
#1919 = EDGE_CURVE('',#1895,#552,#1920,.T.);
#1920 = SURFACE_CURVE('',#1921,(#1927,#1936),.PCURVE_S1.);
#1921 = B_SPLINE_CURVE_WITH_KNOTS('',4,(#1922,#1923,#1924,#1925,#1926),
  .UNSPECIFIED.,.F.,.F.,(5,5),(0.,1.),.PIECEWISE_BEZIER_KNOTS.);
#1922 = CARTESIAN_POINT('',(5.25,-10.26746575342,41.4));
#1923 = CARTESIAN_POINT('',(5.25,-10.25997431396,42.49772743417));
#1924 = CARTESIAN_POINT('',(5.25,-10.25248287523,43.595454761545));
#1925 = CARTESIAN_POINT('',(5.25,-10.24499143724,44.69318198086));
#1926 = CARTESIAN_POINT('',(5.25,-10.2375,45.790909090909));
#1927 = PCURVE('',#566,#1928);
#1928 = DEFINITIONAL_REPRESENTATION('',(#1929),#1935);
#1929 = B_SPLINE_CURVE_WITH_KNOTS('',4,(#1930,#1931,#1932,#1933,#1934),
  .UNSPECIFIED.,.F.,.F.,(5,5),(0.,1.),.PIECEWISE_BEZIER_KNOTS.);
#1930 = CARTESIAN_POINT('',(2.499999832776E-02,0.708904109589));
#1931 = CARTESIAN_POINT('',(1.877840650176E-02,0.727700812229));
#1932 = CARTESIAN_POINT('',(1.253796573674E-02,0.74649751304));
#1933 = CARTESIAN_POINT('',(6.278537882336E-03,0.765294212001));
#1934 = CARTESIAN_POINT('',(0.,0.784090909091));
#1935 = ( GEOMETRIC_REPRESENTATION_CONTEXT(2) 
PARAMETRIC_REPRESENTATION_CONTEXT() REPRESENTATION_CONTEXT('2D SPACE',''
  ) );
#1936 = PCURVE('',#598,#1937);
#1937 = DEFINITIONAL_REPRESENTATION('',(#1938),#1944);
#1938 = B_SPLINE_CURVE_WITH_KNOTS('',4,(#1939,#1940,#1941,#1942,#1943),
  .UNSPECIFIED.,.F.,.F.,(5,5),(0.,1.),.PIECEWISE_BEZIER_KNOTS.);
#1939 = CARTESIAN_POINT('',(0.,-1.883983521938));
#1940 = CARTESIAN_POINT('',(1.09772743417,-1.891474961396));
#1941 = CARTESIAN_POINT('',(2.195454761545,-1.898966400125));
#1942 = CARTESIAN_POINT('',(3.29318198086,-1.906457838116));
#1943 = CARTESIAN_POINT('',(4.390909090909,-1.913949275362));
#1944 = ( GEOMETRIC_REPRESENTATION_CONTEXT(2) 
PARAMETRIC_REPRESENTATION_CONTEXT() REPRESENTATION_CONTEXT('2D SPACE',''
  ) );
#1945 = ADVANCED_FACE('',(#1946),#632,.T.);
#1946 = FACE_BOUND('',#1947,.T.);
#1947 = EDGE_LOOP('',(#1948,#1949,#1972,#2197,#2218));
#1948 = ORIENTED_EDGE('',*,*,#1699,.F.);
#1949 = ORIENTED_EDGE('',*,*,#1950,.F.);
#1950 = EDGE_CURVE('',#1951,#1643,#1953,.T.);
#1951 = VERTEX_POINT('',#1952);
#1952 = CARTESIAN_POINT('',(6.15,-8.01534117616,58.4));
#1953 = SURFACE_CURVE('',#1954,(#1958,#1965),.PCURVE_S1.);
#1954 = LINE('',#1955,#1956);
#1955 = CARTESIAN_POINT('',(6.15,-7.165201568654,58.4));
#1956 = VECTOR('',#1957,1.);
#1957 = DIRECTION('',(0.,-1.,0.));
#1958 = PCURVE('',#632,#1959);
#1959 = DEFINITIONAL_REPRESENTATION('',(#1960),#1964);
#1960 = LINE('',#1961,#1962);
#1961 = CARTESIAN_POINT('',(0.,0.));
#1962 = VECTOR('',#1963,1.);
#1963 = DIRECTION('',(0.,1.));
#1964 = ( GEOMETRIC_REPRESENTATION_CONTEXT(2) 
PARAMETRIC_REPRESENTATION_CONTEXT() REPRESENTATION_CONTEXT('2D SPACE',''
  ) );
#1965 = PCURVE('',#1140,#1966);
#1966 = DEFINITIONAL_REPRESENTATION('',(#1967),#1971);
#1967 = LINE('',#1968,#1969);
#1968 = CARTESIAN_POINT('',(-7.165201568654,0.96884057971));
#1969 = VECTOR('',#1970,1.);
#1970 = DIRECTION('',(-1.,0.));
#1971 = ( GEOMETRIC_REPRESENTATION_CONTEXT(2) 
PARAMETRIC_REPRESENTATION_CONTEXT() REPRESENTATION_CONTEXT('2D SPACE',''
  ) );
#1972 = ORIENTED_EDGE('',*,*,#1973,.T.);
#1973 = EDGE_CURVE('',#1951,#1974,#1976,.T.);
#1974 = VERTEX_POINT('',#1975);
#1975 = CARTESIAN_POINT('',(5.25,-7.171555642746,57.5));
#1976 = SURFACE_CURVE('',#1977,(#2010,#2046),.PCURVE_S1.);
#1977 = B_SPLINE_CURVE_WITH_KNOTS('',7,(#1978,#1979,#1980,#1981,#1982,
    #1983,#1984,#1985,#1986,#1987,#1988,#1989,#1990,#1991,#1992,#1993,
    #1994,#1995,#1996,#1997,#1998,#1999,#2000,#2001,#2002,#2003,#2004,
    #2005,#2006,#2007,#2008,#2009),.UNSPECIFIED.,.F.,.F.,(8,6,6,6,6,8),(
    0.,2.803276030435E-02,0.197850022056,0.480289546118,0.763453842364,
    1.),.UNSPECIFIED.);
#1978 = CARTESIAN_POINT('',(6.149999582847,-8.015340865214,58.4));
#1979 = CARTESIAN_POINT('',(6.144625924384,-8.010567879539,
    58.400000001126));
#1980 = CARTESIAN_POINT('',(6.139491914436,-8.006004628517,
    58.399962573628));
#1981 = CARTESIAN_POINT('',(6.134406768135,-8.001481946285,
    58.399893639005));
#1982 = CARTESIAN_POINT('',(6.129259256163,-7.996900825281,
    58.399791189372));
#1983 = CARTESIAN_POINT('',(6.124019901545,-7.992234761559,
    58.399650937558));
#1984 = CARTESIAN_POINT('',(6.118743176443,-7.987532100109,
    58.399471967199));
#1985 = CARTESIAN_POINT('',(6.082229731958,-7.954969320721,
    58.397992759572));
#1986 = CARTESIAN_POINT('',(6.050445660384,-7.926510066144,
    58.395428806021));
#1987 = CARTESIAN_POINT('',(6.018299019998,-7.897605802741,
    58.391501099512));
#1988 = CARTESIAN_POINT('',(5.985884414393,-7.868334816879,
    58.386146961535));
#1989 = CARTESIAN_POINT('',(5.95330786458,-7.838787635787,
    58.379313440512));
#1990 = CARTESIAN_POINT('',(5.920685158606,-7.809066168358,
    58.370960294572));
#1991 = CARTESIAN_POINT('',(5.834011532485,-7.7297473198,58.344601783082
    ));
#1992 = CARTESIAN_POINT('',(5.780097714389,-7.680040450218,
    58.323868838459));
#1993 = CARTESIAN_POINT('',(5.726965961094,-7.63067682193,
    58.298751276014));
#1994 = CARTESIAN_POINT('',(5.67524310422,-7.582248134378,
    58.269252141526));
#1995 = CARTESIAN_POINT('',(5.625567489626,-7.535386454813,
    58.235527391976));
#1996 = CARTESIAN_POINT('',(5.578535282775,-7.490711137626,
    58.197886958211));
#1997 = CARTESIAN_POINT('',(5.490634445174,-7.4067000293,58.11552724349)
  );
#1998 = CARTESIAN_POINT('',(5.449781764154,-7.367378166335,
    58.070789829544));
#1999 = CARTESIAN_POINT('',(5.412583440001,-7.33133630858,
    58.022978467808));
#2000 = CARTESIAN_POINT('',(5.379442184014,-7.299040808684,
    57.972648219853));
#2001 = CARTESIAN_POINT('',(5.350612540554,-7.270816024473,
    57.920428143845));
#2002 = CARTESIAN_POINT('',(5.326188856896,-7.246820120676,
    57.866966033818));
#2003 = CARTESIAN_POINT('',(5.289376794423,-7.210557691584,57.7676765038
    ));
#2004 = CARTESIAN_POINT('',(5.275797306634,-7.197136981803,
    57.722387472116));
#2005 = CARTESIAN_POINT('',(5.265131963408,-7.186572478261,
    57.676951542317));
#2006 = CARTESIAN_POINT('',(5.25731730409,-7.178819448321,
    57.631500252175));
#2007 = CARTESIAN_POINT('',(5.252328086305,-7.17386673016,
    57.586441864334));
#2008 = CARTESIAN_POINT('',(5.249999999567,-7.171555641884,
    57.542378457441));
#2009 = CARTESIAN_POINT('',(5.25,-7.171555642746,57.5));
#2010 = PCURVE('',#632,#2011);
#2011 = DEFINITIONAL_REPRESENTATION('',(#2012),#2045);
#2012 = B_SPLINE_CURVE_WITH_KNOTS('',7,(#2013,#2014,#2015,#2016,#2017,
    #2018,#2019,#2020,#2021,#2022,#2023,#2024,#2025,#2026,#2027,#2028,
    #2029,#2030,#2031,#2032,#2033,#2034,#2035,#2036,#2037,#2038,#2039,
    #2040,#2041,#2042,#2043,#2044),.UNSPECIFIED.,.F.,.F.,(8,6,6,6,6,8),(
    0.,2.803276030435E-02,0.197850022056,0.480289546118,0.763453842364,
    1.),.UNSPECIFIED.);
#2013 = CARTESIAN_POINT('',(4.635034005989E-07,0.85013929656));
#2014 = CARTESIAN_POINT('',(5.971177747887E-03,0.845366310886));
#2015 = CARTESIAN_POINT('',(1.167568534214E-02,0.840803059863));
#2016 = CARTESIAN_POINT('',(1.732614820439E-02,0.836280377631));
#2017 = CARTESIAN_POINT('',(2.30465018449E-02,0.831699256627));
#2018 = CARTESIAN_POINT('',(2.886989859306E-02,0.827033192905));
#2019 = CARTESIAN_POINT('',(3.473615082445E-02,0.822330531456));
#2020 = CARTESIAN_POINT('',(7.53399225184E-02,0.789767752068));
#2021 = CARTESIAN_POINT('',(0.110742022598,0.76130849749));
#2022 = CARTESIAN_POINT('',(0.146676856446,0.732404234088));
#2023 = CARTESIAN_POINT('',(0.183121622271,0.703133248226));
#2024 = CARTESIAN_POINT('',(0.220049357412,0.673586067134));
#2025 = CARTESIAN_POINT('',(0.257428961271,0.643864599705));
#2026 = CARTESIAN_POINT('',(0.358087831418,0.564545751146));
#2027 = CARTESIAN_POINT('',(0.422103243018,0.514838881565));
#2028 = CARTESIAN_POINT('',(0.487109613445,0.465475253276));
#2029 = CARTESIAN_POINT('',(0.55291475111,0.417046565725));
#2030 = CARTESIAN_POINT('',(0.619300294675,0.37018488616));
#2031 = CARTESIAN_POINT('',(0.686030364924,0.325509568973));
#2032 = CARTESIAN_POINT('',(0.819870512159,0.241498460646));
#2033 = CARTESIAN_POINT('',(0.886981788142,0.202176597681));
#2034 = CARTESIAN_POINT('',(0.953955737415,0.166134739927));
#2035 = CARTESIAN_POINT('',(1.020545461608,0.133839240031));
#2036 = CARTESIAN_POINT('',(1.086514091295,0.105614455819));
#2037 = CARTESIAN_POINT('',(1.151645663391,8.161855202257E-02));
#2038 = CARTESIAN_POINT('',(1.269305660656,4.535612293027E-02));
#2039 = CARTESIAN_POINT('',(1.321733478225,3.19354130812E-02));
#2040 = CARTESIAN_POINT('',(1.373439815531,2.137090983689E-02));
#2041 = CARTESIAN_POINT('',(1.424514638126,1.361787932357E-02));
#2042 = CARTESIAN_POINT('',(1.474749760752,8.665161779205E-03));
#2043 = CARTESIAN_POINT('',(1.523709151861,6.354073128224E-03));
#2044 = CARTESIAN_POINT('',(1.570796326795,6.354074092384E-03));
#2045 = ( GEOMETRIC_REPRESENTATION_CONTEXT(2) 
PARAMETRIC_REPRESENTATION_CONTEXT() REPRESENTATION_CONTEXT('2D SPACE',''
  ) );
#2046 = PCURVE('',#2047,#2162);
#2047 = ( BOUNDED_SURFACE() B_SPLINE_SURFACE(2,13,(
    (#2048,#2049,#2050,#2051,#2052,#2053,#2054,#2055,#2056,#2057,#2058
      ,#2059,#2060,#2061,#2062,#2063,#2064,#2065,#2066,#2067,#2068,#2069
      ,#2070,#2071,#2072,#2073,#2074,#2075,#2076,#2077,#2078,#2079,#2080
      ,#2081,#2082,#2083,#2084,#2085)
    ,(#2086,#2087,#2088,#2089,#2090,#2091,#2092,#2093,#2094,#2095,#2096
      ,#2097,#2098,#2099,#2100,#2101,#2102,#2103,#2104,#2105,#2106,#2107
      ,#2108,#2109,#2110,#2111,#2112,#2113,#2114,#2115,#2116,#2117,#2118
      ,#2119,#2120,#2121,#2122,#2123)
    ,(#2124,#2125,#2126,#2127,#2128,#2129,#2130,#2131,#2132,#2133,#2134
      ,#2135,#2136,#2137,#2138,#2139,#2140,#2141,#2142,#2143,#2144,#2145
      ,#2146,#2147,#2148,#2149,#2150,#2151,#2152,#2153,#2154,#2155,#2156
      ,#2157,#2158,#2159,#2160,#2161
)),.UNSPECIFIED.,.F.,.F.,.F.) B_SPLINE_SURFACE_WITH_KNOTS((3,3),(14,12,
    12,14),(0.,22.453850957528),(-1.917492945167,-6.474822997122E-03,
    11.219760925359,22.447376134531),.UNSPECIFIED.) 
GEOMETRIC_REPRESENTATION_ITEM() RATIONAL_B_SPLINE_SURFACE((
    (1.,1.,1.,1.,1.,1.,1.,1.,1.,1.,1.,1.,1.,1.,1.,1.,1.,1.,1.,1.,1.,1.
      ,1.,1.,1.,1.,1.,1.,1.,1.,1.,1.,1.,1.,1.,1.,1.,1.)
    ,(0.704617646174,0.70465835187,0.704692273282,0.704719410412
      ,0.70473976326,0.704753331825,0.704760116108,0.704760116108
      ,0.704753331825,0.70473976326,0.704719410412,0.704692273282
      ,0.70465835187,0.704378521424,0.704139323293,0.703904802869
      ,0.703679320743,0.703467339455,0.703272306968,0.703098652592
      ,0.702949745441,0.702827710283,0.702735161825,0.702673146273
      ,0.70264254506,0.702644053521,0.702676310561,0.702738639951
      ,0.702837654964,0.702947009355,0.703125877791,0.70325537041
      ,0.703508729232,0.703661772399,0.70393970536,0.704138082386
      ,0.704396283671,0.704628765305)
    ,(1.,1.,1.,1.,1.,1.,1.,1.,1.,1.,1.,1.,1.,1.,1.,1.,1.,1.,1.,1.,1.,1.
      ,1.,1.,1.,1.,1.,1.,1.,1.,1.,1.,1.,1.,1.,1.,1.,1.
))) REPRESENTATION_ITEM('') SURFACE() );
#2048 = CARTESIAN_POINT('',(3.09763894355,-8.085598781298,58.4));
#2049 = CARTESIAN_POINT('',(3.263205178661,-8.084520177966,
    58.400000000001));
#2050 = CARTESIAN_POINT('',(3.428771413773,-8.083441574635,
    58.400000000002));
#2051 = CARTESIAN_POINT('',(3.594337648885,-8.082362971303,
    58.400000000003));
#2052 = CARTESIAN_POINT('',(3.759903883996,-8.081284367971,
    58.400000000003));
#2053 = CARTESIAN_POINT('',(3.925470119108,-8.080205764639,
    58.400000000003));
#2054 = CARTESIAN_POINT('',(4.09103635422,-8.079127161307,
    58.400000000004));
#2055 = CARTESIAN_POINT('',(4.256602589331,-8.078048557975,
    58.400000000004));
#2056 = CARTESIAN_POINT('',(4.422168824443,-8.076969954643,
    58.400000000003));
#2057 = CARTESIAN_POINT('',(4.587735059554,-8.075891351311,
    58.400000000003));
#2058 = CARTESIAN_POINT('',(4.753301294666,-8.074812747979,
    58.400000000003));
#2059 = CARTESIAN_POINT('',(4.918867529777,-8.073734144647,
    58.400000000002));
#2060 = CARTESIAN_POINT('',(5.084433764889,-8.072655541315,
    58.400000000001));
#2061 = CARTESIAN_POINT('',(6.222615364431,-8.065240705404,
    58.399999999994));
#2062 = CARTESIAN_POINT('',(7.195227981312,-7.931872054361,
    58.400000000026));
#2063 = CARTESIAN_POINT('',(8.147953116926,-7.671785285376,
    58.399999999934));
#2064 = CARTESIAN_POINT('',(9.065283633201,-7.286473793296,
    58.400000000114));
#2065 = CARTESIAN_POINT('',(9.924301183872,-6.785571668174,
    58.399999999856));
#2066 = CARTESIAN_POINT('',(10.717137296207,-6.173118255611,
    58.400000000135));
#2067 = CARTESIAN_POINT('',(11.422764523113,-5.460413751803,
    58.399999999906));
#2068 = CARTESIAN_POINT('',(12.025572161645,-4.664327537998,
    58.400000000046));
#2069 = CARTESIAN_POINT('',(12.521096424924,-3.79869098378,
    58.399999999988));
#2070 = CARTESIAN_POINT('',(12.896628535244,-2.877888783198,
    58.399999999997));
#2071 = CARTESIAN_POINT('',(13.148047612431,-1.922191369103,
    58.400000000006));
#2072 = CARTESIAN_POINT('',(13.272201483654,-0.948155748163,
    58.399999999996));
#2073 = CARTESIAN_POINT('',(13.266075916404,0.99905941206,
    58.400000000008));
#2074 = CARTESIAN_POINT('',(13.135933678929,1.972378479692,
    58.399999999951));
#2075 = CARTESIAN_POINT('',(12.877158200046,2.926026031455,
    58.40000000014));
#2076 = CARTESIAN_POINT('',(12.500961005087,3.846884658426,
    58.399999999723));
#2077 = CARTESIAN_POINT('',(11.986910140612,4.701449165655,
    58.400000000409));
#2078 = CARTESIAN_POINT('',(11.402714746777,5.513538025095,
    58.399999999531));
#2079 = CARTESIAN_POINT('',(10.658231288053,6.187687472998,
    58.400000000424));
#2080 = CARTESIAN_POINT('',(9.901666185275,6.839600279682,
    58.399999999695));
#2081 = CARTESIAN_POINT('',(8.996914911065,7.292551170699,
    58.400000000175));
#2082 = CARTESIAN_POINT('',(8.117228030582,7.695953301834,
    58.399999999921));
#2083 = CARTESIAN_POINT('',(7.144418173852,7.949998271437,
    58.400000000027));
#2084 = CARTESIAN_POINT('',(6.133826837825,8.069744452408,
    58.399999999994));
#2085 = CARTESIAN_POINT('',(5.230255721108,8.07114907901,58.4));
#2086 = CARTESIAN_POINT('',(3.091174541645,-7.180626182544,58.4));
#2087 = CARTESIAN_POINT('',(3.275444438527,-7.179309993152,58.4));
#2088 = CARTESIAN_POINT('',(3.456577755999,-7.178016207488,58.4));
#2089 = CARTESIAN_POINT('',(3.634580178267,-7.17674478495,58.4));
#2090 = CARTESIAN_POINT('',(3.809457207713,-7.175495686237,58.4));
#2091 = CARTESIAN_POINT('',(3.981214165457,-7.174268873341,58.4));
#2092 = CARTESIAN_POINT('',(4.149856191898,-7.173064309547,58.4));
#2093 = CARTESIAN_POINT('',(4.315388247224,-7.171881959424,58.4));
#2094 = CARTESIAN_POINT('',(4.477815111901,-7.170721788827,58.4));
#2095 = CARTESIAN_POINT('',(4.637141387129,-7.169583764891,58.4));
#2096 = CARTESIAN_POINT('',(4.793371495282,-7.168467856028,58.4));
#2097 = CARTESIAN_POINT('',(4.946509680312,-7.167374031925,58.4));
#2098 = CARTESIAN_POINT('',(5.096560008132,-7.16630226354,58.4));
#2099 = CARTESIAN_POINT('',(6.107220135448,-7.159083395125,58.4));
#2100 = CARTESIAN_POINT('',(6.970658158446,-7.040114246316,58.4));
#2101 = CARTESIAN_POINT('',(7.816679167799,-6.808347088343,
    58.400000000001));
#2102 = CARTESIAN_POINT('',(8.629509662895,-6.466333399547,
    58.399999999998));
#2103 = CARTESIAN_POINT('',(9.393233943239,-6.020689946246,
    58.400000000004));
#2104 = CARTESIAN_POINT('',(10.095397785833,-5.476416324853,
    58.399999999997));
#2105 = CARTESIAN_POINT('',(10.72025468323,-4.844815643566,
    58.400000000001));
#2106 = CARTESIAN_POINT('',(11.255885945427,-4.138274561689,58.4));
#2107 = CARTESIAN_POINT('',(11.694706080761,-3.368998901263,
    58.399999999999));
#2108 = CARTESIAN_POINT('',(12.027444386702,-2.553319767498,58.4));
#2109 = CARTESIAN_POINT('',(12.250419378821,-1.705086996943,58.4));
#2110 = CARTESIAN_POINT('',(12.360457001738,-0.841159360359,58.4));
#2111 = CARTESIAN_POINT('',(12.355032653211,0.886264328313,58.4));
#2112 = CARTESIAN_POINT('',(12.239796391446,1.749641527605,58.4));
#2113 = CARTESIAN_POINT('',(12.009276781092,2.596022251596,
    58.399999999999));
#2114 = CARTESIAN_POINT('',(11.680789547879,3.4115403566,58.400000000003
    ));
#2115 = CARTESIAN_POINT('',(11.210232152947,4.17485492625,
    58.399999999996));
#2116 = CARTESIAN_POINT('',(10.724054971125,4.880388386714,
    58.400000000006));
#2117 = CARTESIAN_POINT('',(10.015172429682,5.510767419669,
    58.399999999993));
#2118 = CARTESIAN_POINT('',(9.396538686142,6.04096408054,58.400000000006
    ));
#2119 = CARTESIAN_POINT('',(8.562838216641,6.495030922753,
    58.399999999996));
#2120 = CARTESIAN_POINT('',(7.77882842899,6.821622671878,58.400000000002
    ));
#2121 = CARTESIAN_POINT('',(6.928252338303,7.051380724744,58.4));
#2122 = CARTESIAN_POINT('',(6.062279990702,7.16484971368,58.4));
#2123 = CARTESIAN_POINT('',(5.19718497419,7.165433511315,58.4));
#2124 = CARTESIAN_POINT('',(3.091210170294,-7.185463704959,
    57.495185608588));
#2125 = CARTESIAN_POINT('',(3.275236487422,-7.18428025349,
    57.495056439083));
#2126 = CARTESIAN_POINT('',(3.456186132375,-7.183116587736,
    57.494929429118));
#2127 = CARTESIAN_POINT('',(3.634059105154,-7.181972707696,
    57.494804578692));
#2128 = CARTESIAN_POINT('',(3.808855405757,-7.18084861337,
    57.494681887807));
#2129 = CARTESIAN_POINT('',(3.980575034186,-7.17974430476,
    57.494561356462));
#2130 = CARTESIAN_POINT('',(4.14921799044,-7.178659781864,
    57.494442984657));
#2131 = CARTESIAN_POINT('',(4.314784274518,-7.177595044683,
    57.494326772391));
#2132 = CARTESIAN_POINT('',(4.477273886422,-7.176550093216,
    57.494212719666));
#2133 = CARTESIAN_POINT('',(4.636686826151,-7.175524927464,
    57.494100826481));
#2134 = CARTESIAN_POINT('',(4.793023093704,-7.174519547427,
    57.493991092836));
#2135 = CARTESIAN_POINT('',(4.946282689083,-7.173533953104,
    57.493883518731));
#2136 = CARTESIAN_POINT('',(5.096465612287,-7.172568144497,
    57.493778104165));
#2137 = CARTESIAN_POINT('',(6.107744439676,-7.166064730023,
    57.493068279668));
#2138 = CARTESIAN_POINT('',(6.97187115528,-7.047682505051,
    57.492461747115));
#2139 = CARTESIAN_POINT('',(7.818803586611,-6.816411982082,
    57.491867303082));
#2140 = CARTESIAN_POINT('',(8.632782244643,-6.474711778802,
    57.491295989009));
#2141 = CARTESIAN_POINT('',(9.397788234392,-6.029146744208,
    57.490759081219));
#2142 = CARTESIAN_POINT('',(10.101368100334,-5.484650805316,
    57.490265274567));
#2143 = CARTESIAN_POINT('',(10.727645872267,-4.852471177972,
    57.489825731555));
#2144 = CARTESIAN_POINT('',(11.264571257298,-4.145039631138,
    57.489448924024));
#2145 = CARTESIAN_POINT('',(11.704508698295,-3.374625747544,
    57.48914017501));
#2146 = CARTESIAN_POINT('',(12.038104549025,-2.557575449048,
    57.488906058406));
#2147 = CARTESIAN_POINT('',(12.261634791606,-1.707894450415,
    57.488749189274));
#2148 = CARTESIAN_POINT('',(12.3719330418,-0.842504965748,
    57.488671783026));
#2149 = CARTESIAN_POINT('',(12.366496004604,0.887684739974,
    57.488675598715));
#2150 = CARTESIAN_POINT('',(12.250986587047,1.752519411644,
    57.488757194913));
#2151 = CARTESIAN_POINT('',(12.019890211448,2.600361924523,
    57.488914845413));
#2152 = CARTESIAN_POINT('',(11.690558378102,3.417175747701,
    57.48916537725));
#2153 = CARTESIAN_POINT('',(11.218832061173,4.181753041483,
    57.489441896223));
#2154 = CARTESIAN_POINT('',(10.73139119918,4.888008272439,
    57.489894816252));
#2155 = CARTESIAN_POINT('',(10.021059648315,5.519035437875,
    57.490222165483));
#2156 = CARTESIAN_POINT('',(9.401060203311,6.049501540906,
    57.490864121452));
#2157 = CARTESIAN_POINT('',(8.565903656676,6.503308784151,
    57.491251365786));
#2158 = CARTESIAN_POINT('',(7.781117752541,6.829686762506,
    57.491955839299));
#2159 = CARTESIAN_POINT('',(6.929284012141,7.058997182623,
    57.492458569084));
#2160 = CARTESIAN_POINT('',(6.062518817476,7.171774569924,
    57.493113326718));
#2161 = CARTESIAN_POINT('',(5.197416357184,7.171770446479,
    57.493703054411));
#2162 = DEFINITIONAL_REPRESENTATION('',(#2163),#2196);
#2163 = B_SPLINE_CURVE_WITH_KNOTS('',7,(#2164,#2165,#2166,#2167,#2168,
    #2169,#2170,#2171,#2172,#2173,#2174,#2175,#2176,#2177,#2178,#2179,
    #2180,#2181,#2182,#2183,#2184,#2185,#2186,#2187,#2188,#2189,#2190,
    #2191,#2192,#2193,#2194,#2195),.UNSPECIFIED.,.F.,.F.,(8,6,6,6,6,8),(
    0.,2.803276030435E-02,0.197850022056,0.480289546118,0.763453842364,
    1.),.UNSPECIFIED.);
#2164 = CARTESIAN_POINT('',(6.291641257428E-06,0.794389683972));
#2165 = CARTESIAN_POINT('',(9.444635022905E-02,0.79015656723));
#2166 = CARTESIAN_POINT('',(0.184399660091,0.786105980689));
#2167 = CARTESIAN_POINT('',(0.273271467979,0.782088631996));
#2168 = CARTESIAN_POINT('',(0.363011970099,0.778016550892));
#2169 = CARTESIAN_POINT('',(0.454117707602,0.773865777469));
#2170 = CARTESIAN_POINT('',(0.545632962078,0.769679050429));
#2171 = CARTESIAN_POINT('',(1.177435733894,0.740667515211));
#2172 = CARTESIAN_POINT('',(1.719649532204,0.715198582371));
#2173 = CARTESIAN_POINT('',(2.261796388763,0.689211608045));
#2174 = CARTESIAN_POINT('',(2.803882054178,0.662769469105));
#2175 = CARTESIAN_POINT('',(3.345914012472,0.63594791753));
#2176 = CARTESIAN_POINT('',(3.887901306671,0.60883548986));
#2177 = CARTESIAN_POINT('',(5.331228948531,0.5361246962));
#2178 = CARTESIAN_POINT('',(6.232511833171,0.490191112252));
#2179 = CARTESIAN_POINT('',(7.133746912887,0.444195976559));
#2180 = CARTESIAN_POINT('',(8.03499174408,0.398695440295));
#2181 = CARTESIAN_POINT('',(8.936310591422,0.354313717574));
#2182 = CARTESIAN_POINT('',(9.83776236425,0.311691388023));
#2183 = CARTESIAN_POINT('',(11.643318184578,0.231018793858));
#2184 = CARTESIAN_POINT('',(12.5474328984,0.19298057687));
#2185 = CARTESIAN_POINT('',(13.451754627456,0.157875275253));
#2186 = CARTESIAN_POINT('',(14.356309057882,0.126231812947));
#2187 = CARTESIAN_POINT('',(15.261106975688,9.844396854763E-02));
#2188 = CARTESIAN_POINT('',(16.166136462249,7.473370793977E-02));
#2189 = CARTESIAN_POINT('',(17.827555548156,3.880651133731E-02));
#2190 = CARTESIAN_POINT('',(18.578094783714,2.546549744731E-02));
#2191 = CARTESIAN_POINT('',(19.329919047089,1.493912724324E-02));
#2192 = CARTESIAN_POINT('',(20.085797114561,7.20252985657E-03));
#2193 = CARTESIAN_POINT('',(20.844324618127,2.25641948321E-03));
#2194 = CARTESIAN_POINT('',(21.599905509907,-5.1043655457E-05));
#2195 = CARTESIAN_POINT('',(22.342738971262,-5.104323057126E-05));
#2196 = ( GEOMETRIC_REPRESENTATION_CONTEXT(2) 
PARAMETRIC_REPRESENTATION_CONTEXT() REPRESENTATION_CONTEXT('2D SPACE',''
  ) );
#2197 = ORIENTED_EDGE('',*,*,#2198,.T.);
#2198 = EDGE_CURVE('',#1974,#579,#2199,.T.);
#2199 = SURFACE_CURVE('',#2200,(#2204,#2211),.PCURVE_S1.);
#2200 = LINE('',#2201,#2202);
#2201 = CARTESIAN_POINT('',(5.25,-7.165201568654,57.5));
#2202 = VECTOR('',#2203,1.);
#2203 = DIRECTION('',(0.,-1.,0.));
#2204 = PCURVE('',#632,#2205);
#2205 = DEFINITIONAL_REPRESENTATION('',(#2206),#2210);
#2206 = LINE('',#2207,#2208);
#2207 = CARTESIAN_POINT('',(1.570796326795,0.));
#2208 = VECTOR('',#2209,1.);
#2209 = DIRECTION('',(0.,1.));
#2210 = ( GEOMETRIC_REPRESENTATION_CONTEXT(2) 
PARAMETRIC_REPRESENTATION_CONTEXT() REPRESENTATION_CONTEXT('2D SPACE',''
  ) );
#2211 = PCURVE('',#598,#2212);
#2212 = DEFINITIONAL_REPRESENTATION('',(#2213),#2217);
#2213 = LINE('',#2214,#2215);
#2214 = CARTESIAN_POINT('',(16.1,-4.986247706709));
#2215 = VECTOR('',#2216,1.);
#2216 = DIRECTION('',(0.,1.));
#2217 = ( GEOMETRIC_REPRESENTATION_CONTEXT(2) 
PARAMETRIC_REPRESENTATION_CONTEXT() REPRESENTATION_CONTEXT('2D SPACE',''
  ) );
#2218 = ORIENTED_EDGE('',*,*,#612,.F.);
#2219 = ADVANCED_FACE('',(#2220),#598,.F.);
#2220 = FACE_BOUND('',#2221,.F.);
#2221 = EDGE_LOOP('',(#2222,#2223,#2224,#2247,#2281,#2333,#2360));
#2222 = ORIENTED_EDGE('',*,*,#578,.F.);
#2223 = ORIENTED_EDGE('',*,*,#1919,.F.);
#2224 = ORIENTED_EDGE('',*,*,#2225,.T.);
#2225 = EDGE_CURVE('',#1895,#2226,#2228,.T.);
#2226 = VERTEX_POINT('',#2227);
#2227 = CARTESIAN_POINT('',(5.25,-7.284299516908,41.4));
#2228 = SURFACE_CURVE('',#2229,(#2233,#2240),.PCURVE_S1.);
#2229 = LINE('',#2230,#2231);
#2230 = CARTESIAN_POINT('',(5.25,-12.15144927536,41.4));
#2231 = VECTOR('',#2232,1.);
#2232 = DIRECTION('',(0.,1.,0.));
#2233 = PCURVE('',#598,#2234);
#2234 = DEFINITIONAL_REPRESENTATION('',(#2235),#2239);
#2235 = LINE('',#2236,#2237);
#2236 = CARTESIAN_POINT('',(0.,0.));
#2237 = VECTOR('',#2238,1.);
#2238 = DIRECTION('',(0.,-1.));
#2239 = ( GEOMETRIC_REPRESENTATION_CONTEXT(2) 
PARAMETRIC_REPRESENTATION_CONTEXT() REPRESENTATION_CONTEXT('2D SPACE',''
  ) );
#2240 = PCURVE('',#1908,#2241);
#2241 = DEFINITIONAL_REPRESENTATION('',(#2242),#2246);
#2242 = LINE('',#2243,#2244);
#2243 = CARTESIAN_POINT('',(10.5,0.));
#2244 = VECTOR('',#2245,1.);
#2245 = DIRECTION('',(0.,1.));
#2246 = ( GEOMETRIC_REPRESENTATION_CONTEXT(2) 
PARAMETRIC_REPRESENTATION_CONTEXT() REPRESENTATION_CONTEXT('2D SPACE',''
  ) );
#2247 = ORIENTED_EDGE('',*,*,#2248,.T.);
#2248 = EDGE_CURVE('',#2226,#2249,#2251,.T.);
#2249 = VERTEX_POINT('',#2250);
#2250 = CARTESIAN_POINT('',(5.25,-7.2375,48.093181818182));
#2251 = SURFACE_CURVE('',#2252,(#2258,#2267),.PCURVE_S1.);
#2252 = B_SPLINE_CURVE_WITH_KNOTS('',4,(#2253,#2254,#2255,#2256,#2257),
  .UNSPECIFIED.,.F.,.F.,(5,5),(0.,1.),.PIECEWISE_BEZIER_KNOTS.);
#2253 = CARTESIAN_POINT('',(5.25,-7.284299516908,41.4));
#2254 = CARTESIAN_POINT('',(5.25,-7.272599634884,43.073295854579));
#2255 = CARTESIAN_POINT('',(5.25,-7.260899754703,44.746591445629));
#2256 = CARTESIAN_POINT('',(5.25,-7.249199876397,46.41988676844));
#2257 = CARTESIAN_POINT('',(5.25,-7.2375,48.093181818182));
#2258 = PCURVE('',#598,#2259);
#2259 = DEFINITIONAL_REPRESENTATION('',(#2260),#2266);
#2260 = B_SPLINE_CURVE_WITH_KNOTS('',4,(#2261,#2262,#2263,#2264,#2265),
  .UNSPECIFIED.,.F.,.F.,(5,5),(0.,1.),.PIECEWISE_BEZIER_KNOTS.);
#2261 = CARTESIAN_POINT('',(0.,-4.867149758454));
#2262 = CARTESIAN_POINT('',(1.673295854579,-4.878849640478));
#2263 = CARTESIAN_POINT('',(3.346591445629,-4.89054952066));
#2264 = CARTESIAN_POINT('',(5.01988676844,-4.902249398966));
#2265 = CARTESIAN_POINT('',(6.693181818182,-4.913949275362));
#2266 = ( GEOMETRIC_REPRESENTATION_CONTEXT(2) 
PARAMETRIC_REPRESENTATION_CONTEXT() REPRESENTATION_CONTEXT('2D SPACE',''
  ) );
#2267 = PCURVE('',#2268,#2273);
#2268 = B_SPLINE_SURFACE_WITH_KNOTS('',1,1,(
    (#2269,#2270)
    ,(#2271,#2272
    )),.UNSPECIFIED.,.F.,.F.,.F.,(2,2),(2,2),(0.,11.),(0.,1.),
  .PIECEWISE_BEZIER_KNOTS.);
#2269 = CARTESIAN_POINT('',(5.5,-7.55,3.4));
#2270 = CARTESIAN_POINT('',(5.18115942029,-7.151449275362,60.4));
#2271 = CARTESIAN_POINT('',(-5.5,-7.55,3.4));
#2272 = CARTESIAN_POINT('',(-5.18115942029,-7.151449275362,60.4));
#2273 = DEFINITIONAL_REPRESENTATION('',(#2274),#2280);
#2274 = B_SPLINE_CURVE_WITH_KNOTS('',4,(#2275,#2276,#2277,#2278,#2279),
  .UNSPECIFIED.,.F.,.F.,(5,5),(0.,1.),.PIECEWISE_BEZIER_KNOTS.);
#2275 = CARTESIAN_POINT('',(3.894472213822E-02,0.666666666667));
#2276 = CARTESIAN_POINT('',(2.927747944256E-02,0.696022734291));
#2277 = CARTESIAN_POINT('',(1.956460666679E-02,0.725378797292));
#2278 = CARTESIAN_POINT('',(9.805610694309E-03,0.754734855587));
#2279 = CARTESIAN_POINT('',(0.,0.784090909091));
#2280 = ( GEOMETRIC_REPRESENTATION_CONTEXT(2) 
PARAMETRIC_REPRESENTATION_CONTEXT() REPRESENTATION_CONTEXT('2D SPACE',''
  ) );
#2281 = ORIENTED_EDGE('',*,*,#2282,.T.);
#2282 = EDGE_CURVE('',#2249,#2283,#2285,.T.);
#2283 = VERTEX_POINT('',#2284);
#2284 = CARTESIAN_POINT('',(5.249999999997,-7.171577902045,
    57.493670337181));
#2285 = SURFACE_CURVE('',#2286,(#2292,#2301),.PCURVE_S1.);
#2286 = B_SPLINE_CURVE_WITH_KNOTS('',4,(#2287,#2288,#2289,#2290,#2291),
  .UNSPECIFIED.,.F.,.F.,(5,5),(0.,1.),.PIECEWISE_BEZIER_KNOTS.);
#2287 = CARTESIAN_POINT('',(5.25,-7.2375,48.093181818181));
#2288 = CARTESIAN_POINT('',(5.25,-7.219483315097,50.669895335403));
#2289 = CARTESIAN_POINT('',(5.25,-7.201428360322,53.246608574906));
#2290 = CARTESIAN_POINT('',(5.25,-7.18333456426,55.823321531574));
#2291 = CARTESIAN_POINT('',(5.25,-7.165201328233,58.4000342));
#2292 = PCURVE('',#598,#2293);
#2293 = DEFINITIONAL_REPRESENTATION('',(#2294),#2300);
#2294 = B_SPLINE_CURVE_WITH_KNOTS('',4,(#2295,#2296,#2297,#2298,#2299),
  .UNSPECIFIED.,.F.,.F.,(5,5),(0.,1.),.PIECEWISE_BEZIER_KNOTS.);
#2295 = CARTESIAN_POINT('',(6.693181818181,-4.913949275362));
#2296 = CARTESIAN_POINT('',(9.269895335403,-4.931965960265));
#2297 = CARTESIAN_POINT('',(11.846608574906,-4.950020915041));
#2298 = CARTESIAN_POINT('',(14.423321531574,-4.968114711102));
#2299 = CARTESIAN_POINT('',(17.0000342,-4.986247947129));
#2300 = ( GEOMETRIC_REPRESENTATION_CONTEXT(2) 
PARAMETRIC_REPRESENTATION_CONTEXT() REPRESENTATION_CONTEXT('2D SPACE',''
  ) );
#2301 = PCURVE('',#2302,#2325);
#2302 = B_SPLINE_SURFACE_WITH_KNOTS('',10,1,(
    (#2303,#2304)
    ,(#2305,#2306)
    ,(#2307,#2308)
    ,(#2309,#2310)
    ,(#2311,#2312)
    ,(#2313,#2314)
    ,(#2315,#2316)
    ,(#2317,#2318)
    ,(#2319,#2320)
    ,(#2321,#2322)
    ,(#2323,#2324
    )),.UNSPECIFIED.,.F.,.F.,.F.,(11,11),(2,2),(0.,3.14159265359),(0.,1.
    ),.PIECEWISE_BEZIER_KNOTS.);
#2303 = CARTESIAN_POINT('',(5.5,7.55,3.4));
#2304 = CARTESIAN_POINT('',(5.18115942029,7.151449275362,60.4));
#2305 = CARTESIAN_POINT('',(7.871902453461,7.55,3.4));
#2306 = CARTESIAN_POINT('',(7.42785347089,7.151449275362,60.400000000002
    ));
#2307 = CARTESIAN_POINT('',(10.243804700893,6.722052101824,3.4));
#2308 = CARTESIAN_POINT('',(9.674547326337,6.367207236098,
    60.399999999992));
#2309 = CARTESIAN_POINT('',(12.290573730734,5.066135792324,
    3.400000000001));
#2310 = CARTESIAN_POINT('',(11.61327115353,4.798703727272,
    60.400000000016));
#2311 = CARTESIAN_POINT('',(13.68706155997,2.728263876805,3.399999999999
    ));
#2312 = CARTESIAN_POINT('',(12.936040938221,2.584243804606,
    60.399999999978));
#2313 = CARTESIAN_POINT('',(14.184587202173,2.065903004222E-12,
    3.400000000001));
#2314 = CARTESIAN_POINT('',(13.407303109536,1.889155498702E-12,
    60.400000000023));
#2315 = CARTESIAN_POINT('',(13.687061559971,-2.728263876808,
    3.399999999999));
#2316 = CARTESIAN_POINT('',(12.936040938222,-2.584243804609,
    60.399999999983));
#2317 = CARTESIAN_POINT('',(12.290573730733,-5.066135792321,3.4));
#2318 = CARTESIAN_POINT('',(11.613271153528,-4.798703727269,
    60.40000000001));
#2319 = CARTESIAN_POINT('',(10.243804700893,-6.722052101826,3.4));
#2320 = CARTESIAN_POINT('',(9.674547326338,-6.367207236099,
    60.399999999996));
#2321 = CARTESIAN_POINT('',(7.87190245346,-7.55,3.4));
#2322 = CARTESIAN_POINT('',(7.42785347089,-7.151449275362,
    60.400000000001));
#2323 = CARTESIAN_POINT('',(5.5,-7.55,3.4));
#2324 = CARTESIAN_POINT('',(5.18115942029,-7.151449275362,60.4));
#2325 = DEFINITIONAL_REPRESENTATION('',(#2326),#2332);
#2326 = B_SPLINE_CURVE_WITH_KNOTS('',4,(#2327,#2328,#2329,#2330,#2331),
  .UNSPECIFIED.,.F.,.F.,(5,5),(0.,1.),.PIECEWISE_BEZIER_KNOTS.);
#2327 = CARTESIAN_POINT('',(3.14159265359,0.784090909091));
#2328 = CARTESIAN_POINT('',(3.139601172012,0.829296409393));
#2329 = CARTESIAN_POINT('',(3.137596470639,0.874501904823));
#2330 = CARTESIAN_POINT('',(3.135578331033,0.919707395291));
#2331 = CARTESIAN_POINT('',(3.133546524039,0.964912880702));
#2332 = ( GEOMETRIC_REPRESENTATION_CONTEXT(2) 
PARAMETRIC_REPRESENTATION_CONTEXT() REPRESENTATION_CONTEXT('2D SPACE',''
  ) );
#2333 = ORIENTED_EDGE('',*,*,#2334,.F.);
#2334 = EDGE_CURVE('',#1974,#2283,#2335,.T.);
#2335 = SURFACE_CURVE('',#2336,(#2342,#2351),.PCURVE_S1.);
#2336 = B_SPLINE_CURVE_WITH_KNOTS('',4,(#2337,#2338,#2339,#2340,#2341),
  .UNSPECIFIED.,.F.,.F.,(5,5),(0.,1.),.PIECEWISE_BEZIER_KNOTS.);
#2337 = CARTESIAN_POINT('',(5.25,-7.171555643082,57.4999753905));
#2338 = CARTESIAN_POINT('',(5.25,-7.171555686247,57.498396843328));
#2339 = CARTESIAN_POINT('',(5.25,-7.171559421041,57.496819807996));
#2340 = CARTESIAN_POINT('',(5.25,-7.171566831554,57.495244300667));
#2341 = CARTESIAN_POINT('',(5.25,-7.171577901742,57.493670337181));
#2342 = PCURVE('',#598,#2343);
#2343 = DEFINITIONAL_REPRESENTATION('',(#2344),#2350);
#2344 = B_SPLINE_CURVE_WITH_KNOTS('',4,(#2345,#2346,#2347,#2348,#2349),
  .UNSPECIFIED.,.F.,.F.,(5,5),(0.,1.),.PIECEWISE_BEZIER_KNOTS.);
#2345 = CARTESIAN_POINT('',(16.0999753905,-4.97989363228));
#2346 = CARTESIAN_POINT('',(16.098396843328,-4.979893589115));
#2347 = CARTESIAN_POINT('',(16.096819807996,-4.979889854321));
#2348 = CARTESIAN_POINT('',(16.095244300667,-4.979882443809));
#2349 = CARTESIAN_POINT('',(16.093670337181,-4.97987137362));
#2350 = ( GEOMETRIC_REPRESENTATION_CONTEXT(2) 
PARAMETRIC_REPRESENTATION_CONTEXT() REPRESENTATION_CONTEXT('2D SPACE',''
  ) );
#2351 = PCURVE('',#2047,#2352);
#2352 = DEFINITIONAL_REPRESENTATION('',(#2353),#2359);
#2353 = B_SPLINE_CURVE_WITH_KNOTS('',4,(#2354,#2355,#2356,#2357,#2358),
  .UNSPECIFIED.,.F.,.F.,(5,5),(0.,1.),.PIECEWISE_BEZIER_KNOTS.);
#2354 = CARTESIAN_POINT('',(22.343170021367,-5.108738396915E-05));
#2355 = CARTESIAN_POINT('',(22.370839996558,-5.10877307249E-05));
#2356 = CARTESIAN_POINT('',(22.398510144249,-5.111773220732E-05));
#2357 = CARTESIAN_POINT('',(22.42618046451,-5.117726060927E-05));
#2358 = CARTESIAN_POINT('',(22.453850957528,-5.126618650989E-05));
#2359 = ( GEOMETRIC_REPRESENTATION_CONTEXT(2) 
PARAMETRIC_REPRESENTATION_CONTEXT() REPRESENTATION_CONTEXT('2D SPACE',''
  ) );
#2360 = ORIENTED_EDGE('',*,*,#2198,.T.);
#2361 = ADVANCED_FACE('',(#2362),#804,.F.);
#2362 = FACE_BOUND('',#2363,.F.);
#2363 = EDGE_LOOP('',(#2364,#2385,#2478,#2479));
#2364 = ORIENTED_EDGE('',*,*,#2365,.T.);
#2365 = EDGE_CURVE('',#1205,#2366,#2368,.T.);
#2366 = VERTEX_POINT('',#2367);
#2367 = CARTESIAN_POINT('',(-5.364064499296,-8.944103120357,0.));
#2368 = SURFACE_CURVE('',#2369,(#2373,#2379),.PCURVE_S1.);
#2369 = ( BOUNDED_CURVE() B_SPLINE_CURVE(2,(#2370,#2371,#2372),
.UNSPECIFIED.,.F.,.F.) B_SPLINE_CURVE_WITH_KNOTS((3,3),(0.,10.9864928324
),.PIECEWISE_BEZIER_KNOTS.) CURVE() GEOMETRIC_REPRESENTATION_ITEM() 
RATIONAL_B_SPLINE_CURVE((1.,0.704682202161,1.)) REPRESENTATION_ITEM('') 
  );
#2370 = CARTESIAN_POINT('',(-5.491204839494,-10.53900604936,
    1.610953580666));
#2371 = CARTESIAN_POINT('',(-5.492081240558,-10.55,-1.110223024625E-16)
  );
#2372 = CARTESIAN_POINT('',(-5.364064499296,-8.944103120357,0.));
#2373 = PCURVE('',#804,#2374);
#2374 = DEFINITIONAL_REPRESENTATION('',(#2375),#2378);
#2375 = B_SPLINE_CURVE_WITH_KNOTS('',1,(#2376,#2377),.UNSPECIFIED.,.F.,
  .F.,(2,2),(0.,10.9864928324),.PIECEWISE_BEZIER_KNOTS.);
#2376 = CARTESIAN_POINT('',(0.,55.138198235238));
#2377 = CARTESIAN_POINT('',(33.158203564776,55.138198235238));
#2378 = ( GEOMETRIC_REPRESENTATION_CONTEXT(2) 
PARAMETRIC_REPRESENTATION_CONTEXT() REPRESENTATION_CONTEXT('2D SPACE',''
  ) );
#2379 = PCURVE('',#1597,#2380);
#2380 = DEFINITIONAL_REPRESENTATION('',(#2381),#2384);
#2381 = B_SPLINE_CURVE_WITH_KNOTS('',1,(#2382,#2383),.UNSPECIFIED.,.F.,
  .F.,(2,2),(0.,10.9864928324),.PIECEWISE_BEZIER_KNOTS.);
#2382 = CARTESIAN_POINT('',(0.,55.138198235238));
#2383 = CARTESIAN_POINT('',(10.9864928324,55.138198235238));
#2384 = ( GEOMETRIC_REPRESENTATION_CONTEXT(2) 
PARAMETRIC_REPRESENTATION_CONTEXT() REPRESENTATION_CONTEXT('2D SPACE',''
  ) );
#2385 = ORIENTED_EDGE('',*,*,#2386,.T.);
#2386 = EDGE_CURVE('',#2366,#790,#2387,.T.);
#2387 = SURFACE_CURVE('',#2388,(#2428,#2435),.PCURVE_S1.);
#2388 = ( BOUNDED_CURVE() B_SPLINE_CURVE(13,(#2389,#2390,#2391,#2392,
    #2393,#2394,#2395,#2396,#2397,#2398,#2399,#2400,#2401,#2402,#2403,
    #2404,#2405,#2406,#2407,#2408,#2409,#2410,#2411,#2412,#2413,#2414,
    #2415,#2416,#2417,#2418,#2419,#2420,#2421,#2422,#2423,#2424,#2425,
#2426,#2427),.UNSPECIFIED.,.F.,.F.) B_SPLINE_CURVE_WITH_KNOTS((14,12,13,
    14),(55.138198235238,55.146101142703,88.287604990745,88.296401800013
),.UNSPECIFIED.) CURVE() GEOMETRIC_REPRESENTATION_ITEM() 
RATIONAL_B_SPLINE_CURVE((1.,1.,1.000000000001,0.999999999998,
    1.000000000004,0.999999999995,1.000000000006,0.999999999995,
    1.000000000004,0.999999999998,1.000000000001,1.,1.,1.,1.,1.,1.,
    0.999999999999,1.000000000001,0.999999999998,1.000000000002,
    0.999999999999,1.000000000001,1.,1.,1.,1.,1.,0.999999999999,
    1.000000000002,0.999999999997,1.000000000003,0.999999999997,
    1.000000000003,0.999999999998,1.000000000001,1.,1.,1.)) 
REPRESENTATION_ITEM('') );
#2389 = CARTESIAN_POINT('',(-5.364064499296,-8.944103120357,0.));
#2390 = CARTESIAN_POINT('',(-5.364601305536,-8.944108844973,
    -3.397282455353E-14));
#2391 = CARTESIAN_POINT('',(-5.365138084793,-8.944114537181,
    1.461053500407E-13));
#2392 = CARTESIAN_POINT('',(-5.365674837051,-8.944120196986,
    -3.704814233174E-13));
#2393 = CARTESIAN_POINT('',(-5.366211562323,-8.944125824397,
    6.821210263297E-13));
#2394 = CARTESIAN_POINT('',(-5.366748260556,-8.944131419404,
    -9.858780458671E-13));
#2395 = CARTESIAN_POINT('',(-5.367284931816,-8.944136982045,
    1.154742967913E-12));
#2396 = CARTESIAN_POINT('',(-5.367821575999,-8.944142512272,
    -1.109223823903E-12));
#2397 = CARTESIAN_POINT('',(-5.368358193199,-8.944148010158,
    8.70636895911E-13));
#2398 = CARTESIAN_POINT('',(-5.368894783317,-8.944153475638,
    -5.456746166033E-13));
#2399 = CARTESIAN_POINT('',(-5.369431346412,-8.944158908773,
    2.589040093426E-13));
#2400 = CARTESIAN_POINT('',(-5.369967882436,-8.944164309534,
    -8.060219158779E-14));
#2401 = CARTESIAN_POINT('',(-5.3705043914,-8.944169677942,
    7.105427357601E-15));
#2402 = CARTESIAN_POINT('',(-7.620822574054,-8.966552203107,
    -7.716050021145E-14));
#2403 = CARTESIAN_POINT('',(-9.847678839701,-8.384106078823,
    3.097522238704E-13));
#2404 = CARTESIAN_POINT('',(-11.89201642764,-7.21064324568,
    -8.206768598029E-13));
#2405 = CARTESIAN_POINT('',(-13.5698978979,-5.517623430225,
    1.615263478527E-12));
#2406 = CARTESIAN_POINT('',(-14.72195592442,-3.393972373114,
    -2.474687121889E-12));
#2407 = CARTESIAN_POINT('',(-15.24809767204,-1.186463071869,
    3.028577388875E-12));
#2408 = CARTESIAN_POINT('',(-15.34888777479,1.210051215403,
    -3.004263504636E-12));
#2409 = CARTESIAN_POINT('',(-14.67488313175,3.538353882704,
    2.424616063479E-12));
#2410 = CARTESIAN_POINT('',(-13.49450449568,5.587585762232,
    -1.577293851085E-12));
#2411 = CARTESIAN_POINT('',(-11.81454485499,7.237513517252,
    8.029132914089E-13));
#2412 = CARTESIAN_POINT('',(-9.819376723404,8.369438470745,
    -2.975397705995E-13));
#2413 = CARTESIAN_POINT('',(-7.659615967043,8.936915059859,
    6.572520305781E-14));
#2414 = CARTESIAN_POINT('',(-5.5,8.939039873692,-1.110223024625E-16));
#2415 = CARTESIAN_POINT('',(-5.499323463738,8.939040438275,
    -2.609024107869E-14));
#2416 = CARTESIAN_POINT('',(-5.498646927478,8.939040955801,
    1.170175067955E-13));
#2417 = CARTESIAN_POINT('',(-5.497970391212,8.939041426308,
    -3.161915174132E-13));
#2418 = CARTESIAN_POINT('',(-5.49729385496,8.939041849696,
    6.171729793891E-13));
#2419 = CARTESIAN_POINT('',(-5.496617318682,8.939042226164,
    -9.332534744999E-13));
#2420 = CARTESIAN_POINT('',(-5.495940782441,8.939042555396,
    1.133537708142E-12));
#2421 = CARTESIAN_POINT('',(-5.495264246157,8.939042837804,
    -1.123767745526E-12));
#2422 = CARTESIAN_POINT('',(-5.494587709916,8.93904307294,
    9.054978988843E-13));
#2423 = CARTESIAN_POINT('',(-5.493911173639,8.939043261212,
    -5.794253965519E-13));
#2424 = CARTESIAN_POINT('',(-5.493234637386,8.939043402312,
    2.812194921376E-13));
#2425 = CARTESIAN_POINT('',(-5.49255810112,8.93904349643,
    -9.503509090791E-14));
#2426 = CARTESIAN_POINT('',(-5.49188156486,8.939043543471,
    1.842970220878E-14));
#2427 = CARTESIAN_POINT('',(-5.491205028598,8.939043543472,0.));
#2428 = PCURVE('',#804,#2429);
#2429 = DEFINITIONAL_REPRESENTATION('',(#2430),#2434);
#2430 = LINE('',#2431,#2432);
#2431 = CARTESIAN_POINT('',(33.158203564776,0.));
#2432 = VECTOR('',#2433,1.);
#2433 = DIRECTION('',(0.,1.));
#2434 = ( GEOMETRIC_REPRESENTATION_CONTEXT(2) 
PARAMETRIC_REPRESENTATION_CONTEXT() REPRESENTATION_CONTEXT('2D SPACE',''
  ) );
#2435 = PCURVE('',#952,#2436);
#2436 = DEFINITIONAL_REPRESENTATION('',(#2437),#2477);
#2437 = B_SPLINE_CURVE_WITH_KNOTS('',13,(#2438,#2439,#2440,#2441,#2442,
    #2443,#2444,#2445,#2446,#2447,#2448,#2449,#2450,#2451,#2452,#2453,
    #2454,#2455,#2456,#2457,#2458,#2459,#2460,#2461,#2462,#2463,#2464,
    #2465,#2466,#2467,#2468,#2469,#2470,#2471,#2472,#2473,#2474,#2475,
    #2476),.UNSPECIFIED.,.F.,.F.,(14,12,13,14),(55.138198235238,
    55.146101142703,88.287604990745,88.296401800013),.UNSPECIFIED.);
#2438 = CARTESIAN_POINT('',(8.944103120357,-0.135935500704));
#2439 = CARTESIAN_POINT('',(8.944108844972,-0.135398694463));
#2440 = CARTESIAN_POINT('',(8.944114537186,-0.134861915208));
#2441 = CARTESIAN_POINT('',(8.944120196974,-0.134325162945));
#2442 = CARTESIAN_POINT('',(8.944125824417,-0.133788437685));
#2443 = CARTESIAN_POINT('',(8.944131419378,-0.133251739432));
#2444 = CARTESIAN_POINT('',(8.944136982072,-0.132715068198));
#2445 = CARTESIAN_POINT('',(8.944142512251,-0.132178423988));
#2446 = CARTESIAN_POINT('',(8.944148010171,-0.131641806812));
#2447 = CARTESIAN_POINT('',(8.944153475632,-0.131105216676));
#2448 = CARTESIAN_POINT('',(8.944158908776,-0.130568653591));
#2449 = CARTESIAN_POINT('',(8.944164309533,-0.130032117563));
#2450 = CARTESIAN_POINT('',(8.944169677942,-0.1294956086));
#2451 = CARTESIAN_POINT('',(8.966552203108,2.120822574054));
#2452 = CARTESIAN_POINT('',(8.384106078822,4.347678839701));
#2453 = CARTESIAN_POINT('',(7.210643245683,6.392016427641));
#2454 = CARTESIAN_POINT('',(5.51762343022,8.069897897905));
#2455 = CARTESIAN_POINT('',(3.393972373121,9.221955924425));
#2456 = CARTESIAN_POINT('',(1.18646307186,9.748097672055));
#2457 = CARTESIAN_POINT('',(-1.210051215391,9.848887774785));
#2458 = CARTESIAN_POINT('',(-3.538353882718,9.174883131771));
#2459 = CARTESIAN_POINT('',(-5.587585762219,7.994504495676));
#2460 = CARTESIAN_POINT('',(-7.23751351726,6.314544855001));
#2461 = CARTESIAN_POINT('',(-8.369438470742,4.319376723403));
#2462 = CARTESIAN_POINT('',(-8.93691505986,2.159615967043));
#2463 = CARTESIAN_POINT('',(-8.939039873692,1.89048168142E-15));
#2464 = CARTESIAN_POINT('',(-8.939040438273,-6.765362616753E-04));
#2465 = CARTESIAN_POINT('',(-8.939040955809,-1.353072523353E-03));
#2466 = CARTESIAN_POINT('',(-8.939041426285,-2.029608785017E-03));
#2467 = CARTESIAN_POINT('',(-8.939041849743,-2.706145046709E-03));
#2468 = CARTESIAN_POINT('',(-8.939042226092,-3.382681308354E-03));
#2469 = CARTESIAN_POINT('',(-8.939042555484,-4.059217570073E-03));
#2470 = CARTESIAN_POINT('',(-8.939042837719,-4.735753831717E-03));
#2471 = CARTESIAN_POINT('',(-8.939043073007,-5.412290093442E-03));
#2472 = CARTESIAN_POINT('',(-8.939043261171,-6.088826355123E-03));
#2473 = CARTESIAN_POINT('',(-8.939043402332,-6.765362616846E-03));
#2474 = CARTESIAN_POINT('',(-8.939043496423,-7.441898878568E-03));
#2475 = CARTESIAN_POINT('',(-8.939043543473,-8.11843514031E-03));
#2476 = CARTESIAN_POINT('',(-8.939043543472,-8.794971402066E-03));
#2477 = ( GEOMETRIC_REPRESENTATION_CONTEXT(2) 
PARAMETRIC_REPRESENTATION_CONTEXT() REPRESENTATION_CONTEXT('2D SPACE',''
  ) );
#2478 = ORIENTED_EDGE('',*,*,#789,.F.);
#2479 = ORIENTED_EDGE('',*,*,#1228,.F.);
#2480 = ADVANCED_FACE('',(#2481),#952,.T.);
#2481 = FACE_BOUND('',#2482,.T.);
#2482 = EDGE_LOOP('',(#2483,#2484,#2485,#2522));
#2483 = ORIENTED_EDGE('',*,*,#928,.T.);
#2484 = ORIENTED_EDGE('',*,*,#1497,.T.);
#2485 = ORIENTED_EDGE('',*,*,#2486,.T.);
#2486 = EDGE_CURVE('',#1498,#2366,#2487,.T.);
#2487 = SURFACE_CURVE('',#2488,(#2500,#2515),.PCURVE_S1.);
#2488 = ( BOUNDED_CURVE() B_SPLINE_CURVE(10,(#2489,#2490,#2491,#2492,
    #2493,#2494,#2495,#2496,#2497,#2498,#2499),.UNSPECIFIED.,.F.,.F.) 
B_SPLINE_CURVE_WITH_KNOTS((11,11),(44.151705402838,55.138198235238),
.PIECEWISE_BEZIER_KNOTS.) CURVE() GEOMETRIC_REPRESENTATION_ITEM() 
RATIONAL_B_SPLINE_CURVE((1.,1.,1.,1.,1.,1.,1.,1.,1.,1.,1.)) 
REPRESENTATION_ITEM('') );
#2489 = CARTESIAN_POINT('',(5.364064499296,-8.944103120357,0.));
#2490 = CARTESIAN_POINT('',(4.393927455582,-8.933757373002,
    6.661338147751E-15));
#2491 = CARTESIAN_POINT('',(3.343228742888,-8.942399464284,
    -2.642330798608E-14));
#2492 = CARTESIAN_POINT('',(2.227544460667,-8.938238370798,
    6.272760089132E-14));
#2493 = CARTESIAN_POINT('',(1.120175288669,-8.940209440975,
    -1.035838081975E-13));
#2494 = CARTESIAN_POINT('',(-1.008526595569E-12,-8.937047717212,
    1.221245327088E-13));
#2495 = CARTESIAN_POINT('',(-1.120175288667,-8.940209440975,
    -1.061373211542E-13));
#2496 = CARTESIAN_POINT('',(-2.227544460668,-8.938238370798,
    6.727951529228E-14));
#2497 = CARTESIAN_POINT('',(-3.343228742887,-8.942399464284,
    -2.997602166488E-14));
#2498 = CARTESIAN_POINT('',(-4.393927455583,-8.933757373002,
    7.882583474839E-15));
#2499 = CARTESIAN_POINT('',(-5.364064499296,-8.944103120357,0.));
#2500 = PCURVE('',#952,#2501);
#2501 = DEFINITIONAL_REPRESENTATION('',(#2502),#2514);
#2502 = B_SPLINE_CURVE_WITH_KNOTS('',10,(#2503,#2504,#2505,#2506,#2507,
    #2508,#2509,#2510,#2511,#2512,#2513),.UNSPECIFIED.,.F.,.F.,(11,11),(
    44.151705402838,55.138198235238),.PIECEWISE_BEZIER_KNOTS.);
#2503 = CARTESIAN_POINT('',(8.944103120357,-10.86406449929));
#2504 = CARTESIAN_POINT('',(8.933757373002,-9.893927455583));
#2505 = CARTESIAN_POINT('',(8.942399464283,-8.843228742887));
#2506 = CARTESIAN_POINT('',(8.9382383708,-7.727544460667));
#2507 = CARTESIAN_POINT('',(8.940209440972,-6.620175288668));
#2508 = CARTESIAN_POINT('',(8.937047717216,-5.5));
#2509 = CARTESIAN_POINT('',(8.940209440972,-4.379824711332));
#2510 = CARTESIAN_POINT('',(8.9382383708,-3.272455539332));
#2511 = CARTESIAN_POINT('',(8.942399464283,-2.156771257113));
#2512 = CARTESIAN_POINT('',(8.933757373002,-1.106072544417));
#2513 = CARTESIAN_POINT('',(8.944103120357,-0.135935500704));
#2514 = ( GEOMETRIC_REPRESENTATION_CONTEXT(2) 
PARAMETRIC_REPRESENTATION_CONTEXT() REPRESENTATION_CONTEXT('2D SPACE',''
  ) );
#2515 = PCURVE('',#1597,#2516);
#2516 = DEFINITIONAL_REPRESENTATION('',(#2517),#2521);
#2517 = LINE('',#2518,#2519);
#2518 = CARTESIAN_POINT('',(10.9864928324,0.));
#2519 = VECTOR('',#2520,1.);
#2520 = DIRECTION('',(0.,1.));
#2521 = ( GEOMETRIC_REPRESENTATION_CONTEXT(2) 
PARAMETRIC_REPRESENTATION_CONTEXT() REPRESENTATION_CONTEXT('2D SPACE',''
  ) );
#2522 = ORIENTED_EDGE('',*,*,#2386,.T.);
#2523 = ADVANCED_FACE('',(#2524),#1010,.T.);
#2524 = FACE_BOUND('',#2525,.T.);
#2525 = EDGE_LOOP('',(#2526,#2693,#2748,#2749));
#2526 = ORIENTED_EDGE('',*,*,#2527,.F.);
#2527 = EDGE_CURVE('',#2528,#1365,#2530,.T.);
#2528 = VERTEX_POINT('',#2529);
#2529 = CARTESIAN_POINT('',(-6.15,-9.207243093793,58.399999999998));
#2530 = SURFACE_CURVE('',#2531,(#2583,#2638),.PCURVE_S1.);
#2531 = B_SPLINE_CURVE_WITH_KNOTS('',8,(#2532,#2533,#2534,#2535,#2536,
    #2537,#2538,#2539,#2540,#2541,#2542,#2543,#2544,#2545,#2546,#2547,
    #2548,#2549,#2550,#2551,#2552,#2553,#2554,#2555,#2556,#2557,#2558,
    #2559,#2560,#2561,#2562,#2563,#2564,#2565,#2566,#2567,#2568,#2569,
    #2570,#2571,#2572,#2573,#2574,#2575,#2576,#2577,#2578,#2579,#2580,
    #2581,#2582),.UNSPECIFIED.,.F.,.F.,(9,7,7,7,7,7,7,9),(0.,
    5.720988045387E-04,9.494166510605E-04,4.086978892112E-02,
    8.588725686885E-02,0.395032937469,0.702769974714,1.),.UNSPECIFIED.);
#2532 = CARTESIAN_POINT('',(-6.149998200411,-9.207243282206,
    58.399999999998));
#2533 = CARTESIAN_POINT('',(-6.149998200412,-9.20724356296,
    58.399999999998));
#2534 = CARTESIAN_POINT('',(-6.149998122755,-9.207243914288,
    58.399999999997));
#2535 = CARTESIAN_POINT('',(-6.149998014756,-9.207244278695,
    58.399999999996));
#2536 = CARTESIAN_POINT('',(-6.14999784551,-9.207244686039,
    58.399999999997));
#2537 = CARTESIAN_POINT('',(-6.149997505888,-9.20724525353,
    58.399999999998));
#2538 = CARTESIAN_POINT('',(-6.149996808538,-9.207246185731,
    58.399999999998));
#2539 = CARTESIAN_POINT('',(-6.149995487886,-9.207247774557,
    58.399999999992));
#2540 = CARTESIAN_POINT('',(-6.149991691293,-9.207252130362,
    58.399999999963));
#2541 = CARTESIAN_POINT('',(-6.149987050498,-9.207257345204,
    58.399999999032));
#2542 = CARTESIAN_POINT('',(-6.149981264468,-9.20726382352,
    58.399999998636));
#2543 = CARTESIAN_POINT('',(-6.149974088835,-9.207271827851,
    58.399999999251));
#2544 = CARTESIAN_POINT('',(-6.149963048142,-9.207284103564,
    58.400000000381));
#2545 = CARTESIAN_POINT('',(-6.149943435847,-9.207305878847,
    58.400000000552));
#2546 = CARTESIAN_POINT('',(-6.149908314322,-9.207344864712,
    58.399999997317));
#2547 = CARTESIAN_POINT('',(-6.143521708145,-9.214435372384,
    58.399998922343));
#2548 = CARTESIAN_POINT('',(-6.137171846018,-9.221476685612,
    58.399947016993));
#2549 = CARTESIAN_POINT('',(-6.130807151921,-9.228533733705,
    58.399843685982));
#2550 = CARTESIAN_POINT('',(-6.12441501294,-9.235607096766,
    58.399688351883));
#2551 = CARTESIAN_POINT('',(-6.118011326956,-9.242694525826,
    58.399480445863));
#2552 = CARTESIAN_POINT('',(-6.111584756165,-9.249796445345,
    58.399219408345));
#2553 = CARTESIAN_POINT('',(-6.105142179435,-9.256911466526,
    58.398904689931));
#2554 = CARTESIAN_POINT('',(-6.091397697393,-9.272076566364,
    58.398119707631));
#2555 = CARTESIAN_POINT('',(-6.084091454826,-9.280130007096,
    58.397634715651));
#2556 = CARTESIAN_POINT('',(-6.076764591237,-9.28819817587,
    58.397080000927));
#2557 = CARTESIAN_POINT('',(-6.06941811457,-9.296279911658,
    58.396454808799));
#2558 = CARTESIAN_POINT('',(-6.062053061422,-9.3043740285,
    58.395758405148));
#2559 = CARTESIAN_POINT('',(-6.054670497047,-9.312479315509,
    58.394990076392));
#2560 = CARTESIAN_POINT('',(-6.047271515349,-9.320594536869,
    58.39414912949));
#2561 = CARTESIAN_POINT('',(-5.988941635543,-9.384507154585,
    58.386956604797));
#2562 = CARTESIAN_POINT('',(-5.937305025175,-9.440704598673,
    58.377221816062));
#2563 = CARTESIAN_POINT('',(-5.885309735573,-9.496904099583,
    58.363814970161));
#2564 = CARTESIAN_POINT('',(-5.833381644539,-9.552644450181,
    58.346569184105));
#2565 = CARTESIAN_POINT('',(-5.78199878782,-9.607426993761,
    58.325395719411));
#2566 = CARTESIAN_POINT('',(-5.731670780554,-9.660738745248,
    58.300302855218));
#2567 = CARTESIAN_POINT('',(-5.682909052245,-9.712081540565,
    58.271404162583));
#2568 = CARTESIAN_POINT('',(-5.589679626396,-9.809709954591,
    58.206576231055));
#2569 = CARTESIAN_POINT('',(-5.545193733744,-9.856017263446,
    58.170679627179));
#2570 = CARTESIAN_POINT('',(-5.503198582274,-9.899486007674,
    58.131437816477));
#2571 = CARTESIAN_POINT('',(-5.464132064301,-9.939717129346,
    58.089164316662));
#2572 = CARTESIAN_POINT('',(-5.428362953776,-9.976388223339,
    58.044260738593));
#2573 = CARTESIAN_POINT('',(-5.396166077784,-10.00927281846,
    57.997194114111));
#2574 = CARTESIAN_POINT('',(-5.367711305221,-10.03824636202,
    57.948465528149));
#2575 = CARTESIAN_POINT('',(-5.319262848454,-10.08745677176,
    57.850378154485));
#2576 = CARTESIAN_POINT('',(-5.299013133805,-10.10795852052,
    57.801097601625));
#2577 = CARTESIAN_POINT('',(-5.282379989793,-10.1247558876,
    57.751175472608));
#2578 = CARTESIAN_POINT('',(-5.269335489562,-10.13790521221,
    57.701057697345));
#2579 = CARTESIAN_POINT('',(-5.259771534622,-10.14753524458,
    57.651160432582));
#2580 = CARTESIAN_POINT('',(-5.253514695601,-10.15383211272,
    57.601850983137));
#2581 = CARTESIAN_POINT('',(-5.250345357465,-10.1570214505,
    57.553438271389));
#2582 = CARTESIAN_POINT('',(-5.250021169215,-10.15734768723,
    57.506172855003));
#2583 = PCURVE('',#1010,#2584);
#2584 = DEFINITIONAL_REPRESENTATION('',(#2585),#2637);
#2585 = B_SPLINE_CURVE_WITH_KNOTS('',8,(#2586,#2587,#2588,#2589,#2590,
    #2591,#2592,#2593,#2594,#2595,#2596,#2597,#2598,#2599,#2600,#2601,
    #2602,#2603,#2604,#2605,#2606,#2607,#2608,#2609,#2610,#2611,#2612,
    #2613,#2614,#2615,#2616,#2617,#2618,#2619,#2620,#2621,#2622,#2623,
    #2624,#2625,#2626,#2627,#2628,#2629,#2630,#2631,#2632,#2633,#2634,
    #2635,#2636),.UNSPECIFIED.,.F.,.F.,(9,7,7,7,7,7,7,9),(0.,
    5.720988045387E-04,9.494166510605E-04,4.086978892112E-02,
    8.588725686885E-02,0.395032937469,0.702769974714,1.),.UNSPECIFIED.);
#2586 = CARTESIAN_POINT('',(31.817119955797,0.995529244317));
#2587 = CARTESIAN_POINT('',(31.817112949736,0.995529212105));
#2588 = CARTESIAN_POINT('',(31.817104385465,0.995529087115));
#2589 = CARTESIAN_POINT('',(31.817095574084,0.995528927538));
#2590 = CARTESIAN_POINT('',(31.817085851249,0.995528696248));
#2591 = CARTESIAN_POINT('',(31.817072577171,0.995528260797));
#2592 = CARTESIAN_POINT('',(31.817051136618,0.995527393418));
#2593 = CARTESIAN_POINT('',(31.817014938915,0.995525771027));
#2594 = CARTESIAN_POINT('',(31.816916161913,0.99552113129));
#2595 = CARTESIAN_POINT('',(31.816798160418,0.995515472648));
#2596 = CARTESIAN_POINT('',(31.816651617913,0.9955084201));
#2597 = CARTESIAN_POINT('',(31.816470617769,0.995499676936));
#2598 = CARTESIAN_POINT('',(31.816193122272,0.995486228935));
#2599 = CARTESIAN_POINT('',(31.815700972623,0.995462344358));
#2600 = CARTESIAN_POINT('',(31.814819888934,0.995419573951));
#2601 = CARTESIAN_POINT('',(31.654574598872,0.987642049075));
#2602 = CARTESIAN_POINT('',(31.495834031261,0.979922248463));
#2603 = CARTESIAN_POINT('',(31.337096525199,0.972196580684));
#2604 = CARTESIAN_POINT('',(31.178363958903,0.964451315655));
#2605 = CARTESIAN_POINT('',(31.019633939179,0.956704130517));
#2606 = CARTESIAN_POINT('',(30.860908142594,0.948942689468));
#2607 = CARTESIAN_POINT('',(30.702185531915,0.941174721563));
#2608 = CARTESIAN_POINT('',(30.364481488379,0.924630431706));
#2609 = CARTESIAN_POINT('',(30.185500917189,0.915852387325));
#2610 = CARTESIAN_POINT('',(30.006524388214,0.907066139124));
#2611 = CARTESIAN_POINT('',(29.827551725934,0.898272994218));
#2612 = CARTESIAN_POINT('',(29.648582749558,0.889474280275));
#2613 = CARTESIAN_POINT('',(29.46961727303,0.880671345518));
#2614 = CARTESIAN_POINT('',(29.29065510502,0.87186555872));
#2615 = CARTESIAN_POINT('',(27.882741562697,0.802576827929));
#2616 = CARTESIAN_POINT('',(26.653937020012,0.742026713179));
#2617 = CARTESIAN_POINT('',(25.425213666164,0.681855901751));
#2618 = CARTESIAN_POINT('',(24.196497193468,0.622556352251));
#2619 = CARTESIAN_POINT('',(22.967710260622,0.564641597403));
#2620 = CARTESIAN_POINT('',(21.738776428454,0.50862156873));
#2621 = CARTESIAN_POINT('',(20.509625512046,0.454974693596));
#2622 = CARTESIAN_POINT('',(18.056377145955,0.353491570956));
#2623 = CARTESIAN_POINT('',(16.832279559454,0.305630169656));
#2624 = CARTESIAN_POINT('',(15.607866347866,0.260945233793));
#2625 = CARTESIAN_POINT('',(14.383105493023,0.219791863986));
#2626 = CARTESIAN_POINT('',(13.157979319232,0.182442070792));
#2627 = CARTESIAN_POINT('',(11.932488270427,0.149071247624));
#2628 = CARTESIAN_POINT('',(10.706653345698,0.119757134166));
#2629 = CARTESIAN_POINT('',(8.296244793386,7.008805439744E-02));
#2630 = CARTESIAN_POINT('',(7.111679688352,4.946096629548E-02));
#2631 = CARTESIAN_POINT('',(5.926856595682,3.260319540154E-02));
#2632 = CARTESIAN_POINT('',(4.741808371652,1.943025449531E-02));
#2633 = CARTESIAN_POINT('',(3.556567151458,9.793575317197E-03));
#2634 = CARTESIAN_POINT('',(2.371164775355,3.495528329944E-03));
#2635 = CARTESIAN_POINT('',(1.185632500714,3.05866644352E-04));
#2636 = CARTESIAN_POINT('',(0.,-2.040589069578E-05));
#2637 = ( GEOMETRIC_REPRESENTATION_CONTEXT(2) 
PARAMETRIC_REPRESENTATION_CONTEXT() REPRESENTATION_CONTEXT('2D SPACE',''
  ) );
#2638 = PCURVE('',#1447,#2639);
#2639 = DEFINITIONAL_REPRESENTATION('',(#2640),#2692);
#2640 = B_SPLINE_CURVE_WITH_KNOTS('',8,(#2641,#2642,#2643,#2644,#2645,
    #2646,#2647,#2648,#2649,#2650,#2651,#2652,#2653,#2654,#2655,#2656,
    #2657,#2658,#2659,#2660,#2661,#2662,#2663,#2664,#2665,#2666,#2667,
    #2668,#2669,#2670,#2671,#2672,#2673,#2674,#2675,#2676,#2677,#2678,
    #2679,#2680,#2681,#2682,#2683,#2684,#2685,#2686,#2687,#2688,#2689,
    #2690,#2691),.UNSPECIFIED.,.F.,.F.,(9,7,7,7,7,7,7,9),(0.,
    5.720988045387E-04,9.494166510605E-04,4.086978892112E-02,
    8.588725686885E-02,0.395032937469,0.702769974714,1.),.UNSPECIFIED.);
#2641 = CARTESIAN_POINT('',(-1.999542796031E-06,2.042041713536));
#2642 = CARTESIAN_POINT('',(-1.99954249895E-06,2.042041994291));
#2643 = CARTESIAN_POINT('',(-2.085828236802E-06,2.042042345619));
#2644 = CARTESIAN_POINT('',(-2.205826517375E-06,2.042042710026));
#2645 = CARTESIAN_POINT('',(-2.393877683676E-06,2.04204311737));
#2646 = CARTESIAN_POINT('',(-2.77123591393E-06,2.042043684861));
#2647 = CARTESIAN_POINT('',(-3.54606922158E-06,2.042044617062));
#2648 = CARTESIAN_POINT('',(-5.013459455287E-06,2.042046205887));
#2649 = CARTESIAN_POINT('',(-9.231896621098E-06,2.042050561693));
#2650 = CARTESIAN_POINT('',(-1.438833599314E-05,2.042055776535));
#2651 = CARTESIAN_POINT('',(-2.081725756918E-05,2.04206225485));
#2652 = CARTESIAN_POINT('',(-2.879018324579E-05,2.042070259182));
#2653 = CARTESIAN_POINT('',(-4.105761966204E-05,2.042082534894));
#2654 = CARTESIAN_POINT('',(-6.284905819946E-05,2.042104310177));
#2655 = CARTESIAN_POINT('',(-1.018729749821E-04,2.042143296043));
#2656 = CARTESIAN_POINT('',(-7.198102161311E-03,2.049233803715));
#2657 = CARTESIAN_POINT('',(-1.425351413101E-02,2.056275116943));
#2658 = CARTESIAN_POINT('',(-2.13259451628E-02,2.063332165036));
#2659 = CARTESIAN_POINT('',(-2.842995382228E-02,2.070405528097));
#2660 = CARTESIAN_POINT('',(-3.554843456932E-02,2.077492957156));
#2661 = CARTESIAN_POINT('',(-4.269455817884E-02,2.084594876675));
#2662 = CARTESIAN_POINT('',(-4.986126896081E-02,2.091709897857));
#2663 = CARTESIAN_POINT('',(-6.515780224915E-02,2.106874997695));
#2664 = CARTESIAN_POINT('',(-7.329336828444E-02,2.114928438427));
#2665 = CARTESIAN_POINT('',(-8.145703894553E-02,2.122996607201));
#2666 = CARTESIAN_POINT('',(-8.964857980323E-02,2.131078342989));
#2667 = CARTESIAN_POINT('',(-9.78677464545E-02,2.139172459831));
#2668 = CARTESIAN_POINT('',(-0.106114284522,2.14727774684));
#2669 = CARTESIAN_POINT('',(-0.114387929656,2.1553929682));
#2670 = CARTESIAN_POINT('',(-0.179689767205,2.219305585916));
#2671 = CARTESIAN_POINT('',(-0.237956383176,2.275503030004));
#2672 = CARTESIAN_POINT('',(-0.297399589879,2.331702530914));
#2673 = CARTESIAN_POINT('',(-0.357908160815,2.387442881512));
#2674 = CARTESIAN_POINT('',(-0.419347474069,2.442225425092));
#2675 = CARTESIAN_POINT('',(-0.481561152512,2.495537176579));
#2676 = CARTESIAN_POINT('',(-0.544375178678,2.546879971896));
#2677 = CARTESIAN_POINT('',(-0.670545681337,2.644508385922));
#2678 = CARTESIAN_POINT('',(-0.73389844885,2.690815694776));
#2679 = CARTESIAN_POINT('',(-0.79747971109,2.734284439004));
#2680 = CARTESIAN_POINT('',(-0.861094799261,2.774515560676));
#2681 = CARTESIAN_POINT('',(-0.924545179404,2.81118665467));
#2682 = CARTESIAN_POINT('',(-0.98763575687,2.844071249794));
#2683 = CARTESIAN_POINT('',(-1.050181757384,2.873044793351));
#2684 = CARTESIAN_POINT('',(-1.171737444137,2.922255203099));
#2685 = CARTESIAN_POINT('',(-1.230795502914,2.942756951856));
#2686 = CARTESIAN_POINT('',(-1.289037863744,2.959554318934));
#2687 = CARTESIAN_POINT('',(-1.346328123595,2.972703643542));
#2688 = CARTESIAN_POINT('',(-1.402549003894,2.982333675917));
#2689 = CARTESIAN_POINT('',(-1.457604361519,2.988630544056));
#2690 = CARTESIAN_POINT('',(-1.511419180617,2.991819881838));
#2691 = CARTESIAN_POINT('',(-1.563937545238,2.99214611856));
#2692 = ( GEOMETRIC_REPRESENTATION_CONTEXT(2) 
PARAMETRIC_REPRESENTATION_CONTEXT() REPRESENTATION_CONTEXT('2D SPACE',''
  ) );
#2693 = ORIENTED_EDGE('',*,*,#2694,.T.);
#2694 = EDGE_CURVE('',#2528,#996,#2695,.T.);
#2695 = SURFACE_CURVE('',#2696,(#2723,#2730),.PCURVE_S1.);
#2696 = B_SPLINE_CURVE_WITH_KNOTS('',13,(#2697,#2698,#2699,#2700,#2701,
    #2702,#2703,#2704,#2705,#2706,#2707,#2708,#2709,#2710,#2711,#2712,
    #2713,#2714,#2715,#2716,#2717,#2718,#2719,#2720,#2721,#2722),
  .UNSPECIFIED.,.F.,.F.,(14,12,14),(-2.924159057749,-4.156774576217E-05,
    31.817078388051),.UNSPECIFIED.);
#2697 = CARTESIAN_POINT('',(-2.318764709076,-9.275672517983,58.4));
#2698 = CARTESIAN_POINT('',(-2.563711487918,-9.274141536973,
    58.400000000002));
#2699 = CARTESIAN_POINT('',(-2.805335545919,-9.272631323831,
    58.400000000003));
#2700 = CARTESIAN_POINT('',(-3.043636883079,-9.271141878557,
    58.400000000004));
#2701 = CARTESIAN_POINT('',(-3.278615499398,-9.269673201152,
    58.400000000005));
#2702 = CARTESIAN_POINT('',(-3.510271394877,-9.268225291616,
    58.400000000006));
#2703 = CARTESIAN_POINT('',(-3.738604569515,-9.266798149948,
    58.400000000006));
#2704 = CARTESIAN_POINT('',(-3.963615023312,-9.265391776148,
    58.400000000006));
#2705 = CARTESIAN_POINT('',(-4.185302756268,-9.264006170217,
    58.400000000006));
#2706 = CARTESIAN_POINT('',(-4.403667768383,-9.262641332155,
    58.400000000005));
#2707 = CARTESIAN_POINT('',(-4.618710059658,-9.261297261961,
    58.400000000004));
#2708 = CARTESIAN_POINT('',(-4.830429630092,-9.259973959636,
    58.400000000003));
#2709 = CARTESIAN_POINT('',(-5.038826479685,-9.258671425179,
    58.400000000002));
#2710 = CARTESIAN_POINT('',(-7.475298004968,-9.243442845088,
    58.399999999982));
#2711 = CARTESIAN_POINT('',(-9.705253143155,-8.646635046354,
    58.400000000084));
#2712 = CARTESIAN_POINT('',(-11.76659121517,-7.467773199192,
    58.399999999769));
#2713 = CARTESIAN_POINT('',(-13.48056827751,-5.752414779877,
    58.400000000459));
#2714 = CARTESIAN_POINT('',(-14.74325680488,-3.641652093703,
    58.399999999303));
#2715 = CARTESIAN_POINT('',(-15.34905209543,-1.186856424346,
    58.400000000834));
#2716 = CARTESIAN_POINT('',(-15.39497961722,1.231218243059,
    58.399999999205));
#2717 = CARTESIAN_POINT('',(-14.69424307364,3.757399461586,
    58.400000000609));
#2718 = CARTESIAN_POINT('',(-13.40512950545,5.742714240867,
    58.399999999625));
#2719 = CARTESIAN_POINT('',(-11.78657835619,7.451769101962,
    58.400000000181));
#2720 = CARTESIAN_POINT('',(-9.719912215378,8.666460307477,
    58.399999999935));
#2721 = CARTESIAN_POINT('',(-7.433375216661,9.266529591167,
    58.400000000014));
#2722 = CARTESIAN_POINT('',(-5.142478306458,9.258625218238,58.4));
#2723 = PCURVE('',#1010,#2724);
#2724 = DEFINITIONAL_REPRESENTATION('',(#2725),#2729);
#2725 = LINE('',#2726,#2727);
#2726 = CARTESIAN_POINT('',(31.817119955797,0.));
#2727 = VECTOR('',#2728,1.);
#2728 = DIRECTION('',(0.,1.));
#2729 = ( GEOMETRIC_REPRESENTATION_CONTEXT(2) 
PARAMETRIC_REPRESENTATION_CONTEXT() REPRESENTATION_CONTEXT('2D SPACE',''
  ) );
#2730 = PCURVE('',#1140,#2731);
#2731 = DEFINITIONAL_REPRESENTATION('',(#2732),#2747);
#2732 = B_SPLINE_CURVE_WITH_KNOTS('',13,(#2733,#2734,#2735,#2736,#2737,
    #2738,#2739,#2740,#2741,#2742,#2743,#2744,#2745,#2746),
  .UNSPECIFIED.,.F.,.F.,(14,14),(-4.156774576217E-05,31.817078388051),
  .PIECEWISE_BEZIER_KNOTS.);
#2733 = CARTESIAN_POINT('',(-9.257389658591,-10.42506002872));
#2734 = CARTESIAN_POINT('',(-9.243442845088,-12.65645742525));
#2735 = CARTESIAN_POINT('',(-8.646635046354,-14.88641256344));
#2736 = CARTESIAN_POINT('',(-7.467773199191,-16.94775063546));
#2737 = CARTESIAN_POINT('',(-5.752414779879,-18.6617276978));
#2738 = CARTESIAN_POINT('',(-3.6416520937,-19.92441622518));
#2739 = CARTESIAN_POINT('',(-1.186856424349,-20.5302115157));
#2740 = CARTESIAN_POINT('',(1.231218243062,-20.57613903755));
#2741 = CARTESIAN_POINT('',(3.757399461584,-19.87540249389));
#2742 = CARTESIAN_POINT('',(5.742714240869,-18.58628892577));
#2743 = CARTESIAN_POINT('',(7.451769101961,-16.96773777647));
#2744 = CARTESIAN_POINT('',(8.666460307477,-14.90107163567));
#2745 = CARTESIAN_POINT('',(9.266529591167,-12.61453463694));
#2746 = CARTESIAN_POINT('',(9.258625218238,-10.32363772674));
#2747 = ( GEOMETRIC_REPRESENTATION_CONTEXT(2) 
PARAMETRIC_REPRESENTATION_CONTEXT() REPRESENTATION_CONTEXT('2D SPACE',''
  ) );
#2748 = ORIENTED_EDGE('',*,*,#995,.F.);
#2749 = ORIENTED_EDGE('',*,*,#1364,.F.);
#2750 = ADVANCED_FACE('',(#2751),#1140,.F.);
#2751 = FACE_BOUND('',#2752,.F.);
#2752 = EDGE_LOOP('',(#2753,#2834,#2997,#3193,#3214,#3215,#3216,#3217));
#2753 = ORIENTED_EDGE('',*,*,#2754,.T.);
#2754 = EDGE_CURVE('',#1951,#2755,#2757,.T.);
#2755 = VERTEX_POINT('',#2756);
#2756 = CARTESIAN_POINT('',(5.230255721108,8.07114907901,58.4));
#2757 = SURFACE_CURVE('',#2758,(#2797,#2827),.PCURVE_S1.);
#2758 = B_SPLINE_CURVE_WITH_KNOTS('',13,(#2759,#2760,#2761,#2762,#2763,
    #2764,#2765,#2766,#2767,#2768,#2769,#2770,#2771,#2772,#2773,#2774,
    #2775,#2776,#2777,#2778,#2779,#2780,#2781,#2782,#2783,#2784,#2785,
    #2786,#2787,#2788,#2789,#2790,#2791,#2792,#2793,#2794,#2795,#2796),
  .UNSPECIFIED.,.F.,.F.,(14,12,12,14),(-1.917492945167,
    -6.474822997122E-03,11.219760925359,22.447376134531),.UNSPECIFIED.);
#2759 = CARTESIAN_POINT('',(3.09763894355,-8.085598781298,58.4));
#2760 = CARTESIAN_POINT('',(3.263205178661,-8.084520177966,
    58.400000000001));
#2761 = CARTESIAN_POINT('',(3.428771413773,-8.083441574635,
    58.400000000002));
#2762 = CARTESIAN_POINT('',(3.594337648885,-8.082362971303,
    58.400000000003));
#2763 = CARTESIAN_POINT('',(3.759903883996,-8.081284367971,
    58.400000000003));
#2764 = CARTESIAN_POINT('',(3.925470119108,-8.080205764639,
    58.400000000003));
#2765 = CARTESIAN_POINT('',(4.09103635422,-8.079127161307,
    58.400000000004));
#2766 = CARTESIAN_POINT('',(4.256602589331,-8.078048557975,
    58.400000000004));
#2767 = CARTESIAN_POINT('',(4.422168824443,-8.076969954643,
    58.400000000003));
#2768 = CARTESIAN_POINT('',(4.587735059554,-8.075891351311,
    58.400000000003));
#2769 = CARTESIAN_POINT('',(4.753301294666,-8.074812747979,
    58.400000000003));
#2770 = CARTESIAN_POINT('',(4.918867529777,-8.073734144647,
    58.400000000002));
#2771 = CARTESIAN_POINT('',(5.084433764889,-8.072655541315,
    58.400000000001));
#2772 = CARTESIAN_POINT('',(6.222615364431,-8.065240705404,
    58.399999999994));
#2773 = CARTESIAN_POINT('',(7.195227981312,-7.931872054361,
    58.400000000026));
#2774 = CARTESIAN_POINT('',(8.147953116926,-7.671785285376,
    58.399999999934));
#2775 = CARTESIAN_POINT('',(9.065283633201,-7.286473793296,
    58.400000000114));
#2776 = CARTESIAN_POINT('',(9.924301183872,-6.785571668174,
    58.399999999856));
#2777 = CARTESIAN_POINT('',(10.717137296207,-6.173118255611,
    58.400000000135));
#2778 = CARTESIAN_POINT('',(11.422764523113,-5.460413751803,
    58.399999999906));
#2779 = CARTESIAN_POINT('',(12.025572161645,-4.664327537998,
    58.400000000046));
#2780 = CARTESIAN_POINT('',(12.521096424924,-3.79869098378,
    58.399999999988));
#2781 = CARTESIAN_POINT('',(12.896628535244,-2.877888783198,
    58.399999999997));
#2782 = CARTESIAN_POINT('',(13.148047612431,-1.922191369103,
    58.400000000006));
#2783 = CARTESIAN_POINT('',(13.272201483654,-0.948155748163,
    58.399999999996));
#2784 = CARTESIAN_POINT('',(13.266075916404,0.99905941206,
    58.400000000008));
#2785 = CARTESIAN_POINT('',(13.135933678929,1.972378479692,
    58.399999999951));
#2786 = CARTESIAN_POINT('',(12.877158200046,2.926026031455,
    58.40000000014));
#2787 = CARTESIAN_POINT('',(12.500961005087,3.846884658426,
    58.399999999723));
#2788 = CARTESIAN_POINT('',(11.986910140612,4.701449165655,
    58.400000000409));
#2789 = CARTESIAN_POINT('',(11.402714746777,5.513538025095,
    58.399999999531));
#2790 = CARTESIAN_POINT('',(10.658231288053,6.187687472998,
    58.400000000424));
#2791 = CARTESIAN_POINT('',(9.901666185275,6.839600279682,
    58.399999999695));
#2792 = CARTESIAN_POINT('',(8.996914911065,7.292551170699,
    58.400000000175));
#2793 = CARTESIAN_POINT('',(8.117228030582,7.695953301834,
    58.399999999921));
#2794 = CARTESIAN_POINT('',(7.144418173852,7.949998271437,
    58.400000000027));
#2795 = CARTESIAN_POINT('',(6.133826837825,8.069744452408,
    58.399999999994));
#2796 = CARTESIAN_POINT('',(5.230255721108,8.07114907901,58.4));
#2797 = PCURVE('',#1140,#2798);
#2798 = DEFINITIONAL_REPRESENTATION('',(#2799),#2826);
#2799 = B_SPLINE_CURVE_WITH_KNOTS('',13,(#2800,#2801,#2802,#2803,#2804,
    #2805,#2806,#2807,#2808,#2809,#2810,#2811,#2812,#2813,#2814,#2815,
    #2816,#2817,#2818,#2819,#2820,#2821,#2822,#2823,#2824,#2825),
  .UNSPECIFIED.,.F.,.F.,(14,12,14),(-6.474822997122E-03,11.219760925359,
    22.447376134531),.UNSPECIFIED.);
#2800 = CARTESIAN_POINT('',(-8.071576937983,6.884057971014E-02));
#2801 = CARTESIAN_POINT('',(-8.065240705403,1.041455944142));
#2802 = CARTESIAN_POINT('',(-7.931872054364,2.014068561018));
#2803 = CARTESIAN_POINT('',(-7.671785285368,2.966793696647));
#2804 = CARTESIAN_POINT('',(-7.286473793312,3.88412421289));
#2805 = CARTESIAN_POINT('',(-6.785571668148,4.743141763612));
#2806 = CARTESIAN_POINT('',(-6.173118255643,5.535977875887));
#2807 = CARTESIAN_POINT('',(-5.460413751772,6.24160510285));
#2808 = CARTESIAN_POINT('',(-4.664327538022,6.844412741338));
#2809 = CARTESIAN_POINT('',(-3.798690983766,7.339937004643));
#2810 = CARTESIAN_POINT('',(-2.877888783205,7.715469114951));
#2811 = CARTESIAN_POINT('',(-1.922191369101,7.966888192142));
#2812 = CARTESIAN_POINT('',(-0.948155748163,8.091042063364));
#2813 = CARTESIAN_POINT('',(0.99905941206,8.084916496114));
#2814 = CARTESIAN_POINT('',(1.972378479696,7.954774258643));
#2815 = CARTESIAN_POINT('',(2.926026031444,7.695998779744));
#2816 = CARTESIAN_POINT('',(3.846884658449,7.31980158482));
#2817 = CARTESIAN_POINT('',(4.701449165619,6.805750720289));
#2818 = CARTESIAN_POINT('',(5.51353802514,6.221555326523));
#2819 = CARTESIAN_POINT('',(6.187687472953,5.477071867733));
#2820 = CARTESIAN_POINT('',(6.839600279719,4.720506765006));
#2821 = CARTESIAN_POINT('',(7.292551170675,3.815755490765));
#2822 = CARTESIAN_POINT('',(7.695953301845,2.936068610297));
#2823 = CARTESIAN_POINT('',(7.949998271433,1.963258753561));
#2824 = CARTESIAN_POINT('',(8.069744452409,0.952667417535));
#2825 = CARTESIAN_POINT('',(8.07114907901,4.909630081783E-02));
#2826 = ( GEOMETRIC_REPRESENTATION_CONTEXT(2) 
PARAMETRIC_REPRESENTATION_CONTEXT() REPRESENTATION_CONTEXT('2D SPACE',''
  ) );
#2827 = PCURVE('',#2047,#2828);
#2828 = DEFINITIONAL_REPRESENTATION('',(#2829),#2833);
#2829 = LINE('',#2830,#2831);
#2830 = CARTESIAN_POINT('',(0.,0.));
#2831 = VECTOR('',#2832,1.);
#2832 = DIRECTION('',(0.,1.));
#2833 = ( GEOMETRIC_REPRESENTATION_CONTEXT(2) 
PARAMETRIC_REPRESENTATION_CONTEXT() REPRESENTATION_CONTEXT('2D SPACE',''
  ) );
#2834 = ORIENTED_EDGE('',*,*,#2835,.T.);
#2835 = EDGE_CURVE('',#2755,#2836,#2838,.T.);
#2836 = VERTEX_POINT('',#2837);
#2837 = CARTESIAN_POINT('',(-5.230425893629,8.071142849322,58.4));
#2838 = SURFACE_CURVE('',#2839,(#2869,#2902),.PCURVE_S1.);
#2839 = ( BOUNDED_CURVE() B_SPLINE_CURVE(10,(#2840,#2841,#2842,#2843,
    #2844,#2845,#2846,#2847,#2848,#2849,#2850,#2851,#2852,#2853,#2854,
    #2855,#2856,#2857,#2858,#2859,#2860,#2861,#2862,#2863,#2864,#2865,
#2866,#2867,#2868),.UNSPECIFIED.,.F.,.F.) B_SPLINE_CURVE_WITH_KNOTS((11,
    9,9,11),(22.447376134531,22.452207829944,32.838924791967,
32.843755192779),.UNSPECIFIED.) CURVE() GEOMETRIC_REPRESENTATION_ITEM() 
RATIONAL_B_SPLINE_CURVE((1.,1.,1.,1.,1.,1.,1.,1.,1.,1.,1.,1.,1.,1.,1.,1.
,1.,1.,1.,1.,1.,1.,1.,1.,1.,1.,1.,1.,1.)) REPRESENTATION_ITEM('') );
#2840 = CARTESIAN_POINT('',(5.230255721108,8.07114907901,58.4));
#2841 = CARTESIAN_POINT('',(5.22975022511,8.071149864818,58.4));
#2842 = CARTESIAN_POINT('',(5.229244764693,8.071150648816,58.4));
#2843 = CARTESIAN_POINT('',(5.228739339878,8.071151431006,58.4));
#2844 = CARTESIAN_POINT('',(5.22823395069,8.07115221139,58.4));
#2845 = CARTESIAN_POINT('',(5.227728597151,8.071152989971,58.4));
#2846 = CARTESIAN_POINT('',(5.227223279287,8.07115376675,58.4));
#2847 = CARTESIAN_POINT('',(5.22671799712,8.07115454173,58.4));
#2848 = CARTESIAN_POINT('',(5.226212750674,8.071155314913,58.4));
#2849 = CARTESIAN_POINT('',(5.225707539972,8.071156086301,58.4));
#2850 = CARTESIAN_POINT('',(4.139225579903,8.072811257735,58.4));
#2851 = CARTESIAN_POINT('',(3.10533736638,8.070259082497,58.4));
#2852 = CARTESIAN_POINT('',(2.067872931084,8.073370042269,58.4));
#2853 = CARTESIAN_POINT('',(1.039751149812,8.070024574135,58.4));
#2854 = CARTESIAN_POINT('',(2.825279104915E-05,8.073532574227,58.4));
#2855 = CARTESIAN_POINT('',(-1.039799123685,8.070016292711,58.4));
#2856 = CARTESIAN_POINT('',(-2.067797964882,8.073383541485,58.4));
#2857 = CARTESIAN_POINT('',(-3.105299917951,8.070244238265,58.4));
#2858 = CARTESIAN_POINT('',(-4.139138232177,8.07282228357,58.4));
#2859 = CARTESIAN_POINT('',(-5.225877868655,8.071149926563,58.4));
#2860 = CARTESIAN_POINT('',(-5.226383063473,8.071149147395,58.4));
#2861 = CARTESIAN_POINT('',(-5.226888293668,8.071148366433,58.4));
#2862 = CARTESIAN_POINT('',(-5.227393559215,8.071147583677,58.4));
#2863 = CARTESIAN_POINT('',(-5.227898860095,8.071146799123,58.4));
#2864 = CARTESIAN_POINT('',(-5.228404196278,8.071146012771,58.4));
#2865 = CARTESIAN_POINT('',(-5.228909567749,8.071145224616,58.4));
#2866 = CARTESIAN_POINT('',(-5.229414974478,8.071144434658,58.4));
#2867 = CARTESIAN_POINT('',(-5.229920416446,8.071143642894,58.4));
#2868 = CARTESIAN_POINT('',(-5.230425893629,8.071142849322,58.4));
#2869 = PCURVE('',#1140,#2870);
#2870 = DEFINITIONAL_REPRESENTATION('',(#2871),#2901);
#2871 = B_SPLINE_CURVE_WITH_KNOTS('',10,(#2872,#2873,#2874,#2875,#2876,
    #2877,#2878,#2879,#2880,#2881,#2882,#2883,#2884,#2885,#2886,#2887,
    #2888,#2889,#2890,#2891,#2892,#2893,#2894,#2895,#2896,#2897,#2898,
    #2899,#2900),.UNSPECIFIED.,.F.,.F.,(11,9,9,11),(22.447376134531,
    22.452207829944,32.838924791967,32.843755192779),.UNSPECIFIED.);
#2872 = CARTESIAN_POINT('',(8.07114907901,4.909630081782E-02));
#2873 = CARTESIAN_POINT('',(8.071149864818,4.859080482066E-02));
#2874 = CARTESIAN_POINT('',(8.071150648816,4.808534440284E-02));
#2875 = CARTESIAN_POINT('',(8.071151431005,4.757991958796E-02));
#2876 = CARTESIAN_POINT('',(8.071152211391,4.707453039963E-02));
#2877 = CARTESIAN_POINT('',(8.071152989969,4.656917686142E-02));
#2878 = CARTESIAN_POINT('',(8.071153766751,4.606385899696E-02));
#2879 = CARTESIAN_POINT('',(8.07115454173,4.555857682982E-02));
#2880 = CARTESIAN_POINT('',(8.071155314913,4.505333038361E-02));
#2881 = CARTESIAN_POINT('',(8.071156086301,4.454811968191E-02));
#2882 = CARTESIAN_POINT('',(8.072811257735,-1.041933840386));
#2883 = CARTESIAN_POINT('',(8.070259082497,-2.075822053909));
#2884 = CARTESIAN_POINT('',(8.073370042269,-3.113286489205));
#2885 = CARTESIAN_POINT('',(8.070024574135,-4.141408270478));
#2886 = CARTESIAN_POINT('',(8.073532574228,-5.181131167499));
#2887 = CARTESIAN_POINT('',(8.070016292711,-6.220958543975));
#2888 = CARTESIAN_POINT('',(8.073383541485,-7.248957385172));
#2889 = CARTESIAN_POINT('',(8.070244238265,-8.286459338241));
#2890 = CARTESIAN_POINT('',(8.07282228357,-9.320297652467));
#2891 = CARTESIAN_POINT('',(8.071149926563,-10.40703728894));
#2892 = CARTESIAN_POINT('',(8.071149147395,-10.40754248376));
#2893 = CARTESIAN_POINT('',(8.071148366433,-10.40804771395));
#2894 = CARTESIAN_POINT('',(8.071147583678,-10.4085529795));
#2895 = CARTESIAN_POINT('',(8.071146799122,-10.40905828038));
#2896 = CARTESIAN_POINT('',(8.071146012772,-10.40956361657));
#2897 = CARTESIAN_POINT('',(8.071145224615,-10.41006898803));
#2898 = CARTESIAN_POINT('',(8.071144434658,-10.41057439476));
#2899 = CARTESIAN_POINT('',(8.071143642894,-10.41107983673));
#2900 = CARTESIAN_POINT('',(8.071142849322,-10.41158531391));
#2901 = ( GEOMETRIC_REPRESENTATION_CONTEXT(2) 
PARAMETRIC_REPRESENTATION_CONTEXT() REPRESENTATION_CONTEXT('2D SPACE',''
  ) );
#2902 = PCURVE('',#2903,#2991);
#2903 = ( BOUNDED_SURFACE() B_SPLINE_SURFACE(2,10,(
    (#2904,#2905,#2906,#2907,#2908,#2909,#2910,#2911,#2912,#2913,#2914
      ,#2915,#2916,#2917,#2918,#2919,#2920,#2921,#2922,#2923,#2924,#2925
      ,#2926,#2927,#2928,#2929,#2930,#2931,#2932)
    ,(#2933,#2934,#2935,#2936,#2937,#2938,#2939,#2940,#2941,#2942,#2943
      ,#2944,#2945,#2946,#2947,#2948,#2949,#2950,#2951,#2952,#2953,#2954
      ,#2955,#2956,#2957,#2958,#2959,#2960,#2961)
    ,(#2962,#2963,#2964,#2965,#2966,#2967,#2968,#2969,#2970,#2971,#2972
      ,#2973,#2974,#2975,#2976,#2977,#2978,#2979,#2980,#2981,#2982,#2983
      ,#2984,#2985,#2986,#2987,#2988,#2989,#2990
)),.UNSPECIFIED.,.F.,.F.,.F.) B_SPLINE_SURFACE_WITH_KNOTS((3,3),(11,9,9,
    11),(0.,10.396379058248),(22.447376134531,22.452207829944,
    32.838924791967,32.843755192779),.UNSPECIFIED.) 
GEOMETRIC_REPRESENTATION_ITEM() RATIONAL_B_SPLINE_SURFACE((
    (1.,1.,1.,1.,1.,1.,1.,1.,1.,1.,1.,1.,1.,1.,1.,1.,1.,1.,1.,1.,1.,1.
      ,1.,1.,1.,1.,1.,1.,1.)
    ,(0.704628765305,0.704628767474,0.704628769638,0.704628771796
      ,0.70462877395,0.704628776099,0.704628778243,0.704628780382
      ,0.704628782516,0.704628784645,0.704633352777,0.704626297579
      ,0.704634923112,0.704625610767,0.704635401724,0.704625587602
      ,0.704634960736,0.704626256395,0.704633383271,0.704628767644
      ,0.704628765494,0.704628763338,0.704628761178,0.704628759012
      ,0.704628756843,0.704628754667,0.704628752487,0.704628750301
      ,0.704628748111)
    ,(1.,1.,1.,1.,1.,1.,1.,1.,1.,1.,1.,1.,1.,1.,1.,1.,1.,1.,1.,1.,1.,1.
,1.,1.,1.,1.,1.,1.,1.))) REPRESENTATION_ITEM('') SURFACE() );
#2904 = CARTESIAN_POINT('',(5.230255721108,8.07114907901,58.4));
#2905 = CARTESIAN_POINT('',(5.22975022511,8.071149864818,58.4));
#2906 = CARTESIAN_POINT('',(5.229244764693,8.071150648816,58.4));
#2907 = CARTESIAN_POINT('',(5.228739339878,8.071151431006,58.4));
#2908 = CARTESIAN_POINT('',(5.22823395069,8.07115221139,58.4));
#2909 = CARTESIAN_POINT('',(5.227728597151,8.071152989971,58.4));
#2910 = CARTESIAN_POINT('',(5.227223279287,8.07115376675,58.4));
#2911 = CARTESIAN_POINT('',(5.22671799712,8.07115454173,58.4));
#2912 = CARTESIAN_POINT('',(5.226212750674,8.071155314913,58.4));
#2913 = CARTESIAN_POINT('',(5.225707539972,8.071156086301,58.4));
#2914 = CARTESIAN_POINT('',(4.139225579903,8.072811257735,58.4));
#2915 = CARTESIAN_POINT('',(3.10533736638,8.070259082497,58.4));
#2916 = CARTESIAN_POINT('',(2.067872931084,8.073370042269,58.4));
#2917 = CARTESIAN_POINT('',(1.039751149812,8.070024574135,58.4));
#2918 = CARTESIAN_POINT('',(2.825279104915E-05,8.073532574227,58.4));
#2919 = CARTESIAN_POINT('',(-1.039799123685,8.070016292711,58.4));
#2920 = CARTESIAN_POINT('',(-2.067797964882,8.073383541485,58.4));
#2921 = CARTESIAN_POINT('',(-3.105299917951,8.070244238265,58.4));
#2922 = CARTESIAN_POINT('',(-4.139138232177,8.07282228357,58.4));
#2923 = CARTESIAN_POINT('',(-5.225877868655,8.071149926563,58.4));
#2924 = CARTESIAN_POINT('',(-5.226383063473,8.071149147395,58.4));
#2925 = CARTESIAN_POINT('',(-5.226888293668,8.071148366433,58.4));
#2926 = CARTESIAN_POINT('',(-5.227393559215,8.071147583677,58.4));
#2927 = CARTESIAN_POINT('',(-5.227898860095,8.071146799123,58.4));
#2928 = CARTESIAN_POINT('',(-5.228404196278,8.071146012771,58.4));
#2929 = CARTESIAN_POINT('',(-5.228909567749,8.071145224616,58.4));
#2930 = CARTESIAN_POINT('',(-5.229414974478,8.071144434658,58.4));
#2931 = CARTESIAN_POINT('',(-5.229920416446,8.071143642894,58.4));
#2932 = CARTESIAN_POINT('',(-5.230425893629,8.071142849322,58.4));
#2933 = CARTESIAN_POINT('',(5.19718497419,7.165433511315,58.4));
#2934 = CARTESIAN_POINT('',(5.196701151114,7.165433511315,58.4));
#2935 = CARTESIAN_POINT('',(5.1962173295,7.165433511314,58.4));
#2936 = CARTESIAN_POINT('',(5.195733509346,7.165433511315,58.4));
#2937 = CARTESIAN_POINT('',(5.195249690651,7.165433511314,58.4));
#2938 = CARTESIAN_POINT('',(5.194765873415,7.165433511315,58.4));
#2939 = CARTESIAN_POINT('',(5.194282057634,7.165433511314,58.4));
#2940 = CARTESIAN_POINT('',(5.193798243309,7.165433511315,58.4));
#2941 = CARTESIAN_POINT('',(5.193314430438,7.165433511314,58.4));
#2942 = CARTESIAN_POINT('',(5.192830619019,7.165433511315,58.4));
#2943 = CARTESIAN_POINT('',(4.152305128295,7.165433511315,58.4));
#2944 = CARTESIAN_POINT('',(3.11864145959,7.165433511315,58.4));
#2945 = CARTESIAN_POINT('',(2.07314571266,7.165433511315,58.4));
#2946 = CARTESIAN_POINT('',(1.041007573754,7.165433511314,
    58.399999999999));
#2947 = CARTESIAN_POINT('',(3.309442626597E-05,7.165433511315,
    58.400000000002));
#2948 = CARTESIAN_POINT('',(-1.041069742811,7.165433511314,
    58.399999999998));
#2949 = CARTESIAN_POINT('',(-2.073093450257,7.165433511315,
    58.400000000001));
#2950 = CARTESIAN_POINT('',(-3.11867552697,7.165433511315,58.4));
#2951 = CARTESIAN_POINT('',(-4.152284724184,7.165433511315,58.4));
#2952 = CARTESIAN_POINT('',(-5.192830498909,7.165433511315,58.4));
#2953 = CARTESIAN_POINT('',(-5.193314190233,7.165433511315,58.4));
#2954 = CARTESIAN_POINT('',(-5.193797883027,7.165433511314,58.4));
#2955 = CARTESIAN_POINT('',(-5.194281577287,7.165433511315,58.4));
#2956 = CARTESIAN_POINT('',(-5.194765273022,7.165433511314,58.4));
#2957 = CARTESIAN_POINT('',(-5.195248970225,7.165433511315,58.4));
#2958 = CARTESIAN_POINT('',(-5.195732668905,7.165433511315,58.4));
#2959 = CARTESIAN_POINT('',(-5.196216369058,7.165433511315,58.4));
#2960 = CARTESIAN_POINT('',(-5.196700070688,7.165433511315,58.4));
#2961 = CARTESIAN_POINT('',(-5.197183773795,7.165433511315,58.4));
#2962 = CARTESIAN_POINT('',(5.197416357184,7.171770446479,
    57.493703054411));
#2963 = CARTESIAN_POINT('',(5.196932382267,7.171770446441,
    57.493703059913));
#2964 = CARTESIAN_POINT('',(5.196448409052,7.171770446403,
    57.493703065402));
#2965 = CARTESIAN_POINT('',(5.195964437538,7.171770446364,
    57.493703070878));
#2966 = CARTESIAN_POINT('',(5.195480467721,7.171770446326,
    57.493703076342));
#2967 = CARTESIAN_POINT('',(5.194996499605,7.171770446288,
    57.493703081792));
#2968 = CARTESIAN_POINT('',(5.194512533184,7.17177044625,57.493703087231
    ));
#2969 = CARTESIAN_POINT('',(5.194028568461,7.171770446212,
    57.493703092656));
#2970 = CARTESIAN_POINT('',(5.193544605431,7.171770446174,
    57.493703098069));
#2971 = CARTESIAN_POINT('',(5.193060644095,7.171770446136,57.49370310347
    ));
#2972 = CARTESIAN_POINT('',(4.152206501469,7.171770365113,
    57.493714691286));
#2973 = CARTESIAN_POINT('',(3.118568624677,7.171770490248,
    57.493696794672));
#2974 = CARTESIAN_POINT('',(2.073079663612,7.171770337261,
    57.493718674571));
#2975 = CARTESIAN_POINT('',(1.041020414466,7.171770502429,
    57.493695052636));
#2976 = CARTESIAN_POINT('',(3.345614770252E-05,7.171770328773,
    57.493719888515));
#2977 = CARTESIAN_POINT('',(-1.041083185685,7.17177050284,
    57.493694993876));
#2978 = CARTESIAN_POINT('',(-2.073026752976,7.171770336594,
    57.49371877001));
#2979 = CARTESIAN_POINT('',(-3.118602440945,7.171770490979,
    57.493696690201));
#2980 = CARTESIAN_POINT('',(-4.152185552031,7.171770364572,
    57.493714768637));
#2981 = CARTESIAN_POINT('',(-5.193061718122,7.171770446438,
    57.493703060345));
#2982 = CARTESIAN_POINT('',(-5.193545560097,7.171770446476,
    57.49370305489));
#2983 = CARTESIAN_POINT('',(-5.194029403778,7.171770446514,
    57.493703049423));
#2984 = CARTESIAN_POINT('',(-5.194513249169,7.171770446553,
    57.493703043942));
#2985 = CARTESIAN_POINT('',(-5.194997096264,7.171770446591,
    57.49370303845));
#2986 = CARTESIAN_POINT('',(-5.195480945075,7.17177044663,
    57.493703032944));
#2987 = CARTESIAN_POINT('',(-5.195964795591,7.171770446668,
    57.493703027426));
#2988 = CARTESIAN_POINT('',(-5.196448647824,7.171770446707,
    57.493703021896));
#2989 = CARTESIAN_POINT('',(-5.196932501768,7.171770446746,
    57.493703016352));
#2990 = CARTESIAN_POINT('',(-5.197416357428,7.171770446784,
    57.493703010797));
#2991 = DEFINITIONAL_REPRESENTATION('',(#2992),#2996);
#2992 = LINE('',#2993,#2994);
#2993 = CARTESIAN_POINT('',(0.,0.));
#2994 = VECTOR('',#2995,1.);
#2995 = DIRECTION('',(0.,1.));
#2996 = ( GEOMETRIC_REPRESENTATION_CONTEXT(2) 
PARAMETRIC_REPRESENTATION_CONTEXT() REPRESENTATION_CONTEXT('2D SPACE',''
  ) );
#2997 = ORIENTED_EDGE('',*,*,#2998,.T.);
#2998 = EDGE_CURVE('',#2836,#2999,#3001,.T.);
#2999 = VERTEX_POINT('',#3000);
#3000 = CARTESIAN_POINT('',(-6.15,-8.015341355081,58.4));
#3001 = SURFACE_CURVE('',#3002,(#3041,#3071),.PCURVE_S1.);
#3002 = B_SPLINE_CURVE_WITH_KNOTS('',13,(#3003,#3004,#3005,#3006,#3007,
    #3008,#3009,#3010,#3011,#3012,#3013,#3014,#3015,#3016,#3017,#3018,
    #3019,#3020,#3021,#3022,#3023,#3024,#3025,#3026,#3027,#3028,#3029,
    #3030,#3031,#3032,#3033,#3034,#3035,#3036,#3037,#3038,#3039,#3040),
  .UNSPECIFIED.,.F.,.F.,(14,12,12,14),(32.843755192779,44.116349460028,
    55.297607405578,57.208627330602),.UNSPECIFIED.);
#3003 = CARTESIAN_POINT('',(-5.230425893629,8.071142849322,58.4));
#3004 = CARTESIAN_POINT('',(-6.137826177597,8.069718280183,
    58.400000000004));
#3005 = CARTESIAN_POINT('',(-7.152022552163,7.948980064598,
    58.399999999982));
#3006 = CARTESIAN_POINT('',(-8.128541255713,7.693015328598,
    58.400000000051));
#3007 = CARTESIAN_POINT('',(-9.012291234138,7.286331661125,
    58.399999999894));
#3008 = CARTESIAN_POINT('',(-9.917482013112,6.829581898087,
    58.400000000175));
#3009 = CARTESIAN_POINT('',(-10.67887530118,6.174077911061,
    58.399999999768));
#3010 = CARTESIAN_POINT('',(-11.42240370027,5.491532693335,
    58.40000000025));
#3011 = CARTESIAN_POINT('',(-12.0060052671,4.677523380816,
    58.399999999782));
#3012 = CARTESIAN_POINT('',(-12.51913018673,3.815125614454,
    58.400000000153));
#3013 = CARTESIAN_POINT('',(-12.8922569609,2.889556554347,
    58.399999999915));
#3014 = CARTESIAN_POINT('',(-13.14720584351,1.930239753448,
    58.400000000036));
#3015 = CARTESIAN_POINT('',(-13.27221413058,0.952175995072,
    58.399999999989));
#3016 = CARTESIAN_POINT('',(-13.26608856298,-0.995039275278,
    58.400000000016));
#3017 = CARTESIAN_POINT('',(-13.13680343489,-1.964322023373,
    58.399999999914));
#3018 = CARTESIAN_POINT('',(-12.88170138983,-2.914483601841,
    58.400000000241));
#3019 = CARTESIAN_POINT('',(-12.50267096422,-3.830113426807,
    58.399999999524));
#3020 = CARTESIAN_POINT('',(-12.00715108045,-4.689110468288,
    58.400000000713));
#3021 = CARTESIAN_POINT('',(-11.40240415382,-5.481163615931,
    58.399999999161));
#3022 = CARTESIAN_POINT('',(-10.69728343865,-6.18825893249,
    58.40000000079));
#3023 = CARTESIAN_POINT('',(-9.907906551979,-6.794595319762,
    58.399999999401));
#3024 = CARTESIAN_POINT('',(-9.050364654637,-7.293222215664,
    58.400000000364));
#3025 = CARTESIAN_POINT('',(-8.136545376527,-7.674718391413,
    58.399999999827));
#3026 = CARTESIAN_POINT('',(-7.187407910134,-7.932970364781,
    58.400000000061));
#3027 = CARTESIAN_POINT('',(-6.218717676677,-8.065266097415,
    58.399999999987));
#3028 = CARTESIAN_POINT('',(-5.084433764889,-8.072655541315,
    58.400000000002));
#3029 = CARTESIAN_POINT('',(-4.918867529777,-8.073734144646,
    58.400000000004));
#3030 = CARTESIAN_POINT('',(-4.753301294666,-8.074812747978,
    58.400000000006));
#3031 = CARTESIAN_POINT('',(-4.587735059554,-8.075891351309,
    58.400000000007));
#3032 = CARTESIAN_POINT('',(-4.422168824443,-8.076969954641,
    58.400000000008));
#3033 = CARTESIAN_POINT('',(-4.256602589331,-8.078048557972,
    58.400000000008));
#3034 = CARTESIAN_POINT('',(-4.09103635422,-8.079127161303,
    58.400000000008));
#3035 = CARTESIAN_POINT('',(-3.925470119108,-8.080205764634,
    58.400000000008));
#3036 = CARTESIAN_POINT('',(-3.759903883997,-8.081284367965,
    58.400000000007));
#3037 = CARTESIAN_POINT('',(-3.594337648885,-8.082362971296,
    58.400000000006));
#3038 = CARTESIAN_POINT('',(-3.428771413773,-8.083441574627,
    58.400000000004));
#3039 = CARTESIAN_POINT('',(-3.263205178662,-8.084520177958,
    58.400000000002));
#3040 = CARTESIAN_POINT('',(-3.09763894355,-8.085598781289,58.4));
#3041 = PCURVE('',#1140,#3042);
#3042 = DEFINITIONAL_REPRESENTATION('',(#3043),#3070);
#3043 = B_SPLINE_CURVE_WITH_KNOTS('',13,(#3044,#3045,#3046,#3047,#3048,
    #3049,#3050,#3051,#3052,#3053,#3054,#3055,#3056,#3057,#3058,#3059,
    #3060,#3061,#3062,#3063,#3064,#3065,#3066,#3067,#3068,#3069),
  .UNSPECIFIED.,.F.,.F.,(14,12,14),(32.843755192779,44.116349460028,
    55.297607405578),.UNSPECIFIED.);
#3044 = CARTESIAN_POINT('',(8.071142849322,-10.41158531391));
#3045 = CARTESIAN_POINT('',(8.069718280183,-11.31898559788));
#3046 = CARTESIAN_POINT('',(7.948980064599,-12.33318197245));
#3047 = CARTESIAN_POINT('',(7.693015328595,-13.309700676));
#3048 = CARTESIAN_POINT('',(7.286331661129,-14.19345065442));
#3049 = CARTESIAN_POINT('',(6.829581898082,-15.0986414334));
#3050 = CARTESIAN_POINT('',(6.174077911067,-15.86003472147));
#3051 = CARTESIAN_POINT('',(5.49153269333,-16.60356312057));
#3052 = CARTESIAN_POINT('',(4.677523380819,-17.18716468739));
#3053 = CARTESIAN_POINT('',(3.815125614452,-17.70028960702));
#3054 = CARTESIAN_POINT('',(2.889556554348,-18.07341638118));
#3055 = CARTESIAN_POINT('',(1.930239753448,-18.3283652638));
#3056 = CARTESIAN_POINT('',(0.952175995072,-18.45337355087));
#3057 = CARTESIAN_POINT('',(-0.995039275278,-18.44724798327));
#3058 = CARTESIAN_POINT('',(-1.964322023372,-18.31796285517));
#3059 = CARTESIAN_POINT('',(-2.914483601843,-18.06286081015));
#3060 = CARTESIAN_POINT('',(-3.830113426803,-17.68383038446));
#3061 = CARTESIAN_POINT('',(-4.689110468295,-17.18831050082));
#3062 = CARTESIAN_POINT('',(-5.481163615923,-16.58356357401));
#3063 = CARTESIAN_POINT('',(-6.188258932498,-15.87844285903));
#3064 = CARTESIAN_POINT('',(-6.794595319756,-15.08906597219));
#3065 = CARTESIAN_POINT('',(-7.293222215668,-14.23152407497));
#3066 = CARTESIAN_POINT('',(-7.674718391411,-13.31770479679));
#3067 = CARTESIAN_POINT('',(-7.932970364781,-12.36856733043));
#3068 = CARTESIAN_POINT('',(-8.065266097414,-11.39987709696));
#3069 = CARTESIAN_POINT('',(-8.071576937983,-10.43115942029));
#3070 = ( GEOMETRIC_REPRESENTATION_CONTEXT(2) 
PARAMETRIC_REPRESENTATION_CONTEXT() REPRESENTATION_CONTEXT('2D SPACE',''
  ) );
#3071 = PCURVE('',#3072,#3187);
#3072 = ( BOUNDED_SURFACE() B_SPLINE_SURFACE(2,13,(
    (#3073,#3074,#3075,#3076,#3077,#3078,#3079,#3080,#3081,#3082,#3083
      ,#3084,#3085,#3086,#3087,#3088,#3089,#3090,#3091,#3092,#3093,#3094
      ,#3095,#3096,#3097,#3098,#3099,#3100,#3101,#3102,#3103,#3104,#3105
      ,#3106,#3107,#3108,#3109,#3110)
    ,(#3111,#3112,#3113,#3114,#3115,#3116,#3117,#3118,#3119,#3120,#3121
      ,#3122,#3123,#3124,#3125,#3126,#3127,#3128,#3129,#3130,#3131,#3132
      ,#3133,#3134,#3135,#3136,#3137,#3138,#3139,#3140,#3141,#3142,#3143
      ,#3144,#3145,#3146,#3147,#3148)
    ,(#3149,#3150,#3151,#3152,#3153,#3154,#3155,#3156,#3157,#3158,#3159
      ,#3160,#3161,#3162,#3163,#3164,#3165,#3166,#3167,#3168,#3169,#3170
      ,#3171,#3172,#3173,#3174,#3175,#3176,#3177,#3178,#3179,#3180,#3181
      ,#3182,#3183,#3184,#3185,#3186
)),.UNSPECIFIED.,.F.,.F.,.F.) B_SPLINE_SURFACE_WITH_KNOTS((3,3),(14,12,
    12,14),(0.,22.4538522128),(32.843755192779,44.116349460028,
    55.297607405578,57.208627330602),.UNSPECIFIED.) 
GEOMETRIC_REPRESENTATION_ITEM() RATIONAL_B_SPLINE_SURFACE((
    (1.,1.,1.,1.,1.,1.,1.,1.,1.,1.,1.,1.,1.,1.,1.,1.,1.,1.,1.,1.,1.,1.
      ,1.,1.,1.,1.,1.,1.,1.,1.,1.,1.,1.,1.,1.,1.,1.,1.)
    ,(0.704628748111,0.704395345987,0.704136143065,0.703936751901
      ,0.703658403728,0.703504185973,0.703250955939,0.70312066172
      ,0.702942477934,0.702833059121,0.702734946971,0.702673530638
      ,0.702642541945,0.702644050407,0.702675915958,0.702738836928
      ,0.702832276732,0.702954341845,0.703103613055,0.703277111769
      ,0.703471407779,0.70368304185,0.703907601224,0.704141248125
      ,0.704379479698,0.70465835187,0.704692273283,0.704719410413
      ,0.704739763261,0.704753331826,0.704760116108,0.704760116108
      ,0.704753331826,0.704739763261,0.704719410413,0.704692273283
      ,0.70465835187,0.704617646174)
    ,(1.,1.,1.,1.,1.,1.,1.,1.,1.,1.,1.,1.,1.,1.,1.,1.,1.,1.,1.,1.,1.,1.
      ,1.,1.,1.,1.,1.,1.,1.,1.,1.,1.,1.,1.,1.,1.,1.,1.
))) REPRESENTATION_ITEM('') SURFACE() );
#3073 = CARTESIAN_POINT('',(-5.230425893629,8.071142849322,58.4));
#3074 = CARTESIAN_POINT('',(-6.137826177597,8.069718280183,
    58.400000000004));
#3075 = CARTESIAN_POINT('',(-7.152022552163,7.948980064598,
    58.399999999982));
#3076 = CARTESIAN_POINT('',(-8.128541255713,7.693015328598,
    58.400000000051));
#3077 = CARTESIAN_POINT('',(-9.012291234138,7.286331661125,
    58.399999999894));
#3078 = CARTESIAN_POINT('',(-9.917482013112,6.829581898087,
    58.400000000175));
#3079 = CARTESIAN_POINT('',(-10.67887530118,6.174077911061,
    58.399999999768));
#3080 = CARTESIAN_POINT('',(-11.42240370027,5.491532693335,
    58.40000000025));
#3081 = CARTESIAN_POINT('',(-12.0060052671,4.677523380816,
    58.399999999782));
#3082 = CARTESIAN_POINT('',(-12.51913018673,3.815125614454,
    58.400000000153));
#3083 = CARTESIAN_POINT('',(-12.8922569609,2.889556554347,
    58.399999999915));
#3084 = CARTESIAN_POINT('',(-13.14720584351,1.930239753448,
    58.400000000036));
#3085 = CARTESIAN_POINT('',(-13.27221413058,0.952175995072,
    58.399999999989));
#3086 = CARTESIAN_POINT('',(-13.26608856298,-0.995039275278,
    58.400000000016));
#3087 = CARTESIAN_POINT('',(-13.13680343489,-1.964322023373,
    58.399999999914));
#3088 = CARTESIAN_POINT('',(-12.88170138983,-2.914483601841,
    58.400000000241));
#3089 = CARTESIAN_POINT('',(-12.50267096422,-3.830113426807,
    58.399999999524));
#3090 = CARTESIAN_POINT('',(-12.00715108045,-4.689110468288,
    58.400000000713));
#3091 = CARTESIAN_POINT('',(-11.40240415382,-5.481163615931,
    58.399999999161));
#3092 = CARTESIAN_POINT('',(-10.69728343865,-6.18825893249,
    58.40000000079));
#3093 = CARTESIAN_POINT('',(-9.907906551979,-6.794595319762,
    58.399999999401));
#3094 = CARTESIAN_POINT('',(-9.050364654637,-7.293222215664,
    58.400000000364));
#3095 = CARTESIAN_POINT('',(-8.136545376527,-7.674718391413,
    58.399999999827));
#3096 = CARTESIAN_POINT('',(-7.187407910134,-7.932970364781,
    58.400000000061));
#3097 = CARTESIAN_POINT('',(-6.218717676677,-8.065266097415,
    58.399999999987));
#3098 = CARTESIAN_POINT('',(-5.084433764889,-8.072655541315,
    58.400000000002));
#3099 = CARTESIAN_POINT('',(-4.918867529777,-8.073734144646,
    58.400000000004));
#3100 = CARTESIAN_POINT('',(-4.753301294666,-8.074812747978,
    58.400000000006));
#3101 = CARTESIAN_POINT('',(-4.587735059554,-8.075891351309,
    58.400000000007));
#3102 = CARTESIAN_POINT('',(-4.422168824443,-8.076969954641,
    58.400000000008));
#3103 = CARTESIAN_POINT('',(-4.256602589331,-8.078048557972,
    58.400000000008));
#3104 = CARTESIAN_POINT('',(-4.09103635422,-8.079127161303,
    58.400000000008));
#3105 = CARTESIAN_POINT('',(-3.925470119108,-8.080205764634,
    58.400000000008));
#3106 = CARTESIAN_POINT('',(-3.759903883997,-8.081284367965,
    58.400000000007));
#3107 = CARTESIAN_POINT('',(-3.594337648885,-8.082362971296,
    58.400000000006));
#3108 = CARTESIAN_POINT('',(-3.428771413773,-8.083441574627,
    58.400000000004));
#3109 = CARTESIAN_POINT('',(-3.263205178662,-8.084520177958,
    58.400000000002));
#3110 = CARTESIAN_POINT('',(-3.09763894355,-8.085598781289,58.4));
#3111 = CARTESIAN_POINT('',(-5.197183773795,7.165433511315,58.4));
#3112 = CARTESIAN_POINT('',(-6.065762842233,7.164847506963,58.4));
#3113 = CARTESIAN_POINT('',(-6.935274955802,7.050447019794,58.4));
#3114 = CARTESIAN_POINT('',(-7.788981744336,6.818954989893,
    58.400000000001));
#3115 = CARTESIAN_POINT('',(-8.576298449023,6.489306919922,
    58.399999999998));
#3116 = CARTESIAN_POINT('',(-9.410873223955,6.032571471823,
    58.400000000004));
#3117 = CARTESIAN_POINT('',(-10.03331080482,5.497721897565,
    58.399999999994));
#3118 = CARTESIAN_POINT('',(-10.74101178307,4.862035582112,
    58.400000000007));
#3119 = CARTESIAN_POINT('',(-11.22760571731,4.153301280427,
    58.399999999995));
#3120 = CARTESIAN_POINT('',(-11.69687947068,3.383120662956,
    58.400000000002));
#3121 = CARTESIAN_POINT('',(-12.02267442581,2.563586691022,
    58.399999999999));
#3122 = CARTESIAN_POINT('',(-12.24977570228,1.712261604109,58.4));
#3123 = CARTESIAN_POINT('',(-12.36046820094,0.844725830482,58.4));
#3124 = CARTESIAN_POINT('',(-12.35504385206,-0.882697971212,58.4));
#3125 = CARTESIAN_POINT('',(-12.24046024456,-1.742468006022,58.4));
#3126 = CARTESIAN_POINT('',(-12.01423149968,-2.585803546604,58.4));
#3127 = CARTESIAN_POINT('',(-11.67827699444,-3.397345260603,
    58.399999999999));
#3128 = CARTESIAN_POINT('',(-11.23934566252,-4.160069165695,58.4));
#3129 = CARTESIAN_POINT('',(-10.70240825136,-4.862882972758,
    58.400000000002));
#3130 = CARTESIAN_POINT('',(-10.07810023651,-5.489918676601,
    58.399999999997));
#3131 = CARTESIAN_POINT('',(-9.378566519801,-6.028816044841,
    58.400000000003));
#3132 = CARTESIAN_POINT('',(-8.61609075559,-6.472354274071,
    58.399999999998));
#3133 = CARTESIAN_POINT('',(-7.806580277389,-6.8109483667,
    58.400000000001));
#3134 = CARTESIAN_POINT('',(-6.963707806257,-7.04109671059,58.4));
#3135 = CARTESIAN_POINT('',(-6.103757778115,-7.159108125752,58.4));
#3136 = CARTESIAN_POINT('',(-5.096560007694,-7.166302263551,58.4));
#3137 = CARTESIAN_POINT('',(-4.946509679203,-7.167374031948,58.4));
#3138 = CARTESIAN_POINT('',(-4.793371493637,-7.168467856062,58.4));
#3139 = CARTESIAN_POINT('',(-4.637141385082,-7.169583764936,58.4));
#3140 = CARTESIAN_POINT('',(-4.477815109585,-7.170721788882,58.4));
#3141 = CARTESIAN_POINT('',(-4.315388244775,-7.171881959488,58.4));
#3142 = CARTESIAN_POINT('',(-4.149856189449,-7.173064309619,58.4));
#3143 = CARTESIAN_POINT('',(-3.981214163143,-7.174268873422,58.4));
#3144 = CARTESIAN_POINT('',(-3.809457205667,-7.175495686324,58.4));
#3145 = CARTESIAN_POINT('',(-3.634580176623,-7.176744785043,58.4));
#3146 = CARTESIAN_POINT('',(-3.456577754891,-7.178016207586,58.4));
#3147 = CARTESIAN_POINT('',(-3.27544443809,-7.179309993255,58.4));
#3148 = CARTESIAN_POINT('',(-3.091174542013,-7.180626182651,58.4));
#3149 = CARTESIAN_POINT('',(-5.197416357428,7.171770446784,
    57.493703010797));
#3150 = CARTESIAN_POINT('',(-6.066003216512,7.171774586556,
    57.493110948153));
#3151 = CARTESIAN_POINT('',(-6.936307274591,7.058068751049,
    57.492453651354));
#3152 = CARTESIAN_POINT('',(-7.791276829932,6.827026788429,
    57.491948353021));
#3153 = CARTESIAN_POINT('',(-8.579381878428,6.497593679848,
    57.491242830983));
#3154 = CARTESIAN_POINT('',(-9.415409867715,6.041106457549,
    57.49085261267));
#3155 = CARTESIAN_POINT('',(-10.03922953776,5.506002864159,
    57.490210989783));
#3156 = CARTESIAN_POINT('',(-10.7483913028,4.869626674085,
    57.489881612428));
#3157 = CARTESIAN_POINT('',(-11.2362370997,4.160180982447,
    57.489430430006));
#3158 = CARTESIAN_POINT('',(-11.70668673743,3.388722284243,
    57.489153749549));
#3159 = CARTESIAN_POINT('',(-12.03332030314,2.567877761258,
    57.488905503337));
#3160 = CARTESIAN_POINT('',(-12.26099013987,1.715078778143,
    57.488750163105));
#3161 = CARTESIAN_POINT('',(-12.37194426718,0.846077138954,
    57.488671775141));
#3162 = CARTESIAN_POINT('',(-12.36650722967,-0.884112664633,
    57.488675590845));
#3163 = CARTESIAN_POINT('',(-12.25165160605,-1.745335997396,
    57.488756195173));
#3164 = CARTESIAN_POINT('',(-12.0248588267,-2.590109076581,
    57.488915355345));
#3165 = CARTESIAN_POINT('',(-11.68804296214,-3.403002050981,
    57.489151727941));
#3166 = CARTESIAN_POINT('',(-11.24799649946,-4.166861186273,
    57.489460555677));
#3167 = CARTESIAN_POINT('',(-10.70975989995,-4.870554861024,
    57.489838286504));
#3168 = CARTESIAN_POINT('',(-10.08403706142,-5.49815380472,
    57.490277440586));
#3169 = CARTESIAN_POINT('',(-9.383103993496,-6.037266331512,
    57.490769385383));
#3170 = CARTESIAN_POINT('',(-8.619348652344,-6.480727095254,
    57.491305417253));
#3171 = CARTESIAN_POINT('',(-7.808697534224,-6.81900580984,
    57.491874396199));
#3172 = CARTESIAN_POINT('',(-6.964917564781,-7.048660036244,
    57.492466627907));
#3173 = CARTESIAN_POINT('',(-6.104281333822,-7.166087000802,
    57.493070710442));
#3174 = CARTESIAN_POINT('',(-5.096465611852,-7.172568144507,
    57.493778104167));
#3175 = CARTESIAN_POINT('',(-4.946282687982,-7.173533953127,
    57.493883518734));
#3176 = CARTESIAN_POINT('',(-4.79302309207,-7.174519547461,
    57.49399109284));
#3177 = CARTESIAN_POINT('',(-4.636686824117,-7.175524927508,
    57.494100826486));
#3178 = CARTESIAN_POINT('',(-4.477273884121,-7.17655009327,
    57.494212719672));
#3179 = CARTESIAN_POINT('',(-4.314784272085,-7.177595044746,
    57.494326772397));
#3180 = CARTESIAN_POINT('',(-4.149217988006,-7.178659781935,
    57.494442984662));
#3181 = CARTESIAN_POINT('',(-3.980575031886,-7.179744304839,
    57.494561356467));
#3182 = CARTESIAN_POINT('',(-3.808855403724,-7.180848613456,
    57.494681887812));
#3183 = CARTESIAN_POINT('',(-3.63405910352,-7.181972707788,
    57.494804578696));
#3184 = CARTESIAN_POINT('',(-3.456186131275,-7.183116587833,
    57.494929429121));
#3185 = CARTESIAN_POINT('',(-3.275236486988,-7.184280253592,
    57.495056439084));
#3186 = CARTESIAN_POINT('',(-3.091210170659,-7.185463705065,
    57.495185608588));
#3187 = DEFINITIONAL_REPRESENTATION('',(#3188),#3192);
#3188 = LINE('',#3189,#3190);
#3189 = CARTESIAN_POINT('',(0.,0.));
#3190 = VECTOR('',#3191,1.);
#3191 = DIRECTION('',(0.,1.));
#3192 = ( GEOMETRIC_REPRESENTATION_CONTEXT(2) 
PARAMETRIC_REPRESENTATION_CONTEXT() REPRESENTATION_CONTEXT('2D SPACE',''
  ) );
#3193 = ORIENTED_EDGE('',*,*,#3194,.T.);
#3194 = EDGE_CURVE('',#2999,#2528,#3195,.T.);
#3195 = SURFACE_CURVE('',#3196,(#3200,#3207),.PCURVE_S1.);
#3196 = LINE('',#3197,#3198);
#3197 = CARTESIAN_POINT('',(-6.15,-7.165201568669,58.4));
#3198 = VECTOR('',#3199,1.);
#3199 = DIRECTION('',(0.,-1.,0.));
#3200 = PCURVE('',#1140,#3201);
#3201 = DEFINITIONAL_REPRESENTATION('',(#3202),#3206);
#3202 = LINE('',#3203,#3204);
#3203 = CARTESIAN_POINT('',(-7.165201568669,-11.33115942029));
#3204 = VECTOR('',#3205,1.);
#3205 = DIRECTION('',(-1.,0.));
#3206 = ( GEOMETRIC_REPRESENTATION_CONTEXT(2) 
PARAMETRIC_REPRESENTATION_CONTEXT() REPRESENTATION_CONTEXT('2D SPACE',''
  ) );
#3207 = PCURVE('',#1447,#3208);
#3208 = DEFINITIONAL_REPRESENTATION('',(#3209),#3213);
#3209 = LINE('',#3210,#3211);
#3210 = CARTESIAN_POINT('',(-0.,0.));
#3211 = VECTOR('',#3212,1.);
#3212 = DIRECTION('',(-0.,1.));
#3213 = ( GEOMETRIC_REPRESENTATION_CONTEXT(2) 
PARAMETRIC_REPRESENTATION_CONTEXT() REPRESENTATION_CONTEXT('2D SPACE',''
  ) );
#3214 = ORIENTED_EDGE('',*,*,#2694,.T.);
#3215 = ORIENTED_EDGE('',*,*,#1095,.T.);
#3216 = ORIENTED_EDGE('',*,*,#1642,.T.);
#3217 = ORIENTED_EDGE('',*,*,#1950,.F.);
#3218 = ADVANCED_FACE('',(#3219),#1479,.T.);
#3219 = FACE_BOUND('',#3220,.T.);
#3220 = EDGE_LOOP('',(#3221,#3222,#3223,#3246,#3275,#3327,#3356));
#3221 = ORIENTED_EDGE('',*,*,#1461,.T.);
#3222 = ORIENTED_EDGE('',*,*,#1865,.F.);
#3223 = ORIENTED_EDGE('',*,*,#3224,.T.);
#3224 = EDGE_CURVE('',#1866,#3225,#3227,.T.);
#3225 = VERTEX_POINT('',#3226);
#3226 = CARTESIAN_POINT('',(-5.25,-7.284299516908,41.4));
#3227 = SURFACE_CURVE('',#3228,(#3232,#3239),.PCURVE_S1.);
#3228 = LINE('',#3229,#3230);
#3229 = CARTESIAN_POINT('',(-5.25,-12.15144927536,41.4));
#3230 = VECTOR('',#3231,1.);
#3231 = DIRECTION('',(0.,1.,0.));
#3232 = PCURVE('',#1479,#3233);
#3233 = DEFINITIONAL_REPRESENTATION('',(#3234),#3238);
#3234 = LINE('',#3235,#3236);
#3235 = CARTESIAN_POINT('',(0.,0.));
#3236 = VECTOR('',#3237,1.);
#3237 = DIRECTION('',(0.,-1.));
#3238 = ( GEOMETRIC_REPRESENTATION_CONTEXT(2) 
PARAMETRIC_REPRESENTATION_CONTEXT() REPRESENTATION_CONTEXT('2D SPACE',''
  ) );
#3239 = PCURVE('',#1908,#3240);
#3240 = DEFINITIONAL_REPRESENTATION('',(#3241),#3245);
#3241 = LINE('',#3242,#3243);
#3242 = CARTESIAN_POINT('',(0.,0.));
#3243 = VECTOR('',#3244,1.);
#3244 = DIRECTION('',(0.,1.));
#3245 = ( GEOMETRIC_REPRESENTATION_CONTEXT(2) 
PARAMETRIC_REPRESENTATION_CONTEXT() REPRESENTATION_CONTEXT('2D SPACE',''
  ) );
#3246 = ORIENTED_EDGE('',*,*,#3247,.T.);
#3247 = EDGE_CURVE('',#3225,#3248,#3250,.T.);
#3248 = VERTEX_POINT('',#3249);
#3249 = CARTESIAN_POINT('',(-5.25,-7.2375,48.093181818182));
#3250 = SURFACE_CURVE('',#3251,(#3257,#3266),.PCURVE_S1.);
#3251 = B_SPLINE_CURVE_WITH_KNOTS('',4,(#3252,#3253,#3254,#3255,#3256),
  .UNSPECIFIED.,.F.,.F.,(5,5),(0.,1.),.PIECEWISE_BEZIER_KNOTS.);
#3252 = CARTESIAN_POINT('',(-5.25,-7.284299516908,41.4));
#3253 = CARTESIAN_POINT('',(-5.25,-7.272599634884,43.073295854579));
#3254 = CARTESIAN_POINT('',(-5.25,-7.260899754703,44.746591445629));
#3255 = CARTESIAN_POINT('',(-5.25,-7.249199876397,46.41988676844));
#3256 = CARTESIAN_POINT('',(-5.25,-7.2375,48.093181818182));
#3257 = PCURVE('',#1479,#3258);
#3258 = DEFINITIONAL_REPRESENTATION('',(#3259),#3265);
#3259 = B_SPLINE_CURVE_WITH_KNOTS('',4,(#3260,#3261,#3262,#3263,#3264),
  .UNSPECIFIED.,.F.,.F.,(5,5),(0.,1.),.PIECEWISE_BEZIER_KNOTS.);
#3260 = CARTESIAN_POINT('',(0.,-4.867149758454));
#3261 = CARTESIAN_POINT('',(1.673295854579,-4.878849640478));
#3262 = CARTESIAN_POINT('',(3.346591445629,-4.89054952066));
#3263 = CARTESIAN_POINT('',(5.01988676844,-4.902249398966));
#3264 = CARTESIAN_POINT('',(6.693181818182,-4.913949275362));
#3265 = ( GEOMETRIC_REPRESENTATION_CONTEXT(2) 
PARAMETRIC_REPRESENTATION_CONTEXT() REPRESENTATION_CONTEXT('2D SPACE',''
  ) );
#3266 = PCURVE('',#2268,#3267);
#3267 = DEFINITIONAL_REPRESENTATION('',(#3268),#3274);
#3268 = B_SPLINE_CURVE_WITH_KNOTS('',4,(#3269,#3270,#3271,#3272,#3273),
  .UNSPECIFIED.,.F.,.F.,(5,5),(0.,1.),.PIECEWISE_BEZIER_KNOTS.);
#3269 = CARTESIAN_POINT('',(10.961055277862,0.666666666667));
#3270 = CARTESIAN_POINT('',(10.970722520557,0.696022734291));
#3271 = CARTESIAN_POINT('',(10.980435393333,0.725378797292));
#3272 = CARTESIAN_POINT('',(10.990194389306,0.754734855587));
#3273 = CARTESIAN_POINT('',(11.,0.784090909091));
#3274 = ( GEOMETRIC_REPRESENTATION_CONTEXT(2) 
PARAMETRIC_REPRESENTATION_CONTEXT() REPRESENTATION_CONTEXT('2D SPACE',''
  ) );
#3275 = ORIENTED_EDGE('',*,*,#3276,.F.);
#3276 = EDGE_CURVE('',#3277,#3248,#3279,.T.);
#3277 = VERTEX_POINT('',#3278);
#3278 = CARTESIAN_POINT('',(-5.249999999997,-7.171577902046,
    57.493670337181));
#3279 = SURFACE_CURVE('',#3280,(#3286,#3295),.PCURVE_S1.);
#3280 = B_SPLINE_CURVE_WITH_KNOTS('',4,(#3281,#3282,#3283,#3284,#3285),
  .UNSPECIFIED.,.F.,.F.,(5,5),(0.,1.),.PIECEWISE_BEZIER_KNOTS.);
#3281 = CARTESIAN_POINT('',(-5.25,-7.165201328233,58.4000342));
#3282 = CARTESIAN_POINT('',(-5.25,-7.18333456426,55.823321531574));
#3283 = CARTESIAN_POINT('',(-5.25,-7.201428360322,53.246608574907));
#3284 = CARTESIAN_POINT('',(-5.25,-7.219483315097,50.669895335404));
#3285 = CARTESIAN_POINT('',(-5.25,-7.2375,48.093181818182));
#3286 = PCURVE('',#1479,#3287);
#3287 = DEFINITIONAL_REPRESENTATION('',(#3288),#3294);
#3288 = B_SPLINE_CURVE_WITH_KNOTS('',4,(#3289,#3290,#3291,#3292,#3293),
  .UNSPECIFIED.,.F.,.F.,(5,5),(0.,1.),.PIECEWISE_BEZIER_KNOTS.);
#3289 = CARTESIAN_POINT('',(17.0000342,-4.986247947129));
#3290 = CARTESIAN_POINT('',(14.423321531574,-4.968114711102));
#3291 = CARTESIAN_POINT('',(11.846608574907,-4.950020915041));
#3292 = CARTESIAN_POINT('',(9.269895335404,-4.931965960265));
#3293 = CARTESIAN_POINT('',(6.693181818182,-4.913949275362));
#3294 = ( GEOMETRIC_REPRESENTATION_CONTEXT(2) 
PARAMETRIC_REPRESENTATION_CONTEXT() REPRESENTATION_CONTEXT('2D SPACE',''
  ) );
#3295 = PCURVE('',#3296,#3319);
#3296 = B_SPLINE_SURFACE_WITH_KNOTS('',10,1,(
    (#3297,#3298)
    ,(#3299,#3300)
    ,(#3301,#3302)
    ,(#3303,#3304)
    ,(#3305,#3306)
    ,(#3307,#3308)
    ,(#3309,#3310)
    ,(#3311,#3312)
    ,(#3313,#3314)
    ,(#3315,#3316)
    ,(#3317,#3318
    )),.UNSPECIFIED.,.F.,.F.,.F.,(11,11),(2,2),(0.,3.14159265359),(0.,1.
    ),.PIECEWISE_BEZIER_KNOTS.);
#3297 = CARTESIAN_POINT('',(-5.5,-7.55,3.4));
#3298 = CARTESIAN_POINT('',(-5.18115942029,-7.151449275362,60.4));
#3299 = CARTESIAN_POINT('',(-7.871902453461,-7.55,3.4));
#3300 = CARTESIAN_POINT('',(-7.42785347089,-7.151449275362,
    60.400000000002));
#3301 = CARTESIAN_POINT('',(-10.24380470089,-6.722052101824,3.4));
#3302 = CARTESIAN_POINT('',(-9.674547326337,-6.367207236098,
    60.399999999992));
#3303 = CARTESIAN_POINT('',(-12.29057373073,-5.066135792324,
    3.400000000001));
#3304 = CARTESIAN_POINT('',(-11.61327115353,-4.798703727272,
    60.400000000016));
#3305 = CARTESIAN_POINT('',(-13.68706155997,-2.728263876805,
    3.399999999999));
#3306 = CARTESIAN_POINT('',(-12.93604093822,-2.584243804606,
    60.399999999978));
#3307 = CARTESIAN_POINT('',(-14.18458720217,-2.065903004222E-12,
    3.400000000001));
#3308 = CARTESIAN_POINT('',(-13.40730310953,-1.889155498702E-12,
    60.400000000023));
#3309 = CARTESIAN_POINT('',(-13.68706155997,2.728263876808,
    3.399999999999));
#3310 = CARTESIAN_POINT('',(-12.93604093822,2.584243804609,
    60.399999999983));
#3311 = CARTESIAN_POINT('',(-12.29057373073,5.066135792321,3.4));
#3312 = CARTESIAN_POINT('',(-11.61327115352,4.798703727269,
    60.40000000001));
#3313 = CARTESIAN_POINT('',(-10.24380470089,6.722052101826,3.4));
#3314 = CARTESIAN_POINT('',(-9.674547326338,6.367207236099,
    60.399999999996));
#3315 = CARTESIAN_POINT('',(-7.87190245346,7.55,3.4));
#3316 = CARTESIAN_POINT('',(-7.42785347089,7.151449275362,
    60.400000000001));
#3317 = CARTESIAN_POINT('',(-5.5,7.55,3.4));
#3318 = CARTESIAN_POINT('',(-5.18115942029,7.151449275362,60.4));
#3319 = DEFINITIONAL_REPRESENTATION('',(#3320),#3326);
#3320 = B_SPLINE_CURVE_WITH_KNOTS('',4,(#3321,#3322,#3323,#3324,#3325),
  .UNSPECIFIED.,.F.,.F.,(5,5),(0.,1.),.PIECEWISE_BEZIER_KNOTS.);
#3321 = CARTESIAN_POINT('',(8.04612955042E-03,0.964912880702));
#3322 = CARTESIAN_POINT('',(6.01432255665E-03,0.919707395291));
#3323 = CARTESIAN_POINT('',(3.99618295066E-03,0.874501904823));
#3324 = CARTESIAN_POINT('',(1.991481578227E-03,0.829296409393));
#3325 = CARTESIAN_POINT('',(0.,0.784090909091));
#3326 = ( GEOMETRIC_REPRESENTATION_CONTEXT(2) 
PARAMETRIC_REPRESENTATION_CONTEXT() REPRESENTATION_CONTEXT('2D SPACE',''
  ) );
#3327 = ORIENTED_EDGE('',*,*,#3328,.F.);
#3328 = EDGE_CURVE('',#3329,#3277,#3331,.T.);
#3329 = VERTEX_POINT('',#3330);
#3330 = CARTESIAN_POINT('',(-5.25,-7.171555643512,57.5));
#3331 = SURFACE_CURVE('',#3332,(#3338,#3347),.PCURVE_S1.);
#3332 = B_SPLINE_CURVE_WITH_KNOTS('',4,(#3333,#3334,#3335,#3336,#3337),
  .UNSPECIFIED.,.F.,.F.,(5,5),(0.,1.),.PIECEWISE_BEZIER_KNOTS.);
#3333 = CARTESIAN_POINT('',(-5.25,-7.171555643848,57.4999753905));
#3334 = CARTESIAN_POINT('',(-5.25,-7.171555687013,57.498396843328));
#3335 = CARTESIAN_POINT('',(-5.25,-7.171559421807,57.496819807996));
#3336 = CARTESIAN_POINT('',(-5.25,-7.17156683232,57.495244300667));
#3337 = CARTESIAN_POINT('',(-5.25,-7.171577902508,57.493670337181));
#3338 = PCURVE('',#1479,#3339);
#3339 = DEFINITIONAL_REPRESENTATION('',(#3340),#3346);
#3340 = B_SPLINE_CURVE_WITH_KNOTS('',4,(#3341,#3342,#3343,#3344,#3345),
  .UNSPECIFIED.,.F.,.F.,(5,5),(0.,1.),.PIECEWISE_BEZIER_KNOTS.);
#3341 = CARTESIAN_POINT('',(16.0999753905,-4.979893631514));
#3342 = CARTESIAN_POINT('',(16.098396843328,-4.979893588349));
#3343 = CARTESIAN_POINT('',(16.096819807996,-4.979889853555));
#3344 = CARTESIAN_POINT('',(16.095244300667,-4.979882443043));
#3345 = CARTESIAN_POINT('',(16.093670337181,-4.979871372854));
#3346 = ( GEOMETRIC_REPRESENTATION_CONTEXT(2) 
PARAMETRIC_REPRESENTATION_CONTEXT() REPRESENTATION_CONTEXT('2D SPACE',''
  ) );
#3347 = PCURVE('',#3072,#3348);
#3348 = DEFINITIONAL_REPRESENTATION('',(#3349),#3355);
#3349 = B_SPLINE_CURVE_WITH_KNOTS('',4,(#3350,#3351,#3352,#3353,#3354),
  .UNSPECIFIED.,.F.,.F.,(5,5),(0.,1.),.PIECEWISE_BEZIER_KNOTS.);
#3350 = CARTESIAN_POINT('',(22.343171270452,55.291183663599));
#3351 = CARTESIAN_POINT('',(22.370841247189,55.291183663946));
#3352 = CARTESIAN_POINT('',(22.398511396427,55.291183693947));
#3353 = CARTESIAN_POINT('',(22.426181718235,55.291183753476));
#3354 = CARTESIAN_POINT('',(22.4538522128,55.291183842402));
#3355 = ( GEOMETRIC_REPRESENTATION_CONTEXT(2) 
PARAMETRIC_REPRESENTATION_CONTEXT() REPRESENTATION_CONTEXT('2D SPACE',''
  ) );
#3356 = ORIENTED_EDGE('',*,*,#3357,.T.);
#3357 = EDGE_CURVE('',#3329,#1428,#3358,.T.);
#3358 = SURFACE_CURVE('',#3359,(#3363,#3370),.PCURVE_S1.);
#3359 = LINE('',#3360,#3361);
#3360 = CARTESIAN_POINT('',(-5.25,-7.165201568669,57.5));
#3361 = VECTOR('',#3362,1.);
#3362 = DIRECTION('',(0.,-1.,0.));
#3363 = PCURVE('',#1479,#3364);
#3364 = DEFINITIONAL_REPRESENTATION('',(#3365),#3369);
#3365 = LINE('',#3366,#3367);
#3366 = CARTESIAN_POINT('',(16.1,-4.986247706693));
#3367 = VECTOR('',#3368,1.);
#3368 = DIRECTION('',(0.,1.));
#3369 = ( GEOMETRIC_REPRESENTATION_CONTEXT(2) 
PARAMETRIC_REPRESENTATION_CONTEXT() REPRESENTATION_CONTEXT('2D SPACE',''
  ) );
#3370 = PCURVE('',#1447,#3371);
#3371 = DEFINITIONAL_REPRESENTATION('',(#3372),#3376);
#3372 = LINE('',#3373,#3374);
#3373 = CARTESIAN_POINT('',(-1.570796326795,0.));
#3374 = VECTOR('',#3375,1.);
#3375 = DIRECTION('',(-0.,1.));
#3376 = ( GEOMETRIC_REPRESENTATION_CONTEXT(2) 
PARAMETRIC_REPRESENTATION_CONTEXT() REPRESENTATION_CONTEXT('2D SPACE',''
  ) );
#3377 = ADVANCED_FACE('',(#3378),#1447,.T.);
#3378 = FACE_BOUND('',#3379,.F.);
#3379 = EDGE_LOOP('',(#3380,#3381,#3382,#3526,#3527));
#3380 = ORIENTED_EDGE('',*,*,#2527,.F.);
#3381 = ORIENTED_EDGE('',*,*,#3194,.F.);
#3382 = ORIENTED_EDGE('',*,*,#3383,.T.);
#3383 = EDGE_CURVE('',#2999,#3329,#3384,.T.);
#3384 = SURFACE_CURVE('',#3385,(#3430,#3478),.PCURVE_S1.);
#3385 = B_SPLINE_CURVE_WITH_KNOTS('',7,(#3386,#3387,#3388,#3389,#3390,
    #3391,#3392,#3393,#3394,#3395,#3396,#3397,#3398,#3399,#3400,#3401,
    #3402,#3403,#3404,#3405,#3406,#3407,#3408,#3409,#3410,#3411,#3412,
    #3413,#3414,#3415,#3416,#3417,#3418,#3419,#3420,#3421,#3422,#3423,
    #3424,#3425,#3426,#3427,#3428,#3429),.UNSPECIFIED.,.F.,.F.,(8,6,6,6,
    6,6,6,8),(0.,5.412325868517E-03,1.243985735047E-02,
    2.749938641007E-02,0.198238427047,0.480541193124,0.763568380122,1.),
  .UNSPECIFIED.);
#3386 = CARTESIAN_POINT('',(-6.149999420617,-8.015341063475,58.4));
#3387 = CARTESIAN_POINT('',(-6.14900332717,-8.014456025307,
    58.400000074674));
#3388 = CARTESIAN_POINT('',(-6.147993455188,-8.013558925854,
    58.399998611292));
#3389 = CARTESIAN_POINT('',(-6.147008287249,-8.012683770209,
    58.399995988617));
#3390 = CARTESIAN_POINT('',(-6.146062030479,-8.011843063139,
    58.399992388037));
#3391 = CARTESIAN_POINT('',(-6.145144616554,-8.011027809089,
    58.399987793556));
#3392 = CARTESIAN_POINT('',(-6.144221701703,-8.010207512178,
    58.399981991799));
#3393 = CARTESIAN_POINT('',(-6.141953069895,-8.008191016011,
    58.399964937928));
#3394 = CARTESIAN_POINT('',(-6.14067061292,-8.007050902243,
    58.399953168044));
#3395 = CARTESIAN_POINT('',(-6.13938730111,-8.005909839071,
    58.399939257159));
#3396 = CARTESIAN_POINT('',(-6.138103139834,-8.004767830701,
    58.399923200088));
#3397 = CARTESIAN_POINT('',(-6.136818134499,-8.003624881376,
    58.399904991663));
#3398 = CARTESIAN_POINT('',(-6.135532290549,-8.002480995376,
    58.399884626732));
#3399 = CARTESIAN_POINT('',(-6.131488350689,-7.998882907986,
    58.399813827227));
#3400 = CARTESIAN_POINT('',(-6.128727294794,-7.996425386568,
    58.399755628271));
#3401 = CARTESIAN_POINT('',(-6.125962499734,-7.99396365529,
    58.399687453169));
#3402 = CARTESIAN_POINT('',(-6.123194020228,-7.991497757441,
    58.399609252179));
#3403 = CARTESIAN_POINT('',(-6.120421911757,-7.98902773707,
    58.399520975947));
#3404 = CARTESIAN_POINT('',(-6.117646230562,-7.986553638984,
    58.399422575504));
#3405 = CARTESIAN_POINT('',(-6.083357587834,-7.955979439046,
    58.39808304145));
#3406 = CARTESIAN_POINT('',(-6.051396323433,-7.927365165992,
    58.395544471352));
#3407 = CARTESIAN_POINT('',(-6.019065930194,-7.898298735906,
    58.391627470352));
#3408 = CARTESIAN_POINT('',(-5.986462494037,-7.868859610005,
    58.386268065717));
#3409 = CARTESIAN_POINT('',(-5.953693805212,-7.839139787329,
    58.379412206852));
#3410 = CARTESIAN_POINT('',(-5.920877666461,-7.809242927666,
    58.371018838567));
#3411 = CARTESIAN_POINT('',(-5.834011532257,-7.729748016902,
    58.344601783015));
#3412 = CARTESIAN_POINT('',(-5.780097714004,-7.680041196861,
    58.323868838306));
#3413 = CARTESIAN_POINT('',(-5.726965960657,-7.630677592454,
    58.298751275787));
#3414 = CARTESIAN_POINT('',(-5.675243103841,-7.582248896587,
    58.269252141276));
#3415 = CARTESIAN_POINT('',(-5.625567489379,-7.535387176343,
    58.235527391775));
#3416 = CARTESIAN_POINT('',(-5.57853528267,-7.49071179342,
    58.197886958112));
#3417 = CARTESIAN_POINT('',(-5.490634445339,-7.406700524746,
    58.115527243645));
#3418 = CARTESIAN_POINT('',(-5.449781764427,-7.367378567111,
    58.070789829847));
#3419 = CARTESIAN_POINT('',(-5.412583440315,-7.331336610385,
    58.022978468233));
#3420 = CARTESIAN_POINT('',(-5.37944218429,-7.299041021778,
    57.972648220318));
#3421 = CARTESIAN_POINT('',(-5.350612540735,-7.270816167999,
    57.920428144235));
#3422 = CARTESIAN_POINT('',(-5.326188856976,-7.246820214167,
    57.866966034034));
#3423 = CARTESIAN_POINT('',(-5.28937679444,-7.210557722535,
    57.767676503844));
#3424 = CARTESIAN_POINT('',(-5.27579730665,-7.197136995657,
    57.722387472176));
#3425 = CARTESIAN_POINT('',(-5.265131963417,-7.186572483744,
    57.676951542371));
#3426 = CARTESIAN_POINT('',(-5.257317304094,-7.178819450809,
    57.631500252215));
#3427 = CARTESIAN_POINT('',(-5.252328086306,-7.173866731471,
    57.586441864358));
#3428 = CARTESIAN_POINT('',(-5.249999999567,-7.17155564265,
    57.542378457453));
#3429 = CARTESIAN_POINT('',(-5.25,-7.171555643512,57.5));
#3430 = PCURVE('',#1447,#3431);
#3431 = DEFINITIONAL_REPRESENTATION('',(#3432),#3477);
#3432 = B_SPLINE_CURVE_WITH_KNOTS('',7,(#3433,#3434,#3435,#3436,#3437,
    #3438,#3439,#3440,#3441,#3442,#3443,#3444,#3445,#3446,#3447,#3448,
    #3449,#3450,#3451,#3452,#3453,#3454,#3455,#3456,#3457,#3458,#3459,
    #3460,#3461,#3462,#3463,#3464,#3465,#3466,#3467,#3468,#3469,#3470,
    #3471,#3472,#3473,#3474,#3475,#3476),.UNSPECIFIED.,.F.,.F.,(8,6,6,6,
    6,6,6,8),(0.,5.412325868517E-03,1.243985735047E-02,
    2.749938641007E-02,0.198238427047,0.480541193124,0.763568380122,1.),
  .UNSPECIFIED.);
#3433 = CARTESIAN_POINT('',(-6.437589207388E-07,0.850139494806));
#3434 = CARTESIAN_POINT('',(-1.107413501736E-03,0.849254456637));
#3435 = CARTESIAN_POINT('',(-2.229494391831E-03,0.848357357185));
#3436 = CARTESIAN_POINT('',(-3.324128359098E-03,0.84748220154));
#3437 = CARTESIAN_POINT('',(-4.375530881875E-03,0.84664149447));
#3438 = CARTESIAN_POINT('',(-5.394890986954E-03,0.845826240419));
#3439 = CARTESIAN_POINT('',(-6.420371249577E-03,0.845005943509));
#3440 = CARTESIAN_POINT('',(-8.9411444787E-03,0.842989447341));
#3441 = CARTESIAN_POINT('',(-1.036615471818E-02,0.841849333574));
#3442 = CARTESIAN_POINT('',(-1.179213734699E-02,0.840708270401));
#3443 = CARTESIAN_POINT('',(-1.3219091188E-02,0.839566262031));
#3444 = CARTESIAN_POINT('',(-1.464701505174E-02,0.838423312707));
#3445 = CARTESIAN_POINT('',(-1.607590773649E-02,0.837279426707));
#3446 = CARTESIAN_POINT('',(-2.056986282028E-02,0.833681339316));
#3447 = CARTESIAN_POINT('',(-2.363836460354E-02,0.831223817898));
#3448 = CARTESIAN_POINT('',(-2.671126140104E-02,0.828762086621));
#3449 = CARTESIAN_POINT('',(-2.97885409865E-02,0.826296188772));
#3450 = CARTESIAN_POINT('',(-3.287019088434E-02,0.823826168401));
#3451 = CARTESIAN_POINT('',(-3.595619836967E-02,0.821352070315));
#3452 = CARTESIAN_POINT('',(-7.408375186185E-02,0.790777870377));
#3453 = CARTESIAN_POINT('',(-0.109679404072,0.762163597322));
#3454 = CARTESIAN_POINT('',(-0.14581465527,0.733097167237));
#3455 = CARTESIAN_POINT('',(-0.182466371846,0.703658041336));
#3456 = CARTESIAN_POINT('',(-0.219607160653,0.673938218659));
#3457 = CARTESIAN_POINT('',(-0.257205391265,0.644041358997));
#3458 = CARTESIAN_POINT('',(-0.358087831682,0.564546448233));
#3459 = CARTESIAN_POINT('',(-0.422103243477,0.514839628192));
#3460 = CARTESIAN_POINT('',(-0.487109613989,0.465476023785));
#3461 = CARTESIAN_POINT('',(-0.552914751612,0.417047327917));
#3462 = CARTESIAN_POINT('',(-0.619300295028,0.370185607673));
#3463 = CARTESIAN_POINT('',(-0.686030365084,0.32551022475));
#3464 = CARTESIAN_POINT('',(-0.819870511908,0.241498956077));
#3465 = CARTESIAN_POINT('',(-0.886981787691,0.202176998442));
#3466 = CARTESIAN_POINT('',(-0.953955736832,0.166135041716));
#3467 = CARTESIAN_POINT('',(-1.020545461011,0.133839453108));
#3468 = CARTESIAN_POINT('',(-1.086514090819,0.105614599329));
#3469 = CARTESIAN_POINT('',(-1.151645663135,8.161864549781E-02));
#3470 = CARTESIAN_POINT('',(-1.269305660603,4.535615386594E-02));
#3471 = CARTESIAN_POINT('',(-1.321733478156,3.193542691983E-02));
#3472 = CARTESIAN_POINT('',(-1.37343981547,2.137091530326E-02));
#3473 = CARTESIAN_POINT('',(-1.424514638081,1.3617881796E-02));
#3474 = CARTESIAN_POINT('',(-1.474749760725,8.665163074863E-03));
#3475 = CARTESIAN_POINT('',(-1.523709151847,6.354073878351E-03));
#3476 = CARTESIAN_POINT('',(-1.570796326795,6.354074842639E-03));
#3477 = ( GEOMETRIC_REPRESENTATION_CONTEXT(2) 
PARAMETRIC_REPRESENTATION_CONTEXT() REPRESENTATION_CONTEXT('2D SPACE',''
  ) );
#3478 = PCURVE('',#3072,#3479);
#3479 = DEFINITIONAL_REPRESENTATION('',(#3480),#3525);
#3480 = B_SPLINE_CURVE_WITH_KNOTS('',7,(#3481,#3482,#3483,#3484,#3485,
    #3486,#3487,#3488,#3489,#3490,#3491,#3492,#3493,#3494,#3495,#3496,
    #3497,#3498,#3499,#3500,#3501,#3502,#3503,#3504,#3505,#3506,#3507,
    #3508,#3509,#3510,#3511,#3512,#3513,#3514,#3515,#3516,#3517,#3518,
    #3519,#3520,#3521,#3522,#3523,#3524),.UNSPECIFIED.,.F.,.F.,(8,6,6,6,
    6,6,6,8),(0.,5.412325868517E-03,1.243985735047E-02,
    2.749938641007E-02,0.198238427047,0.480541193124,0.763568380122,1.),
  .UNSPECIFIED.);
#3481 = CARTESIAN_POINT('',(6.290584031776E-06,54.496739562647));
#3482 = CARTESIAN_POINT('',(1.751806857284E-02,54.497524196413));
#3483 = CARTESIAN_POINT('',(3.525533670584E-02,54.498319973404));
#3484 = CARTESIAN_POINT('',(5.254820603362E-02,54.499096493707));
#3485 = CARTESIAN_POINT('',(6.915062243862E-02,54.499842521737));
#3486 = CARTESIAN_POINT('',(8.524036663517E-02,54.500565986239));
#3487 = CARTESIAN_POINT('',(0.101419054169,54.50129398029));
#3488 = CARTESIAN_POINT('',(0.141166007536,54.503083954664));
#3489 = CARTESIAN_POINT('',(0.163619879623,54.504096182126));
#3490 = CARTESIAN_POINT('',(0.18607375168,54.50510944059));
#3491 = CARTESIAN_POINT('',(0.208527623707,54.506123726933));
#3492 = CARTESIAN_POINT('',(0.230981495701,54.507139037993));
#3493 = CARTESIAN_POINT('',(0.253435367664,54.508155370575));
#3494 = CARTESIAN_POINT('',(0.324006382535,54.511352836193));
#3495 = CARTESIAN_POINT('',(0.372122953439,54.513537601179));
#3496 = CARTESIAN_POINT('',(0.420238954718,54.515726984521));
#3497 = CARTESIAN_POINT('',(0.468354388876,54.517920953589));
#3498 = CARTESIAN_POINT('',(0.516469258521,54.520119474999));
#3499 = CARTESIAN_POINT('',(0.564583566355,54.522322514619));
#3500 = CARTESIAN_POINT('',(1.158192149948,54.549558067918));
#3501 = CARTESIAN_POINT('',(1.703615241568,54.575162302564));
#3502 = CARTESIAN_POINT('',(2.248970459601,54.601292238342));
#3503 = CARTESIAN_POINT('',(2.79426362687,54.627884107186));
#3504 = CARTESIAN_POINT('',(3.339502341408,54.654860962266));
#3505 = CARTESIAN_POINT('',(3.884695798415,54.682132764124));
#3506 = CARTESIAN_POINT('',(5.331229251012,54.755005409045));
#3507 = CARTESIAN_POINT('',(6.232512188616,54.80093923474));
#3508 = CARTESIAN_POINT('',(7.133747319676,54.846934622859));
#3509 = CARTESIAN_POINT('',(8.034992200508,54.892435412635));
#3510 = CARTESIAN_POINT('',(8.936311096117,54.936817381311));
#3511 = CARTESIAN_POINT('',(9.837762916671,54.979439942085));
#3512 = CARTESIAN_POINT('',(11.643318832263,55.060112957874));
#3513 = CARTESIAN_POINT('',(12.547433593897,55.09815136516));
#3514 = CARTESIAN_POINT('',(13.451755371665,55.133256830707));
#3515 = CARTESIAN_POINT('',(14.356309852361,55.164900425914));
#3516 = CARTESIAN_POINT('',(15.26110782227,55.1926883718));
#3517 = CARTESIAN_POINT('',(16.166137362394,55.216398706621));
#3518 = CARTESIAN_POINT('',(17.827556544055,55.252326000044));
#3519 = CARTESIAN_POINT('',(18.578095821324,55.265667042685));
#3520 = CARTESIAN_POINT('',(19.329920126817,55.27619343054));
#3521 = CARTESIAN_POINT('',(20.085798236769,55.28393003796));
#3522 = CARTESIAN_POINT('',(20.844325782995,55.288876154063));
#3523 = CARTESIAN_POINT('',(21.599906717223,55.291183619871));
#3524 = CARTESIAN_POINT('',(22.342740220321,55.291183619446));
#3525 = ( GEOMETRIC_REPRESENTATION_CONTEXT(2) 
PARAMETRIC_REPRESENTATION_CONTEXT() REPRESENTATION_CONTEXT('2D SPACE',''
  ) );
#3526 = ORIENTED_EDGE('',*,*,#3357,.T.);
#3527 = ORIENTED_EDGE('',*,*,#1427,.F.);
#3528 = ADVANCED_FACE('',(#3529),#1597,.F.);
#3529 = FACE_BOUND('',#3530,.F.);
#3530 = EDGE_LOOP('',(#3531,#3532,#3533,#3534));
#3531 = ORIENTED_EDGE('',*,*,#1584,.T.);
#3532 = ORIENTED_EDGE('',*,*,#2486,.T.);
#3533 = ORIENTED_EDGE('',*,*,#2365,.F.);
#3534 = ORIENTED_EDGE('',*,*,#1827,.F.);
#3535 = ADVANCED_FACE('',(#3536),#1908,.T.);
#3536 = FACE_BOUND('',#3537,.T.);
#3537 = EDGE_LOOP('',(#3538,#3539,#3540,#3541));
#3538 = ORIENTED_EDGE('',*,*,#3224,.F.);
#3539 = ORIENTED_EDGE('',*,*,#1894,.T.);
#3540 = ORIENTED_EDGE('',*,*,#2225,.T.);
#3541 = ORIENTED_EDGE('',*,*,#3542,.F.);
#3542 = EDGE_CURVE('',#3225,#2226,#3543,.T.);
#3543 = SURFACE_CURVE('',#3544,(#3547,#3553),.PCURVE_S1.);
#3544 = B_SPLINE_CURVE_WITH_KNOTS('',1,(#3545,#3546),.UNSPECIFIED.,.F.,
  .F.,(2,2),(0.,1.),.PIECEWISE_BEZIER_KNOTS.);
#3545 = CARTESIAN_POINT('',(-5.25,-7.284299516908,41.4));
#3546 = CARTESIAN_POINT('',(5.25,-7.284299516908,41.4));
#3547 = PCURVE('',#1908,#3548);
#3548 = DEFINITIONAL_REPRESENTATION('',(#3549),#3552);
#3549 = B_SPLINE_CURVE_WITH_KNOTS('',1,(#3550,#3551),.UNSPECIFIED.,.F.,
  .F.,(2,2),(0.,1.),.PIECEWISE_BEZIER_KNOTS.);
#3550 = CARTESIAN_POINT('',(0.,4.867149758454));
#3551 = CARTESIAN_POINT('',(10.5,4.867149758454));
#3552 = ( GEOMETRIC_REPRESENTATION_CONTEXT(2) 
PARAMETRIC_REPRESENTATION_CONTEXT() REPRESENTATION_CONTEXT('2D SPACE',''
  ) );
#3553 = PCURVE('',#2268,#3554);
#3554 = DEFINITIONAL_REPRESENTATION('',(#3555),#3558);
#3555 = B_SPLINE_CURVE_WITH_KNOTS('',1,(#3556,#3557),.UNSPECIFIED.,.F.,
  .F.,(2,2),(0.,1.),.PIECEWISE_BEZIER_KNOTS.);
#3556 = CARTESIAN_POINT('',(10.961055276382,0.666666666667));
#3557 = CARTESIAN_POINT('',(3.894472361809E-02,0.666666666667));
#3558 = ( GEOMETRIC_REPRESENTATION_CONTEXT(2) 
PARAMETRIC_REPRESENTATION_CONTEXT() REPRESENTATION_CONTEXT('2D SPACE',''
  ) );
#3559 = ADVANCED_FACE('',(#3560),#2047,.F.);
#3560 = FACE_BOUND('',#3561,.F.);
#3561 = EDGE_LOOP('',(#3562,#3563,#3564,#3657,#3676));
#3562 = ORIENTED_EDGE('',*,*,#1973,.T.);
#3563 = ORIENTED_EDGE('',*,*,#2334,.T.);
#3564 = ORIENTED_EDGE('',*,*,#3565,.T.);
#3565 = EDGE_CURVE('',#2283,#3566,#3568,.T.);
#3566 = VERTEX_POINT('',#3567);
#3567 = CARTESIAN_POINT('',(5.197416357184,7.171770446479,
    57.493703054411));
#3568 = SURFACE_CURVE('',#3569,(#3608,#3615),.PCURVE_S1.);
#3569 = B_SPLINE_CURVE_WITH_KNOTS('',13,(#3570,#3571,#3572,#3573,#3574,
    #3575,#3576,#3577,#3578,#3579,#3580,#3581,#3582,#3583,#3584,#3585,
    #3586,#3587,#3588,#3589,#3590,#3591,#3592,#3593,#3594,#3595,#3596,
    #3597,#3598,#3599,#3600,#3601,#3602,#3603,#3604,#3605,#3606,#3607),
  .UNSPECIFIED.,.F.,.F.,(14,12,12,14),(-1.917492945167,
    -6.474822997122E-03,11.219760925359,22.447376134531),.UNSPECIFIED.);
#3570 = CARTESIAN_POINT('',(3.091210170294,-7.185463704959,
    57.495185608588));
#3571 = CARTESIAN_POINT('',(3.275236487422,-7.18428025349,
    57.495056439083));
#3572 = CARTESIAN_POINT('',(3.456186132375,-7.183116587736,
    57.494929429118));
#3573 = CARTESIAN_POINT('',(3.634059105154,-7.181972707696,
    57.494804578692));
#3574 = CARTESIAN_POINT('',(3.808855405757,-7.18084861337,
    57.494681887807));
#3575 = CARTESIAN_POINT('',(3.980575034186,-7.17974430476,
    57.494561356462));
#3576 = CARTESIAN_POINT('',(4.14921799044,-7.178659781864,
    57.494442984657));
#3577 = CARTESIAN_POINT('',(4.314784274518,-7.177595044683,
    57.494326772391));
#3578 = CARTESIAN_POINT('',(4.477273886422,-7.176550093216,
    57.494212719666));
#3579 = CARTESIAN_POINT('',(4.636686826151,-7.175524927464,
    57.494100826481));
#3580 = CARTESIAN_POINT('',(4.793023093704,-7.174519547427,
    57.493991092836));
#3581 = CARTESIAN_POINT('',(4.946282689083,-7.173533953104,
    57.493883518731));
#3582 = CARTESIAN_POINT('',(5.096465612287,-7.172568144497,
    57.493778104165));
#3583 = CARTESIAN_POINT('',(6.107744439676,-7.166064730023,
    57.493068279668));
#3584 = CARTESIAN_POINT('',(6.97187115528,-7.047682505051,
    57.492461747115));
#3585 = CARTESIAN_POINT('',(7.818803586611,-6.816411982082,
    57.491867303082));
#3586 = CARTESIAN_POINT('',(8.632782244643,-6.474711778802,
    57.491295989009));
#3587 = CARTESIAN_POINT('',(9.397788234392,-6.029146744208,
    57.490759081219));
#3588 = CARTESIAN_POINT('',(10.101368100334,-5.484650805316,
    57.490265274567));
#3589 = CARTESIAN_POINT('',(10.727645872267,-4.852471177972,
    57.489825731555));
#3590 = CARTESIAN_POINT('',(11.264571257298,-4.145039631138,
    57.489448924024));
#3591 = CARTESIAN_POINT('',(11.704508698295,-3.374625747544,
    57.48914017501));
#3592 = CARTESIAN_POINT('',(12.038104549025,-2.557575449048,
    57.488906058406));
#3593 = CARTESIAN_POINT('',(12.261634791606,-1.707894450415,
    57.488749189274));
#3594 = CARTESIAN_POINT('',(12.3719330418,-0.842504965748,
    57.488671783026));
#3595 = CARTESIAN_POINT('',(12.366496004604,0.887684739974,
    57.488675598715));
#3596 = CARTESIAN_POINT('',(12.250986587047,1.752519411644,
    57.488757194913));
#3597 = CARTESIAN_POINT('',(12.019890211448,2.600361924523,
    57.488914845413));
#3598 = CARTESIAN_POINT('',(11.690558378102,3.417175747701,
    57.48916537725));
#3599 = CARTESIAN_POINT('',(11.218832061173,4.181753041483,
    57.489441896223));
#3600 = CARTESIAN_POINT('',(10.73139119918,4.888008272439,
    57.489894816252));
#3601 = CARTESIAN_POINT('',(10.021059648315,5.519035437875,
    57.490222165483));
#3602 = CARTESIAN_POINT('',(9.401060203311,6.049501540906,
    57.490864121452));
#3603 = CARTESIAN_POINT('',(8.565903656676,6.503308784151,
    57.491251365786));
#3604 = CARTESIAN_POINT('',(7.781117752541,6.829686762506,
    57.491955839299));
#3605 = CARTESIAN_POINT('',(6.929284012141,7.058997182623,
    57.492458569084));
#3606 = CARTESIAN_POINT('',(6.062518817476,7.171774569924,
    57.493113326718));
#3607 = CARTESIAN_POINT('',(5.197416357184,7.171770446479,
    57.493703054411));
#3608 = PCURVE('',#2047,#3609);
#3609 = DEFINITIONAL_REPRESENTATION('',(#3610),#3614);
#3610 = LINE('',#3611,#3612);
#3611 = CARTESIAN_POINT('',(22.453850957528,0.));
#3612 = VECTOR('',#3613,1.);
#3613 = DIRECTION('',(0.,1.));
#3614 = ( GEOMETRIC_REPRESENTATION_CONTEXT(2) 
PARAMETRIC_REPRESENTATION_CONTEXT() REPRESENTATION_CONTEXT('2D SPACE',''
  ) );
#3615 = PCURVE('',#2302,#3616);
#3616 = DEFINITIONAL_REPRESENTATION('',(#3617),#3656);
#3617 = B_SPLINE_CURVE_WITH_KNOTS('',10,(#3618,#3619,#3620,#3621,#3622,
    #3623,#3624,#3625,#3626,#3627,#3628,#3629,#3630,#3631,#3632,#3633,
    #3634,#3635,#3636,#3637,#3638,#3639,#3640,#3641,#3642,#3643,#3644,
    #3645,#3646,#3647,#3648,#3649,#3650,#3651,#3652,#3653,#3654,#3655),
  .UNSPECIFIED.,.F.,.F.,(11,9,9,9,11),(-5.126611401345E-05,
    5.611805584047,11.223662434208,16.835519284369,22.447376134531),
  .UNSPECIFIED.);
#3618 = CARTESIAN_POINT('',(3.134260582669,0.949011760301));
#3619 = CARTESIAN_POINT('',(3.055953783139,0.949004844841));
#3620 = CARTESIAN_POINT('',(2.977606406015,0.948997930212));
#3621 = CARTESIAN_POINT('',(2.899261479556,0.948991079312));
#3622 = CARTESIAN_POINT('',(2.820928438908,0.94898435184));
#3623 = CARTESIAN_POINT('',(2.74260040538,0.948977805114));
#3624 = CARTESIAN_POINT('',(2.664266703647,0.948971494413));
#3625 = CARTESIAN_POINT('',(2.585920617043,0.948965472901));
#3626 = CARTESIAN_POINT('',(2.507562380764,0.948959791069));
#3627 = CARTESIAN_POINT('',(2.429197413146,0.948954495753));
#3628 = CARTESIAN_POINT('',(2.272462156637,0.948944761614));
#3629 = CARTESIAN_POINT('',(2.194090846474,0.948940322779));
#3630 = CARTESIAN_POINT('',(2.115723577811,0.948936354035));
#3631 = CARTESIAN_POINT('',(2.037354455543,0.948932892191));
#3632 = CARTESIAN_POINT('',(1.958989919916,0.948929968625));
#3633 = CARTESIAN_POINT('',(1.880629772292,0.948927608823));
#3634 = CARTESIAN_POINT('',(1.802260450245,0.948925832141));
#3635 = CARTESIAN_POINT('',(1.723875228617,0.948924651744));
#3636 = CARTESIAN_POINT('',(1.645493522714,0.948924074464));
#3637 = CARTESIAN_POINT('',(1.488724415329,0.94892412554));
#3638 = CARTESIAN_POINT('',(1.410343065442,0.948924753536));
#3639 = CARTESIAN_POINT('',(1.331962025845,0.948925984961));
#3640 = CARTESIAN_POINT('',(1.253588682831,0.948927811565));
#3641 = CARTESIAN_POINT('',(1.175224793857,0.948930219382));
#3642 = CARTESIAN_POINT('',(1.096864480446,0.948933189271));
#3643 = CARTESIAN_POINT('',(1.018499957624,0.948936695999));
#3644 = CARTESIAN_POINT('',(0.940128834794,0.94894070739));
#3645 = CARTESIAN_POINT('',(0.861756823014,0.948945185052));
#3646 = CARTESIAN_POINT('',(0.705022544197,0.948954991361));
#3647 = CARTESIAN_POINT('',(0.62665685197,0.948960318787));
#3648 = CARTESIAN_POINT('',(0.548322497702,0.948966037057));
#3649 = CARTESIAN_POINT('',(0.469904320207,0.948972061225));
#3650 = CARTESIAN_POINT('',(0.391735583132,0.948978446768));
#3651 = CARTESIAN_POINT('',(0.313088599417,0.948984909288));
#3652 = CARTESIAN_POINT('',(0.235396511061,0.94899181044));
#3653 = CARTESIAN_POINT('',(0.156862091449,0.948998396088));
#3654 = CARTESIAN_POINT('',(7.837939868532E-02,0.94900561166));
#3655 = CARTESIAN_POINT('',(-1.440221363148E-16,0.949012334288));
#3656 = ( GEOMETRIC_REPRESENTATION_CONTEXT(2) 
PARAMETRIC_REPRESENTATION_CONTEXT() REPRESENTATION_CONTEXT('2D SPACE',''
  ) );
#3657 = ORIENTED_EDGE('',*,*,#3658,.F.);
#3658 = EDGE_CURVE('',#2755,#3566,#3659,.T.);
#3659 = SURFACE_CURVE('',#3660,(#3664,#3670),.PCURVE_S1.);
#3660 = ( BOUNDED_CURVE() B_SPLINE_CURVE(2,(#3661,#3662,#3663),
.UNSPECIFIED.,.F.,.F.) B_SPLINE_CURVE_WITH_KNOTS((3,3),(0.,
22.453850957528),.PIECEWISE_BEZIER_KNOTS.) CURVE() 
GEOMETRIC_REPRESENTATION_ITEM() RATIONAL_B_SPLINE_CURVE((1.,
0.704628765305,1.)) REPRESENTATION_ITEM('') );
#3661 = CARTESIAN_POINT('',(5.230255721108,8.07114907901,58.4));
#3662 = CARTESIAN_POINT('',(5.19718497419,7.165433511315,58.4));
#3663 = CARTESIAN_POINT('',(5.197416357184,7.171770446479,
    57.493703054411));
#3664 = PCURVE('',#2047,#3665);
#3665 = DEFINITIONAL_REPRESENTATION('',(#3666),#3669);
#3666 = B_SPLINE_CURVE_WITH_KNOTS('',1,(#3667,#3668),.UNSPECIFIED.,.F.,
  .F.,(2,2),(0.,22.453850957528),.PIECEWISE_BEZIER_KNOTS.);
#3667 = CARTESIAN_POINT('',(0.,22.447376134531));
#3668 = CARTESIAN_POINT('',(22.453850957528,22.447376134531));
#3669 = ( GEOMETRIC_REPRESENTATION_CONTEXT(2) 
PARAMETRIC_REPRESENTATION_CONTEXT() REPRESENTATION_CONTEXT('2D SPACE',''
  ) );
#3670 = PCURVE('',#2903,#3671);
#3671 = DEFINITIONAL_REPRESENTATION('',(#3672),#3675);
#3672 = B_SPLINE_CURVE_WITH_KNOTS('',1,(#3673,#3674),.UNSPECIFIED.,.F.,
  .F.,(2,2),(0.,22.453850957528),.PIECEWISE_BEZIER_KNOTS.);
#3673 = CARTESIAN_POINT('',(0.,22.447376134531));
#3674 = CARTESIAN_POINT('',(10.396379058248,22.447376134531));
#3675 = ( GEOMETRIC_REPRESENTATION_CONTEXT(2) 
PARAMETRIC_REPRESENTATION_CONTEXT() REPRESENTATION_CONTEXT('2D SPACE',''
  ) );
#3676 = ORIENTED_EDGE('',*,*,#2754,.F.);
#3677 = ADVANCED_FACE('',(#3678),#2302,.T.);
#3678 = FACE_BOUND('',#3679,.T.);
#3679 = EDGE_LOOP('',(#3680,#3707,#3736,#3756,#3757));
#3680 = ORIENTED_EDGE('',*,*,#3681,.F.);
#3681 = EDGE_CURVE('',#3682,#3566,#3684,.T.);
#3682 = VERTEX_POINT('',#3683);
#3683 = CARTESIAN_POINT('',(5.5,7.55,3.4));
#3684 = SURFACE_CURVE('',#3685,(#3688,#3695),.PCURVE_S1.);
#3685 = B_SPLINE_CURVE_WITH_KNOTS('',1,(#3686,#3687),.UNSPECIFIED.,.F.,
  .F.,(2,2),(0.,1.),.PIECEWISE_BEZIER_KNOTS.);
#3686 = CARTESIAN_POINT('',(5.5,7.55,3.4));
#3687 = CARTESIAN_POINT('',(5.18115942029,7.151449275362,60.4));
#3688 = PCURVE('',#2302,#3689);
#3689 = DEFINITIONAL_REPRESENTATION('',(#3690),#3694);
#3690 = LINE('',#3691,#3692);
#3691 = CARTESIAN_POINT('',(0.,0.));
#3692 = VECTOR('',#3693,1.);
#3693 = DIRECTION('',(0.,1.));
#3694 = ( GEOMETRIC_REPRESENTATION_CONTEXT(2) 
PARAMETRIC_REPRESENTATION_CONTEXT() REPRESENTATION_CONTEXT('2D SPACE',''
  ) );
#3695 = PCURVE('',#3696,#3701);
#3696 = B_SPLINE_SURFACE_WITH_KNOTS('',1,1,(
    (#3697,#3698)
    ,(#3699,#3700
    )),.UNSPECIFIED.,.F.,.F.,.F.,(2,2),(2,2),(0.,11.),(0.,1.),
  .PIECEWISE_BEZIER_KNOTS.);
#3697 = CARTESIAN_POINT('',(-5.5,7.55,3.4));
#3698 = CARTESIAN_POINT('',(-5.18115942029,7.151449275362,60.4));
#3699 = CARTESIAN_POINT('',(5.5,7.55,3.4));
#3700 = CARTESIAN_POINT('',(5.18115942029,7.151449275362,60.4));
#3701 = DEFINITIONAL_REPRESENTATION('',(#3702),#3706);
#3702 = LINE('',#3703,#3704);
#3703 = CARTESIAN_POINT('',(11.,0.));
#3704 = VECTOR('',#3705,1.);
#3705 = DIRECTION('',(0.,1.));
#3706 = ( GEOMETRIC_REPRESENTATION_CONTEXT(2) 
PARAMETRIC_REPRESENTATION_CONTEXT() REPRESENTATION_CONTEXT('2D SPACE',''
  ) );
#3707 = ORIENTED_EDGE('',*,*,#3708,.T.);
#3708 = EDGE_CURVE('',#3682,#3709,#3711,.T.);
#3709 = VERTEX_POINT('',#3710);
#3710 = CARTESIAN_POINT('',(5.5,-7.55,3.4));
#3711 = SURFACE_CURVE('',#3712,(#3717,#3724),.PCURVE_S1.);
#3712 = CIRCLE('',#3713,7.55);
#3713 = AXIS2_PLACEMENT_3D('',#3714,#3715,#3716);
#3714 = CARTESIAN_POINT('',(5.5,-6.661338147751E-16,3.4));
#3715 = DIRECTION('',(0.,0.,-1.));
#3716 = DIRECTION('',(0.,1.,0.));
#3717 = PCURVE('',#2302,#3718);
#3718 = DEFINITIONAL_REPRESENTATION('',(#3719),#3723);
#3719 = LINE('',#3720,#3721);
#3720 = CARTESIAN_POINT('',(0.,0.));
#3721 = VECTOR('',#3722,1.);
#3722 = DIRECTION('',(1.,0.));
#3723 = ( GEOMETRIC_REPRESENTATION_CONTEXT(2) 
PARAMETRIC_REPRESENTATION_CONTEXT() REPRESENTATION_CONTEXT('2D SPACE',''
  ) );
#3724 = PCURVE('',#3725,#3730);
#3725 = PLANE('',#3726);
#3726 = AXIS2_PLACEMENT_3D('',#3727,#3728,#3729);
#3727 = CARTESIAN_POINT('',(-5.5,6.661338147751E-16,3.4));
#3728 = DIRECTION('',(0.,-0.,-1.));
#3729 = DIRECTION('',(0.,-1.,0.));
#3730 = DEFINITIONAL_REPRESENTATION('',(#3731),#3735);
#3731 = CIRCLE('',#3732,7.55);
#3732 = AXIS2_PLACEMENT_2D('',#3733,#3734);
#3733 = CARTESIAN_POINT('',(1.33226762955E-15,-11.));
#3734 = DIRECTION('',(-1.,0.));
#3735 = ( GEOMETRIC_REPRESENTATION_CONTEXT(2) 
PARAMETRIC_REPRESENTATION_CONTEXT() REPRESENTATION_CONTEXT('2D SPACE',''
  ) );
#3736 = ORIENTED_EDGE('',*,*,#3737,.T.);
#3737 = EDGE_CURVE('',#3709,#2249,#3738,.T.);
#3738 = SURFACE_CURVE('',#3739,(#3742,#3749),.PCURVE_S1.);
#3739 = B_SPLINE_CURVE_WITH_KNOTS('',1,(#3740,#3741),.UNSPECIFIED.,.F.,
  .F.,(2,2),(0.,1.),.PIECEWISE_BEZIER_KNOTS.);
#3740 = CARTESIAN_POINT('',(5.5,-7.55,3.4));
#3741 = CARTESIAN_POINT('',(5.18115942029,-7.151449275362,60.4));
#3742 = PCURVE('',#2302,#3743);
#3743 = DEFINITIONAL_REPRESENTATION('',(#3744),#3748);
#3744 = LINE('',#3745,#3746);
#3745 = CARTESIAN_POINT('',(3.14159265359,0.));
#3746 = VECTOR('',#3747,1.);
#3747 = DIRECTION('',(0.,1.));
#3748 = ( GEOMETRIC_REPRESENTATION_CONTEXT(2) 
PARAMETRIC_REPRESENTATION_CONTEXT() REPRESENTATION_CONTEXT('2D SPACE',''
  ) );
#3749 = PCURVE('',#2268,#3750);
#3750 = DEFINITIONAL_REPRESENTATION('',(#3751),#3755);
#3751 = LINE('',#3752,#3753);
#3752 = CARTESIAN_POINT('',(0.,0.));
#3753 = VECTOR('',#3754,1.);
#3754 = DIRECTION('',(0.,1.));
#3755 = ( GEOMETRIC_REPRESENTATION_CONTEXT(2) 
PARAMETRIC_REPRESENTATION_CONTEXT() REPRESENTATION_CONTEXT('2D SPACE',''
  ) );
#3756 = ORIENTED_EDGE('',*,*,#2282,.T.);
#3757 = ORIENTED_EDGE('',*,*,#3565,.T.);
#3758 = ADVANCED_FACE('',(#3759),#2268,.T.);
#3759 = FACE_BOUND('',#3760,.T.);
#3760 = EDGE_LOOP('',(#3761,#3762,#3785,#3805,#3806,#3807));
#3761 = ORIENTED_EDGE('',*,*,#3737,.F.);
#3762 = ORIENTED_EDGE('',*,*,#3763,.T.);
#3763 = EDGE_CURVE('',#3709,#3764,#3766,.T.);
#3764 = VERTEX_POINT('',#3765);
#3765 = CARTESIAN_POINT('',(-5.5,-7.55,3.4));
#3766 = SURFACE_CURVE('',#3767,(#3771,#3778),.PCURVE_S1.);
#3767 = LINE('',#3768,#3769);
#3768 = CARTESIAN_POINT('',(5.5,-7.55,3.4));
#3769 = VECTOR('',#3770,1.);
#3770 = DIRECTION('',(-1.,0.,0.));
#3771 = PCURVE('',#2268,#3772);
#3772 = DEFINITIONAL_REPRESENTATION('',(#3773),#3777);
#3773 = LINE('',#3774,#3775);
#3774 = CARTESIAN_POINT('',(0.,0.));
#3775 = VECTOR('',#3776,1.);
#3776 = DIRECTION('',(1.,0.));
#3777 = ( GEOMETRIC_REPRESENTATION_CONTEXT(2) 
PARAMETRIC_REPRESENTATION_CONTEXT() REPRESENTATION_CONTEXT('2D SPACE',''
  ) );
#3778 = PCURVE('',#3725,#3779);
#3779 = DEFINITIONAL_REPRESENTATION('',(#3780),#3784);
#3780 = LINE('',#3781,#3782);
#3781 = CARTESIAN_POINT('',(7.55,-11.));
#3782 = VECTOR('',#3783,1.);
#3783 = DIRECTION('',(0.,1.));
#3784 = ( GEOMETRIC_REPRESENTATION_CONTEXT(2) 
PARAMETRIC_REPRESENTATION_CONTEXT() REPRESENTATION_CONTEXT('2D SPACE',''
  ) );
#3785 = ORIENTED_EDGE('',*,*,#3786,.T.);
#3786 = EDGE_CURVE('',#3764,#3248,#3787,.T.);
#3787 = SURFACE_CURVE('',#3788,(#3791,#3798),.PCURVE_S1.);
#3788 = B_SPLINE_CURVE_WITH_KNOTS('',1,(#3789,#3790),.UNSPECIFIED.,.F.,
  .F.,(2,2),(0.,1.),.PIECEWISE_BEZIER_KNOTS.);
#3789 = CARTESIAN_POINT('',(-5.5,-7.55,3.4));
#3790 = CARTESIAN_POINT('',(-5.18115942029,-7.151449275362,60.4));
#3791 = PCURVE('',#2268,#3792);
#3792 = DEFINITIONAL_REPRESENTATION('',(#3793),#3797);
#3793 = LINE('',#3794,#3795);
#3794 = CARTESIAN_POINT('',(11.,0.));
#3795 = VECTOR('',#3796,1.);
#3796 = DIRECTION('',(0.,1.));
#3797 = ( GEOMETRIC_REPRESENTATION_CONTEXT(2) 
PARAMETRIC_REPRESENTATION_CONTEXT() REPRESENTATION_CONTEXT('2D SPACE',''
  ) );
#3798 = PCURVE('',#3296,#3799);
#3799 = DEFINITIONAL_REPRESENTATION('',(#3800),#3804);
#3800 = LINE('',#3801,#3802);
#3801 = CARTESIAN_POINT('',(0.,0.));
#3802 = VECTOR('',#3803,1.);
#3803 = DIRECTION('',(0.,1.));
#3804 = ( GEOMETRIC_REPRESENTATION_CONTEXT(2) 
PARAMETRIC_REPRESENTATION_CONTEXT() REPRESENTATION_CONTEXT('2D SPACE',''
  ) );
#3805 = ORIENTED_EDGE('',*,*,#3247,.F.);
#3806 = ORIENTED_EDGE('',*,*,#3542,.T.);
#3807 = ORIENTED_EDGE('',*,*,#2248,.T.);
#3808 = ADVANCED_FACE('',(#3809),#2903,.F.);
#3809 = FACE_BOUND('',#3810,.F.);
#3810 = EDGE_LOOP('',(#3811,#3812,#3887,#3906));
#3811 = ORIENTED_EDGE('',*,*,#3658,.T.);
#3812 = ORIENTED_EDGE('',*,*,#3813,.T.);
#3813 = EDGE_CURVE('',#3566,#3814,#3816,.T.);
#3814 = VERTEX_POINT('',#3815);
#3815 = CARTESIAN_POINT('',(-5.197416357428,7.171770446784,
    57.493703010797));
#3816 = SURFACE_CURVE('',#3817,(#3847,#3854),.PCURVE_S1.);
#3817 = ( BOUNDED_CURVE() B_SPLINE_CURVE(10,(#3818,#3819,#3820,#3821,
    #3822,#3823,#3824,#3825,#3826,#3827,#3828,#3829,#3830,#3831,#3832,
    #3833,#3834,#3835,#3836,#3837,#3838,#3839,#3840,#3841,#3842,#3843,
#3844,#3845,#3846),.UNSPECIFIED.,.F.,.F.) B_SPLINE_CURVE_WITH_KNOTS((11,
    9,9,11),(22.447376134531,22.452207829944,32.838924791967,
32.843755192779),.UNSPECIFIED.) CURVE() GEOMETRIC_REPRESENTATION_ITEM() 
RATIONAL_B_SPLINE_CURVE((1.,1.,1.,1.,1.,1.,1.,1.,1.,1.,1.,1.,1.,1.,1.,1.
,1.,1.,1.,1.,1.,1.,1.,1.,1.,1.,1.,1.,1.)) REPRESENTATION_ITEM('') );
#3818 = CARTESIAN_POINT('',(5.197416357184,7.171770446479,
    57.493703054411));
#3819 = CARTESIAN_POINT('',(5.196932382267,7.171770446441,
    57.493703059913));
#3820 = CARTESIAN_POINT('',(5.196448409052,7.171770446403,
    57.493703065402));
#3821 = CARTESIAN_POINT('',(5.195964437538,7.171770446364,
    57.493703070878));
#3822 = CARTESIAN_POINT('',(5.195480467721,7.171770446326,
    57.493703076342));
#3823 = CARTESIAN_POINT('',(5.194996499605,7.171770446288,
    57.493703081792));
#3824 = CARTESIAN_POINT('',(5.194512533184,7.17177044625,57.493703087231
    ));
#3825 = CARTESIAN_POINT('',(5.194028568461,7.171770446212,
    57.493703092656));
#3826 = CARTESIAN_POINT('',(5.193544605431,7.171770446174,
    57.493703098069));
#3827 = CARTESIAN_POINT('',(5.193060644095,7.171770446136,57.49370310347
    ));
#3828 = CARTESIAN_POINT('',(4.152206501469,7.171770365113,
    57.493714691286));
#3829 = CARTESIAN_POINT('',(3.118568624677,7.171770490248,
    57.493696794672));
#3830 = CARTESIAN_POINT('',(2.073079663612,7.171770337261,
    57.493718674571));
#3831 = CARTESIAN_POINT('',(1.041020414466,7.171770502429,
    57.493695052636));
#3832 = CARTESIAN_POINT('',(3.345614770252E-05,7.171770328773,
    57.493719888515));
#3833 = CARTESIAN_POINT('',(-1.041083185685,7.17177050284,
    57.493694993876));
#3834 = CARTESIAN_POINT('',(-2.073026752976,7.171770336594,
    57.49371877001));
#3835 = CARTESIAN_POINT('',(-3.118602440945,7.171770490979,
    57.493696690201));
#3836 = CARTESIAN_POINT('',(-4.152185552031,7.171770364572,
    57.493714768637));
#3837 = CARTESIAN_POINT('',(-5.193061718122,7.171770446438,
    57.493703060345));
#3838 = CARTESIAN_POINT('',(-5.193545560097,7.171770446476,
    57.49370305489));
#3839 = CARTESIAN_POINT('',(-5.194029403778,7.171770446514,
    57.493703049423));
#3840 = CARTESIAN_POINT('',(-5.194513249169,7.171770446553,
    57.493703043942));
#3841 = CARTESIAN_POINT('',(-5.194997096264,7.171770446591,
    57.49370303845));
#3842 = CARTESIAN_POINT('',(-5.195480945075,7.17177044663,
    57.493703032944));
#3843 = CARTESIAN_POINT('',(-5.195964795591,7.171770446668,
    57.493703027426));
#3844 = CARTESIAN_POINT('',(-5.196448647824,7.171770446707,
    57.493703021896));
#3845 = CARTESIAN_POINT('',(-5.196932501768,7.171770446746,
    57.493703016352));
#3846 = CARTESIAN_POINT('',(-5.197416357428,7.171770446784,
    57.493703010797));
#3847 = PCURVE('',#2903,#3848);
#3848 = DEFINITIONAL_REPRESENTATION('',(#3849),#3853);
#3849 = LINE('',#3850,#3851);
#3850 = CARTESIAN_POINT('',(10.396379058248,0.));
#3851 = VECTOR('',#3852,1.);
#3852 = DIRECTION('',(0.,1.));
#3853 = ( GEOMETRIC_REPRESENTATION_CONTEXT(2) 
PARAMETRIC_REPRESENTATION_CONTEXT() REPRESENTATION_CONTEXT('2D SPACE',''
  ) );
#3854 = PCURVE('',#3696,#3855);
#3855 = DEFINITIONAL_REPRESENTATION('',(#3856),#3886);
#3856 = B_SPLINE_CURVE_WITH_KNOTS('',10,(#3857,#3858,#3859,#3860,#3861,
    #3862,#3863,#3864,#3865,#3866,#3867,#3868,#3869,#3870,#3871,#3872,
    #3873,#3874,#3875,#3876,#3877,#3878,#3879,#3880,#3881,#3882,#3883,
    #3884,#3885),.UNSPECIFIED.,.F.,.F.,(11,9,9,11),(22.447376134531,
    22.452207829944,32.838924791967,32.843755192779),.UNSPECIFIED.);
#3857 = CARTESIAN_POINT('',(11.,0.949012334288));
#3858 = CARTESIAN_POINT('',(10.999487849022,0.949012334384));
#3859 = CARTESIAN_POINT('',(10.998975699844,0.949012334481));
#3860 = CARTESIAN_POINT('',(10.998463552465,0.949012334577));
#3861 = CARTESIAN_POINT('',(10.997951406885,0.949012334673));
#3862 = CARTESIAN_POINT('',(10.997439263102,0.949012334768));
#3863 = CARTESIAN_POINT('',(10.996927121114,0.949012334864));
#3864 = CARTESIAN_POINT('',(10.996414980921,0.949012334959));
#3865 = CARTESIAN_POINT('',(10.995902842521,0.949012335054));
#3866 = CARTESIAN_POINT('',(10.995390705914,0.949012335149));
#3867 = CARTESIAN_POINT('',(9.893940093689,0.949012538444));
#3868 = CARTESIAN_POINT('',(8.80012566587,0.949012224468));
#3869 = CARTESIAN_POINT('',(7.693770491414,0.949012608326));
#3870 = CARTESIAN_POINT('',(6.601626581208,0.949012193906));
#3871 = CARTESIAN_POINT('',(5.500035403161,0.949012629623));
#3872 = CARTESIAN_POINT('',(4.398306994538,0.949012192875));
#3873 = CARTESIAN_POINT('',(3.306285498431,0.94901261));
#3874 = CARTESIAN_POINT('',(2.199838549985,0.949012222635));
#3875 = CARTESIAN_POINT('',(1.106082074877,0.949012539801));
#3876 = CARTESIAN_POINT('',(4.608157786464E-03,0.949012334392));
#3877 = CARTESIAN_POINT('',(4.096147489133E-03,0.949012334296));
#3878 = CARTESIAN_POINT('',(3.584135386041E-03,0.9490123342));
#3879 = CARTESIAN_POINT('',(3.072121475966E-03,0.949012334105));
#3880 = CARTESIAN_POINT('',(2.560105757671E-03,0.949012334007));
#3881 = CARTESIAN_POINT('',(2.048088229938E-03,0.949012333912));
#3882 = CARTESIAN_POINT('',(1.536068891529E-03,0.949012333814));
#3883 = CARTESIAN_POINT('',(1.024047741222E-03,0.949012333718));
#3884 = CARTESIAN_POINT('',(5.120247777864E-04,0.94901233362));
#3885 = CARTESIAN_POINT('',(-5.462977461247E-15,0.949012333523));
#3886 = ( GEOMETRIC_REPRESENTATION_CONTEXT(2) 
PARAMETRIC_REPRESENTATION_CONTEXT() REPRESENTATION_CONTEXT('2D SPACE',''
  ) );
#3887 = ORIENTED_EDGE('',*,*,#3888,.F.);
#3888 = EDGE_CURVE('',#2836,#3814,#3889,.T.);
#3889 = SURFACE_CURVE('',#3890,(#3894,#3900),.PCURVE_S1.);
#3890 = ( BOUNDED_CURVE() B_SPLINE_CURVE(2,(#3891,#3892,#3893),
.UNSPECIFIED.,.F.,.F.) B_SPLINE_CURVE_WITH_KNOTS((3,3),(0.,
10.396379058248),.PIECEWISE_BEZIER_KNOTS.) CURVE() 
GEOMETRIC_REPRESENTATION_ITEM() RATIONAL_B_SPLINE_CURVE((1.,
0.704628748111,1.)) REPRESENTATION_ITEM('') );
#3891 = CARTESIAN_POINT('',(-5.230425893629,8.071142849322,58.4));
#3892 = CARTESIAN_POINT('',(-5.197183773795,7.165433511315,58.4));
#3893 = CARTESIAN_POINT('',(-5.197416357428,7.171770446784,
    57.493703010797));
#3894 = PCURVE('',#2903,#3895);
#3895 = DEFINITIONAL_REPRESENTATION('',(#3896),#3899);
#3896 = B_SPLINE_CURVE_WITH_KNOTS('',1,(#3897,#3898),.UNSPECIFIED.,.F.,
  .F.,(2,2),(0.,10.396379058248),.PIECEWISE_BEZIER_KNOTS.);
#3897 = CARTESIAN_POINT('',(0.,32.843755192779));
#3898 = CARTESIAN_POINT('',(10.396379058248,32.843755192779));
#3899 = ( GEOMETRIC_REPRESENTATION_CONTEXT(2) 
PARAMETRIC_REPRESENTATION_CONTEXT() REPRESENTATION_CONTEXT('2D SPACE',''
  ) );
#3900 = PCURVE('',#3072,#3901);
#3901 = DEFINITIONAL_REPRESENTATION('',(#3902),#3905);
#3902 = B_SPLINE_CURVE_WITH_KNOTS('',1,(#3903,#3904),.UNSPECIFIED.,.F.,
  .F.,(2,2),(0.,10.396379058248),.PIECEWISE_BEZIER_KNOTS.);
#3903 = CARTESIAN_POINT('',(0.,32.843755192779));
#3904 = CARTESIAN_POINT('',(22.4538522128,32.843755192779));
#3905 = ( GEOMETRIC_REPRESENTATION_CONTEXT(2) 
PARAMETRIC_REPRESENTATION_CONTEXT() REPRESENTATION_CONTEXT('2D SPACE',''
  ) );
#3906 = ORIENTED_EDGE('',*,*,#2835,.F.);
#3907 = ADVANCED_FACE('',(#3908),#3072,.F.);
#3908 = FACE_BOUND('',#3909,.F.);
#3909 = EDGE_LOOP('',(#3910,#3911,#3912,#3913,#3995));
#3910 = ORIENTED_EDGE('',*,*,#3383,.F.);
#3911 = ORIENTED_EDGE('',*,*,#2998,.F.);
#3912 = ORIENTED_EDGE('',*,*,#3888,.T.);
#3913 = ORIENTED_EDGE('',*,*,#3914,.T.);
#3914 = EDGE_CURVE('',#3814,#3277,#3915,.T.);
#3915 = SURFACE_CURVE('',#3916,(#3955,#3962),.PCURVE_S1.);
#3916 = B_SPLINE_CURVE_WITH_KNOTS('',13,(#3917,#3918,#3919,#3920,#3921,
    #3922,#3923,#3924,#3925,#3926,#3927,#3928,#3929,#3930,#3931,#3932,
    #3933,#3934,#3935,#3936,#3937,#3938,#3939,#3940,#3941,#3942,#3943,
    #3944,#3945,#3946,#3947,#3948,#3949,#3950,#3951,#3952,#3953,#3954),
  .UNSPECIFIED.,.F.,.F.,(14,12,12,14),(32.843755192779,44.116349460028,
    55.297607405578,57.208627330602),.UNSPECIFIED.);
#3917 = CARTESIAN_POINT('',(-5.197416357428,7.171770446784,
    57.493703010797));
#3918 = CARTESIAN_POINT('',(-6.066003216512,7.171774586556,
    57.493110948153));
#3919 = CARTESIAN_POINT('',(-6.936307274591,7.058068751049,
    57.492453651354));
#3920 = CARTESIAN_POINT('',(-7.791276829932,6.827026788429,
    57.491948353021));
#3921 = CARTESIAN_POINT('',(-8.579381878428,6.497593679848,
    57.491242830983));
#3922 = CARTESIAN_POINT('',(-9.415409867715,6.041106457549,
    57.49085261267));
#3923 = CARTESIAN_POINT('',(-10.03922953776,5.506002864159,
    57.490210989783));
#3924 = CARTESIAN_POINT('',(-10.7483913028,4.869626674085,
    57.489881612428));
#3925 = CARTESIAN_POINT('',(-11.2362370997,4.160180982447,
    57.489430430006));
#3926 = CARTESIAN_POINT('',(-11.70668673743,3.388722284243,
    57.489153749549));
#3927 = CARTESIAN_POINT('',(-12.03332030314,2.567877761258,
    57.488905503337));
#3928 = CARTESIAN_POINT('',(-12.26099013987,1.715078778143,
    57.488750163105));
#3929 = CARTESIAN_POINT('',(-12.37194426718,0.846077138954,
    57.488671775141));
#3930 = CARTESIAN_POINT('',(-12.36650722967,-0.884112664633,
    57.488675590845));
#3931 = CARTESIAN_POINT('',(-12.25165160605,-1.745335997396,
    57.488756195173));
#3932 = CARTESIAN_POINT('',(-12.0248588267,-2.590109076581,
    57.488915355345));
#3933 = CARTESIAN_POINT('',(-11.68804296214,-3.403002050981,
    57.489151727941));
#3934 = CARTESIAN_POINT('',(-11.24799649946,-4.166861186273,
    57.489460555677));
#3935 = CARTESIAN_POINT('',(-10.70975989995,-4.870554861024,
    57.489838286504));
#3936 = CARTESIAN_POINT('',(-10.08403706142,-5.49815380472,
    57.490277440586));
#3937 = CARTESIAN_POINT('',(-9.383103993496,-6.037266331512,
    57.490769385383));
#3938 = CARTESIAN_POINT('',(-8.619348652344,-6.480727095254,
    57.491305417253));
#3939 = CARTESIAN_POINT('',(-7.808697534224,-6.81900580984,
    57.491874396199));
#3940 = CARTESIAN_POINT('',(-6.964917564781,-7.048660036244,
    57.492466627907));
#3941 = CARTESIAN_POINT('',(-6.104281333822,-7.166087000802,
    57.493070710442));
#3942 = CARTESIAN_POINT('',(-5.096465611852,-7.172568144507,
    57.493778104167));
#3943 = CARTESIAN_POINT('',(-4.946282687982,-7.173533953127,
    57.493883518734));
#3944 = CARTESIAN_POINT('',(-4.79302309207,-7.174519547461,
    57.49399109284));
#3945 = CARTESIAN_POINT('',(-4.636686824117,-7.175524927508,
    57.494100826486));
#3946 = CARTESIAN_POINT('',(-4.477273884121,-7.17655009327,
    57.494212719672));
#3947 = CARTESIAN_POINT('',(-4.314784272085,-7.177595044746,
    57.494326772397));
#3948 = CARTESIAN_POINT('',(-4.149217988006,-7.178659781935,
    57.494442984662));
#3949 = CARTESIAN_POINT('',(-3.980575031886,-7.179744304839,
    57.494561356467));
#3950 = CARTESIAN_POINT('',(-3.808855403724,-7.180848613456,
    57.494681887812));
#3951 = CARTESIAN_POINT('',(-3.63405910352,-7.181972707788,
    57.494804578696));
#3952 = CARTESIAN_POINT('',(-3.456186131275,-7.183116587833,
    57.494929429121));
#3953 = CARTESIAN_POINT('',(-3.275236486988,-7.184280253592,
    57.495056439084));
#3954 = CARTESIAN_POINT('',(-3.091210170659,-7.185463705065,
    57.495185608588));
#3955 = PCURVE('',#3072,#3956);
#3956 = DEFINITIONAL_REPRESENTATION('',(#3957),#3961);
#3957 = LINE('',#3958,#3959);
#3958 = CARTESIAN_POINT('',(22.4538522128,0.));
#3959 = VECTOR('',#3960,1.);
#3960 = DIRECTION('',(0.,1.));
#3961 = ( GEOMETRIC_REPRESENTATION_CONTEXT(2) 
PARAMETRIC_REPRESENTATION_CONTEXT() REPRESENTATION_CONTEXT('2D SPACE',''
  ) );
#3962 = PCURVE('',#3296,#3963);
#3963 = DEFINITIONAL_REPRESENTATION('',(#3964),#3994);
#3964 = B_SPLINE_CURVE_WITH_KNOTS('',10,(#3965,#3966,#3967,#3968,#3969,
    #3970,#3971,#3972,#3973,#3974,#3975,#3976,#3977,#3978,#3979,#3980,
    #3981,#3982,#3983,#3984,#3985,#3986,#3987,#3988,#3989,#3990,#3991,
    #3992,#3993),.UNSPECIFIED.,.F.,.F.,(11,9,9,11),(32.843755192779,
    38.455612355251,44.067469517724,55.291183842669),.UNSPECIFIED.);
#3965 = CARTESIAN_POINT('',(3.14159265359,0.949012333523));
#3966 = CARTESIAN_POINT('',(3.063211562731,0.949005611207));
#3967 = CARTESIAN_POINT('',(2.984724883567,0.948998398305));
#3968 = CARTESIAN_POINT('',(2.906192829969,0.948991805486));
#3969 = CARTESIAN_POINT('',(2.828482734621,0.948984911401));
#3970 = CARTESIAN_POINT('',(2.749861323024,0.948978445033));
#3971 = CARTESIAN_POINT('',(2.67168669262,0.948972062009));
#3972 = CARTESIAN_POINT('',(2.59327155754,0.948966036816));
#3973 = CARTESIAN_POINT('',(2.514934761464,0.948960318775));
#3974 = CARTESIAN_POINT('',(2.436568373639,0.948954991251));
#3975 = CARTESIAN_POINT('',(2.279833327207,0.948945184891));
#3976 = CARTESIAN_POINT('',(2.201461114148,0.948940706841));
#3977 = CARTESIAN_POINT('',(2.123091186724,0.948936696063));
#3978 = CARTESIAN_POINT('',(2.04472563724,0.948933189647));
#3979 = CARTESIAN_POINT('',(1.966362789291,0.948930219295));
#3980 = CARTESIAN_POINT('',(1.887998665704,0.948927810982));
#3981 = CARTESIAN_POINT('',(1.809628809986,0.948925984648));
#3982 = CARTESIAN_POINT('',(1.731250461259,0.948924753886));
#3983 = CARTESIAN_POINT('',(1.652865082692,0.948924125659));
#3984 = CARTESIAN_POINT('',(1.417713564905,0.948924048707));
#3985 = CARTESIAN_POINT('',(1.260955113256,0.948926409992));
#3986 = CARTESIAN_POINT('',(1.104159744917,0.948931181233));
#3987 = CARTESIAN_POINT('',(0.947641986223,0.948938263603));
#3988 = CARTESIAN_POINT('',(0.790703410995,0.948947426228));
#3989 = CARTESIAN_POINT('',(0.633942312828,0.948958424882));
#3990 = CARTESIAN_POINT('',(0.477302101727,0.948970778827));
#3991 = CARTESIAN_POINT('',(0.3207187442,0.948984102566));
#3992 = CARTESIAN_POINT('',(0.163945497243,0.948997929394));
#3993 = CARTESIAN_POINT('',(7.332070812395E-03,0.949011760301));
#3994 = ( GEOMETRIC_REPRESENTATION_CONTEXT(2) 
PARAMETRIC_REPRESENTATION_CONTEXT() REPRESENTATION_CONTEXT('2D SPACE',''
  ) );
#3995 = ORIENTED_EDGE('',*,*,#3328,.F.);
#3996 = ADVANCED_FACE('',(#3997),#3296,.T.);
#3997 = FACE_BOUND('',#3998,.T.);
#3998 = EDGE_LOOP('',(#3999,#4000,#4001,#4025,#4045));
#3999 = ORIENTED_EDGE('',*,*,#3276,.T.);
#4000 = ORIENTED_EDGE('',*,*,#3786,.F.);
#4001 = ORIENTED_EDGE('',*,*,#4002,.T.);
#4002 = EDGE_CURVE('',#3764,#4003,#4005,.T.);
#4003 = VERTEX_POINT('',#4004);
#4004 = CARTESIAN_POINT('',(-5.5,7.55,3.4));
#4005 = SURFACE_CURVE('',#4006,(#4011,#4018),.PCURVE_S1.);
#4006 = CIRCLE('',#4007,7.55);
#4007 = AXIS2_PLACEMENT_3D('',#4008,#4009,#4010);
#4008 = CARTESIAN_POINT('',(-5.5,6.661338147751E-16,3.4));
#4009 = DIRECTION('',(0.,-0.,-1.));
#4010 = DIRECTION('',(0.,-1.,0.));
#4011 = PCURVE('',#3296,#4012);
#4012 = DEFINITIONAL_REPRESENTATION('',(#4013),#4017);
#4013 = LINE('',#4014,#4015);
#4014 = CARTESIAN_POINT('',(0.,0.));
#4015 = VECTOR('',#4016,1.);
#4016 = DIRECTION('',(1.,0.));
#4017 = ( GEOMETRIC_REPRESENTATION_CONTEXT(2) 
PARAMETRIC_REPRESENTATION_CONTEXT() REPRESENTATION_CONTEXT('2D SPACE',''
  ) );
#4018 = PCURVE('',#3725,#4019);
#4019 = DEFINITIONAL_REPRESENTATION('',(#4020),#4024);
#4020 = CIRCLE('',#4021,7.55);
#4021 = AXIS2_PLACEMENT_2D('',#4022,#4023);
#4022 = CARTESIAN_POINT('',(0.,0.));
#4023 = DIRECTION('',(1.,0.));
#4024 = ( GEOMETRIC_REPRESENTATION_CONTEXT(2) 
PARAMETRIC_REPRESENTATION_CONTEXT() REPRESENTATION_CONTEXT('2D SPACE',''
  ) );
#4025 = ORIENTED_EDGE('',*,*,#4026,.T.);
#4026 = EDGE_CURVE('',#4003,#3814,#4027,.T.);
#4027 = SURFACE_CURVE('',#4028,(#4031,#4038),.PCURVE_S1.);
#4028 = B_SPLINE_CURVE_WITH_KNOTS('',1,(#4029,#4030),.UNSPECIFIED.,.F.,
  .F.,(2,2),(0.,1.),.PIECEWISE_BEZIER_KNOTS.);
#4029 = CARTESIAN_POINT('',(-5.5,7.55,3.4));
#4030 = CARTESIAN_POINT('',(-5.18115942029,7.151449275362,60.4));
#4031 = PCURVE('',#3296,#4032);
#4032 = DEFINITIONAL_REPRESENTATION('',(#4033),#4037);
#4033 = LINE('',#4034,#4035);
#4034 = CARTESIAN_POINT('',(3.14159265359,0.));
#4035 = VECTOR('',#4036,1.);
#4036 = DIRECTION('',(0.,1.));
#4037 = ( GEOMETRIC_REPRESENTATION_CONTEXT(2) 
PARAMETRIC_REPRESENTATION_CONTEXT() REPRESENTATION_CONTEXT('2D SPACE',''
  ) );
#4038 = PCURVE('',#3696,#4039);
#4039 = DEFINITIONAL_REPRESENTATION('',(#4040),#4044);
#4040 = LINE('',#4041,#4042);
#4041 = CARTESIAN_POINT('',(0.,0.));
#4042 = VECTOR('',#4043,1.);
#4043 = DIRECTION('',(0.,1.));
#4044 = ( GEOMETRIC_REPRESENTATION_CONTEXT(2) 
PARAMETRIC_REPRESENTATION_CONTEXT() REPRESENTATION_CONTEXT('2D SPACE',''
  ) );
#4045 = ORIENTED_EDGE('',*,*,#3914,.T.);
#4046 = ADVANCED_FACE('',(#4047),#3696,.T.);
#4047 = FACE_BOUND('',#4048,.T.);
#4048 = EDGE_LOOP('',(#4049,#4050,#4071,#4072));
#4049 = ORIENTED_EDGE('',*,*,#4026,.F.);
#4050 = ORIENTED_EDGE('',*,*,#4051,.T.);
#4051 = EDGE_CURVE('',#4003,#3682,#4052,.T.);
#4052 = SURFACE_CURVE('',#4053,(#4057,#4064),.PCURVE_S1.);
#4053 = LINE('',#4054,#4055);
#4054 = CARTESIAN_POINT('',(-5.5,7.55,3.4));
#4055 = VECTOR('',#4056,1.);
#4056 = DIRECTION('',(1.,0.,0.));
#4057 = PCURVE('',#3696,#4058);
#4058 = DEFINITIONAL_REPRESENTATION('',(#4059),#4063);
#4059 = LINE('',#4060,#4061);
#4060 = CARTESIAN_POINT('',(0.,0.));
#4061 = VECTOR('',#4062,1.);
#4062 = DIRECTION('',(1.,0.));
#4063 = ( GEOMETRIC_REPRESENTATION_CONTEXT(2) 
PARAMETRIC_REPRESENTATION_CONTEXT() REPRESENTATION_CONTEXT('2D SPACE',''
  ) );
#4064 = PCURVE('',#3725,#4065);
#4065 = DEFINITIONAL_REPRESENTATION('',(#4066),#4070);
#4066 = LINE('',#4067,#4068);
#4067 = CARTESIAN_POINT('',(-7.55,0.));
#4068 = VECTOR('',#4069,1.);
#4069 = DIRECTION('',(0.,-1.));
#4070 = ( GEOMETRIC_REPRESENTATION_CONTEXT(2) 
PARAMETRIC_REPRESENTATION_CONTEXT() REPRESENTATION_CONTEXT('2D SPACE',''
  ) );
#4071 = ORIENTED_EDGE('',*,*,#3681,.T.);
#4072 = ORIENTED_EDGE('',*,*,#3813,.T.);
#4073 = ADVANCED_FACE('',(#4074),#3725,.F.);
#4074 = FACE_BOUND('',#4075,.F.);
#4075 = EDGE_LOOP('',(#4076,#4077,#4078,#4079));
#4076 = ORIENTED_EDGE('',*,*,#4051,.T.);
#4077 = ORIENTED_EDGE('',*,*,#3708,.T.);
#4078 = ORIENTED_EDGE('',*,*,#3763,.T.);
#4079 = ORIENTED_EDGE('',*,*,#4002,.T.);
#4080 = ( GEOMETRIC_REPRESENTATION_CONTEXT(3) 
GLOBAL_UNCERTAINTY_ASSIGNED_CONTEXT((#4084)) 
GLOBAL_UNIT_ASSIGNED_CONTEXT((#4081,#4082,#4083)) REPRESENTATION_CONTEXT
('Context #1','3D Context with UNIT and UNCERTAINTY') );
#4081 = ( LENGTH_UNIT() NAMED_UNIT(*) SI_UNIT(.MILLI.,.METRE.) );
#4082 = ( NAMED_UNIT(*) PLANE_ANGLE_UNIT() SI_UNIT($,.RADIAN.) );
#4083 = ( NAMED_UNIT(*) SI_UNIT($,.STERADIAN.) SOLID_ANGLE_UNIT() );
#4084 = UNCERTAINTY_MEASURE_WITH_UNIT(LENGTH_MEASURE(5.E-05),#4081,
  'distance_accuracy_value','confusion accuracy');
#4085 = PRODUCT_RELATED_PRODUCT_CATEGORY('part',$,(#7));
ENDSEC;
END-ISO-10303-21;
