ISO-10303-21;
HEADER;
FILE_DESCRIPTION(('Open CASCADE Model'),'2;1');
FILE_NAME('Open CASCADE Shape Model','2026-08-10T15:36:54',('Author'),(
    'Open CASCADE'),'Open CASCADE STEP processor 7.8','Open CASCADE 7.8'
  ,'Unknown');
FILE_SCHEMA(('AUTOMOTIVE_DESIGN { 1 0 10303 214 1 1 1 1 }'));
ENDSEC;
DATA;
#1 = APPLICATION_PROTOCOL_DEFINITION('international standard',
  'automotive_design',2000,#2);
#2 = APPLICATION_CONTEXT(
  'core data for automotive mechanical design processes');
#3 = SHAPE_DEFINITION_REPRESENTATION(#4,#10);
#4 = PRODUCT_DEFINITION_SHAPE('','',#5);
#5 = PRODUCT_DEFINITION('design','',#6,#9);
#6 = PRODUCT_DEFINITION_FORMATION('','',#7);
#7 = PRODUCT('Open CASCADE STEP translator 7.8 1',
  'Open CASCADE STEP translator 7.8 1','',(#8));
#8 = PRODUCT_CONTEXT('',#2,'mechanical');
#9 = PRODUCT_DEFINITION_CONTEXT('part definition',#2,'design');
#10 = ADVANCED_BREP_SHAPE_REPRESENTATION('',(#11,#15),#2134);
#11 = AXIS2_PLACEMENT_3D('',#12,#13,#14);
#12 = CARTESIAN_POINT('',(0.,0.,0.));
#13 = DIRECTION('',(0.,0.,1.));
#14 = DIRECTION('',(1.,0.,-0.));
#15 = MANIFOLD_SOLID_BREP('',#16);
#16 = CLOSED_SHELL('',(#17,#177,#394,#590,#698,#855,#915,#963,#1002,
    #1141,#1432,#1479,#1769,#1847,#1859,#1893,#1919,#1945,#1972,#1999,
    #2026,#2053,#2080,#2107));
#17 = ADVANCED_FACE('',(#18),#33,.T.);
#18 = FACE_BOUND('',#19,.F.);
#19 = EDGE_LOOP('',(#20,#56,#84,#113,#139));
#20 = ORIENTED_EDGE('',*,*,#21,.F.);
#21 = EDGE_CURVE('',#22,#24,#26,.T.);
#22 = VERTEX_POINT('',#23);
#23 = CARTESIAN_POINT('',(4.5,0.,0.5));
#24 = VERTEX_POINT('',#25);
#25 = CARTESIAN_POINT('',(3.231785504012,-3.131383473172,0.5));
#26 = SURFACE_CURVE('',#27,(#32,#44),.PCURVE_S1.);
#27 = CIRCLE('',#28,4.5);
#28 = AXIS2_PLACEMENT_3D('',#29,#30,#31);
#29 = CARTESIAN_POINT('',(0.,0.,0.5));
#30 = DIRECTION('',(0.,0.,1.));
#31 = DIRECTION('',(1.,0.,-0.));
#32 = PCURVE('',#33,#38);
#33 = CYLINDRICAL_SURFACE('',#34,4.5);
#34 = AXIS2_PLACEMENT_3D('',#35,#36,#37);
#35 = CARTESIAN_POINT('',(0.,0.,0.));
#36 = DIRECTION('',(-0.,-0.,-1.));
#37 = DIRECTION('',(1.,0.,0.));
#38 = DEFINITIONAL_REPRESENTATION('',(#39),#43);
#39 = LINE('',#40,#41);
#40 = CARTESIAN_POINT('',(-0.,-0.5));
#41 = VECTOR('',#42,1.);
#42 = DIRECTION('',(-1.,0.));
#43 = ( GEOMETRIC_REPRESENTATION_CONTEXT(2) 
PARAMETRIC_REPRESENTATION_CONTEXT() REPRESENTATION_CONTEXT('2D SPACE',''
  ) );
#44 = PCURVE('',#45,#50);
#45 = TOROIDAL_SURFACE('',#46,4.,0.5);
#46 = AXIS2_PLACEMENT_3D('',#47,#48,#49);
#47 = CARTESIAN_POINT('',(0.,0.,0.5));
#48 = DIRECTION('',(-0.,-0.,-1.));
#49 = DIRECTION('',(1.,0.,-0.));
#50 = DEFINITIONAL_REPRESENTATION('',(#51),#55);
#51 = LINE('',#52,#53);
#52 = CARTESIAN_POINT('',(-0.,0.));
#53 = VECTOR('',#54,1.);
#54 = DIRECTION('',(-1.,0.));
#55 = ( GEOMETRIC_REPRESENTATION_CONTEXT(2) 
PARAMETRIC_REPRESENTATION_CONTEXT() REPRESENTATION_CONTEXT('2D SPACE',''
  ) );
#56 = ORIENTED_EDGE('',*,*,#57,.T.);
#57 = EDGE_CURVE('',#22,#58,#60,.T.);
#58 = VERTEX_POINT('',#59);
#59 = CARTESIAN_POINT('',(4.5,0.,18.5));
#60 = SURFACE_CURVE('',#61,(#65,#72),.PCURVE_S1.);
#61 = LINE('',#62,#63);
#62 = CARTESIAN_POINT('',(4.5,0.,0.));
#63 = VECTOR('',#64,1.);
#64 = DIRECTION('',(0.,0.,1.));
#65 = PCURVE('',#33,#66);
#66 = DEFINITIONAL_REPRESENTATION('',(#67),#71);
#67 = LINE('',#68,#69);
#68 = CARTESIAN_POINT('',(-0.,0.));
#69 = VECTOR('',#70,1.);
#70 = DIRECTION('',(-0.,-1.));
#71 = ( GEOMETRIC_REPRESENTATION_CONTEXT(2) 
PARAMETRIC_REPRESENTATION_CONTEXT() REPRESENTATION_CONTEXT('2D SPACE',''
  ) );
#72 = PCURVE('',#73,#78);
#73 = CYLINDRICAL_SURFACE('',#74,4.5);
#74 = AXIS2_PLACEMENT_3D('',#75,#76,#77);
#75 = CARTESIAN_POINT('',(0.,0.,0.));
#76 = DIRECTION('',(-0.,-0.,-1.));
#77 = DIRECTION('',(1.,0.,0.));
#78 = DEFINITIONAL_REPRESENTATION('',(#79),#83);
#79 = LINE('',#80,#81);
#80 = CARTESIAN_POINT('',(-6.28318530718,0.));
#81 = VECTOR('',#82,1.);
#82 = DIRECTION('',(-0.,-1.));
#83 = ( GEOMETRIC_REPRESENTATION_CONTEXT(2) 
PARAMETRIC_REPRESENTATION_CONTEXT() REPRESENTATION_CONTEXT('2D SPACE',''
  ) );
#84 = ORIENTED_EDGE('',*,*,#85,.T.);
#85 = EDGE_CURVE('',#58,#86,#88,.T.);
#86 = VERTEX_POINT('',#87);
#87 = CARTESIAN_POINT('',(-3.672873534441,-2.6,18.5));
#88 = SURFACE_CURVE('',#89,(#94,#101),.PCURVE_S1.);
#89 = CIRCLE('',#90,4.5);
#90 = AXIS2_PLACEMENT_3D('',#91,#92,#93);
#91 = CARTESIAN_POINT('',(0.,0.,18.5));
#92 = DIRECTION('',(0.,0.,1.));
#93 = DIRECTION('',(1.,0.,-0.));
#94 = PCURVE('',#33,#95);
#95 = DEFINITIONAL_REPRESENTATION('',(#96),#100);
#96 = LINE('',#97,#98);
#97 = CARTESIAN_POINT('',(-0.,-18.5));
#98 = VECTOR('',#99,1.);
#99 = DIRECTION('',(-1.,0.));
#100 = ( GEOMETRIC_REPRESENTATION_CONTEXT(2) 
PARAMETRIC_REPRESENTATION_CONTEXT() REPRESENTATION_CONTEXT('2D SPACE',''
  ) );
#101 = PCURVE('',#102,#107);
#102 = TOROIDAL_SURFACE('',#103,4.,0.5);
#103 = AXIS2_PLACEMENT_3D('',#104,#105,#106);
#104 = CARTESIAN_POINT('',(0.,0.,18.5));
#105 = DIRECTION('',(0.,0.,1.));
#106 = DIRECTION('',(1.,0.,-0.));
#107 = DEFINITIONAL_REPRESENTATION('',(#108),#112);
#108 = LINE('',#109,#110);
#109 = CARTESIAN_POINT('',(0.,0.));
#110 = VECTOR('',#111,1.);
#111 = DIRECTION('',(1.,0.));
#112 = ( GEOMETRIC_REPRESENTATION_CONTEXT(2) 
PARAMETRIC_REPRESENTATION_CONTEXT() REPRESENTATION_CONTEXT('2D SPACE',''
  ) );
#113 = ORIENTED_EDGE('',*,*,#114,.T.);
#114 = EDGE_CURVE('',#86,#115,#117,.T.);
#115 = VERTEX_POINT('',#116);
#116 = CARTESIAN_POINT('',(-3.672873534441,-2.6,17.589630813399));
#117 = SURFACE_CURVE('',#118,(#122,#128),.PCURVE_S1.);
#118 = LINE('',#119,#120);
#119 = CARTESIAN_POINT('',(-3.672873534441,-2.6,0.));
#120 = VECTOR('',#121,1.);
#121 = DIRECTION('',(-0.,-0.,-1.));
#122 = PCURVE('',#33,#123);
#123 = DEFINITIONAL_REPRESENTATION('',(#124),#127);
#124 = B_SPLINE_CURVE_WITH_KNOTS('',1,(#125,#126),.UNSPECIFIED.,.F.,.F.,
  (2,2),(-18.5000006,-17.3894207762),.PIECEWISE_BEZIER_KNOTS.);
#125 = CARTESIAN_POINT('',(-3.757596048196,-18.5000006));
#126 = CARTESIAN_POINT('',(-3.757596048196,-17.3894207762));
#127 = ( GEOMETRIC_REPRESENTATION_CONTEXT(2) 
PARAMETRIC_REPRESENTATION_CONTEXT() REPRESENTATION_CONTEXT('2D SPACE',''
  ) );
#128 = PCURVE('',#129,#134);
#129 = PLANE('',#130);
#130 = AXIS2_PLACEMENT_3D('',#131,#132,#133);
#131 = CARTESIAN_POINT('',(-9.600476802836,-2.6,32.260963735269));
#132 = DIRECTION('',(0.,1.,0.));
#133 = DIRECTION('',(0.927183854567,0.,0.374606593416));
#134 = DEFINITIONAL_REPRESENTATION('',(#135),#138);
#135 = B_SPLINE_CURVE_WITH_KNOTS('',1,(#136,#137),.UNSPECIFIED.,.F.,.F.,
  (2,2),(-18.5000006,-17.3894207762),.PIECEWISE_BEZIER_KNOTS.);
#136 = CARTESIAN_POINT('',(0.341030524507,14.979462109804));
#137 = CARTESIAN_POINT('',(-7.5E-02,16.009173791632));
#138 = ( GEOMETRIC_REPRESENTATION_CONTEXT(2) 
PARAMETRIC_REPRESENTATION_CONTEXT() REPRESENTATION_CONTEXT('2D SPACE',''
  ) );
#139 = ORIENTED_EDGE('',*,*,#140,.T.);
#140 = EDGE_CURVE('',#115,#24,#141,.T.);
#141 = SURFACE_CURVE('',#142,(#147,#165),.PCURVE_S1.);
#142 = ELLIPSE('',#143,12.012602231493,4.5);
#143 = AXIS2_PLACEMENT_3D('',#144,#145,#146);
#144 = CARTESIAN_POINT('',(0.,0.,8.498949814042));
#145 = DIRECTION('',(0.927183854567,0.,0.374606593416));
#146 = DIRECTION('',(0.374606593416,0.,-0.927183854567));
#147 = PCURVE('',#33,#148);
#148 = DEFINITIONAL_REPRESENTATION('',(#149),#164);
#149 = B_SPLINE_CURVE_WITH_KNOTS('',7,(#150,#151,#152,#153,#154,#155,
    #156,#157,#158,#159,#160,#161,#162,#163),.UNSPECIFIED.,.F.,.F.,(8,6,
    8),(3.657510381386,4.585537457105,5.513564532825),.UNSPECIFIED.);
#150 = CARTESIAN_POINT('',(-3.657510381386,-18.18713660236));
#151 = CARTESIAN_POINT('',(-3.790085677917,-17.45867607312));
#152 = CARTESIAN_POINT('',(-3.922660974448,-16.5315535443));
#153 = CARTESIAN_POINT('',(-4.05523627098,-15.4266826399));
#154 = CARTESIAN_POINT('',(-4.18781156751,-14.17352607122));
#155 = CARTESIAN_POINT('',(-4.320386864043,-12.80861782534));
#156 = CARTESIAN_POINT('',(-4.452962160574,-11.372766973));
#157 = CARTESIAN_POINT('',(-4.718112753636,-8.443277341275));
#158 = CARTESIAN_POINT('',(-4.850688050168,-6.949638751789));
#159 = CARTESIAN_POINT('',(-4.983263346699,-5.46915546601));
#160 = CARTESIAN_POINT('',(-5.115838643231,-4.045123270996));
#161 = CARTESIAN_POINT('',(-5.248413939762,-2.719057788199));
#162 = CARTESIAN_POINT('',(-5.380989236293,-1.527517003547));
#163 = CARTESIAN_POINT('',(-5.513564532825,-0.4999994));
#164 = ( GEOMETRIC_REPRESENTATION_CONTEXT(2) 
PARAMETRIC_REPRESENTATION_CONTEXT() REPRESENTATION_CONTEXT('2D SPACE',''
  ) );
#165 = PCURVE('',#166,#171);
#166 = PLANE('',#167);
#167 = AXIS2_PLACEMENT_3D('',#168,#169,#170);
#168 = CARTESIAN_POINT('',(-9.600476802836,-6.4,32.260963735269));
#169 = DIRECTION('',(0.927183854567,0.,0.374606593416));
#170 = DIRECTION('',(0.374606593416,0.,-0.927183854567));
#171 = DEFINITIONAL_REPRESENTATION('',(#172),#176);
#172 = ELLIPSE('',#173,12.012602231493,4.5);
#173 = AXIS2_PLACEMENT_2D('',#174,#175);
#174 = CARTESIAN_POINT('',(25.628157570031,6.4));
#175 = DIRECTION('',(1.,0.));
#176 = ( GEOMETRIC_REPRESENTATION_CONTEXT(2) 
PARAMETRIC_REPRESENTATION_CONTEXT() REPRESENTATION_CONTEXT('2D SPACE',''
  ) );
#177 = ADVANCED_FACE('',(#178),#45,.T.);
#178 = FACE_BOUND('',#179,.F.);
#179 = EDGE_LOOP('',(#180,#243,#265,#287,#314,#315,#316));
#180 = ORIENTED_EDGE('',*,*,#181,.F.);
#181 = EDGE_CURVE('',#182,#184,#186,.T.);
#182 = VERTEX_POINT('',#183);
#183 = CARTESIAN_POINT('',(3.672873534441,-2.6,0.5));
#184 = VERTEX_POINT('',#185);
#185 = CARTESIAN_POINT('',(3.399261019487,-2.6,8.548355338058E-02));
#186 = SURFACE_CURVE('',#187,(#202,#220),.PCURVE_S1.);
#187 = B_SPLINE_CURVE_WITH_KNOTS('',5,(#188,#189,#190,#191,#192,#193,
    #194,#195,#196,#197,#198,#199,#200,#201),.UNSPECIFIED.,.F.,.F.,(6,4,
    4,6),(0.,0.493032655313,0.955692398523,1.),.UNSPECIFIED.);
#188 = CARTESIAN_POINT('',(3.672873534441,-2.6,0.5));
#189 = CARTESIAN_POINT('',(3.672873534441,-2.6,0.444641533232));
#190 = CARTESIAN_POINT('',(3.663486523994,-2.6,0.389272734656));
#191 = CARTESIAN_POINT('',(3.644707713977,-2.6,0.335491636189));
#192 = CARTESIAN_POINT('',(3.617167764743,-2.6,0.284798210321));
#193 = CARTESIAN_POINT('',(3.548804545894,-2.6,0.194717912542));
#194 = CARTESIAN_POINT('',(3.508895874757,-2.6,0.154816845048));
#195 = CARTESIAN_POINT('',(3.463015816693,-2.6,0.119554801393));
#196 = CARTESIAN_POINT('',(3.412235728101,-2.6,8.952644599209E-02));
#197 = CARTESIAN_POINT('',(3.352410162428,-2.6,6.270647321114E-02));
#198 = CARTESIAN_POINT('',(3.347146539992,-2.6,6.04133920244E-02));
#199 = CARTESIAN_POINT('',(3.341848803928,-2.6,5.817149055618E-02));
#200 = CARTESIAN_POINT('',(3.336517904225,-2.6,5.598102788731E-02));
#201 = CARTESIAN_POINT('',(3.33115482784,-2.6,5.384225577017E-02));
#202 = PCURVE('',#45,#203);
#203 = DEFINITIONAL_REPRESENTATION('',(#204),#219);
#204 = B_SPLINE_CURVE_WITH_KNOTS('',5,(#205,#206,#207,#208,#209,#210,
    #211,#212,#213,#214,#215,#216,#217,#218),.UNSPECIFIED.,.F.,.F.,(6,4,
    4,6),(0.,0.493032655313,0.955692398523,1.),.UNSPECIFIED.);
#205 = CARTESIAN_POINT('',(-5.667181912574,0.));
#206 = CARTESIAN_POINT('',(-5.667181912574,0.110716933536));
#207 = CARTESIAN_POINT('',(-5.665976483201,0.22145275138));
#208 = CARTESIAN_POINT('',(-5.663566208972,0.331850621823));
#209 = CARTESIAN_POINT('',(-5.659986713898,0.441700905425));
#210 = CARTESIAN_POINT('',(-5.650913497402,0.65312726706));
#211 = CARTESIAN_POINT('',(-5.645550356237,0.75481988316));
#212 = CARTESIAN_POINT('',(-5.63927179158,0.855701434314));
#213 = CARTESIAN_POINT('',(-5.632150619391,0.955749870517));
#214 = CARTESIAN_POINT('',(-5.623525315503,1.064502317278));
#215 = CARTESIAN_POINT('',(-5.622764609382,1.073999736163));
#216 = CARTESIAN_POINT('',(-5.621997083073,1.083489918834));
#217 = CARTESIAN_POINT('',(-5.62122282056,1.092972921139));
#218 = CARTESIAN_POINT('',(-5.620441932565,1.102448834433));
#219 = ( GEOMETRIC_REPRESENTATION_CONTEXT(2) 
PARAMETRIC_REPRESENTATION_CONTEXT() REPRESENTATION_CONTEXT('2D SPACE',''
  ) );
#220 = PCURVE('',#221,#226);
#221 = PLANE('',#222);
#222 = AXIS2_PLACEMENT_3D('',#223,#224,#225);
#223 = CARTESIAN_POINT('',(-9.600476802836,-2.6,32.260963735269));
#224 = DIRECTION('',(0.,1.,0.));
#225 = DIRECTION('',(0.927183854567,0.,0.374606593416));
#226 = DEFINITIONAL_REPRESENTATION('',(#227),#242);
#227 = B_SPLINE_CURVE_WITH_KNOTS('',5,(#228,#229,#230,#231,#232,#233,
    #234,#235,#236,#237,#238,#239,#240,#241),.UNSPECIFIED.,.F.,.F.,(6,4,
    4,6),(0.,0.493032655313,0.955692398523,1.),.UNSPECIFIED.);
#228 = CARTESIAN_POINT('',(0.408969700257,34.420537333886));
#229 = CARTESIAN_POINT('',(0.388232053604,34.471864810487));
#230 = CARTESIAN_POINT('',(0.358787052058,34.519685430567));
#231 = CARTESIAN_POINT('',(0.321228888516,34.562515730697));
#232 = CARTESIAN_POINT('',(0.276704200658,34.599201210129));
#233 = CARTESIAN_POINT('',(0.17957425441,34.657112895317));
#234 = CARTESIAN_POINT('',(0.127624375907,34.679158469535));
#235 = CARTESIAN_POINT('',(7.187573277218E-02,34.694665894834));
#236 = CARTESIAN_POINT('',(1.354443457369E-02,34.70348514514));
#237 = CARTESIAN_POINT('',(-5.197180264754E-02,34.705941139526));
#238 = CARTESIAN_POINT('',(-5.771115171859E-02,34.70609545971));
#239 = CARTESIAN_POINT('',(-6.34629581347E-02,34.706189547695));
#240 = CARTESIAN_POINT('',(-6.922624402782E-02,34.706223519138));
#241 = CARTESIAN_POINT('',(-7.5E-02,34.706197510339));
#242 = ( GEOMETRIC_REPRESENTATION_CONTEXT(2) 
PARAMETRIC_REPRESENTATION_CONTEXT() REPRESENTATION_CONTEXT('2D SPACE',''
  ) );
#243 = ORIENTED_EDGE('',*,*,#244,.T.);
#244 = EDGE_CURVE('',#182,#22,#245,.T.);
#245 = SURFACE_CURVE('',#246,(#251,#258),.PCURVE_S1.);
#246 = CIRCLE('',#247,4.5);
#247 = AXIS2_PLACEMENT_3D('',#248,#249,#250);
#248 = CARTESIAN_POINT('',(0.,0.,0.5));
#249 = DIRECTION('',(0.,0.,1.));
#250 = DIRECTION('',(1.,0.,-0.));
#251 = PCURVE('',#45,#252);
#252 = DEFINITIONAL_REPRESENTATION('',(#253),#257);
#253 = LINE('',#254,#255);
#254 = CARTESIAN_POINT('',(-0.,0.));
#255 = VECTOR('',#256,1.);
#256 = DIRECTION('',(-1.,0.));
#257 = ( GEOMETRIC_REPRESENTATION_CONTEXT(2) 
PARAMETRIC_REPRESENTATION_CONTEXT() REPRESENTATION_CONTEXT('2D SPACE',''
  ) );
#258 = PCURVE('',#73,#259);
#259 = DEFINITIONAL_REPRESENTATION('',(#260),#264);
#260 = LINE('',#261,#262);
#261 = CARTESIAN_POINT('',(-0.,-0.5));
#262 = VECTOR('',#263,1.);
#263 = DIRECTION('',(-1.,0.));
#264 = ( GEOMETRIC_REPRESENTATION_CONTEXT(2) 
PARAMETRIC_REPRESENTATION_CONTEXT() REPRESENTATION_CONTEXT('2D SPACE',''
  ) );
#265 = ORIENTED_EDGE('',*,*,#266,.T.);
#266 = EDGE_CURVE('',#22,#267,#269,.T.);
#267 = VERTEX_POINT('',#268);
#268 = CARTESIAN_POINT('',(4.,0.,0.));
#269 = SEAM_CURVE('',#270,(#275,#281),.PCURVE_S1.);
#270 = CIRCLE('',#271,0.5);
#271 = AXIS2_PLACEMENT_3D('',#272,#273,#274);
#272 = CARTESIAN_POINT('',(4.,0.,0.5));
#273 = DIRECTION('',(0.,1.,0.));
#274 = DIRECTION('',(1.,0.,-0.));
#275 = PCURVE('',#45,#276);
#276 = DEFINITIONAL_REPRESENTATION('',(#277),#280);
#277 = B_SPLINE_CURVE_WITH_KNOTS('',1,(#278,#279),.UNSPECIFIED.,.F.,.F.,
  (2,2),(0.,1.570796326795),.PIECEWISE_BEZIER_KNOTS.);
#278 = CARTESIAN_POINT('',(0.,0.));
#279 = CARTESIAN_POINT('',(0.,1.570796326795));
#280 = ( GEOMETRIC_REPRESENTATION_CONTEXT(2) 
PARAMETRIC_REPRESENTATION_CONTEXT() REPRESENTATION_CONTEXT('2D SPACE',''
  ) );
#281 = PCURVE('',#45,#282);
#282 = DEFINITIONAL_REPRESENTATION('',(#283),#286);
#283 = B_SPLINE_CURVE_WITH_KNOTS('',1,(#284,#285),.UNSPECIFIED.,.F.,.F.,
  (2,2),(0.,1.570796326795),.PIECEWISE_BEZIER_KNOTS.);
#284 = CARTESIAN_POINT('',(-6.28318530718,0.));
#285 = CARTESIAN_POINT('',(-6.28318530718,1.570796326795));
#286 = ( GEOMETRIC_REPRESENTATION_CONTEXT(2) 
PARAMETRIC_REPRESENTATION_CONTEXT() REPRESENTATION_CONTEXT('2D SPACE',''
  ) );
#287 = ORIENTED_EDGE('',*,*,#288,.F.);
#288 = EDGE_CURVE('',#267,#267,#289,.T.);
#289 = SURFACE_CURVE('',#290,(#295,#302),.PCURVE_S1.);
#290 = CIRCLE('',#291,4.);
#291 = AXIS2_PLACEMENT_3D('',#292,#293,#294);
#292 = CARTESIAN_POINT('',(0.,0.,0.));
#293 = DIRECTION('',(0.,0.,1.));
#294 = DIRECTION('',(1.,0.,-0.));
#295 = PCURVE('',#45,#296);
#296 = DEFINITIONAL_REPRESENTATION('',(#297),#301);
#297 = LINE('',#298,#299);
#298 = CARTESIAN_POINT('',(-0.,1.570796326795));
#299 = VECTOR('',#300,1.);
#300 = DIRECTION('',(-1.,0.));
#301 = ( GEOMETRIC_REPRESENTATION_CONTEXT(2) 
PARAMETRIC_REPRESENTATION_CONTEXT() REPRESENTATION_CONTEXT('2D SPACE',''
  ) );
#302 = PCURVE('',#303,#308);
#303 = PLANE('',#304);
#304 = AXIS2_PLACEMENT_3D('',#305,#306,#307);
#305 = CARTESIAN_POINT('',(-3.038755850088E-16,-1.836970198721E-16,0.));
#306 = DIRECTION('',(0.,0.,1.));
#307 = DIRECTION('',(1.,0.,-0.));
#308 = DEFINITIONAL_REPRESENTATION('',(#309),#313);
#309 = CIRCLE('',#310,4.);
#310 = AXIS2_PLACEMENT_2D('',#311,#312);
#311 = CARTESIAN_POINT('',(3.038755850088E-16,1.836970198721E-16));
#312 = DIRECTION('',(1.,0.));
#313 = ( GEOMETRIC_REPRESENTATION_CONTEXT(2) 
PARAMETRIC_REPRESENTATION_CONTEXT() REPRESENTATION_CONTEXT('2D SPACE',''
  ) );
#314 = ORIENTED_EDGE('',*,*,#266,.F.);
#315 = ORIENTED_EDGE('',*,*,#21,.T.);
#316 = ORIENTED_EDGE('',*,*,#317,.T.);
#317 = EDGE_CURVE('',#24,#184,#318,.T.);
#318 = SURFACE_CURVE('',#319,(#342,#368),.PCURVE_S1.);
#319 = B_SPLINE_CURVE_WITH_KNOTS('',6,(#320,#321,#322,#323,#324,#325,
    #326,#327,#328,#329,#330,#331,#332,#333,#334,#335,#336,#337,#338,
    #339,#340,#341),.UNSPECIFIED.,.F.,.F.,(7,5,5,5,7),(0.,0.393673027403
    ,0.687253632892,0.962662871792,1.),.UNSPECIFIED.);
#320 = CARTESIAN_POINT('',(3.231785504012,-3.131383473172,0.5));
#321 = CARTESIAN_POINT('',(3.252380303993,-3.110128338946,0.449026081319
    ));
#322 = CARTESIAN_POINT('',(3.272665562861,-3.079895320902,0.398818303777
    ));
#323 = CARTESIAN_POINT('',(3.292203570445,-3.04137717821,0.350460038064)
  );
#324 = CARTESIAN_POINT('',(3.310657331928,-2.995536467407,0.304785375622
    ));
#325 = CARTESIAN_POINT('',(3.3278016635,-2.943352561548,0.262351665936)
  );
#326 = CARTESIAN_POINT('',(3.355187594347,-2.842776384295,0.194569108529
    ));
#327 = CARTESIAN_POINT('',(3.366076421913,-2.79679161423,0.167618314572)
  );
#328 = CARTESIAN_POINT('',(3.376095381508,-2.748161052409,0.142820519393
    ));
#329 = CARTESIAN_POINT('',(3.385206469449,-2.697241166307,0.12026978541)
  );
#330 = CARTESIAN_POINT('',(3.393387922552,-2.644363450366,0.100019978393
    ));
#331 = CARTESIAN_POINT('',(3.407420864241,-2.538667846567,
    6.528722890388E-02));
#332 = CARTESIAN_POINT('',(3.413384956071,-2.486050951756,
    5.052558362234E-02));
#333 = CARTESIAN_POINT('',(3.41851149953,-2.432226177942,
    3.783694330334E-02));
#334 = CARTESIAN_POINT('',(3.422798482289,-2.377425961218,
    2.72262886361E-02));
#335 = CARTESIAN_POINT('',(3.426248048027,-2.321870337531,
    1.868831382706E-02));
#336 = CARTESIAN_POINT('',(3.429217980559,-2.258165721855,
    1.13374728618E-02));
#337 = CARTESIAN_POINT('',(3.429557211765,-2.250550404987,
    1.049784616473E-02));
#338 = CARTESIAN_POINT('',(3.429881118302,-2.242925638818,
    9.696149351292E-03));
#339 = CARTESIAN_POINT('',(3.430189708381,-2.235291950964,
    8.932362105355E-03));
#340 = CARTESIAN_POINT('',(3.430482989813,-2.227649884909,
    8.206465086715E-03));
#341 = CARTESIAN_POINT('',(3.43076097002,-2.22,7.518439931125E-03));
#342 = PCURVE('',#45,#343);
#343 = DEFINITIONAL_REPRESENTATION('',(#344),#367);
#344 = B_SPLINE_CURVE_WITH_KNOTS('',6,(#345,#346,#347,#348,#349,#350,
    #351,#352,#353,#354,#355,#356,#357,#358,#359,#360,#361,#362,#363,
    #364,#365,#366),.UNSPECIFIED.,.F.,.F.,(7,5,5,5,7),(0.,0.393673027403
    ,0.687253632892,0.962662871792,1.),.UNSPECIFIED.);
#345 = CARTESIAN_POINT('',(-5.51356445541,0.));
#346 = CARTESIAN_POINT('',(-5.520141356692,0.101947837361));
#347 = CARTESIAN_POINT('',(-5.528103232334,0.202362849409));
#348 = CARTESIAN_POINT('',(-5.537313206818,0.300989417587));
#349 = CARTESIAN_POINT('',(-5.547633437605,0.397765440614));
#350 = CARTESIAN_POINT('',(-5.558943545724,0.492703219628));
#351 = CARTESIAN_POINT('',(-5.580234182668,0.655404720832));
#352 = CARTESIAN_POINT('',(-5.589821993087,0.723942718341));
#353 = CARTESIAN_POINT('',(-5.599860612762,0.791564368448));
#354 = CARTESIAN_POINT('',(-5.610312150098,0.858329279415));
#355 = CARTESIAN_POINT('',(-5.621142064728,0.924309704318));
#356 = CARTESIAN_POINT('',(-5.642802834902,1.0508335367));
#357 = CARTESIAN_POINT('',(-5.653591733411,1.111458264261));
#358 = CARTESIAN_POINT('',(-5.664658461176,1.171538104528));
#359 = CARTESIAN_POINT('',(-5.675977061361,1.231147520567));
#360 = CARTESIAN_POINT('',(-5.687520617609,1.290369301814));
#361 = CARTESIAN_POINT('',(-5.700851147132,1.357289649252));
#362 = CARTESIAN_POINT('',(-5.702446191957,1.36527356805));
#363 = CARTESIAN_POINT('',(-5.704044756735,1.373252352613));
#364 = CARTESIAN_POINT('',(-5.705646768309,1.381226237278));
#365 = CARTESIAN_POINT('',(-5.707252144107,1.38919547879));
#366 = CARTESIAN_POINT('',(-5.708860792133,1.397160356303));
#367 = ( GEOMETRIC_REPRESENTATION_CONTEXT(2) 
PARAMETRIC_REPRESENTATION_CONTEXT() REPRESENTATION_CONTEXT('2D SPACE',''
  ) );
#368 = PCURVE('',#166,#369);
#369 = DEFINITIONAL_REPRESENTATION('',(#370),#393);
#370 = B_SPLINE_CURVE_WITH_KNOTS('',6,(#371,#372,#373,#374,#375,#376,
    #377,#378,#379,#380,#381,#382,#383,#384,#385,#386,#387,#388,#389,
    #390,#391,#392),.UNSPECIFIED.,.F.,.F.,(7,5,5,5,7),(0.,0.393673027403
    ,0.687253632892,0.962662871792,1.),.UNSPECIFIED.);
#371 = CARTESIAN_POINT('',(34.25530284941,3.268616526828));
#372 = CARTESIAN_POINT('',(34.310279991678,3.289871661054));
#373 = CARTESIAN_POINT('',(34.36443082411,3.320104679098));
#374 = CARTESIAN_POINT('',(34.416586893777,3.35862282179));
#375 = CARTESIAN_POINT('',(34.465848604081,3.404463532593));
#376 = CARTESIAN_POINT('',(34.511614834238,3.456647438452));
#377 = CARTESIAN_POINT('',(34.584720677349,3.557223615705));
#378 = CARTESIAN_POINT('',(34.613788044974,3.60320838577));
#379 = CARTESIAN_POINT('',(34.640533328617,3.651838947591));
#380 = CARTESIAN_POINT('',(34.66485507869,3.702758833693));
#381 = CARTESIAN_POINT('',(34.68669519909,3.755636549634));
#382 = CARTESIAN_POINT('',(34.724155676123,3.861332153433));
#383 = CARTESIAN_POINT('',(34.740076623418,3.913949048244));
#384 = CARTESIAN_POINT('',(34.753761762839,3.967773822058));
#385 = CARTESIAN_POINT('',(34.765205722541,4.022574038782));
#386 = CARTESIAN_POINT('',(34.774414225004,4.078129662469));
#387 = CARTESIAN_POINT('',(34.782342362373,4.141834278145));
#388 = CARTESIAN_POINT('',(34.783247928937,4.149449595013));
#389 = CARTESIAN_POINT('',(34.784112586803,4.157074361182));
#390 = CARTESIAN_POINT('',(34.784936357884,4.164708049036));
#391 = CARTESIAN_POINT('',(34.785719263038,4.172350115091));
#392 = CARTESIAN_POINT('',(34.786461322072,4.18));
#393 = ( GEOMETRIC_REPRESENTATION_CONTEXT(2) 
PARAMETRIC_REPRESENTATION_CONTEXT() REPRESENTATION_CONTEXT('2D SPACE',''
  ) );
#394 = ADVANCED_FACE('',(#395),#166,.T.);
#395 = FACE_BOUND('',#396,.T.);
#396 = EDGE_LOOP('',(#397,#420,#421,#422,#445,#478,#504,#532,#558));
#397 = ORIENTED_EDGE('',*,*,#398,.F.);
#398 = EDGE_CURVE('',#115,#399,#401,.T.);
#399 = VERTEX_POINT('',#400);
#400 = CARTESIAN_POINT('',(-1.865475810618,-2.6,13.116164468268));
#401 = SURFACE_CURVE('',#402,(#406,#413),.PCURVE_S1.);
#402 = LINE('',#403,#404);
#403 = CARTESIAN_POINT('',(-9.600476802836,-2.6,32.260963735269));
#404 = VECTOR('',#405,1.);
#405 = DIRECTION('',(0.374606593416,0.,-0.927183854567));
#406 = PCURVE('',#166,#407);
#407 = DEFINITIONAL_REPRESENTATION('',(#408),#412);
#408 = LINE('',#409,#410);
#409 = CARTESIAN_POINT('',(0.,3.8));
#410 = VECTOR('',#411,1.);
#411 = DIRECTION('',(1.,0.));
#412 = ( GEOMETRIC_REPRESENTATION_CONTEXT(2) 
PARAMETRIC_REPRESENTATION_CONTEXT() REPRESENTATION_CONTEXT('2D SPACE',''
  ) );
#413 = PCURVE('',#129,#414);
#414 = DEFINITIONAL_REPRESENTATION('',(#415),#419);
#415 = LINE('',#416,#417);
#416 = CARTESIAN_POINT('',(0.,0.));
#417 = VECTOR('',#418,1.);
#418 = DIRECTION('',(0.,1.));
#419 = ( GEOMETRIC_REPRESENTATION_CONTEXT(2) 
PARAMETRIC_REPRESENTATION_CONTEXT() REPRESENTATION_CONTEXT('2D SPACE',''
  ) );
#420 = ORIENTED_EDGE('',*,*,#140,.T.);
#421 = ORIENTED_EDGE('',*,*,#317,.T.);
#422 = ORIENTED_EDGE('',*,*,#423,.F.);
#423 = EDGE_CURVE('',#424,#184,#426,.T.);
#424 = VERTEX_POINT('',#425);
#425 = CARTESIAN_POINT('',(1.865475810618,-2.6,3.881735159816));
#426 = SURFACE_CURVE('',#427,(#431,#438),.PCURVE_S1.);
#427 = LINE('',#428,#429);
#428 = CARTESIAN_POINT('',(-9.600476802836,-2.6,32.260963735269));
#429 = VECTOR('',#430,1.);
#430 = DIRECTION('',(0.374606593416,0.,-0.927183854567));
#431 = PCURVE('',#166,#432);
#432 = DEFINITIONAL_REPRESENTATION('',(#433),#437);
#433 = LINE('',#434,#435);
#434 = CARTESIAN_POINT('',(0.,3.8));
#435 = VECTOR('',#436,1.);
#436 = DIRECTION('',(1.,0.));
#437 = ( GEOMETRIC_REPRESENTATION_CONTEXT(2) 
PARAMETRIC_REPRESENTATION_CONTEXT() REPRESENTATION_CONTEXT('2D SPACE',''
  ) );
#438 = PCURVE('',#221,#439);
#439 = DEFINITIONAL_REPRESENTATION('',(#440),#444);
#440 = LINE('',#441,#442);
#441 = CARTESIAN_POINT('',(0.,0.));
#442 = VECTOR('',#443,1.);
#443 = DIRECTION('',(0.,1.));
#444 = ( GEOMETRIC_REPRESENTATION_CONTEXT(2) 
PARAMETRIC_REPRESENTATION_CONTEXT() REPRESENTATION_CONTEXT('2D SPACE',''
  ) );
#445 = ORIENTED_EDGE('',*,*,#446,.F.);
#446 = EDGE_CURVE('',#447,#424,#449,.T.);
#447 = VERTEX_POINT('',#448);
#448 = CARTESIAN_POINT('',(0.807628149001,-3.096407074811,6.5));
#449 = SURFACE_CURVE('',#450,(#455,#462),.PCURVE_S1.);
#450 = ELLIPSE('',#451,8.542294920173,3.2);
#451 = AXIS2_PLACEMENT_3D('',#452,#453,#454);
#452 = CARTESIAN_POINT('',(0.,0.,8.498949814042));
#453 = DIRECTION('',(0.927183854567,0.,0.374606593416));
#454 = DIRECTION('',(0.374606593416,0.,-0.927183854567));
#455 = PCURVE('',#166,#456);
#456 = DEFINITIONAL_REPRESENTATION('',(#457),#461);
#457 = ELLIPSE('',#458,8.542294920173,3.2);
#458 = AXIS2_PLACEMENT_2D('',#459,#460);
#459 = CARTESIAN_POINT('',(25.628157570031,6.4));
#460 = DIRECTION('',(1.,0.));
#461 = ( GEOMETRIC_REPRESENTATION_CONTEXT(2) 
PARAMETRIC_REPRESENTATION_CONTEXT() REPRESENTATION_CONTEXT('2D SPACE',''
  ) );
#462 = PCURVE('',#463,#468);
#463 = CYLINDRICAL_SURFACE('',#464,3.2);
#464 = AXIS2_PLACEMENT_3D('',#465,#466,#467);
#465 = CARTESIAN_POINT('',(0.,0.,-1.));
#466 = DIRECTION('',(-0.,-0.,-1.));
#467 = DIRECTION('',(1.,0.,0.));
#468 = DEFINITIONAL_REPRESENTATION('',(#469),#477);
#469 = B_SPLINE_CURVE_WITH_KNOTS('',6,(#470,#471,#472,#473,#474,#475,
    #476),.UNSPECIFIED.,.F.,.F.,(7,7),(4.967531917243,5.516502451159),
  .PIECEWISE_BEZIER_KNOTS.);
#470 = CARTESIAN_POINT('',(-4.967531917243,-7.5000006));
#471 = CARTESIAN_POINT('',(-5.059027006229,-6.798793528487));
#472 = CARTESIAN_POINT('',(-5.150522095215,-6.117667263747));
#473 = CARTESIAN_POINT('',(-5.242017184201,-5.467187018992));
#474 = CARTESIAN_POINT('',(-5.333512273187,-4.857417784218));
#475 = CARTESIAN_POINT('',(-5.425007362173,-4.2973771519));
#476 = CARTESIAN_POINT('',(-5.516502451159,-3.794639743879));
#477 = ( GEOMETRIC_REPRESENTATION_CONTEXT(2) 
PARAMETRIC_REPRESENTATION_CONTEXT() REPRESENTATION_CONTEXT('2D SPACE',''
  ) );
#478 = ORIENTED_EDGE('',*,*,#479,.T.);
#479 = EDGE_CURVE('',#447,#480,#482,.T.);
#480 = VERTEX_POINT('',#481);
#481 = CARTESIAN_POINT('',(0.807628149001,-2.6,6.5));
#482 = SURFACE_CURVE('',#483,(#487,#493),.PCURVE_S1.);
#483 = LINE('',#484,#485);
#484 = CARTESIAN_POINT('',(0.807628149001,-3.2,6.5));
#485 = VECTOR('',#486,1.);
#486 = DIRECTION('',(0.,1.,0.));
#487 = PCURVE('',#166,#488);
#488 = DEFINITIONAL_REPRESENTATION('',(#489),#492);
#489 = B_SPLINE_CURVE_WITH_KNOTS('',1,(#490,#491),.UNSPECIFIED.,.F.,.F.,
  (2,2),(0.,0.6),.PIECEWISE_BEZIER_KNOTS.);
#490 = CARTESIAN_POINT('',(27.784094393345,3.2));
#491 = CARTESIAN_POINT('',(27.784094393345,3.8));
#492 = ( GEOMETRIC_REPRESENTATION_CONTEXT(2) 
PARAMETRIC_REPRESENTATION_CONTEXT() REPRESENTATION_CONTEXT('2D SPACE',''
  ) );
#493 = PCURVE('',#494,#499);
#494 = PLANE('',#495);
#495 = AXIS2_PLACEMENT_3D('',#496,#497,#498);
#496 = CARTESIAN_POINT('',(-3.061433132551E-16,6.734331626528E-17,6.5));
#497 = DIRECTION('',(0.,0.,1.));
#498 = DIRECTION('',(1.,0.,-0.));
#499 = DEFINITIONAL_REPRESENTATION('',(#500),#503);
#500 = B_SPLINE_CURVE_WITH_KNOTS('',1,(#501,#502),.UNSPECIFIED.,.F.,.F.,
  (2,2),(0.,0.6),.PIECEWISE_BEZIER_KNOTS.);
#501 = CARTESIAN_POINT('',(0.807628149001,-3.2));
#502 = CARTESIAN_POINT('',(0.807628149001,-2.6));
#503 = ( GEOMETRIC_REPRESENTATION_CONTEXT(2) 
PARAMETRIC_REPRESENTATION_CONTEXT() REPRESENTATION_CONTEXT('2D SPACE',''
  ) );
#504 = ORIENTED_EDGE('',*,*,#505,.F.);
#505 = EDGE_CURVE('',#506,#480,#508,.T.);
#506 = VERTEX_POINT('',#507);
#507 = CARTESIAN_POINT('',(0.201588810249,-2.6,8.));
#508 = SURFACE_CURVE('',#509,(#513,#520),.PCURVE_S1.);
#509 = LINE('',#510,#511);
#510 = CARTESIAN_POINT('',(-9.600476802836,-2.6,32.260963735269));
#511 = VECTOR('',#512,1.);
#512 = DIRECTION('',(0.374606593416,0.,-0.927183854567));
#513 = PCURVE('',#166,#514);
#514 = DEFINITIONAL_REPRESENTATION('',(#515),#519);
#515 = LINE('',#516,#517);
#516 = CARTESIAN_POINT('',(0.,3.8));
#517 = VECTOR('',#518,1.);
#518 = DIRECTION('',(1.,0.));
#519 = ( GEOMETRIC_REPRESENTATION_CONTEXT(2) 
PARAMETRIC_REPRESENTATION_CONTEXT() REPRESENTATION_CONTEXT('2D SPACE',''
  ) );
#520 = PCURVE('',#521,#526);
#521 = PLANE('',#522);
#522 = AXIS2_PLACEMENT_3D('',#523,#524,#525);
#523 = CARTESIAN_POINT('',(-9.600476802836,-2.6,32.260963735269));
#524 = DIRECTION('',(0.,1.,0.));
#525 = DIRECTION('',(0.927183854567,0.,0.374606593416));
#526 = DEFINITIONAL_REPRESENTATION('',(#527),#531);
#527 = LINE('',#528,#529);
#528 = CARTESIAN_POINT('',(0.,0.));
#529 = VECTOR('',#530,1.);
#530 = DIRECTION('',(0.,1.));
#531 = ( GEOMETRIC_REPRESENTATION_CONTEXT(2) 
PARAMETRIC_REPRESENTATION_CONTEXT() REPRESENTATION_CONTEXT('2D SPACE',''
  ) );
#532 = ORIENTED_EDGE('',*,*,#533,.F.);
#533 = EDGE_CURVE('',#534,#506,#536,.T.);
#534 = VERTEX_POINT('',#535);
#535 = CARTESIAN_POINT('',(0.201588810249,-3.193643992618,8.));
#536 = SURFACE_CURVE('',#537,(#541,#547),.PCURVE_S1.);
#537 = LINE('',#538,#539);
#538 = CARTESIAN_POINT('',(0.201588810249,-3.2,8.));
#539 = VECTOR('',#540,1.);
#540 = DIRECTION('',(0.,1.,0.));
#541 = PCURVE('',#166,#542);
#542 = DEFINITIONAL_REPRESENTATION('',(#543),#546);
#543 = B_SPLINE_CURVE_WITH_KNOTS('',1,(#544,#545),.UNSPECIFIED.,.F.,.F.,
  (2,2),(0.,0.6),.PIECEWISE_BEZIER_KNOTS.);
#544 = CARTESIAN_POINT('',(26.166292279328,3.2));
#545 = CARTESIAN_POINT('',(26.166292279328,3.8));
#546 = ( GEOMETRIC_REPRESENTATION_CONTEXT(2) 
PARAMETRIC_REPRESENTATION_CONTEXT() REPRESENTATION_CONTEXT('2D SPACE',''
  ) );
#547 = PCURVE('',#548,#553);
#548 = PLANE('',#549);
#549 = AXIS2_PLACEMENT_3D('',#550,#551,#552);
#550 = CARTESIAN_POINT('',(-3.061433132551E-16,6.734331626528E-17,8.));
#551 = DIRECTION('',(0.,0.,1.));
#552 = DIRECTION('',(1.,0.,-0.));
#553 = DEFINITIONAL_REPRESENTATION('',(#554),#557);
#554 = B_SPLINE_CURVE_WITH_KNOTS('',1,(#555,#556),.UNSPECIFIED.,.F.,.F.,
  (2,2),(0.,0.6),.PIECEWISE_BEZIER_KNOTS.);
#555 = CARTESIAN_POINT('',(0.201588810249,-3.2));
#556 = CARTESIAN_POINT('',(0.201588810249,-2.6));
#557 = ( GEOMETRIC_REPRESENTATION_CONTEXT(2) 
PARAMETRIC_REPRESENTATION_CONTEXT() REPRESENTATION_CONTEXT('2D SPACE',''
  ) );
#558 = ORIENTED_EDGE('',*,*,#559,.F.);
#559 = EDGE_CURVE('',#399,#534,#560,.T.);
#560 = SURFACE_CURVE('',#561,(#566,#573),.PCURVE_S1.);
#561 = ELLIPSE('',#562,8.542294920173,3.2);
#562 = AXIS2_PLACEMENT_3D('',#563,#564,#565);
#563 = CARTESIAN_POINT('',(0.,0.,8.498949814042));
#564 = DIRECTION('',(0.927183854567,0.,0.374606593416));
#565 = DIRECTION('',(0.374606593416,0.,-0.927183854567));
#566 = PCURVE('',#166,#567);
#567 = DEFINITIONAL_REPRESENTATION('',(#568),#572);
#568 = ELLIPSE('',#569,8.542294920173,3.2);
#569 = AXIS2_PLACEMENT_2D('',#570,#571);
#570 = CARTESIAN_POINT('',(25.628157570031,6.4));
#571 = DIRECTION('',(1.,0.));
#572 = ( GEOMETRIC_REPRESENTATION_CONTEXT(2) 
PARAMETRIC_REPRESENTATION_CONTEXT() REPRESENTATION_CONTEXT('2D SPACE',''
  ) );
#573 = PCURVE('',#574,#579);
#574 = CYLINDRICAL_SURFACE('',#575,3.2);
#575 = AXIS2_PLACEMENT_3D('',#576,#577,#578);
#576 = CARTESIAN_POINT('',(0.,0.,-1.));
#577 = DIRECTION('',(-0.,-0.,-1.));
#578 = DIRECTION('',(1.,0.,0.));
#579 = DEFINITIONAL_REPRESENTATION('',(#580),#589);
#580 = B_SPLINE_CURVE_WITH_KNOTS('',7,(#581,#582,#583,#584,#585,#586,
    #587,#588),.UNSPECIFIED.,.F.,.F.,(8,8),(3.90827550961,4.775427301642
    ),.PIECEWISE_BEZIER_KNOTS.);
#581 = CARTESIAN_POINT('',(-3.90827550961,-15.2032598842));
#582 = CARTESIAN_POINT('',(-4.032154337043,-14.52258378123));
#583 = CARTESIAN_POINT('',(-4.156033164477,-13.73977981513));
#584 = CARTESIAN_POINT('',(-4.279911991908,-12.87190949607));
#585 = CARTESIAN_POINT('',(-4.403790819346,-11.9398725001));
#586 = CARTESIAN_POINT('',(-4.527669646775,-10.96734422425));
#587 = CARTESIAN_POINT('',(-4.651548474209,-9.979205317465));
#588 = CARTESIAN_POINT('',(-4.775427301642,-8.9999994));
#589 = ( GEOMETRIC_REPRESENTATION_CONTEXT(2) 
PARAMETRIC_REPRESENTATION_CONTEXT() REPRESENTATION_CONTEXT('2D SPACE',''
  ) );
#590 = ADVANCED_FACE('',(#591),#129,.F.);
#591 = FACE_BOUND('',#592,.F.);
#592 = EDGE_LOOP('',(#593,#594,#595,#651,#679));
#593 = ORIENTED_EDGE('',*,*,#398,.F.);
#594 = ORIENTED_EDGE('',*,*,#114,.F.);
#595 = ORIENTED_EDGE('',*,*,#596,.T.);
#596 = EDGE_CURVE('',#86,#597,#599,.T.);
#597 = VERTEX_POINT('',#598);
#598 = CARTESIAN_POINT('',(-3.399261019487,-2.6,18.914516446619));
#599 = SURFACE_CURVE('',#600,(#615,#633),.PCURVE_S1.);
#600 = B_SPLINE_CURVE_WITH_KNOTS('',5,(#601,#602,#603,#604,#605,#606,
    #607,#608,#609,#610,#611,#612,#613,#614),.UNSPECIFIED.,.F.,.F.,(6,4,
    4,6),(0.,0.493032655313,0.955692398523,1.),.UNSPECIFIED.);
#601 = CARTESIAN_POINT('',(-3.672873534441,-2.6,18.5));
#602 = CARTESIAN_POINT('',(-3.672873534441,-2.6,18.555358466768));
#603 = CARTESIAN_POINT('',(-3.663486523994,-2.6,18.610727265344));
#604 = CARTESIAN_POINT('',(-3.644707713977,-2.6,18.664508363811));
#605 = CARTESIAN_POINT('',(-3.617167764743,-2.6,18.715201789679));
#606 = CARTESIAN_POINT('',(-3.548804545894,-2.6,18.805282087458));
#607 = CARTESIAN_POINT('',(-3.508895874757,-2.6,18.845183154952));
#608 = CARTESIAN_POINT('',(-3.463015816693,-2.6,18.880445198607));
#609 = CARTESIAN_POINT('',(-3.412235728101,-2.6,18.910473554008));
#610 = CARTESIAN_POINT('',(-3.352410162428,-2.6,18.937293526789));
#611 = CARTESIAN_POINT('',(-3.347146539992,-2.6,18.939586607976));
#612 = CARTESIAN_POINT('',(-3.341848803928,-2.6,18.941828509444));
#613 = CARTESIAN_POINT('',(-3.336517904225,-2.6,18.944018972113));
#614 = CARTESIAN_POINT('',(-3.33115482784,-2.6,18.94615774423));
#615 = PCURVE('',#129,#616);
#616 = DEFINITIONAL_REPRESENTATION('',(#617),#632);
#617 = B_SPLINE_CURVE_WITH_KNOTS('',5,(#618,#619,#620,#621,#622,#623,
    #624,#625,#626,#627,#628,#629,#630,#631),.UNSPECIFIED.,.F.,.F.,(6,4,
    4,6),(0.,0.493032655313,0.955692398523,1.),.UNSPECIFIED.);
#618 = CARTESIAN_POINT('',(0.341030299743,14.979462666114));
#619 = CARTESIAN_POINT('',(0.361767946396,14.928135189513));
#620 = CARTESIAN_POINT('',(0.391212947942,14.880314569433));
#621 = CARTESIAN_POINT('',(0.428771111484,14.837484269303));
#622 = CARTESIAN_POINT('',(0.473295799342,14.800798789871));
#623 = CARTESIAN_POINT('',(0.57042574559,14.742887104683));
#624 = CARTESIAN_POINT('',(0.622375624093,14.720841530465));
#625 = CARTESIAN_POINT('',(0.678124267228,14.705334105166));
#626 = CARTESIAN_POINT('',(0.736455565426,14.69651485486));
#627 = CARTESIAN_POINT('',(0.801971802648,14.694058860474));
#628 = CARTESIAN_POINT('',(0.807711151719,14.69390454029));
#629 = CARTESIAN_POINT('',(0.813462958135,14.693810452305));
#630 = CARTESIAN_POINT('',(0.819226244028,14.693776480862));
#631 = CARTESIAN_POINT('',(0.825,14.693802489661));
#632 = ( GEOMETRIC_REPRESENTATION_CONTEXT(2) 
PARAMETRIC_REPRESENTATION_CONTEXT() REPRESENTATION_CONTEXT('2D SPACE',''
  ) );
#633 = PCURVE('',#102,#634);
#634 = DEFINITIONAL_REPRESENTATION('',(#635),#650);
#635 = B_SPLINE_CURVE_WITH_KNOTS('',5,(#636,#637,#638,#639,#640,#641,
    #642,#643,#644,#645,#646,#647,#648,#649),.UNSPECIFIED.,.F.,.F.,(6,4,
    4,6),(0.,0.493032655313,0.955692398523,1.),.UNSPECIFIED.);
#636 = CARTESIAN_POINT('',(3.757596048196,0.));
#637 = CARTESIAN_POINT('',(3.757596048196,0.110716933536));
#638 = CARTESIAN_POINT('',(3.758801477569,0.22145275138));
#639 = CARTESIAN_POINT('',(3.761211751797,0.331850621823));
#640 = CARTESIAN_POINT('',(3.764791246871,0.441700905425));
#641 = CARTESIAN_POINT('',(3.773864463367,0.65312726706));
#642 = CARTESIAN_POINT('',(3.779227604533,0.75481988316));
#643 = CARTESIAN_POINT('',(3.78550616919,0.855701434314));
#644 = CARTESIAN_POINT('',(3.792627341378,0.955749870517));
#645 = CARTESIAN_POINT('',(3.801252645266,1.064502317278));
#646 = CARTESIAN_POINT('',(3.802013351387,1.073999736163));
#647 = CARTESIAN_POINT('',(3.802780877696,1.083489918834));
#648 = CARTESIAN_POINT('',(3.80355514021,1.092972921139));
#649 = CARTESIAN_POINT('',(3.804336028205,1.102448834433));
#650 = ( GEOMETRIC_REPRESENTATION_CONTEXT(2) 
PARAMETRIC_REPRESENTATION_CONTEXT() REPRESENTATION_CONTEXT('2D SPACE',''
  ) );
#651 = ORIENTED_EDGE('',*,*,#652,.T.);
#652 = EDGE_CURVE('',#597,#653,#655,.T.);
#653 = VERTEX_POINT('',#654);
#654 = CARTESIAN_POINT('',(-1.865475810618,-2.6,15.118264840184));
#655 = SURFACE_CURVE('',#656,(#660,#667),.PCURVE_S1.);
#656 = LINE('',#657,#658);
#657 = CARTESIAN_POINT('',(-8.90508891191,-2.6,32.541918680331));
#658 = VECTOR('',#659,1.);
#659 = DIRECTION('',(0.374606593416,0.,-0.927183854567));
#660 = PCURVE('',#129,#661);
#661 = DEFINITIONAL_REPRESENTATION('',(#662),#666);
#662 = LINE('',#663,#664);
#663 = CARTESIAN_POINT('',(0.75,-1.720845688169E-15));
#664 = VECTOR('',#665,1.);
#665 = DIRECTION('',(0.,1.));
#666 = ( GEOMETRIC_REPRESENTATION_CONTEXT(2) 
PARAMETRIC_REPRESENTATION_CONTEXT() REPRESENTATION_CONTEXT('2D SPACE',''
  ) );
#667 = PCURVE('',#668,#673);
#668 = PLANE('',#669);
#669 = AXIS2_PLACEMENT_3D('',#670,#671,#672);
#670 = CARTESIAN_POINT('',(-8.90508891191,-6.4,32.541918680331));
#671 = DIRECTION('',(0.927183854567,0.,0.374606593416));
#672 = DIRECTION('',(0.374606593416,0.,-0.927183854567));
#673 = DEFINITIONAL_REPRESENTATION('',(#674),#678);
#674 = LINE('',#675,#676);
#675 = CARTESIAN_POINT('',(0.,3.8));
#676 = VECTOR('',#677,1.);
#677 = DIRECTION('',(1.,0.));
#678 = ( GEOMETRIC_REPRESENTATION_CONTEXT(2) 
PARAMETRIC_REPRESENTATION_CONTEXT() REPRESENTATION_CONTEXT('2D SPACE',''
  ) );
#679 = ORIENTED_EDGE('',*,*,#680,.T.);
#680 = EDGE_CURVE('',#653,#399,#681,.T.);
#681 = SURFACE_CURVE('',#682,(#686,#692),.PCURVE_S1.);
#682 = LINE('',#683,#684);
#683 = CARTESIAN_POINT('',(-1.865475810618,-2.6,-1.));
#684 = VECTOR('',#685,1.);
#685 = DIRECTION('',(-0.,-0.,-1.));
#686 = PCURVE('',#129,#687);
#687 = DEFINITIONAL_REPRESENTATION('',(#688),#691);
#688 = B_SPLINE_CURVE_WITH_KNOTS('',1,(#689,#690),.UNSPECIFIED.,.F.,.F.,
  (2,2),(-16.31847487737,-13.91595443107),.PIECEWISE_BEZIER_KNOTS.);
#689 = CARTESIAN_POINT('',(0.825,18.60638449698));
#690 = CARTESIAN_POINT('',(-7.5E-02,20.833962665054));
#691 = ( GEOMETRIC_REPRESENTATION_CONTEXT(2) 
PARAMETRIC_REPRESENTATION_CONTEXT() REPRESENTATION_CONTEXT('2D SPACE',''
  ) );
#692 = PCURVE('',#574,#693);
#693 = DEFINITIONAL_REPRESENTATION('',(#694),#697);
#694 = B_SPLINE_CURVE_WITH_KNOTS('',1,(#695,#696),.UNSPECIFIED.,.F.,.F.,
  (2,2),(-16.31847487737,-13.91595443107),.PIECEWISE_BEZIER_KNOTS.);
#695 = CARTESIAN_POINT('',(-4.09002049183,-16.31847487737));
#696 = CARTESIAN_POINT('',(-4.09002049183,-13.91595443107));
#697 = ( GEOMETRIC_REPRESENTATION_CONTEXT(2) 
PARAMETRIC_REPRESENTATION_CONTEXT() REPRESENTATION_CONTEXT('2D SPACE',''
  ) );
#698 = ADVANCED_FACE('',(#699),#102,.T.);
#699 = FACE_BOUND('',#700,.T.);
#700 = EDGE_LOOP('',(#701,#781,#803,#825,#852,#853,#854));
#701 = ORIENTED_EDGE('',*,*,#702,.F.);
#702 = EDGE_CURVE('',#703,#597,#705,.T.);
#703 = VERTEX_POINT('',#704);
#704 = CARTESIAN_POINT('',(-3.231785504012,-3.131383473172,18.5));
#705 = SURFACE_CURVE('',#706,(#729,#755),.PCURVE_S1.);
#706 = B_SPLINE_CURVE_WITH_KNOTS('',6,(#707,#708,#709,#710,#711,#712,
    #713,#714,#715,#716,#717,#718,#719,#720,#721,#722,#723,#724,#725,
    #726,#727,#728),.UNSPECIFIED.,.F.,.F.,(7,5,5,5,7),(0.,0.393673027403
    ,0.687253632892,0.962662871792,1.),.UNSPECIFIED.);
#707 = CARTESIAN_POINT('',(-3.231785504012,-3.131383473172,18.5));
#708 = CARTESIAN_POINT('',(-3.252380303993,-3.110128338946,
    18.550973918681));
#709 = CARTESIAN_POINT('',(-3.272665562861,-3.079895320902,
    18.601181696223));
#710 = CARTESIAN_POINT('',(-3.292203570445,-3.04137717821,
    18.649539961937));
#711 = CARTESIAN_POINT('',(-3.310657331928,-2.995536467407,
    18.695214624378));
#712 = CARTESIAN_POINT('',(-3.3278016635,-2.943352561548,18.737648334064
    ));
#713 = CARTESIAN_POINT('',(-3.355187594347,-2.842776384295,
    18.805430891471));
#714 = CARTESIAN_POINT('',(-3.366076421913,-2.79679161423,
    18.832381685428));
#715 = CARTESIAN_POINT('',(-3.376095381508,-2.748161052409,
    18.857179480607));
#716 = CARTESIAN_POINT('',(-3.385206469449,-2.697241166307,
    18.87973021459));
#717 = CARTESIAN_POINT('',(-3.393387922552,-2.644363450366,
    18.899980021607));
#718 = CARTESIAN_POINT('',(-3.407420864241,-2.538667846567,
    18.934712771096));
#719 = CARTESIAN_POINT('',(-3.413384956071,-2.486050951756,
    18.949474416378));
#720 = CARTESIAN_POINT('',(-3.41851149953,-2.432226177942,
    18.962163056697));
#721 = CARTESIAN_POINT('',(-3.422798482289,-2.377425961218,
    18.972773711364));
#722 = CARTESIAN_POINT('',(-3.426248048027,-2.321870337531,
    18.981311686173));
#723 = CARTESIAN_POINT('',(-3.429217980559,-2.258165721855,
    18.988662527138));
#724 = CARTESIAN_POINT('',(-3.429557211765,-2.250550404987,
    18.989502153835));
#725 = CARTESIAN_POINT('',(-3.429881118302,-2.242925638818,
    18.990303850649));
#726 = CARTESIAN_POINT('',(-3.430189708381,-2.235291950964,
    18.991067637895));
#727 = CARTESIAN_POINT('',(-3.430482989813,-2.227649884909,
    18.991793534913));
#728 = CARTESIAN_POINT('',(-3.43076097002,-2.22,18.992481560069));
#729 = PCURVE('',#102,#730);
#730 = DEFINITIONAL_REPRESENTATION('',(#731),#754);
#731 = B_SPLINE_CURVE_WITH_KNOTS('',6,(#732,#733,#734,#735,#736,#737,
    #738,#739,#740,#741,#742,#743,#744,#745,#746,#747,#748,#749,#750,
    #751,#752,#753),.UNSPECIFIED.,.F.,.F.,(7,5,5,5,7),(0.,0.393673027403
    ,0.687253632892,0.962662871792,1.),.UNSPECIFIED.);
#732 = CARTESIAN_POINT('',(3.91121350536,0.));
#733 = CARTESIAN_POINT('',(3.904636604077,0.101947837361));
#734 = CARTESIAN_POINT('',(3.896674728435,0.202362849409));
#735 = CARTESIAN_POINT('',(3.887464753951,0.300989417587));
#736 = CARTESIAN_POINT('',(3.877144523165,0.397765440614));
#737 = CARTESIAN_POINT('',(3.865834415045,0.492703219628));
#738 = CARTESIAN_POINT('',(3.844543778101,0.655404720832));
#739 = CARTESIAN_POINT('',(3.834955967682,0.723942718341));
#740 = CARTESIAN_POINT('',(3.824917348007,0.791564368448));
#741 = CARTESIAN_POINT('',(3.814465810671,0.858329279415));
#742 = CARTESIAN_POINT('',(3.803635896042,0.924309704318));
#743 = CARTESIAN_POINT('',(3.781975125868,1.0508335367));
#744 = CARTESIAN_POINT('',(3.771186227359,1.111458264261));
#745 = CARTESIAN_POINT('',(3.760119499593,1.171538104528));
#746 = CARTESIAN_POINT('',(3.748800899409,1.231147520567));
#747 = CARTESIAN_POINT('',(3.73725734316,1.290369301814));
#748 = CARTESIAN_POINT('',(3.723926813638,1.357289649252));
#749 = CARTESIAN_POINT('',(3.722331768812,1.36527356805));
#750 = CARTESIAN_POINT('',(3.720733204035,1.373252352613));
#751 = CARTESIAN_POINT('',(3.71913119246,1.381226237278));
#752 = CARTESIAN_POINT('',(3.717525816662,1.38919547879));
#753 = CARTESIAN_POINT('',(3.715917168637,1.397160356303));
#754 = ( GEOMETRIC_REPRESENTATION_CONTEXT(2) 
PARAMETRIC_REPRESENTATION_CONTEXT() REPRESENTATION_CONTEXT('2D SPACE',''
  ) );
#755 = PCURVE('',#668,#756);
#756 = DEFINITIONAL_REPRESENTATION('',(#757),#780);
#757 = B_SPLINE_CURVE_WITH_KNOTS('',6,(#758,#759,#760,#761,#762,#763,
    #764,#765,#766,#767,#768,#769,#770,#771,#772,#773,#774,#775,#776,
    #777,#778,#779),.UNSPECIFIED.,.F.,.F.,(7,5,5,5,7),(0.,0.393673027403
    ,0.687253632892,0.962662871792,1.),.UNSPECIFIED.);
#758 = CARTESIAN_POINT('',(15.14469715059,3.268616526828));
#759 = CARTESIAN_POINT('',(15.089720008322,3.289871661054));
#760 = CARTESIAN_POINT('',(15.03556917589,3.320104679098));
#761 = CARTESIAN_POINT('',(14.983413106223,3.35862282179));
#762 = CARTESIAN_POINT('',(14.934151395919,3.404463532593));
#763 = CARTESIAN_POINT('',(14.888385165762,3.456647438452));
#764 = CARTESIAN_POINT('',(14.815279322651,3.557223615705));
#765 = CARTESIAN_POINT('',(14.786211955026,3.60320838577));
#766 = CARTESIAN_POINT('',(14.759466671383,3.651838947591));
#767 = CARTESIAN_POINT('',(14.73514492131,3.702758833693));
#768 = CARTESIAN_POINT('',(14.71330480091,3.755636549634));
#769 = CARTESIAN_POINT('',(14.675844323877,3.861332153433));
#770 = CARTESIAN_POINT('',(14.659923376582,3.913949048244));
#771 = CARTESIAN_POINT('',(14.646238237161,3.967773822058));
#772 = CARTESIAN_POINT('',(14.634794277459,4.022574038782));
#773 = CARTESIAN_POINT('',(14.625585774996,4.078129662469));
#774 = CARTESIAN_POINT('',(14.617657637627,4.141834278145));
#775 = CARTESIAN_POINT('',(14.616752071063,4.149449595013));
#776 = CARTESIAN_POINT('',(14.615887413197,4.157074361182));
#777 = CARTESIAN_POINT('',(14.615063642116,4.164708049036));
#778 = CARTESIAN_POINT('',(14.614280736962,4.172350115091));
#779 = CARTESIAN_POINT('',(14.613538677928,4.18));
#780 = ( GEOMETRIC_REPRESENTATION_CONTEXT(2) 
PARAMETRIC_REPRESENTATION_CONTEXT() REPRESENTATION_CONTEXT('2D SPACE',''
  ) );
#781 = ORIENTED_EDGE('',*,*,#782,.T.);
#782 = EDGE_CURVE('',#703,#58,#783,.T.);
#783 = SURFACE_CURVE('',#784,(#789,#796),.PCURVE_S1.);
#784 = CIRCLE('',#785,4.5);
#785 = AXIS2_PLACEMENT_3D('',#786,#787,#788);
#786 = CARTESIAN_POINT('',(0.,0.,18.5));
#787 = DIRECTION('',(0.,0.,1.));
#788 = DIRECTION('',(1.,0.,-0.));
#789 = PCURVE('',#102,#790);
#790 = DEFINITIONAL_REPRESENTATION('',(#791),#795);
#791 = LINE('',#792,#793);
#792 = CARTESIAN_POINT('',(0.,0.));
#793 = VECTOR('',#794,1.);
#794 = DIRECTION('',(1.,0.));
#795 = ( GEOMETRIC_REPRESENTATION_CONTEXT(2) 
PARAMETRIC_REPRESENTATION_CONTEXT() REPRESENTATION_CONTEXT('2D SPACE',''
  ) );
#796 = PCURVE('',#73,#797);
#797 = DEFINITIONAL_REPRESENTATION('',(#798),#802);
#798 = LINE('',#799,#800);
#799 = CARTESIAN_POINT('',(-0.,-18.5));
#800 = VECTOR('',#801,1.);
#801 = DIRECTION('',(-1.,0.));
#802 = ( GEOMETRIC_REPRESENTATION_CONTEXT(2) 
PARAMETRIC_REPRESENTATION_CONTEXT() REPRESENTATION_CONTEXT('2D SPACE',''
  ) );
#803 = ORIENTED_EDGE('',*,*,#804,.T.);
#804 = EDGE_CURVE('',#58,#805,#807,.T.);
#805 = VERTEX_POINT('',#806);
#806 = CARTESIAN_POINT('',(4.,0.,19.));
#807 = SEAM_CURVE('',#808,(#813,#819),.PCURVE_S1.);
#808 = CIRCLE('',#809,0.5);
#809 = AXIS2_PLACEMENT_3D('',#810,#811,#812);
#810 = CARTESIAN_POINT('',(4.,0.,18.5));
#811 = DIRECTION('',(0.,-1.,0.));
#812 = DIRECTION('',(1.,0.,0.));
#813 = PCURVE('',#102,#814);
#814 = DEFINITIONAL_REPRESENTATION('',(#815),#818);
#815 = B_SPLINE_CURVE_WITH_KNOTS('',1,(#816,#817),.UNSPECIFIED.,.F.,.F.,
  (2,2),(0.,1.570796326795),.PIECEWISE_BEZIER_KNOTS.);
#816 = CARTESIAN_POINT('',(0.,0.));
#817 = CARTESIAN_POINT('',(0.,1.570796326795));
#818 = ( GEOMETRIC_REPRESENTATION_CONTEXT(2) 
PARAMETRIC_REPRESENTATION_CONTEXT() REPRESENTATION_CONTEXT('2D SPACE',''
  ) );
#819 = PCURVE('',#102,#820);
#820 = DEFINITIONAL_REPRESENTATION('',(#821),#824);
#821 = B_SPLINE_CURVE_WITH_KNOTS('',1,(#822,#823),.UNSPECIFIED.,.F.,.F.,
  (2,2),(0.,1.570796326795),.PIECEWISE_BEZIER_KNOTS.);
#822 = CARTESIAN_POINT('',(6.28318530718,0.));
#823 = CARTESIAN_POINT('',(6.28318530718,1.570796326795));
#824 = ( GEOMETRIC_REPRESENTATION_CONTEXT(2) 
PARAMETRIC_REPRESENTATION_CONTEXT() REPRESENTATION_CONTEXT('2D SPACE',''
  ) );
#825 = ORIENTED_EDGE('',*,*,#826,.F.);
#826 = EDGE_CURVE('',#805,#805,#827,.T.);
#827 = SURFACE_CURVE('',#828,(#833,#840),.PCURVE_S1.);
#828 = CIRCLE('',#829,4.);
#829 = AXIS2_PLACEMENT_3D('',#830,#831,#832);
#830 = CARTESIAN_POINT('',(0.,0.,19.));
#831 = DIRECTION('',(0.,0.,1.));
#832 = DIRECTION('',(1.,0.,-0.));
#833 = PCURVE('',#102,#834);
#834 = DEFINITIONAL_REPRESENTATION('',(#835),#839);
#835 = LINE('',#836,#837);
#836 = CARTESIAN_POINT('',(0.,1.570796326795));
#837 = VECTOR('',#838,1.);
#838 = DIRECTION('',(1.,0.));
#839 = ( GEOMETRIC_REPRESENTATION_CONTEXT(2) 
PARAMETRIC_REPRESENTATION_CONTEXT() REPRESENTATION_CONTEXT('2D SPACE',''
  ) );
#840 = PCURVE('',#841,#846);
#841 = PLANE('',#842);
#842 = AXIS2_PLACEMENT_3D('',#843,#844,#845);
#843 = CARTESIAN_POINT('',(-3.038755850088E-16,-1.836970198721E-16,19.)
  );
#844 = DIRECTION('',(0.,0.,1.));
#845 = DIRECTION('',(1.,0.,-0.));
#846 = DEFINITIONAL_REPRESENTATION('',(#847),#851);
#847 = CIRCLE('',#848,4.);
#848 = AXIS2_PLACEMENT_2D('',#849,#850);
#849 = CARTESIAN_POINT('',(3.038755850088E-16,1.836970198721E-16));
#850 = DIRECTION('',(1.,0.));
#851 = ( GEOMETRIC_REPRESENTATION_CONTEXT(2) 
PARAMETRIC_REPRESENTATION_CONTEXT() REPRESENTATION_CONTEXT('2D SPACE',''
  ) );
#852 = ORIENTED_EDGE('',*,*,#804,.F.);
#853 = ORIENTED_EDGE('',*,*,#85,.T.);
#854 = ORIENTED_EDGE('',*,*,#596,.T.);
#855 = ADVANCED_FACE('',(#856),#73,.T.);
#856 = FACE_BOUND('',#857,.F.);
#857 = EDGE_LOOP('',(#858,#859,#880,#913,#914));
#858 = ORIENTED_EDGE('',*,*,#244,.F.);
#859 = ORIENTED_EDGE('',*,*,#860,.F.);
#860 = EDGE_CURVE('',#861,#182,#863,.T.);
#861 = VERTEX_POINT('',#862);
#862 = CARTESIAN_POINT('',(3.672873534441,-2.6,1.410369186601));
#863 = SURFACE_CURVE('',#864,(#868,#874),.PCURVE_S1.);
#864 = LINE('',#865,#866);
#865 = CARTESIAN_POINT('',(3.672873534441,-2.6,0.));
#866 = VECTOR('',#867,1.);
#867 = DIRECTION('',(-0.,-0.,-1.));
#868 = PCURVE('',#73,#869);
#869 = DEFINITIONAL_REPRESENTATION('',(#870),#873);
#870 = B_SPLINE_CURVE_WITH_KNOTS('',1,(#871,#872),.UNSPECIFIED.,.F.,.F.,
  (2,2),(-1.610579223793,-0.4999994),.PIECEWISE_BEZIER_KNOTS.);
#871 = CARTESIAN_POINT('',(-5.667181912574,-1.610579223793));
#872 = CARTESIAN_POINT('',(-5.667181912574,-0.4999994));
#873 = ( GEOMETRIC_REPRESENTATION_CONTEXT(2) 
PARAMETRIC_REPRESENTATION_CONTEXT() REPRESENTATION_CONTEXT('2D SPACE',''
  ) );
#874 = PCURVE('',#221,#875);
#875 = DEFINITIONAL_REPRESENTATION('',(#876),#879);
#876 = B_SPLINE_CURVE_WITH_KNOTS('',1,(#877,#878),.UNSPECIFIED.,.F.,.F.,
  (2,2),(-1.610579223793,-0.4999994),.PIECEWISE_BEZIER_KNOTS.);
#877 = CARTESIAN_POINT('',(0.825,33.390826208368));
#878 = CARTESIAN_POINT('',(0.408969475493,34.420537890196));
#879 = ( GEOMETRIC_REPRESENTATION_CONTEXT(2) 
PARAMETRIC_REPRESENTATION_CONTEXT() REPRESENTATION_CONTEXT('2D SPACE',''
  ) );
#880 = ORIENTED_EDGE('',*,*,#881,.F.);
#881 = EDGE_CURVE('',#703,#861,#882,.T.);
#882 = SURFACE_CURVE('',#883,(#888,#906),.PCURVE_S1.);
#883 = ELLIPSE('',#884,12.012602231493,4.5);
#884 = AXIS2_PLACEMENT_3D('',#885,#886,#887);
#885 = CARTESIAN_POINT('',(0.,0.,10.501050185958));
#886 = DIRECTION('',(0.927183854567,0.,0.374606593416));
#887 = DIRECTION('',(0.374606593416,0.,-0.927183854567));
#888 = PCURVE('',#73,#889);
#889 = DEFINITIONAL_REPRESENTATION('',(#890),#905);
#890 = B_SPLINE_CURVE_WITH_KNOTS('',7,(#891,#892,#893,#894,#895,#896,
    #897,#898,#899,#900,#901,#902,#903,#904),.UNSPECIFIED.,.F.,.F.,(8,6,
    8),(3.911213427945,4.839240503664,5.767267579384),.UNSPECIFIED.);
#891 = CARTESIAN_POINT('',(-3.911213427945,-18.5000006));
#892 = CARTESIAN_POINT('',(-4.043788724476,-17.47248299645));
#893 = CARTESIAN_POINT('',(-4.176364021007,-16.2809422118));
#894 = CARTESIAN_POINT('',(-4.308939317541,-14.954876729));
#895 = CARTESIAN_POINT('',(-4.44151461407,-13.53084453399));
#896 = CARTESIAN_POINT('',(-4.574089910602,-12.05036124821));
#897 = CARTESIAN_POINT('',(-4.706665207133,-10.55672265872));
#898 = CARTESIAN_POINT('',(-4.971815800196,-7.627233026996));
#899 = CARTESIAN_POINT('',(-5.104391096728,-6.191382174653));
#900 = CARTESIAN_POINT('',(-5.236966393259,-4.826473928768));
#901 = CARTESIAN_POINT('',(-5.36954168979,-3.573317360102));
#902 = CARTESIAN_POINT('',(-5.502116986321,-2.468446455694));
#903 = CARTESIAN_POINT('',(-5.634692282852,-1.541323926877));
#904 = CARTESIAN_POINT('',(-5.767267579384,-0.812863397635));
#905 = ( GEOMETRIC_REPRESENTATION_CONTEXT(2) 
PARAMETRIC_REPRESENTATION_CONTEXT() REPRESENTATION_CONTEXT('2D SPACE',''
  ) );
#906 = PCURVE('',#668,#907);
#907 = DEFINITIONAL_REPRESENTATION('',(#908),#912);
#908 = ELLIPSE('',#909,12.012602231493,4.5);
#909 = AXIS2_PLACEMENT_2D('',#910,#911);
#910 = CARTESIAN_POINT('',(23.771842429969,6.4));
#911 = DIRECTION('',(1.,0.));
#912 = ( GEOMETRIC_REPRESENTATION_CONTEXT(2) 
PARAMETRIC_REPRESENTATION_CONTEXT() REPRESENTATION_CONTEXT('2D SPACE',''
  ) );
#913 = ORIENTED_EDGE('',*,*,#782,.T.);
#914 = ORIENTED_EDGE('',*,*,#57,.F.);
#915 = ADVANCED_FACE('',(#916),#221,.F.);
#916 = FACE_BOUND('',#917,.F.);
#917 = EDGE_LOOP('',(#918,#919,#940,#961,#962));
#918 = ORIENTED_EDGE('',*,*,#423,.F.);
#919 = ORIENTED_EDGE('',*,*,#920,.F.);
#920 = EDGE_CURVE('',#921,#424,#923,.T.);
#921 = VERTEX_POINT('',#922);
#922 = CARTESIAN_POINT('',(1.865475810618,-2.6,5.883835531732));
#923 = SURFACE_CURVE('',#924,(#928,#934),.PCURVE_S1.);
#924 = LINE('',#925,#926);
#925 = CARTESIAN_POINT('',(1.865475810618,-2.6,-1.));
#926 = VECTOR('',#927,1.);
#927 = DIRECTION('',(-0.,-0.,-1.));
#928 = PCURVE('',#221,#929);
#929 = DEFINITIONAL_REPRESENTATION('',(#930),#933);
#930 = B_SPLINE_CURVE_WITH_KNOTS('',1,(#931,#932),.UNSPECIFIED.,.F.,.F.,
  (2,2),(-7.084045568923,-4.681525122625),.PIECEWISE_BEZIER_KNOTS.);
#931 = CARTESIAN_POINT('',(0.825,28.566037334946));
#932 = CARTESIAN_POINT('',(-7.499999999999E-02,30.79361550302));
#933 = ( GEOMETRIC_REPRESENTATION_CONTEXT(2) 
PARAMETRIC_REPRESENTATION_CONTEXT() REPRESENTATION_CONTEXT('2D SPACE',''
  ) );
#934 = PCURVE('',#463,#935);
#935 = DEFINITIONAL_REPRESENTATION('',(#936),#939);
#936 = B_SPLINE_CURVE_WITH_KNOTS('',1,(#937,#938),.UNSPECIFIED.,.F.,.F.,
  (2,2),(-7.084045568923,-4.681525122625),.PIECEWISE_BEZIER_KNOTS.);
#937 = CARTESIAN_POINT('',(-5.33475746894,-7.084045568923));
#938 = CARTESIAN_POINT('',(-5.33475746894,-4.681525122625));
#939 = ( GEOMETRIC_REPRESENTATION_CONTEXT(2) 
PARAMETRIC_REPRESENTATION_CONTEXT() REPRESENTATION_CONTEXT('2D SPACE',''
  ) );
#940 = ORIENTED_EDGE('',*,*,#941,.T.);
#941 = EDGE_CURVE('',#921,#861,#942,.T.);
#942 = SURFACE_CURVE('',#943,(#947,#954),.PCURVE_S1.);
#943 = LINE('',#944,#945);
#944 = CARTESIAN_POINT('',(-8.90508891191,-2.6,32.541918680331));
#945 = VECTOR('',#946,1.);
#946 = DIRECTION('',(0.374606593416,0.,-0.927183854567));
#947 = PCURVE('',#221,#948);
#948 = DEFINITIONAL_REPRESENTATION('',(#949),#953);
#949 = LINE('',#950,#951);
#950 = CARTESIAN_POINT('',(0.75,-1.720845688169E-15));
#951 = VECTOR('',#952,1.);
#952 = DIRECTION('',(0.,1.));
#953 = ( GEOMETRIC_REPRESENTATION_CONTEXT(2) 
PARAMETRIC_REPRESENTATION_CONTEXT() REPRESENTATION_CONTEXT('2D SPACE',''
  ) );
#954 = PCURVE('',#668,#955);
#955 = DEFINITIONAL_REPRESENTATION('',(#956),#960);
#956 = LINE('',#957,#958);
#957 = CARTESIAN_POINT('',(0.,3.8));
#958 = VECTOR('',#959,1.);
#959 = DIRECTION('',(1.,0.));
#960 = ( GEOMETRIC_REPRESENTATION_CONTEXT(2) 
PARAMETRIC_REPRESENTATION_CONTEXT() REPRESENTATION_CONTEXT('2D SPACE',''
  ) );
#961 = ORIENTED_EDGE('',*,*,#860,.T.);
#962 = ORIENTED_EDGE('',*,*,#181,.T.);
#963 = ADVANCED_FACE('',(#964,#967),#303,.F.);
#964 = FACE_BOUND('',#965,.F.);
#965 = EDGE_LOOP('',(#966));
#966 = ORIENTED_EDGE('',*,*,#288,.T.);
#967 = FACE_BOUND('',#968,.F.);
#968 = EDGE_LOOP('',(#969));
#969 = ORIENTED_EDGE('',*,*,#970,.T.);
#970 = EDGE_CURVE('',#971,#971,#973,.T.);
#971 = VERTEX_POINT('',#972);
#972 = CARTESIAN_POINT('',(3.7,-9.06238631369E-16,0.));
#973 = SURFACE_CURVE('',#974,(#979,#990),.PCURVE_S1.);
#974 = CIRCLE('',#975,3.7);
#975 = AXIS2_PLACEMENT_3D('',#976,#977,#978);
#976 = CARTESIAN_POINT('',(0.,0.,0.));
#977 = DIRECTION('',(0.,-0.,-1.));
#978 = DIRECTION('',(1.,-2.449293598295E-16,0.));
#979 = PCURVE('',#303,#980);
#980 = DEFINITIONAL_REPRESENTATION('',(#981),#989);
#981 = ( BOUNDED_CURVE() B_SPLINE_CURVE(2,(#982,#983,#984,#985,#986,#987
,#988),.UNSPECIFIED.,.T.,.F.) B_SPLINE_CURVE_WITH_KNOTS((1,2,2,2,2,1),(
    -2.094395102393,0.,2.094395102393,4.188790204786,6.28318530718,
8.377580409573),.UNSPECIFIED.) CURVE() GEOMETRIC_REPRESENTATION_ITEM() 
RATIONAL_B_SPLINE_CURVE((1.,0.5,1.,0.5,1.,0.5,1.)) REPRESENTATION_ITEM(
  '') );
#982 = CARTESIAN_POINT('',(3.7,-7.225416114969E-16));
#983 = CARTESIAN_POINT('',(3.7,-6.408587988005));
#984 = CARTESIAN_POINT('',(-1.85,-3.204293994002));
#985 = CARTESIAN_POINT('',(-7.4,1.089935651241E-15));
#986 = CARTESIAN_POINT('',(-1.85,3.204293994002));
#987 = CARTESIAN_POINT('',(3.7,6.408587988005));
#988 = CARTESIAN_POINT('',(3.7,-7.225416114969E-16));
#989 = ( GEOMETRIC_REPRESENTATION_CONTEXT(2) 
PARAMETRIC_REPRESENTATION_CONTEXT() REPRESENTATION_CONTEXT('2D SPACE',''
  ) );
#990 = PCURVE('',#991,#996);
#991 = TOROIDAL_SURFACE('',#992,3.7,0.5);
#992 = AXIS2_PLACEMENT_3D('',#993,#994,#995);
#993 = CARTESIAN_POINT('',(0.,0.,0.5));
#994 = DIRECTION('',(-0.,-0.,-1.));
#995 = DIRECTION('',(1.,-2.449293598295E-16,0.));
#996 = DEFINITIONAL_REPRESENTATION('',(#997),#1001);
#997 = LINE('',#998,#999);
#998 = CARTESIAN_POINT('',(0.,1.570796326795));
#999 = VECTOR('',#1000,1.);
#1000 = DIRECTION('',(1.,0.));
#1001 = ( GEOMETRIC_REPRESENTATION_CONTEXT(2) 
PARAMETRIC_REPRESENTATION_CONTEXT() REPRESENTATION_CONTEXT('2D SPACE',''
  ) );
#1002 = ADVANCED_FACE('',(#1003),#574,.F.);
#1003 = FACE_BOUND('',#1004,.T.);
#1004 = EDGE_LOOP('',(#1005,#1030,#1058,#1085,#1086,#1087,#1113,#1114));
#1005 = ORIENTED_EDGE('',*,*,#1006,.F.);
#1006 = EDGE_CURVE('',#1007,#1009,#1011,.T.);
#1007 = VERTEX_POINT('',#1008);
#1008 = CARTESIAN_POINT('',(3.2,0.,8.));
#1009 = VERTEX_POINT('',#1010);
#1010 = CARTESIAN_POINT('',(3.2,-7.837739514543E-16,18.5));
#1011 = SEAM_CURVE('',#1012,(#1016,#1023),.PCURVE_S1.);
#1012 = LINE('',#1013,#1014);
#1013 = CARTESIAN_POINT('',(3.2,0.,-1.));
#1014 = VECTOR('',#1015,1.);
#1015 = DIRECTION('',(0.,0.,1.));
#1016 = PCURVE('',#574,#1017);
#1017 = DEFINITIONAL_REPRESENTATION('',(#1018),#1022);
#1018 = LINE('',#1019,#1020);
#1019 = CARTESIAN_POINT('',(-6.28318530718,0.));
#1020 = VECTOR('',#1021,1.);
#1021 = DIRECTION('',(-0.,-1.));
#1022 = ( GEOMETRIC_REPRESENTATION_CONTEXT(2) 
PARAMETRIC_REPRESENTATION_CONTEXT() REPRESENTATION_CONTEXT('2D SPACE',''
  ) );
#1023 = PCURVE('',#574,#1024);
#1024 = DEFINITIONAL_REPRESENTATION('',(#1025),#1029);
#1025 = LINE('',#1026,#1027);
#1026 = CARTESIAN_POINT('',(-0.,0.));
#1027 = VECTOR('',#1028,1.);
#1028 = DIRECTION('',(-0.,-1.));
#1029 = ( GEOMETRIC_REPRESENTATION_CONTEXT(2) 
PARAMETRIC_REPRESENTATION_CONTEXT() REPRESENTATION_CONTEXT('2D SPACE',''
  ) );
#1030 = ORIENTED_EDGE('',*,*,#1031,.T.);
#1031 = EDGE_CURVE('',#1007,#1032,#1034,.T.);
#1032 = VERTEX_POINT('',#1033);
#1033 = CARTESIAN_POINT('',(1.010489867257,-3.036265836216,8.));
#1034 = SURFACE_CURVE('',#1035,(#1040,#1047),.PCURVE_S1.);
#1035 = CIRCLE('',#1036,3.2);
#1036 = AXIS2_PLACEMENT_3D('',#1037,#1038,#1039);
#1037 = CARTESIAN_POINT('',(0.,0.,8.));
#1038 = DIRECTION('',(0.,0.,-1.));
#1039 = DIRECTION('',(1.,0.,0.));
#1040 = PCURVE('',#574,#1041);
#1041 = DEFINITIONAL_REPRESENTATION('',(#1042),#1046);
#1042 = LINE('',#1043,#1044);
#1043 = CARTESIAN_POINT('',(-6.28318530718,-9.));
#1044 = VECTOR('',#1045,1.);
#1045 = DIRECTION('',(1.,-0.));
#1046 = ( GEOMETRIC_REPRESENTATION_CONTEXT(2) 
PARAMETRIC_REPRESENTATION_CONTEXT() REPRESENTATION_CONTEXT('2D SPACE',''
  ) );
#1047 = PCURVE('',#548,#1048);
#1048 = DEFINITIONAL_REPRESENTATION('',(#1049),#1057);
#1049 = ( BOUNDED_CURVE() B_SPLINE_CURVE(2,(#1050,#1051,#1052,#1053,
#1054,#1055,#1056),.UNSPECIFIED.,.T.,.F.) B_SPLINE_CURVE_WITH_KNOTS((1,2
    ,2,2,2,1),(-2.094395102393,0.,2.094395102393,4.188790204786,
6.28318530718,8.377580409573),.UNSPECIFIED.) CURVE() 
GEOMETRIC_REPRESENTATION_ITEM() RATIONAL_B_SPLINE_CURVE((1.,0.5,1.,0.5,
1.,0.5,1.)) REPRESENTATION_ITEM('') );
#1050 = CARTESIAN_POINT('',(3.2,-6.734331626528E-17));
#1051 = CARTESIAN_POINT('',(3.2,-5.54256258422));
#1052 = CARTESIAN_POINT('',(-1.6,-2.77128129211));
#1053 = CARTESIAN_POINT('',(-6.4,-8.511172677196E-16));
#1054 = CARTESIAN_POINT('',(-1.6,2.77128129211));
#1055 = CARTESIAN_POINT('',(3.2,5.54256258422));
#1056 = CARTESIAN_POINT('',(3.2,-6.734331626528E-17));
#1057 = ( GEOMETRIC_REPRESENTATION_CONTEXT(2) 
PARAMETRIC_REPRESENTATION_CONTEXT() REPRESENTATION_CONTEXT('2D SPACE',''
  ) );
#1058 = ORIENTED_EDGE('',*,*,#1059,.F.);
#1059 = EDGE_CURVE('',#653,#1032,#1060,.T.);
#1060 = SURFACE_CURVE('',#1061,(#1066,#1078),.PCURVE_S1.);
#1061 = ELLIPSE('',#1062,8.542294920173,3.2);
#1062 = AXIS2_PLACEMENT_3D('',#1063,#1064,#1065);
#1063 = CARTESIAN_POINT('',(0.,0.,10.501050185958));
#1064 = DIRECTION('',(0.927183854567,0.,0.374606593416));
#1065 = DIRECTION('',(0.374606593416,0.,-0.927183854567));
#1066 = PCURVE('',#574,#1067);
#1067 = DEFINITIONAL_REPRESENTATION('',(#1068),#1077);
#1068 = B_SPLINE_CURVE_WITH_KNOTS('',7,(#1069,#1070,#1071,#1072,#1073,
    #1074,#1075,#1076),.UNSPECIFIED.,.F.,.F.,(8,8),(3.90827550961,
    5.033665645071),.PIECEWISE_BEZIER_KNOTS.);
#1069 = CARTESIAN_POINT('',(-3.90827550961,-17.20536025612));
#1070 = CARTESIAN_POINT('',(-4.069045528962,-16.32197838599));
#1071 = CARTESIAN_POINT('',(-4.229815548313,-15.26658378825));
#1072 = CARTESIAN_POINT('',(-4.390585567666,-14.07647182025));
#1073 = CARTESIAN_POINT('',(-4.551355587016,-12.79982094111));
#1074 = CARTESIAN_POINT('',(-4.712125606368,-11.49179830601));
#1075 = CARTESIAN_POINT('',(-4.87289562572,-10.20818954474));
#1076 = CARTESIAN_POINT('',(-5.033665645071,-8.9999994));
#1077 = ( GEOMETRIC_REPRESENTATION_CONTEXT(2) 
PARAMETRIC_REPRESENTATION_CONTEXT() REPRESENTATION_CONTEXT('2D SPACE',''
  ) );
#1078 = PCURVE('',#668,#1079);
#1079 = DEFINITIONAL_REPRESENTATION('',(#1080),#1084);
#1080 = ELLIPSE('',#1081,8.542294920173,3.2);
#1081 = AXIS2_PLACEMENT_2D('',#1082,#1083);
#1082 = CARTESIAN_POINT('',(23.771842429969,6.4));
#1083 = DIRECTION('',(1.,0.));
#1084 = ( GEOMETRIC_REPRESENTATION_CONTEXT(2) 
PARAMETRIC_REPRESENTATION_CONTEXT() REPRESENTATION_CONTEXT('2D SPACE',''
  ) );
#1085 = ORIENTED_EDGE('',*,*,#680,.T.);
#1086 = ORIENTED_EDGE('',*,*,#559,.T.);
#1087 = ORIENTED_EDGE('',*,*,#1088,.T.);
#1088 = EDGE_CURVE('',#534,#1007,#1089,.T.);
#1089 = SURFACE_CURVE('',#1090,(#1095,#1102),.PCURVE_S1.);
#1090 = CIRCLE('',#1091,3.2);
#1091 = AXIS2_PLACEMENT_3D('',#1092,#1093,#1094);
#1092 = CARTESIAN_POINT('',(0.,0.,8.));
#1093 = DIRECTION('',(0.,0.,-1.));
#1094 = DIRECTION('',(1.,0.,0.));
#1095 = PCURVE('',#574,#1096);
#1096 = DEFINITIONAL_REPRESENTATION('',(#1097),#1101);
#1097 = LINE('',#1098,#1099);
#1098 = CARTESIAN_POINT('',(-6.28318530718,-9.));
#1099 = VECTOR('',#1100,1.);
#1100 = DIRECTION('',(1.,-0.));
#1101 = ( GEOMETRIC_REPRESENTATION_CONTEXT(2) 
PARAMETRIC_REPRESENTATION_CONTEXT() REPRESENTATION_CONTEXT('2D SPACE',''
  ) );
#1102 = PCURVE('',#548,#1103);
#1103 = DEFINITIONAL_REPRESENTATION('',(#1104),#1112);
#1104 = ( BOUNDED_CURVE() B_SPLINE_CURVE(2,(#1105,#1106,#1107,#1108,
#1109,#1110,#1111),.UNSPECIFIED.,.T.,.F.) B_SPLINE_CURVE_WITH_KNOTS((1,2
    ,2,2,2,1),(-2.094395102393,0.,2.094395102393,4.188790204786,
6.28318530718,8.377580409573),.UNSPECIFIED.) CURVE() 
GEOMETRIC_REPRESENTATION_ITEM() RATIONAL_B_SPLINE_CURVE((1.,0.5,1.,0.5,
1.,0.5,1.)) REPRESENTATION_ITEM('') );
#1105 = CARTESIAN_POINT('',(3.2,-6.734331626528E-17));
#1106 = CARTESIAN_POINT('',(3.2,-5.54256258422));
#1107 = CARTESIAN_POINT('',(-1.6,-2.77128129211));
#1108 = CARTESIAN_POINT('',(-6.4,-8.511172677196E-16));
#1109 = CARTESIAN_POINT('',(-1.6,2.77128129211));
#1110 = CARTESIAN_POINT('',(3.2,5.54256258422));
#1111 = CARTESIAN_POINT('',(3.2,-6.734331626528E-17));
#1112 = ( GEOMETRIC_REPRESENTATION_CONTEXT(2) 
PARAMETRIC_REPRESENTATION_CONTEXT() REPRESENTATION_CONTEXT('2D SPACE',''
  ) );
#1113 = ORIENTED_EDGE('',*,*,#1006,.T.);
#1114 = ORIENTED_EDGE('',*,*,#1115,.F.);
#1115 = EDGE_CURVE('',#1009,#1009,#1116,.T.);
#1116 = SURFACE_CURVE('',#1117,(#1122,#1129),.PCURVE_S1.);
#1117 = CIRCLE('',#1118,3.2);
#1118 = AXIS2_PLACEMENT_3D('',#1119,#1120,#1121);
#1119 = CARTESIAN_POINT('',(0.,0.,18.5));
#1120 = DIRECTION('',(0.,-0.,-1.));
#1121 = DIRECTION('',(1.,-2.449293598295E-16,0.));
#1122 = PCURVE('',#574,#1123);
#1123 = DEFINITIONAL_REPRESENTATION('',(#1124),#1128);
#1124 = LINE('',#1125,#1126);
#1125 = CARTESIAN_POINT('',(-6.28318530718,-19.5));
#1126 = VECTOR('',#1127,1.);
#1127 = DIRECTION('',(1.,-0.));
#1128 = ( GEOMETRIC_REPRESENTATION_CONTEXT(2) 
PARAMETRIC_REPRESENTATION_CONTEXT() REPRESENTATION_CONTEXT('2D SPACE',''
  ) );
#1129 = PCURVE('',#1130,#1135);
#1130 = TOROIDAL_SURFACE('',#1131,3.7,0.5);
#1131 = AXIS2_PLACEMENT_3D('',#1132,#1133,#1134);
#1132 = CARTESIAN_POINT('',(0.,0.,18.5));
#1133 = DIRECTION('',(0.,0.,1.));
#1134 = DIRECTION('',(1.,-2.449293598295E-16,0.));
#1135 = DEFINITIONAL_REPRESENTATION('',(#1136),#1140);
#1136 = LINE('',#1137,#1138);
#1137 = CARTESIAN_POINT('',(-0.,3.14159265359));
#1138 = VECTOR('',#1139,1.);
#1139 = DIRECTION('',(-1.,0.));
#1140 = ( GEOMETRIC_REPRESENTATION_CONTEXT(2) 
PARAMETRIC_REPRESENTATION_CONTEXT() REPRESENTATION_CONTEXT('2D SPACE',''
  ) );
#1141 = ADVANCED_FACE('',(#1142,#1187,#1222,#1257,#1292,#1327,#1362,
    #1397),#548,.T.);
#1142 = FACE_BOUND('',#1143,.T.);
#1143 = EDGE_LOOP('',(#1144,#1145,#1146,#1147,#1168));
#1144 = ORIENTED_EDGE('',*,*,#1031,.F.);
#1145 = ORIENTED_EDGE('',*,*,#1088,.F.);
#1146 = ORIENTED_EDGE('',*,*,#533,.T.);
#1147 = ORIENTED_EDGE('',*,*,#1148,.F.);
#1148 = EDGE_CURVE('',#1149,#506,#1151,.T.);
#1149 = VERTEX_POINT('',#1150);
#1150 = CARTESIAN_POINT('',(1.010489867257,-2.6,8.));
#1151 = SURFACE_CURVE('',#1152,(#1156,#1162),.PCURVE_S1.);
#1152 = LINE('',#1153,#1154);
#1153 = CARTESIAN_POINT('',(-4.800238401418,-2.6,8.));
#1154 = VECTOR('',#1155,1.);
#1155 = DIRECTION('',(-1.,0.,0.));
#1156 = PCURVE('',#548,#1157);
#1157 = DEFINITIONAL_REPRESENTATION('',(#1158),#1161);
#1158 = B_SPLINE_CURVE_WITH_KNOTS('',1,(#1159,#1160),.UNSPECIFIED.,.F.,
  .F.,(2,2),(-5.810728268675,-5.001827211666),.PIECEWISE_BEZIER_KNOTS.);
#1159 = CARTESIAN_POINT('',(1.010489867257,-2.6));
#1160 = CARTESIAN_POINT('',(0.201588810249,-2.6));
#1161 = ( GEOMETRIC_REPRESENTATION_CONTEXT(2) 
PARAMETRIC_REPRESENTATION_CONTEXT() REPRESENTATION_CONTEXT('2D SPACE',''
  ) );
#1162 = PCURVE('',#521,#1163);
#1163 = DEFINITIONAL_REPRESENTATION('',(#1164),#1167);
#1164 = B_SPLINE_CURVE_WITH_KNOTS('',1,(#1165,#1166),.UNSPECIFIED.,.F.,
  .F.,(2,2),(-5.810728268675,-5.001827211666),.PIECEWISE_BEZIER_KNOTS.);
#1165 = CARTESIAN_POINT('',(0.75,26.469311948705));
#1166 = CARTESIAN_POINT('',(0.,26.166292279328));
#1167 = ( GEOMETRIC_REPRESENTATION_CONTEXT(2) 
PARAMETRIC_REPRESENTATION_CONTEXT() REPRESENTATION_CONTEXT('2D SPACE',''
  ) );
#1168 = ORIENTED_EDGE('',*,*,#1169,.F.);
#1169 = EDGE_CURVE('',#1032,#1149,#1170,.T.);
#1170 = SURFACE_CURVE('',#1171,(#1175,#1181),.PCURVE_S1.);
#1171 = LINE('',#1172,#1173);
#1172 = CARTESIAN_POINT('',(1.010489867257,-3.2,8.));
#1173 = VECTOR('',#1174,1.);
#1174 = DIRECTION('',(0.,1.,0.));
#1175 = PCURVE('',#548,#1176);
#1176 = DEFINITIONAL_REPRESENTATION('',(#1177),#1180);
#1177 = B_SPLINE_CURVE_WITH_KNOTS('',1,(#1178,#1179),.UNSPECIFIED.,.F.,
  .F.,(2,2),(0.,0.6),.PIECEWISE_BEZIER_KNOTS.);
#1178 = CARTESIAN_POINT('',(1.010489867257,-3.2));
#1179 = CARTESIAN_POINT('',(1.010489867257,-2.6));
#1180 = ( GEOMETRIC_REPRESENTATION_CONTEXT(2) 
PARAMETRIC_REPRESENTATION_CONTEXT() REPRESENTATION_CONTEXT('2D SPACE',''
  ) );
#1181 = PCURVE('',#668,#1182);
#1182 = DEFINITIONAL_REPRESENTATION('',(#1183),#1186);
#1183 = B_SPLINE_CURVE_WITH_KNOTS('',1,(#1184,#1185),.UNSPECIFIED.,.F.,
  .F.,(2,2),(0.,0.6),.PIECEWISE_BEZIER_KNOTS.);
#1184 = CARTESIAN_POINT('',(26.469311948705,3.2));
#1185 = CARTESIAN_POINT('',(26.469311948705,3.8));
#1186 = ( GEOMETRIC_REPRESENTATION_CONTEXT(2) 
PARAMETRIC_REPRESENTATION_CONTEXT() REPRESENTATION_CONTEXT('2D SPACE',''
  ) );
#1187 = FACE_BOUND('',#1188,.T.);
#1188 = EDGE_LOOP('',(#1189));
#1189 = ORIENTED_EDGE('',*,*,#1190,.T.);
#1190 = EDGE_CURVE('',#1191,#1191,#1193,.T.);
#1191 = VERTEX_POINT('',#1192);
#1192 = CARTESIAN_POINT('',(-0.4,-1.775352077758,8.));
#1193 = SURFACE_CURVE('',#1194,(#1199,#1210),.PCURVE_S1.);
#1194 = CIRCLE('',#1195,0.625);
#1195 = AXIS2_PLACEMENT_3D('',#1196,#1197,#1198);
#1196 = CARTESIAN_POINT('',(-1.025,-1.775352077758,8.));
#1197 = DIRECTION('',(0.,0.,-1.));
#1198 = DIRECTION('',(1.,0.,0.));
#1199 = PCURVE('',#548,#1200);
#1200 = DEFINITIONAL_REPRESENTATION('',(#1201),#1209);
#1201 = ( BOUNDED_CURVE() B_SPLINE_CURVE(2,(#1202,#1203,#1204,#1205,
#1206,#1207,#1208),.UNSPECIFIED.,.T.,.F.) B_SPLINE_CURVE_WITH_KNOTS((1,2
    ,2,2,2,1),(-2.094395102393,0.,2.094395102393,4.188790204786,
6.28318530718,8.377580409573),.UNSPECIFIED.) CURVE() 
GEOMETRIC_REPRESENTATION_ITEM() RATIONAL_B_SPLINE_CURVE((1.,0.5,1.,0.5,
1.,0.5,1.)) REPRESENTATION_ITEM('') );
#1202 = CARTESIAN_POINT('',(-0.4,-1.775352077758));
#1203 = CARTESIAN_POINT('',(-0.4,-2.857883832489));
#1204 = CARTESIAN_POINT('',(-1.3375,-2.316617955123));
#1205 = CARTESIAN_POINT('',(-2.275,-1.775352077758));
#1206 = CARTESIAN_POINT('',(-1.3375,-1.234086200393));
#1207 = CARTESIAN_POINT('',(-0.4,-0.692820323028));
#1208 = CARTESIAN_POINT('',(-0.4,-1.775352077758));
#1209 = ( GEOMETRIC_REPRESENTATION_CONTEXT(2) 
PARAMETRIC_REPRESENTATION_CONTEXT() REPRESENTATION_CONTEXT('2D SPACE',''
  ) );
#1210 = PCURVE('',#1211,#1216);
#1211 = CYLINDRICAL_SURFACE('',#1212,0.625);
#1212 = AXIS2_PLACEMENT_3D('',#1213,#1214,#1215);
#1213 = CARTESIAN_POINT('',(-1.025,-1.775352077758,5.5));
#1214 = DIRECTION('',(-0.,-0.,-1.));
#1215 = DIRECTION('',(1.,0.,0.));
#1216 = DEFINITIONAL_REPRESENTATION('',(#1217),#1221);
#1217 = LINE('',#1218,#1219);
#1218 = CARTESIAN_POINT('',(-6.28318530718,-2.5));
#1219 = VECTOR('',#1220,1.);
#1220 = DIRECTION('',(1.,-0.));
#1221 = ( GEOMETRIC_REPRESENTATION_CONTEXT(2) 
PARAMETRIC_REPRESENTATION_CONTEXT() REPRESENTATION_CONTEXT('2D SPACE',''
  ) );
#1222 = FACE_BOUND('',#1223,.T.);
#1223 = EDGE_LOOP('',(#1224));
#1224 = ORIENTED_EDGE('',*,*,#1225,.T.);
#1225 = EDGE_CURVE('',#1226,#1226,#1228,.T.);
#1226 = VERTEX_POINT('',#1227);
#1227 = CARTESIAN_POINT('',(1.65,-1.775352077758,8.));
#1228 = SURFACE_CURVE('',#1229,(#1234,#1245),.PCURVE_S1.);
#1229 = CIRCLE('',#1230,0.625);
#1230 = AXIS2_PLACEMENT_3D('',#1231,#1232,#1233);
#1231 = CARTESIAN_POINT('',(1.025,-1.775352077758,8.));
#1232 = DIRECTION('',(0.,0.,-1.));
#1233 = DIRECTION('',(1.,0.,0.));
#1234 = PCURVE('',#548,#1235);
#1235 = DEFINITIONAL_REPRESENTATION('',(#1236),#1244);
#1236 = ( BOUNDED_CURVE() B_SPLINE_CURVE(2,(#1237,#1238,#1239,#1240,
#1241,#1242,#1243),.UNSPECIFIED.,.T.,.F.) B_SPLINE_CURVE_WITH_KNOTS((1,2
    ,2,2,2,1),(-2.094395102393,0.,2.094395102393,4.188790204786,
6.28318530718,8.377580409573),.UNSPECIFIED.) CURVE() 
GEOMETRIC_REPRESENTATION_ITEM() RATIONAL_B_SPLINE_CURVE((1.,0.5,1.,0.5,
1.,0.5,1.)) REPRESENTATION_ITEM('') );
#1237 = CARTESIAN_POINT('',(1.65,-1.775352077758));
#1238 = CARTESIAN_POINT('',(1.65,-2.857883832489));
#1239 = CARTESIAN_POINT('',(0.7125,-2.316617955123));
#1240 = CARTESIAN_POINT('',(-0.225,-1.775352077758));
#1241 = CARTESIAN_POINT('',(0.7125,-1.234086200393));
#1242 = CARTESIAN_POINT('',(1.65,-0.692820323028));
#1243 = CARTESIAN_POINT('',(1.65,-1.775352077758));
#1244 = ( GEOMETRIC_REPRESENTATION_CONTEXT(2) 
PARAMETRIC_REPRESENTATION_CONTEXT() REPRESENTATION_CONTEXT('2D SPACE',''
  ) );
#1245 = PCURVE('',#1246,#1251);
#1246 = CYLINDRICAL_SURFACE('',#1247,0.625);
#1247 = AXIS2_PLACEMENT_3D('',#1248,#1249,#1250);
#1248 = CARTESIAN_POINT('',(1.025,-1.775352077758,5.5));
#1249 = DIRECTION('',(-0.,-0.,-1.));
#1250 = DIRECTION('',(1.,0.,0.));
#1251 = DEFINITIONAL_REPRESENTATION('',(#1252),#1256);
#1252 = LINE('',#1253,#1254);
#1253 = CARTESIAN_POINT('',(-6.28318530718,-2.5));
#1254 = VECTOR('',#1255,1.);
#1255 = DIRECTION('',(1.,-0.));
#1256 = ( GEOMETRIC_REPRESENTATION_CONTEXT(2) 
PARAMETRIC_REPRESENTATION_CONTEXT() REPRESENTATION_CONTEXT('2D SPACE',''
  ) );
#1257 = FACE_BOUND('',#1258,.T.);
#1258 = EDGE_LOOP('',(#1259));
#1259 = ORIENTED_EDGE('',*,*,#1260,.T.);
#1260 = EDGE_CURVE('',#1261,#1261,#1263,.T.);
#1261 = VERTEX_POINT('',#1262);
#1262 = CARTESIAN_POINT('',(0.625,0.,8.));
#1263 = SURFACE_CURVE('',#1264,(#1269,#1280),.PCURVE_S1.);
#1264 = CIRCLE('',#1265,0.625);
#1265 = AXIS2_PLACEMENT_3D('',#1266,#1267,#1268);
#1266 = CARTESIAN_POINT('',(0.,0.,8.));
#1267 = DIRECTION('',(0.,0.,-1.));
#1268 = DIRECTION('',(1.,0.,0.));
#1269 = PCURVE('',#548,#1270);
#1270 = DEFINITIONAL_REPRESENTATION('',(#1271),#1279);
#1271 = ( BOUNDED_CURVE() B_SPLINE_CURVE(2,(#1272,#1273,#1274,#1275,
#1276,#1277,#1278),.UNSPECIFIED.,.T.,.F.) B_SPLINE_CURVE_WITH_KNOTS((1,2
    ,2,2,2,1),(-2.094395102393,0.,2.094395102393,4.188790204786,
6.28318530718,8.377580409573),.UNSPECIFIED.) CURVE() 
GEOMETRIC_REPRESENTATION_ITEM() RATIONAL_B_SPLINE_CURVE((1.,0.5,1.,0.5,
1.,0.5,1.)) REPRESENTATION_ITEM('') );
#1272 = CARTESIAN_POINT('',(0.625,-6.734331626528E-17));
#1273 = CARTESIAN_POINT('',(0.625,-1.082531754731));
#1274 = CARTESIAN_POINT('',(-0.3125,-0.541265877365));
#1275 = CARTESIAN_POINT('',(-1.25,-2.204241661587E-16));
#1276 = CARTESIAN_POINT('',(-0.3125,0.541265877365));
#1277 = CARTESIAN_POINT('',(0.625,1.082531754731));
#1278 = CARTESIAN_POINT('',(0.625,-6.734331626528E-17));
#1279 = ( GEOMETRIC_REPRESENTATION_CONTEXT(2) 
PARAMETRIC_REPRESENTATION_CONTEXT() REPRESENTATION_CONTEXT('2D SPACE',''
  ) );
#1280 = PCURVE('',#1281,#1286);
#1281 = CYLINDRICAL_SURFACE('',#1282,0.625);
#1282 = AXIS2_PLACEMENT_3D('',#1283,#1284,#1285);
#1283 = CARTESIAN_POINT('',(0.,0.,5.5));
#1284 = DIRECTION('',(-0.,-0.,-1.));
#1285 = DIRECTION('',(1.,0.,0.));
#1286 = DEFINITIONAL_REPRESENTATION('',(#1287),#1291);
#1287 = LINE('',#1288,#1289);
#1288 = CARTESIAN_POINT('',(-6.28318530718,-2.5));
#1289 = VECTOR('',#1290,1.);
#1290 = DIRECTION('',(1.,-0.));
#1291 = ( GEOMETRIC_REPRESENTATION_CONTEXT(2) 
PARAMETRIC_REPRESENTATION_CONTEXT() REPRESENTATION_CONTEXT('2D SPACE',''
  ) );
#1292 = FACE_BOUND('',#1293,.T.);
#1293 = EDGE_LOOP('',(#1294));
#1294 = ORIENTED_EDGE('',*,*,#1295,.T.);
#1295 = EDGE_CURVE('',#1296,#1296,#1298,.T.);
#1296 = VERTEX_POINT('',#1297);
#1297 = CARTESIAN_POINT('',(2.675,0.,8.));
#1298 = SURFACE_CURVE('',#1299,(#1304,#1315),.PCURVE_S1.);
#1299 = CIRCLE('',#1300,0.625);
#1300 = AXIS2_PLACEMENT_3D('',#1301,#1302,#1303);
#1301 = CARTESIAN_POINT('',(2.05,0.,8.));
#1302 = DIRECTION('',(0.,0.,-1.));
#1303 = DIRECTION('',(1.,0.,0.));
#1304 = PCURVE('',#548,#1305);
#1305 = DEFINITIONAL_REPRESENTATION('',(#1306),#1314);
#1306 = ( BOUNDED_CURVE() B_SPLINE_CURVE(2,(#1307,#1308,#1309,#1310,
#1311,#1312,#1313),.UNSPECIFIED.,.T.,.F.) B_SPLINE_CURVE_WITH_KNOTS((1,2
    ,2,2,2,1),(-2.094395102393,0.,2.094395102393,4.188790204786,
6.28318530718,8.377580409573),.UNSPECIFIED.) CURVE() 
GEOMETRIC_REPRESENTATION_ITEM() RATIONAL_B_SPLINE_CURVE((1.,0.5,1.,0.5,
1.,0.5,1.)) REPRESENTATION_ITEM('') );
#1307 = CARTESIAN_POINT('',(2.675,-6.734331626528E-17));
#1308 = CARTESIAN_POINT('',(2.675,-1.082531754731));
#1309 = CARTESIAN_POINT('',(1.7375,-0.541265877365));
#1310 = CARTESIAN_POINT('',(0.8,-2.204241661587E-16));
#1311 = CARTESIAN_POINT('',(1.7375,0.541265877365));
#1312 = CARTESIAN_POINT('',(2.675,1.082531754731));
#1313 = CARTESIAN_POINT('',(2.675,-6.734331626528E-17));
#1314 = ( GEOMETRIC_REPRESENTATION_CONTEXT(2) 
PARAMETRIC_REPRESENTATION_CONTEXT() REPRESENTATION_CONTEXT('2D SPACE',''
  ) );
#1315 = PCURVE('',#1316,#1321);
#1316 = CYLINDRICAL_SURFACE('',#1317,0.625);
#1317 = AXIS2_PLACEMENT_3D('',#1318,#1319,#1320);
#1318 = CARTESIAN_POINT('',(2.05,0.,5.5));
#1319 = DIRECTION('',(-0.,-0.,-1.));
#1320 = DIRECTION('',(1.,0.,0.));
#1321 = DEFINITIONAL_REPRESENTATION('',(#1322),#1326);
#1322 = LINE('',#1323,#1324);
#1323 = CARTESIAN_POINT('',(-6.28318530718,-2.5));
#1324 = VECTOR('',#1325,1.);
#1325 = DIRECTION('',(1.,-0.));
#1326 = ( GEOMETRIC_REPRESENTATION_CONTEXT(2) 
PARAMETRIC_REPRESENTATION_CONTEXT() REPRESENTATION_CONTEXT('2D SPACE',''
  ) );
#1327 = FACE_BOUND('',#1328,.T.);
#1328 = EDGE_LOOP('',(#1329));
#1329 = ORIENTED_EDGE('',*,*,#1330,.T.);
#1330 = EDGE_CURVE('',#1331,#1331,#1333,.T.);
#1331 = VERTEX_POINT('',#1332);
#1332 = CARTESIAN_POINT('',(-1.425,2.510525938252E-16,8.));
#1333 = SURFACE_CURVE('',#1334,(#1339,#1350),.PCURVE_S1.);
#1334 = CIRCLE('',#1335,0.625);
#1335 = AXIS2_PLACEMENT_3D('',#1336,#1337,#1338);
#1336 = CARTESIAN_POINT('',(-2.05,2.510525938252E-16,8.));
#1337 = DIRECTION('',(0.,0.,-1.));
#1338 = DIRECTION('',(1.,0.,0.));
#1339 = PCURVE('',#548,#1340);
#1340 = DEFINITIONAL_REPRESENTATION('',(#1341),#1349);
#1341 = ( BOUNDED_CURVE() B_SPLINE_CURVE(2,(#1342,#1343,#1344,#1345,
#1346,#1347,#1348),.UNSPECIFIED.,.T.,.F.) B_SPLINE_CURVE_WITH_KNOTS((1,2
    ,2,2,2,1),(-2.094395102393,0.,2.094395102393,4.188790204786,
6.28318530718,8.377580409573),.UNSPECIFIED.) CURVE() 
GEOMETRIC_REPRESENTATION_ITEM() RATIONAL_B_SPLINE_CURVE((1.,0.5,1.,0.5,
1.,0.5,1.)) REPRESENTATION_ITEM('') );
#1342 = CARTESIAN_POINT('',(-1.425,1.837092775599E-16));
#1343 = CARTESIAN_POINT('',(-1.425,-1.082531754731));
#1344 = CARTESIAN_POINT('',(-2.3625,-0.541265877365));
#1345 = CARTESIAN_POINT('',(-3.3,3.062842766651E-17));
#1346 = CARTESIAN_POINT('',(-2.3625,0.541265877365));
#1347 = CARTESIAN_POINT('',(-1.425,1.082531754731));
#1348 = CARTESIAN_POINT('',(-1.425,1.837092775599E-16));
#1349 = ( GEOMETRIC_REPRESENTATION_CONTEXT(2) 
PARAMETRIC_REPRESENTATION_CONTEXT() REPRESENTATION_CONTEXT('2D SPACE',''
  ) );
#1350 = PCURVE('',#1351,#1356);
#1351 = CYLINDRICAL_SURFACE('',#1352,0.625);
#1352 = AXIS2_PLACEMENT_3D('',#1353,#1354,#1355);
#1353 = CARTESIAN_POINT('',(-2.05,2.510525938252E-16,5.5));
#1354 = DIRECTION('',(-0.,-0.,-1.));
#1355 = DIRECTION('',(1.,0.,0.));
#1356 = DEFINITIONAL_REPRESENTATION('',(#1357),#1361);
#1357 = LINE('',#1358,#1359);
#1358 = CARTESIAN_POINT('',(-6.28318530718,-2.5));
#1359 = VECTOR('',#1360,1.);
#1360 = DIRECTION('',(1.,-0.));
#1361 = ( GEOMETRIC_REPRESENTATION_CONTEXT(2) 
PARAMETRIC_REPRESENTATION_CONTEXT() REPRESENTATION_CONTEXT('2D SPACE',''
  ) );
#1362 = FACE_BOUND('',#1363,.T.);
#1363 = EDGE_LOOP('',(#1364));
#1364 = ORIENTED_EDGE('',*,*,#1365,.T.);
#1365 = EDGE_CURVE('',#1366,#1366,#1368,.T.);
#1366 = VERTEX_POINT('',#1367);
#1367 = CARTESIAN_POINT('',(-0.4,1.775352077758,8.));
#1368 = SURFACE_CURVE('',#1369,(#1374,#1385),.PCURVE_S1.);
#1369 = CIRCLE('',#1370,0.625);
#1370 = AXIS2_PLACEMENT_3D('',#1371,#1372,#1373);
#1371 = CARTESIAN_POINT('',(-1.025,1.775352077758,8.));
#1372 = DIRECTION('',(0.,0.,-1.));
#1373 = DIRECTION('',(1.,0.,0.));
#1374 = PCURVE('',#548,#1375);
#1375 = DEFINITIONAL_REPRESENTATION('',(#1376),#1384);
#1376 = ( BOUNDED_CURVE() B_SPLINE_CURVE(2,(#1377,#1378,#1379,#1380,
#1381,#1382,#1383),.UNSPECIFIED.,.T.,.F.) B_SPLINE_CURVE_WITH_KNOTS((1,2
    ,2,2,2,1),(-2.094395102393,0.,2.094395102393,4.188790204786,
6.28318530718,8.377580409573),.UNSPECIFIED.) CURVE() 
GEOMETRIC_REPRESENTATION_ITEM() RATIONAL_B_SPLINE_CURVE((1.,0.5,1.,0.5,
1.,0.5,1.)) REPRESENTATION_ITEM('') );
#1377 = CARTESIAN_POINT('',(-0.4,1.775352077758));
#1378 = CARTESIAN_POINT('',(-0.4,0.692820323028));
#1379 = CARTESIAN_POINT('',(-1.3375,1.234086200393));
#1380 = CARTESIAN_POINT('',(-2.275,1.775352077758));
#1381 = CARTESIAN_POINT('',(-1.3375,2.316617955123));
#1382 = CARTESIAN_POINT('',(-0.4,2.857883832489));
#1383 = CARTESIAN_POINT('',(-0.4,1.775352077758));
#1384 = ( GEOMETRIC_REPRESENTATION_CONTEXT(2) 
PARAMETRIC_REPRESENTATION_CONTEXT() REPRESENTATION_CONTEXT('2D SPACE',''
  ) );
#1385 = PCURVE('',#1386,#1391);
#1386 = CYLINDRICAL_SURFACE('',#1387,0.625);
#1387 = AXIS2_PLACEMENT_3D('',#1388,#1389,#1390);
#1388 = CARTESIAN_POINT('',(-1.025,1.775352077758,5.5));
#1389 = DIRECTION('',(-0.,-0.,-1.));
#1390 = DIRECTION('',(1.,0.,0.));
#1391 = DEFINITIONAL_REPRESENTATION('',(#1392),#1396);
#1392 = LINE('',#1393,#1394);
#1393 = CARTESIAN_POINT('',(-6.28318530718,-2.5));
#1394 = VECTOR('',#1395,1.);
#1395 = DIRECTION('',(1.,-0.));
#1396 = ( GEOMETRIC_REPRESENTATION_CONTEXT(2) 
PARAMETRIC_REPRESENTATION_CONTEXT() REPRESENTATION_CONTEXT('2D SPACE',''
  ) );
#1397 = FACE_BOUND('',#1398,.T.);
#1398 = EDGE_LOOP('',(#1399));
#1399 = ORIENTED_EDGE('',*,*,#1400,.T.);
#1400 = EDGE_CURVE('',#1401,#1401,#1403,.T.);
#1401 = VERTEX_POINT('',#1402);
#1402 = CARTESIAN_POINT('',(1.65,1.775352077758,8.));
#1403 = SURFACE_CURVE('',#1404,(#1409,#1420),.PCURVE_S1.);
#1404 = CIRCLE('',#1405,0.625);
#1405 = AXIS2_PLACEMENT_3D('',#1406,#1407,#1408);
#1406 = CARTESIAN_POINT('',(1.025,1.775352077758,8.));
#1407 = DIRECTION('',(0.,0.,-1.));
#1408 = DIRECTION('',(1.,0.,0.));
#1409 = PCURVE('',#548,#1410);
#1410 = DEFINITIONAL_REPRESENTATION('',(#1411),#1419);
#1411 = ( BOUNDED_CURVE() B_SPLINE_CURVE(2,(#1412,#1413,#1414,#1415,
#1416,#1417,#1418),.UNSPECIFIED.,.T.,.F.) B_SPLINE_CURVE_WITH_KNOTS((1,2
    ,2,2,2,1),(-2.094395102393,0.,2.094395102393,4.188790204786,
6.28318530718,8.377580409573),.UNSPECIFIED.) CURVE() 
GEOMETRIC_REPRESENTATION_ITEM() RATIONAL_B_SPLINE_CURVE((1.,0.5,1.,0.5,
1.,0.5,1.)) REPRESENTATION_ITEM('') );
#1412 = CARTESIAN_POINT('',(1.65,1.775352077758));
#1413 = CARTESIAN_POINT('',(1.65,0.692820323028));
#1414 = CARTESIAN_POINT('',(0.7125,1.234086200393));
#1415 = CARTESIAN_POINT('',(-0.225,1.775352077758));
#1416 = CARTESIAN_POINT('',(0.7125,2.316617955123));
#1417 = CARTESIAN_POINT('',(1.65,2.857883832489));
#1418 = CARTESIAN_POINT('',(1.65,1.775352077758));
#1419 = ( GEOMETRIC_REPRESENTATION_CONTEXT(2) 
PARAMETRIC_REPRESENTATION_CONTEXT() REPRESENTATION_CONTEXT('2D SPACE',''
  ) );
#1420 = PCURVE('',#1421,#1426);
#1421 = CYLINDRICAL_SURFACE('',#1422,0.625);
#1422 = AXIS2_PLACEMENT_3D('',#1423,#1424,#1425);
#1423 = CARTESIAN_POINT('',(1.025,1.775352077758,5.5));
#1424 = DIRECTION('',(-0.,-0.,-1.));
#1425 = DIRECTION('',(1.,0.,0.));
#1426 = DEFINITIONAL_REPRESENTATION('',(#1427),#1431);
#1427 = LINE('',#1428,#1429);
#1428 = CARTESIAN_POINT('',(-6.28318530718,-2.5));
#1429 = VECTOR('',#1430,1.);
#1430 = DIRECTION('',(1.,-0.));
#1431 = ( GEOMETRIC_REPRESENTATION_CONTEXT(2) 
PARAMETRIC_REPRESENTATION_CONTEXT() REPRESENTATION_CONTEXT('2D SPACE',''
  ) );
#1432 = ADVANCED_FACE('',(#1433),#521,.F.);
#1433 = FACE_BOUND('',#1434,.F.);
#1434 = EDGE_LOOP('',(#1435,#1436,#1437,#1460));
#1435 = ORIENTED_EDGE('',*,*,#505,.F.);
#1436 = ORIENTED_EDGE('',*,*,#1148,.F.);
#1437 = ORIENTED_EDGE('',*,*,#1438,.T.);
#1438 = EDGE_CURVE('',#1149,#1439,#1441,.T.);
#1439 = VERTEX_POINT('',#1440);
#1440 = CARTESIAN_POINT('',(1.61652920601,-2.6,6.5));
#1441 = SURFACE_CURVE('',#1442,(#1446,#1453),.PCURVE_S1.);
#1442 = LINE('',#1443,#1444);
#1443 = CARTESIAN_POINT('',(-8.90508891191,-2.6,32.541918680331));
#1444 = VECTOR('',#1445,1.);
#1445 = DIRECTION('',(0.374606593416,0.,-0.927183854567));
#1446 = PCURVE('',#521,#1447);
#1447 = DEFINITIONAL_REPRESENTATION('',(#1448),#1452);
#1448 = LINE('',#1449,#1450);
#1449 = CARTESIAN_POINT('',(0.75,-1.720845688169E-15));
#1450 = VECTOR('',#1451,1.);
#1451 = DIRECTION('',(0.,1.));
#1452 = ( GEOMETRIC_REPRESENTATION_CONTEXT(2) 
PARAMETRIC_REPRESENTATION_CONTEXT() REPRESENTATION_CONTEXT('2D SPACE',''
  ) );
#1453 = PCURVE('',#668,#1454);
#1454 = DEFINITIONAL_REPRESENTATION('',(#1455),#1459);
#1455 = LINE('',#1456,#1457);
#1456 = CARTESIAN_POINT('',(0.,3.8));
#1457 = VECTOR('',#1458,1.);
#1458 = DIRECTION('',(1.,0.));
#1459 = ( GEOMETRIC_REPRESENTATION_CONTEXT(2) 
PARAMETRIC_REPRESENTATION_CONTEXT() REPRESENTATION_CONTEXT('2D SPACE',''
  ) );
#1460 = ORIENTED_EDGE('',*,*,#1461,.T.);
#1461 = EDGE_CURVE('',#1439,#480,#1462,.T.);
#1462 = SURFACE_CURVE('',#1463,(#1467,#1473),.PCURVE_S1.);
#1463 = LINE('',#1464,#1465);
#1464 = CARTESIAN_POINT('',(-4.800238401418,-2.6,6.5));
#1465 = VECTOR('',#1466,1.);
#1466 = DIRECTION('',(-1.,0.,0.));
#1467 = PCURVE('',#521,#1468);
#1468 = DEFINITIONAL_REPRESENTATION('',(#1469),#1472);
#1469 = B_SPLINE_CURVE_WITH_KNOTS('',1,(#1470,#1471),.UNSPECIFIED.,.F.,
  .F.,(2,2),(-6.416767607427,-5.607866550419),.PIECEWISE_BEZIER_KNOTS.);
#1470 = CARTESIAN_POINT('',(0.75,28.087114062721));
#1471 = CARTESIAN_POINT('',(8.881784197001E-16,27.784094393345));
#1472 = ( GEOMETRIC_REPRESENTATION_CONTEXT(2) 
PARAMETRIC_REPRESENTATION_CONTEXT() REPRESENTATION_CONTEXT('2D SPACE',''
  ) );
#1473 = PCURVE('',#494,#1474);
#1474 = DEFINITIONAL_REPRESENTATION('',(#1475),#1478);
#1475 = B_SPLINE_CURVE_WITH_KNOTS('',1,(#1476,#1477),.UNSPECIFIED.,.F.,
  .F.,(2,2),(-6.416767607427,-5.607866550419),.PIECEWISE_BEZIER_KNOTS.);
#1476 = CARTESIAN_POINT('',(1.61652920601,-2.6));
#1477 = CARTESIAN_POINT('',(0.807628149001,-2.6));
#1478 = ( GEOMETRIC_REPRESENTATION_CONTEXT(2) 
PARAMETRIC_REPRESENTATION_CONTEXT() REPRESENTATION_CONTEXT('2D SPACE',''
  ) );
#1479 = ADVANCED_FACE('',(#1480,#1559,#1589,#1619,#1649,#1679,#1709,
    #1739),#494,.F.);
#1480 = FACE_BOUND('',#1481,.F.);
#1481 = EDGE_LOOP('',(#1482,#1512,#1538,#1539,#1540));
#1482 = ORIENTED_EDGE('',*,*,#1483,.F.);
#1483 = EDGE_CURVE('',#1484,#1486,#1488,.T.);
#1484 = VERTEX_POINT('',#1485);
#1485 = CARTESIAN_POINT('',(3.2,0.,6.5));
#1486 = VERTEX_POINT('',#1487);
#1487 = CARTESIAN_POINT('',(1.61652920601,-2.761672197441,6.5));
#1488 = SURFACE_CURVE('',#1489,(#1494,#1505),.PCURVE_S1.);
#1489 = CIRCLE('',#1490,3.2);
#1490 = AXIS2_PLACEMENT_3D('',#1491,#1492,#1493);
#1491 = CARTESIAN_POINT('',(0.,0.,6.5));
#1492 = DIRECTION('',(0.,0.,-1.));
#1493 = DIRECTION('',(1.,0.,0.));
#1494 = PCURVE('',#494,#1495);
#1495 = DEFINITIONAL_REPRESENTATION('',(#1496),#1504);
#1496 = ( BOUNDED_CURVE() B_SPLINE_CURVE(2,(#1497,#1498,#1499,#1500,
#1501,#1502,#1503),.UNSPECIFIED.,.T.,.F.) B_SPLINE_CURVE_WITH_KNOTS((1,2
    ,2,2,2,1),(-2.094395102393,0.,2.094395102393,4.188790204786,
6.28318530718,8.377580409573),.UNSPECIFIED.) CURVE() 
GEOMETRIC_REPRESENTATION_ITEM() RATIONAL_B_SPLINE_CURVE((1.,0.5,1.,0.5,
1.,0.5,1.)) REPRESENTATION_ITEM('') );
#1497 = CARTESIAN_POINT('',(3.2,-6.734331626528E-17));
#1498 = CARTESIAN_POINT('',(3.2,-5.54256258422));
#1499 = CARTESIAN_POINT('',(-1.6,-2.77128129211));
#1500 = CARTESIAN_POINT('',(-6.4,-8.511172677196E-16));
#1501 = CARTESIAN_POINT('',(-1.6,2.77128129211));
#1502 = CARTESIAN_POINT('',(3.2,5.54256258422));
#1503 = CARTESIAN_POINT('',(3.2,-6.734331626528E-17));
#1504 = ( GEOMETRIC_REPRESENTATION_CONTEXT(2) 
PARAMETRIC_REPRESENTATION_CONTEXT() REPRESENTATION_CONTEXT('2D SPACE',''
  ) );
#1505 = PCURVE('',#463,#1506);
#1506 = DEFINITIONAL_REPRESENTATION('',(#1507),#1511);
#1507 = LINE('',#1508,#1509);
#1508 = CARTESIAN_POINT('',(-6.28318530718,-7.5));
#1509 = VECTOR('',#1510,1.);
#1510 = DIRECTION('',(1.,-0.));
#1511 = ( GEOMETRIC_REPRESENTATION_CONTEXT(2) 
PARAMETRIC_REPRESENTATION_CONTEXT() REPRESENTATION_CONTEXT('2D SPACE',''
  ) );
#1512 = ORIENTED_EDGE('',*,*,#1513,.F.);
#1513 = EDGE_CURVE('',#447,#1484,#1514,.T.);
#1514 = SURFACE_CURVE('',#1515,(#1520,#1531),.PCURVE_S1.);
#1515 = CIRCLE('',#1516,3.2);
#1516 = AXIS2_PLACEMENT_3D('',#1517,#1518,#1519);
#1517 = CARTESIAN_POINT('',(0.,0.,6.5));
#1518 = DIRECTION('',(0.,0.,-1.));
#1519 = DIRECTION('',(1.,0.,0.));
#1520 = PCURVE('',#494,#1521);
#1521 = DEFINITIONAL_REPRESENTATION('',(#1522),#1530);
#1522 = ( BOUNDED_CURVE() B_SPLINE_CURVE(2,(#1523,#1524,#1525,#1526,
#1527,#1528,#1529),.UNSPECIFIED.,.T.,.F.) B_SPLINE_CURVE_WITH_KNOTS((1,2
    ,2,2,2,1),(-2.094395102393,0.,2.094395102393,4.188790204786,
6.28318530718,8.377580409573),.UNSPECIFIED.) CURVE() 
GEOMETRIC_REPRESENTATION_ITEM() RATIONAL_B_SPLINE_CURVE((1.,0.5,1.,0.5,
1.,0.5,1.)) REPRESENTATION_ITEM('') );
#1523 = CARTESIAN_POINT('',(3.2,-6.734331626528E-17));
#1524 = CARTESIAN_POINT('',(3.2,-5.54256258422));
#1525 = CARTESIAN_POINT('',(-1.6,-2.77128129211));
#1526 = CARTESIAN_POINT('',(-6.4,-8.511172677196E-16));
#1527 = CARTESIAN_POINT('',(-1.6,2.77128129211));
#1528 = CARTESIAN_POINT('',(3.2,5.54256258422));
#1529 = CARTESIAN_POINT('',(3.2,-6.734331626528E-17));
#1530 = ( GEOMETRIC_REPRESENTATION_CONTEXT(2) 
PARAMETRIC_REPRESENTATION_CONTEXT() REPRESENTATION_CONTEXT('2D SPACE',''
  ) );
#1531 = PCURVE('',#463,#1532);
#1532 = DEFINITIONAL_REPRESENTATION('',(#1533),#1537);
#1533 = LINE('',#1534,#1535);
#1534 = CARTESIAN_POINT('',(-6.28318530718,-7.5));
#1535 = VECTOR('',#1536,1.);
#1536 = DIRECTION('',(1.,-0.));
#1537 = ( GEOMETRIC_REPRESENTATION_CONTEXT(2) 
PARAMETRIC_REPRESENTATION_CONTEXT() REPRESENTATION_CONTEXT('2D SPACE',''
  ) );
#1538 = ORIENTED_EDGE('',*,*,#479,.T.);
#1539 = ORIENTED_EDGE('',*,*,#1461,.F.);
#1540 = ORIENTED_EDGE('',*,*,#1541,.F.);
#1541 = EDGE_CURVE('',#1486,#1439,#1542,.T.);
#1542 = SURFACE_CURVE('',#1543,(#1547,#1553),.PCURVE_S1.);
#1543 = LINE('',#1544,#1545);
#1544 = CARTESIAN_POINT('',(1.61652920601,-3.2,6.5));
#1545 = VECTOR('',#1546,1.);
#1546 = DIRECTION('',(0.,1.,0.));
#1547 = PCURVE('',#494,#1548);
#1548 = DEFINITIONAL_REPRESENTATION('',(#1549),#1552);
#1549 = B_SPLINE_CURVE_WITH_KNOTS('',1,(#1550,#1551),.UNSPECIFIED.,.F.,
  .F.,(2,2),(0.,0.6),.PIECEWISE_BEZIER_KNOTS.);
#1550 = CARTESIAN_POINT('',(1.61652920601,-3.2));
#1551 = CARTESIAN_POINT('',(1.61652920601,-2.6));
#1552 = ( GEOMETRIC_REPRESENTATION_CONTEXT(2) 
PARAMETRIC_REPRESENTATION_CONTEXT() REPRESENTATION_CONTEXT('2D SPACE',''
  ) );
#1553 = PCURVE('',#668,#1554);
#1554 = DEFINITIONAL_REPRESENTATION('',(#1555),#1558);
#1555 = B_SPLINE_CURVE_WITH_KNOTS('',1,(#1556,#1557),.UNSPECIFIED.,.F.,
  .F.,(2,2),(0.,0.6),.PIECEWISE_BEZIER_KNOTS.);
#1556 = CARTESIAN_POINT('',(28.087114062721,3.2));
#1557 = CARTESIAN_POINT('',(28.087114062721,3.8));
#1558 = ( GEOMETRIC_REPRESENTATION_CONTEXT(2) 
PARAMETRIC_REPRESENTATION_CONTEXT() REPRESENTATION_CONTEXT('2D SPACE',''
  ) );
#1559 = FACE_BOUND('',#1560,.F.);
#1560 = EDGE_LOOP('',(#1561));
#1561 = ORIENTED_EDGE('',*,*,#1562,.T.);
#1562 = EDGE_CURVE('',#1563,#1563,#1565,.T.);
#1563 = VERTEX_POINT('',#1564);
#1564 = CARTESIAN_POINT('',(-0.4,-1.775352077758,6.5));
#1565 = SURFACE_CURVE('',#1566,(#1571,#1582),.PCURVE_S1.);
#1566 = CIRCLE('',#1567,0.625);
#1567 = AXIS2_PLACEMENT_3D('',#1568,#1569,#1570);
#1568 = CARTESIAN_POINT('',(-1.025,-1.775352077758,6.5));
#1569 = DIRECTION('',(0.,0.,-1.));
#1570 = DIRECTION('',(1.,0.,0.));
#1571 = PCURVE('',#494,#1572);
#1572 = DEFINITIONAL_REPRESENTATION('',(#1573),#1581);
#1573 = ( BOUNDED_CURVE() B_SPLINE_CURVE(2,(#1574,#1575,#1576,#1577,
#1578,#1579,#1580),.UNSPECIFIED.,.T.,.F.) B_SPLINE_CURVE_WITH_KNOTS((1,2
    ,2,2,2,1),(-2.094395102393,0.,2.094395102393,4.188790204786,
6.28318530718,8.377580409573),.UNSPECIFIED.) CURVE() 
GEOMETRIC_REPRESENTATION_ITEM() RATIONAL_B_SPLINE_CURVE((1.,0.5,1.,0.5,
1.,0.5,1.)) REPRESENTATION_ITEM('') );
#1574 = CARTESIAN_POINT('',(-0.4,-1.775352077758));
#1575 = CARTESIAN_POINT('',(-0.4,-2.857883832489));
#1576 = CARTESIAN_POINT('',(-1.3375,-2.316617955123));
#1577 = CARTESIAN_POINT('',(-2.275,-1.775352077758));
#1578 = CARTESIAN_POINT('',(-1.3375,-1.234086200393));
#1579 = CARTESIAN_POINT('',(-0.4,-0.692820323028));
#1580 = CARTESIAN_POINT('',(-0.4,-1.775352077758));
#1581 = ( GEOMETRIC_REPRESENTATION_CONTEXT(2) 
PARAMETRIC_REPRESENTATION_CONTEXT() REPRESENTATION_CONTEXT('2D SPACE',''
  ) );
#1582 = PCURVE('',#1211,#1583);
#1583 = DEFINITIONAL_REPRESENTATION('',(#1584),#1588);
#1584 = LINE('',#1585,#1586);
#1585 = CARTESIAN_POINT('',(-6.28318530718,-1.));
#1586 = VECTOR('',#1587,1.);
#1587 = DIRECTION('',(1.,-0.));
#1588 = ( GEOMETRIC_REPRESENTATION_CONTEXT(2) 
PARAMETRIC_REPRESENTATION_CONTEXT() REPRESENTATION_CONTEXT('2D SPACE',''
  ) );
#1589 = FACE_BOUND('',#1590,.F.);
#1590 = EDGE_LOOP('',(#1591));
#1591 = ORIENTED_EDGE('',*,*,#1592,.T.);
#1592 = EDGE_CURVE('',#1593,#1593,#1595,.T.);
#1593 = VERTEX_POINT('',#1594);
#1594 = CARTESIAN_POINT('',(1.65,-1.775352077758,6.5));
#1595 = SURFACE_CURVE('',#1596,(#1601,#1612),.PCURVE_S1.);
#1596 = CIRCLE('',#1597,0.625);
#1597 = AXIS2_PLACEMENT_3D('',#1598,#1599,#1600);
#1598 = CARTESIAN_POINT('',(1.025,-1.775352077758,6.5));
#1599 = DIRECTION('',(0.,0.,-1.));
#1600 = DIRECTION('',(1.,0.,0.));
#1601 = PCURVE('',#494,#1602);
#1602 = DEFINITIONAL_REPRESENTATION('',(#1603),#1611);
#1603 = ( BOUNDED_CURVE() B_SPLINE_CURVE(2,(#1604,#1605,#1606,#1607,
#1608,#1609,#1610),.UNSPECIFIED.,.T.,.F.) B_SPLINE_CURVE_WITH_KNOTS((1,2
    ,2,2,2,1),(-2.094395102393,0.,2.094395102393,4.188790204786,
6.28318530718,8.377580409573),.UNSPECIFIED.) CURVE() 
GEOMETRIC_REPRESENTATION_ITEM() RATIONAL_B_SPLINE_CURVE((1.,0.5,1.,0.5,
1.,0.5,1.)) REPRESENTATION_ITEM('') );
#1604 = CARTESIAN_POINT('',(1.65,-1.775352077758));
#1605 = CARTESIAN_POINT('',(1.65,-2.857883832489));
#1606 = CARTESIAN_POINT('',(0.7125,-2.316617955123));
#1607 = CARTESIAN_POINT('',(-0.225,-1.775352077758));
#1608 = CARTESIAN_POINT('',(0.7125,-1.234086200393));
#1609 = CARTESIAN_POINT('',(1.65,-0.692820323028));
#1610 = CARTESIAN_POINT('',(1.65,-1.775352077758));
#1611 = ( GEOMETRIC_REPRESENTATION_CONTEXT(2) 
PARAMETRIC_REPRESENTATION_CONTEXT() REPRESENTATION_CONTEXT('2D SPACE',''
  ) );
#1612 = PCURVE('',#1246,#1613);
#1613 = DEFINITIONAL_REPRESENTATION('',(#1614),#1618);
#1614 = LINE('',#1615,#1616);
#1615 = CARTESIAN_POINT('',(-6.28318530718,-1.));
#1616 = VECTOR('',#1617,1.);
#1617 = DIRECTION('',(1.,-0.));
#1618 = ( GEOMETRIC_REPRESENTATION_CONTEXT(2) 
PARAMETRIC_REPRESENTATION_CONTEXT() REPRESENTATION_CONTEXT('2D SPACE',''
  ) );
#1619 = FACE_BOUND('',#1620,.F.);
#1620 = EDGE_LOOP('',(#1621));
#1621 = ORIENTED_EDGE('',*,*,#1622,.T.);
#1622 = EDGE_CURVE('',#1623,#1623,#1625,.T.);
#1623 = VERTEX_POINT('',#1624);
#1624 = CARTESIAN_POINT('',(0.625,0.,6.5));
#1625 = SURFACE_CURVE('',#1626,(#1631,#1642),.PCURVE_S1.);
#1626 = CIRCLE('',#1627,0.625);
#1627 = AXIS2_PLACEMENT_3D('',#1628,#1629,#1630);
#1628 = CARTESIAN_POINT('',(0.,0.,6.5));
#1629 = DIRECTION('',(0.,0.,-1.));
#1630 = DIRECTION('',(1.,0.,0.));
#1631 = PCURVE('',#494,#1632);
#1632 = DEFINITIONAL_REPRESENTATION('',(#1633),#1641);
#1633 = ( BOUNDED_CURVE() B_SPLINE_CURVE(2,(#1634,#1635,#1636,#1637,
#1638,#1639,#1640),.UNSPECIFIED.,.T.,.F.) B_SPLINE_CURVE_WITH_KNOTS((1,2
    ,2,2,2,1),(-2.094395102393,0.,2.094395102393,4.188790204786,
6.28318530718,8.377580409573),.UNSPECIFIED.) CURVE() 
GEOMETRIC_REPRESENTATION_ITEM() RATIONAL_B_SPLINE_CURVE((1.,0.5,1.,0.5,
1.,0.5,1.)) REPRESENTATION_ITEM('') );
#1634 = CARTESIAN_POINT('',(0.625,-6.734331626528E-17));
#1635 = CARTESIAN_POINT('',(0.625,-1.082531754731));
#1636 = CARTESIAN_POINT('',(-0.3125,-0.541265877365));
#1637 = CARTESIAN_POINT('',(-1.25,-2.204241661587E-16));
#1638 = CARTESIAN_POINT('',(-0.3125,0.541265877365));
#1639 = CARTESIAN_POINT('',(0.625,1.082531754731));
#1640 = CARTESIAN_POINT('',(0.625,-6.734331626528E-17));
#1641 = ( GEOMETRIC_REPRESENTATION_CONTEXT(2) 
PARAMETRIC_REPRESENTATION_CONTEXT() REPRESENTATION_CONTEXT('2D SPACE',''
  ) );
#1642 = PCURVE('',#1281,#1643);
#1643 = DEFINITIONAL_REPRESENTATION('',(#1644),#1648);
#1644 = LINE('',#1645,#1646);
#1645 = CARTESIAN_POINT('',(-6.28318530718,-1.));
#1646 = VECTOR('',#1647,1.);
#1647 = DIRECTION('',(1.,-0.));
#1648 = ( GEOMETRIC_REPRESENTATION_CONTEXT(2) 
PARAMETRIC_REPRESENTATION_CONTEXT() REPRESENTATION_CONTEXT('2D SPACE',''
  ) );
#1649 = FACE_BOUND('',#1650,.F.);
#1650 = EDGE_LOOP('',(#1651));
#1651 = ORIENTED_EDGE('',*,*,#1652,.T.);
#1652 = EDGE_CURVE('',#1653,#1653,#1655,.T.);
#1653 = VERTEX_POINT('',#1654);
#1654 = CARTESIAN_POINT('',(2.675,0.,6.5));
#1655 = SURFACE_CURVE('',#1656,(#1661,#1672),.PCURVE_S1.);
#1656 = CIRCLE('',#1657,0.625);
#1657 = AXIS2_PLACEMENT_3D('',#1658,#1659,#1660);
#1658 = CARTESIAN_POINT('',(2.05,0.,6.5));
#1659 = DIRECTION('',(0.,0.,-1.));
#1660 = DIRECTION('',(1.,0.,0.));
#1661 = PCURVE('',#494,#1662);
#1662 = DEFINITIONAL_REPRESENTATION('',(#1663),#1671);
#1663 = ( BOUNDED_CURVE() B_SPLINE_CURVE(2,(#1664,#1665,#1666,#1667,
#1668,#1669,#1670),.UNSPECIFIED.,.T.,.F.) B_SPLINE_CURVE_WITH_KNOTS((1,2
    ,2,2,2,1),(-2.094395102393,0.,2.094395102393,4.188790204786,
6.28318530718,8.377580409573),.UNSPECIFIED.) CURVE() 
GEOMETRIC_REPRESENTATION_ITEM() RATIONAL_B_SPLINE_CURVE((1.,0.5,1.,0.5,
1.,0.5,1.)) REPRESENTATION_ITEM('') );
#1664 = CARTESIAN_POINT('',(2.675,-6.734331626528E-17));
#1665 = CARTESIAN_POINT('',(2.675,-1.082531754731));
#1666 = CARTESIAN_POINT('',(1.7375,-0.541265877365));
#1667 = CARTESIAN_POINT('',(0.8,-2.204241661587E-16));
#1668 = CARTESIAN_POINT('',(1.7375,0.541265877365));
#1669 = CARTESIAN_POINT('',(2.675,1.082531754731));
#1670 = CARTESIAN_POINT('',(2.675,-6.734331626528E-17));
#1671 = ( GEOMETRIC_REPRESENTATION_CONTEXT(2) 
PARAMETRIC_REPRESENTATION_CONTEXT() REPRESENTATION_CONTEXT('2D SPACE',''
  ) );
#1672 = PCURVE('',#1316,#1673);
#1673 = DEFINITIONAL_REPRESENTATION('',(#1674),#1678);
#1674 = LINE('',#1675,#1676);
#1675 = CARTESIAN_POINT('',(-6.28318530718,-1.));
#1676 = VECTOR('',#1677,1.);
#1677 = DIRECTION('',(1.,-0.));
#1678 = ( GEOMETRIC_REPRESENTATION_CONTEXT(2) 
PARAMETRIC_REPRESENTATION_CONTEXT() REPRESENTATION_CONTEXT('2D SPACE',''
  ) );
#1679 = FACE_BOUND('',#1680,.F.);
#1680 = EDGE_LOOP('',(#1681));
#1681 = ORIENTED_EDGE('',*,*,#1682,.T.);
#1682 = EDGE_CURVE('',#1683,#1683,#1685,.T.);
#1683 = VERTEX_POINT('',#1684);
#1684 = CARTESIAN_POINT('',(-1.425,2.510525938252E-16,6.5));
#1685 = SURFACE_CURVE('',#1686,(#1691,#1702),.PCURVE_S1.);
#1686 = CIRCLE('',#1687,0.625);
#1687 = AXIS2_PLACEMENT_3D('',#1688,#1689,#1690);
#1688 = CARTESIAN_POINT('',(-2.05,2.510525938252E-16,6.5));
#1689 = DIRECTION('',(0.,0.,-1.));
#1690 = DIRECTION('',(1.,0.,0.));
#1691 = PCURVE('',#494,#1692);
#1692 = DEFINITIONAL_REPRESENTATION('',(#1693),#1701);
#1693 = ( BOUNDED_CURVE() B_SPLINE_CURVE(2,(#1694,#1695,#1696,#1697,
#1698,#1699,#1700),.UNSPECIFIED.,.T.,.F.) B_SPLINE_CURVE_WITH_KNOTS((1,2
    ,2,2,2,1),(-2.094395102393,0.,2.094395102393,4.188790204786,
6.28318530718,8.377580409573),.UNSPECIFIED.) CURVE() 
GEOMETRIC_REPRESENTATION_ITEM() RATIONAL_B_SPLINE_CURVE((1.,0.5,1.,0.5,
1.,0.5,1.)) REPRESENTATION_ITEM('') );
#1694 = CARTESIAN_POINT('',(-1.425,1.837092775599E-16));
#1695 = CARTESIAN_POINT('',(-1.425,-1.082531754731));
#1696 = CARTESIAN_POINT('',(-2.3625,-0.541265877365));
#1697 = CARTESIAN_POINT('',(-3.3,3.062842766651E-17));
#1698 = CARTESIAN_POINT('',(-2.3625,0.541265877365));
#1699 = CARTESIAN_POINT('',(-1.425,1.082531754731));
#1700 = CARTESIAN_POINT('',(-1.425,1.837092775599E-16));
#1701 = ( GEOMETRIC_REPRESENTATION_CONTEXT(2) 
PARAMETRIC_REPRESENTATION_CONTEXT() REPRESENTATION_CONTEXT('2D SPACE',''
  ) );
#1702 = PCURVE('',#1351,#1703);
#1703 = DEFINITIONAL_REPRESENTATION('',(#1704),#1708);
#1704 = LINE('',#1705,#1706);
#1705 = CARTESIAN_POINT('',(-6.28318530718,-1.));
#1706 = VECTOR('',#1707,1.);
#1707 = DIRECTION('',(1.,-0.));
#1708 = ( GEOMETRIC_REPRESENTATION_CONTEXT(2) 
PARAMETRIC_REPRESENTATION_CONTEXT() REPRESENTATION_CONTEXT('2D SPACE',''
  ) );
#1709 = FACE_BOUND('',#1710,.F.);
#1710 = EDGE_LOOP('',(#1711));
#1711 = ORIENTED_EDGE('',*,*,#1712,.T.);
#1712 = EDGE_CURVE('',#1713,#1713,#1715,.T.);
#1713 = VERTEX_POINT('',#1714);
#1714 = CARTESIAN_POINT('',(-0.4,1.775352077758,6.5));
#1715 = SURFACE_CURVE('',#1716,(#1721,#1732),.PCURVE_S1.);
#1716 = CIRCLE('',#1717,0.625);
#1717 = AXIS2_PLACEMENT_3D('',#1718,#1719,#1720);
#1718 = CARTESIAN_POINT('',(-1.025,1.775352077758,6.5));
#1719 = DIRECTION('',(0.,0.,-1.));
#1720 = DIRECTION('',(1.,0.,0.));
#1721 = PCURVE('',#494,#1722);
#1722 = DEFINITIONAL_REPRESENTATION('',(#1723),#1731);
#1723 = ( BOUNDED_CURVE() B_SPLINE_CURVE(2,(#1724,#1725,#1726,#1727,
#1728,#1729,#1730),.UNSPECIFIED.,.T.,.F.) B_SPLINE_CURVE_WITH_KNOTS((1,2
    ,2,2,2,1),(-2.094395102393,0.,2.094395102393,4.188790204786,
6.28318530718,8.377580409573),.UNSPECIFIED.) CURVE() 
GEOMETRIC_REPRESENTATION_ITEM() RATIONAL_B_SPLINE_CURVE((1.,0.5,1.,0.5,
1.,0.5,1.)) REPRESENTATION_ITEM('') );
#1724 = CARTESIAN_POINT('',(-0.4,1.775352077758));
#1725 = CARTESIAN_POINT('',(-0.4,0.692820323028));
#1726 = CARTESIAN_POINT('',(-1.3375,1.234086200393));
#1727 = CARTESIAN_POINT('',(-2.275,1.775352077758));
#1728 = CARTESIAN_POINT('',(-1.3375,2.316617955123));
#1729 = CARTESIAN_POINT('',(-0.4,2.857883832489));
#1730 = CARTESIAN_POINT('',(-0.4,1.775352077758));
#1731 = ( GEOMETRIC_REPRESENTATION_CONTEXT(2) 
PARAMETRIC_REPRESENTATION_CONTEXT() REPRESENTATION_CONTEXT('2D SPACE',''
  ) );
#1732 = PCURVE('',#1386,#1733);
#1733 = DEFINITIONAL_REPRESENTATION('',(#1734),#1738);
#1734 = LINE('',#1735,#1736);
#1735 = CARTESIAN_POINT('',(-6.28318530718,-1.));
#1736 = VECTOR('',#1737,1.);
#1737 = DIRECTION('',(1.,-0.));
#1738 = ( GEOMETRIC_REPRESENTATION_CONTEXT(2) 
PARAMETRIC_REPRESENTATION_CONTEXT() REPRESENTATION_CONTEXT('2D SPACE',''
  ) );
#1739 = FACE_BOUND('',#1740,.F.);
#1740 = EDGE_LOOP('',(#1741));
#1741 = ORIENTED_EDGE('',*,*,#1742,.T.);
#1742 = EDGE_CURVE('',#1743,#1743,#1745,.T.);
#1743 = VERTEX_POINT('',#1744);
#1744 = CARTESIAN_POINT('',(1.65,1.775352077758,6.5));
#1745 = SURFACE_CURVE('',#1746,(#1751,#1762),.PCURVE_S1.);
#1746 = CIRCLE('',#1747,0.625);
#1747 = AXIS2_PLACEMENT_3D('',#1748,#1749,#1750);
#1748 = CARTESIAN_POINT('',(1.025,1.775352077758,6.5));
#1749 = DIRECTION('',(0.,0.,-1.));
#1750 = DIRECTION('',(1.,0.,0.));
#1751 = PCURVE('',#494,#1752);
#1752 = DEFINITIONAL_REPRESENTATION('',(#1753),#1761);
#1753 = ( BOUNDED_CURVE() B_SPLINE_CURVE(2,(#1754,#1755,#1756,#1757,
#1758,#1759,#1760),.UNSPECIFIED.,.T.,.F.) B_SPLINE_CURVE_WITH_KNOTS((1,2
    ,2,2,2,1),(-2.094395102393,0.,2.094395102393,4.188790204786,
6.28318530718,8.377580409573),.UNSPECIFIED.) CURVE() 
GEOMETRIC_REPRESENTATION_ITEM() RATIONAL_B_SPLINE_CURVE((1.,0.5,1.,0.5,
1.,0.5,1.)) REPRESENTATION_ITEM('') );
#1754 = CARTESIAN_POINT('',(1.65,1.775352077758));
#1755 = CARTESIAN_POINT('',(1.65,0.692820323028));
#1756 = CARTESIAN_POINT('',(0.7125,1.234086200393));
#1757 = CARTESIAN_POINT('',(-0.225,1.775352077758));
#1758 = CARTESIAN_POINT('',(0.7125,2.316617955123));
#1759 = CARTESIAN_POINT('',(1.65,2.857883832489));
#1760 = CARTESIAN_POINT('',(1.65,1.775352077758));
#1761 = ( GEOMETRIC_REPRESENTATION_CONTEXT(2) 
PARAMETRIC_REPRESENTATION_CONTEXT() REPRESENTATION_CONTEXT('2D SPACE',''
  ) );
#1762 = PCURVE('',#1421,#1763);
#1763 = DEFINITIONAL_REPRESENTATION('',(#1764),#1768);
#1764 = LINE('',#1765,#1766);
#1765 = CARTESIAN_POINT('',(-6.28318530718,-1.));
#1766 = VECTOR('',#1767,1.);
#1767 = DIRECTION('',(1.,-0.));
#1768 = ( GEOMETRIC_REPRESENTATION_CONTEXT(2) 
PARAMETRIC_REPRESENTATION_CONTEXT() REPRESENTATION_CONTEXT('2D SPACE',''
  ) );
#1769 = ADVANCED_FACE('',(#1770),#463,.F.);
#1770 = FACE_BOUND('',#1771,.T.);
#1771 = EDGE_LOOP('',(#1772,#1795,#1817,#1818,#1819,#1820,#1821,#1846));
#1772 = ORIENTED_EDGE('',*,*,#1773,.F.);
#1773 = EDGE_CURVE('',#1774,#1484,#1776,.T.);
#1774 = VERTEX_POINT('',#1775);
#1775 = CARTESIAN_POINT('',(3.2,-7.837739514543E-16,0.5));
#1776 = SEAM_CURVE('',#1777,(#1781,#1788),.PCURVE_S1.);
#1777 = LINE('',#1778,#1779);
#1778 = CARTESIAN_POINT('',(3.2,0.,-1.));
#1779 = VECTOR('',#1780,1.);
#1780 = DIRECTION('',(0.,0.,1.));
#1781 = PCURVE('',#463,#1782);
#1782 = DEFINITIONAL_REPRESENTATION('',(#1783),#1787);
#1783 = LINE('',#1784,#1785);
#1784 = CARTESIAN_POINT('',(-6.28318530718,0.));
#1785 = VECTOR('',#1786,1.);
#1786 = DIRECTION('',(-0.,-1.));
#1787 = ( GEOMETRIC_REPRESENTATION_CONTEXT(2) 
PARAMETRIC_REPRESENTATION_CONTEXT() REPRESENTATION_CONTEXT('2D SPACE',''
  ) );
#1788 = PCURVE('',#463,#1789);
#1789 = DEFINITIONAL_REPRESENTATION('',(#1790),#1794);
#1790 = LINE('',#1791,#1792);
#1791 = CARTESIAN_POINT('',(-0.,0.));
#1792 = VECTOR('',#1793,1.);
#1793 = DIRECTION('',(-0.,-1.));
#1794 = ( GEOMETRIC_REPRESENTATION_CONTEXT(2) 
PARAMETRIC_REPRESENTATION_CONTEXT() REPRESENTATION_CONTEXT('2D SPACE',''
  ) );
#1795 = ORIENTED_EDGE('',*,*,#1796,.T.);
#1796 = EDGE_CURVE('',#1774,#1774,#1797,.T.);
#1797 = SURFACE_CURVE('',#1798,(#1803,#1810),.PCURVE_S1.);
#1798 = CIRCLE('',#1799,3.2);
#1799 = AXIS2_PLACEMENT_3D('',#1800,#1801,#1802);
#1800 = CARTESIAN_POINT('',(0.,0.,0.5));
#1801 = DIRECTION('',(0.,-0.,-1.));
#1802 = DIRECTION('',(1.,-2.449293598295E-16,0.));
#1803 = PCURVE('',#463,#1804);
#1804 = DEFINITIONAL_REPRESENTATION('',(#1805),#1809);
#1805 = LINE('',#1806,#1807);
#1806 = CARTESIAN_POINT('',(-6.28318530718,-1.5));
#1807 = VECTOR('',#1808,1.);
#1808 = DIRECTION('',(1.,-0.));
#1809 = ( GEOMETRIC_REPRESENTATION_CONTEXT(2) 
PARAMETRIC_REPRESENTATION_CONTEXT() REPRESENTATION_CONTEXT('2D SPACE',''
  ) );
#1810 = PCURVE('',#991,#1811);
#1811 = DEFINITIONAL_REPRESENTATION('',(#1812),#1816);
#1812 = LINE('',#1813,#1814);
#1813 = CARTESIAN_POINT('',(0.,3.14159265359));
#1814 = VECTOR('',#1815,1.);
#1815 = DIRECTION('',(1.,0.));
#1816 = ( GEOMETRIC_REPRESENTATION_CONTEXT(2) 
PARAMETRIC_REPRESENTATION_CONTEXT() REPRESENTATION_CONTEXT('2D SPACE',''
  ) );
#1817 = ORIENTED_EDGE('',*,*,#1773,.T.);
#1818 = ORIENTED_EDGE('',*,*,#1513,.F.);
#1819 = ORIENTED_EDGE('',*,*,#446,.T.);
#1820 = ORIENTED_EDGE('',*,*,#920,.F.);
#1821 = ORIENTED_EDGE('',*,*,#1822,.F.);
#1822 = EDGE_CURVE('',#1486,#921,#1823,.T.);
#1823 = SURFACE_CURVE('',#1824,(#1829,#1839),.PCURVE_S1.);
#1824 = ELLIPSE('',#1825,8.542294920173,3.2);
#1825 = AXIS2_PLACEMENT_3D('',#1826,#1827,#1828);
#1826 = CARTESIAN_POINT('',(0.,0.,10.501050185958));
#1827 = DIRECTION('',(0.927183854567,0.,0.374606593416));
#1828 = DIRECTION('',(0.374606593416,0.,-0.927183854567));
#1829 = PCURVE('',#463,#1830);
#1830 = DEFINITIONAL_REPRESENTATION('',(#1831),#1838);
#1831 = B_SPLINE_CURVE_WITH_KNOTS('',5,(#1832,#1833,#1834,#1835,#1836,
    #1837),.UNSPECIFIED.,.F.,.F.,(6,6),(5.241962472391,5.516502451159),
  .PIECEWISE_BEZIER_KNOTS.);
#1832 = CARTESIAN_POINT('',(-5.241962472391,-7.5000006));
#1833 = CARTESIAN_POINT('',(-5.296870468145,-7.124683644355));
#1834 = CARTESIAN_POINT('',(-5.351778463898,-6.764445021719));
#1835 = CARTESIAN_POINT('',(-5.406686459652,-6.421642510254));
#1836 = CARTESIAN_POINT('',(-5.461594455406,-6.098442685525));
#1837 = CARTESIAN_POINT('',(-5.516502451159,-5.796740115794));
#1838 = ( GEOMETRIC_REPRESENTATION_CONTEXT(2) 
PARAMETRIC_REPRESENTATION_CONTEXT() REPRESENTATION_CONTEXT('2D SPACE',''
  ) );
#1839 = PCURVE('',#668,#1840);
#1840 = DEFINITIONAL_REPRESENTATION('',(#1841),#1845);
#1841 = ELLIPSE('',#1842,8.542294920173,3.2);
#1842 = AXIS2_PLACEMENT_2D('',#1843,#1844);
#1843 = CARTESIAN_POINT('',(23.771842429969,6.4));
#1844 = DIRECTION('',(1.,0.));
#1845 = ( GEOMETRIC_REPRESENTATION_CONTEXT(2) 
PARAMETRIC_REPRESENTATION_CONTEXT() REPRESENTATION_CONTEXT('2D SPACE',''
  ) );
#1846 = ORIENTED_EDGE('',*,*,#1483,.F.);
#1847 = ADVANCED_FACE('',(#1848),#668,.F.);
#1848 = FACE_BOUND('',#1849,.F.);
#1849 = EDGE_LOOP('',(#1850,#1851,#1852,#1853,#1854,#1855,#1856,#1857,
    #1858));
#1850 = ORIENTED_EDGE('',*,*,#652,.F.);
#1851 = ORIENTED_EDGE('',*,*,#702,.F.);
#1852 = ORIENTED_EDGE('',*,*,#881,.T.);
#1853 = ORIENTED_EDGE('',*,*,#941,.F.);
#1854 = ORIENTED_EDGE('',*,*,#1822,.F.);
#1855 = ORIENTED_EDGE('',*,*,#1541,.T.);
#1856 = ORIENTED_EDGE('',*,*,#1438,.F.);
#1857 = ORIENTED_EDGE('',*,*,#1169,.F.);
#1858 = ORIENTED_EDGE('',*,*,#1059,.F.);
#1859 = ADVANCED_FACE('',(#1860,#1863),#841,.T.);
#1860 = FACE_BOUND('',#1861,.T.);
#1861 = EDGE_LOOP('',(#1862));
#1862 = ORIENTED_EDGE('',*,*,#826,.T.);
#1863 = FACE_BOUND('',#1864,.T.);
#1864 = EDGE_LOOP('',(#1865));
#1865 = ORIENTED_EDGE('',*,*,#1866,.T.);
#1866 = EDGE_CURVE('',#1867,#1867,#1869,.T.);
#1867 = VERTEX_POINT('',#1868);
#1868 = CARTESIAN_POINT('',(3.7,-9.06238631369E-16,19.));
#1869 = SURFACE_CURVE('',#1870,(#1875,#1886),.PCURVE_S1.);
#1870 = CIRCLE('',#1871,3.7);
#1871 = AXIS2_PLACEMENT_3D('',#1872,#1873,#1874);
#1872 = CARTESIAN_POINT('',(0.,0.,19.));
#1873 = DIRECTION('',(0.,-0.,-1.));
#1874 = DIRECTION('',(1.,-2.449293598295E-16,0.));
#1875 = PCURVE('',#841,#1876);
#1876 = DEFINITIONAL_REPRESENTATION('',(#1877),#1885);
#1877 = ( BOUNDED_CURVE() B_SPLINE_CURVE(2,(#1878,#1879,#1880,#1881,
#1882,#1883,#1884),.UNSPECIFIED.,.T.,.F.) B_SPLINE_CURVE_WITH_KNOTS((1,2
    ,2,2,2,1),(-2.094395102393,0.,2.094395102393,4.188790204786,
6.28318530718,8.377580409573),.UNSPECIFIED.) CURVE() 
GEOMETRIC_REPRESENTATION_ITEM() RATIONAL_B_SPLINE_CURVE((1.,0.5,1.,0.5,
1.,0.5,1.)) REPRESENTATION_ITEM('') );
#1878 = CARTESIAN_POINT('',(3.7,-7.225416114969E-16));
#1879 = CARTESIAN_POINT('',(3.7,-6.408587988005));
#1880 = CARTESIAN_POINT('',(-1.85,-3.204293994002));
#1881 = CARTESIAN_POINT('',(-7.4,1.089935651241E-15));
#1882 = CARTESIAN_POINT('',(-1.85,3.204293994002));
#1883 = CARTESIAN_POINT('',(3.7,6.408587988005));
#1884 = CARTESIAN_POINT('',(3.7,-7.225416114969E-16));
#1885 = ( GEOMETRIC_REPRESENTATION_CONTEXT(2) 
PARAMETRIC_REPRESENTATION_CONTEXT() REPRESENTATION_CONTEXT('2D SPACE',''
  ) );
#1886 = PCURVE('',#1130,#1887);
#1887 = DEFINITIONAL_REPRESENTATION('',(#1888),#1892);
#1888 = LINE('',#1889,#1890);
#1889 = CARTESIAN_POINT('',(-0.,1.570796326795));
#1890 = VECTOR('',#1891,1.);
#1891 = DIRECTION('',(-1.,0.));
#1892 = ( GEOMETRIC_REPRESENTATION_CONTEXT(2) 
PARAMETRIC_REPRESENTATION_CONTEXT() REPRESENTATION_CONTEXT('2D SPACE',''
  ) );
#1893 = ADVANCED_FACE('',(#1894),#991,.T.);
#1894 = FACE_BOUND('',#1895,.T.);
#1895 = EDGE_LOOP('',(#1896,#1916,#1917,#1918));
#1896 = ORIENTED_EDGE('',*,*,#1897,.F.);
#1897 = EDGE_CURVE('',#971,#1774,#1898,.T.);
#1898 = SEAM_CURVE('',#1899,(#1904,#1910),.PCURVE_S1.);
#1899 = CIRCLE('',#1900,0.5);
#1900 = AXIS2_PLACEMENT_3D('',#1901,#1902,#1903);
#1901 = CARTESIAN_POINT('',(3.7,-9.06238631369E-16,0.5));
#1902 = DIRECTION('',(2.449293598295E-16,1.,0.));
#1903 = DIRECTION('',(1.,-2.449293598295E-16,0.));
#1904 = PCURVE('',#991,#1905);
#1905 = DEFINITIONAL_REPRESENTATION('',(#1906),#1909);
#1906 = B_SPLINE_CURVE_WITH_KNOTS('',1,(#1907,#1908),.UNSPECIFIED.,.F.,
  .F.,(2,2),(1.570796326795,3.14159265359),.PIECEWISE_BEZIER_KNOTS.);
#1907 = CARTESIAN_POINT('',(0.,1.570796326795));
#1908 = CARTESIAN_POINT('',(0.,3.14159265359));
#1909 = ( GEOMETRIC_REPRESENTATION_CONTEXT(2) 
PARAMETRIC_REPRESENTATION_CONTEXT() REPRESENTATION_CONTEXT('2D SPACE',''
  ) );
#1910 = PCURVE('',#991,#1911);
#1911 = DEFINITIONAL_REPRESENTATION('',(#1912),#1915);
#1912 = B_SPLINE_CURVE_WITH_KNOTS('',1,(#1913,#1914),.UNSPECIFIED.,.F.,
  .F.,(2,2),(1.570796326795,3.14159265359),.PIECEWISE_BEZIER_KNOTS.);
#1913 = CARTESIAN_POINT('',(6.28318530718,1.570796326795));
#1914 = CARTESIAN_POINT('',(6.28318530718,3.14159265359));
#1915 = ( GEOMETRIC_REPRESENTATION_CONTEXT(2) 
PARAMETRIC_REPRESENTATION_CONTEXT() REPRESENTATION_CONTEXT('2D SPACE',''
  ) );
#1916 = ORIENTED_EDGE('',*,*,#970,.T.);
#1917 = ORIENTED_EDGE('',*,*,#1897,.T.);
#1918 = ORIENTED_EDGE('',*,*,#1796,.F.);
#1919 = ADVANCED_FACE('',(#1920),#1130,.T.);
#1920 = FACE_BOUND('',#1921,.F.);
#1921 = EDGE_LOOP('',(#1922,#1942,#1943,#1944));
#1922 = ORIENTED_EDGE('',*,*,#1923,.F.);
#1923 = EDGE_CURVE('',#1867,#1009,#1924,.T.);
#1924 = SEAM_CURVE('',#1925,(#1930,#1936),.PCURVE_S1.);
#1925 = CIRCLE('',#1926,0.5);
#1926 = AXIS2_PLACEMENT_3D('',#1927,#1928,#1929);
#1927 = CARTESIAN_POINT('',(3.7,-9.06238631369E-16,18.5));
#1928 = DIRECTION('',(-2.449293598295E-16,-1.,0.));
#1929 = DIRECTION('',(1.,-2.449293598295E-16,0.));
#1930 = PCURVE('',#1130,#1931);
#1931 = DEFINITIONAL_REPRESENTATION('',(#1932),#1935);
#1932 = B_SPLINE_CURVE_WITH_KNOTS('',1,(#1933,#1934),.UNSPECIFIED.,.F.,
  .F.,(2,2),(1.570796326795,3.14159265359),.PIECEWISE_BEZIER_KNOTS.);
#1933 = CARTESIAN_POINT('',(0.,1.570796326795));
#1934 = CARTESIAN_POINT('',(0.,3.14159265359));
#1935 = ( GEOMETRIC_REPRESENTATION_CONTEXT(2) 
PARAMETRIC_REPRESENTATION_CONTEXT() REPRESENTATION_CONTEXT('2D SPACE',''
  ) );
#1936 = PCURVE('',#1130,#1937);
#1937 = DEFINITIONAL_REPRESENTATION('',(#1938),#1941);
#1938 = B_SPLINE_CURVE_WITH_KNOTS('',1,(#1939,#1940),.UNSPECIFIED.,.F.,
  .F.,(2,2),(1.570796326795,3.14159265359),.PIECEWISE_BEZIER_KNOTS.);
#1939 = CARTESIAN_POINT('',(-6.28318530718,1.570796326795));
#1940 = CARTESIAN_POINT('',(-6.28318530718,3.14159265359));
#1941 = ( GEOMETRIC_REPRESENTATION_CONTEXT(2) 
PARAMETRIC_REPRESENTATION_CONTEXT() REPRESENTATION_CONTEXT('2D SPACE',''
  ) );
#1942 = ORIENTED_EDGE('',*,*,#1866,.F.);
#1943 = ORIENTED_EDGE('',*,*,#1923,.T.);
#1944 = ORIENTED_EDGE('',*,*,#1115,.T.);
#1945 = ADVANCED_FACE('',(#1946),#1211,.F.);
#1946 = FACE_BOUND('',#1947,.T.);
#1947 = EDGE_LOOP('',(#1948,#1949,#1970,#1971));
#1948 = ORIENTED_EDGE('',*,*,#1562,.T.);
#1949 = ORIENTED_EDGE('',*,*,#1950,.T.);
#1950 = EDGE_CURVE('',#1563,#1191,#1951,.T.);
#1951 = SEAM_CURVE('',#1952,(#1956,#1963),.PCURVE_S1.);
#1952 = LINE('',#1953,#1954);
#1953 = CARTESIAN_POINT('',(-0.4,-1.775352077758,5.5));
#1954 = VECTOR('',#1955,1.);
#1955 = DIRECTION('',(0.,0.,1.));
#1956 = PCURVE('',#1211,#1957);
#1957 = DEFINITIONAL_REPRESENTATION('',(#1958),#1962);
#1958 = LINE('',#1959,#1960);
#1959 = CARTESIAN_POINT('',(-6.28318530718,0.));
#1960 = VECTOR('',#1961,1.);
#1961 = DIRECTION('',(-0.,-1.));
#1962 = ( GEOMETRIC_REPRESENTATION_CONTEXT(2) 
PARAMETRIC_REPRESENTATION_CONTEXT() REPRESENTATION_CONTEXT('2D SPACE',''
  ) );
#1963 = PCURVE('',#1211,#1964);
#1964 = DEFINITIONAL_REPRESENTATION('',(#1965),#1969);
#1965 = LINE('',#1966,#1967);
#1966 = CARTESIAN_POINT('',(-0.,0.));
#1967 = VECTOR('',#1968,1.);
#1968 = DIRECTION('',(-0.,-1.));
#1969 = ( GEOMETRIC_REPRESENTATION_CONTEXT(2) 
PARAMETRIC_REPRESENTATION_CONTEXT() REPRESENTATION_CONTEXT('2D SPACE',''
  ) );
#1970 = ORIENTED_EDGE('',*,*,#1190,.F.);
#1971 = ORIENTED_EDGE('',*,*,#1950,.F.);
#1972 = ADVANCED_FACE('',(#1973),#1246,.F.);
#1973 = FACE_BOUND('',#1974,.T.);
#1974 = EDGE_LOOP('',(#1975,#1976,#1997,#1998));
#1975 = ORIENTED_EDGE('',*,*,#1592,.T.);
#1976 = ORIENTED_EDGE('',*,*,#1977,.T.);
#1977 = EDGE_CURVE('',#1593,#1226,#1978,.T.);
#1978 = SEAM_CURVE('',#1979,(#1983,#1990),.PCURVE_S1.);
#1979 = LINE('',#1980,#1981);
#1980 = CARTESIAN_POINT('',(1.65,-1.775352077758,5.5));
#1981 = VECTOR('',#1982,1.);
#1982 = DIRECTION('',(0.,0.,1.));
#1983 = PCURVE('',#1246,#1984);
#1984 = DEFINITIONAL_REPRESENTATION('',(#1985),#1989);
#1985 = LINE('',#1986,#1987);
#1986 = CARTESIAN_POINT('',(-6.28318530718,0.));
#1987 = VECTOR('',#1988,1.);
#1988 = DIRECTION('',(-0.,-1.));
#1989 = ( GEOMETRIC_REPRESENTATION_CONTEXT(2) 
PARAMETRIC_REPRESENTATION_CONTEXT() REPRESENTATION_CONTEXT('2D SPACE',''
  ) );
#1990 = PCURVE('',#1246,#1991);
#1991 = DEFINITIONAL_REPRESENTATION('',(#1992),#1996);
#1992 = LINE('',#1993,#1994);
#1993 = CARTESIAN_POINT('',(-0.,0.));
#1994 = VECTOR('',#1995,1.);
#1995 = DIRECTION('',(-0.,-1.));
#1996 = ( GEOMETRIC_REPRESENTATION_CONTEXT(2) 
PARAMETRIC_REPRESENTATION_CONTEXT() REPRESENTATION_CONTEXT('2D SPACE',''
  ) );
#1997 = ORIENTED_EDGE('',*,*,#1225,.F.);
#1998 = ORIENTED_EDGE('',*,*,#1977,.F.);
#1999 = ADVANCED_FACE('',(#2000),#1281,.F.);
#2000 = FACE_BOUND('',#2001,.T.);
#2001 = EDGE_LOOP('',(#2002,#2003,#2024,#2025));
#2002 = ORIENTED_EDGE('',*,*,#1622,.T.);
#2003 = ORIENTED_EDGE('',*,*,#2004,.T.);
#2004 = EDGE_CURVE('',#1623,#1261,#2005,.T.);
#2005 = SEAM_CURVE('',#2006,(#2010,#2017),.PCURVE_S1.);
#2006 = LINE('',#2007,#2008);
#2007 = CARTESIAN_POINT('',(0.625,0.,5.5));
#2008 = VECTOR('',#2009,1.);
#2009 = DIRECTION('',(0.,0.,1.));
#2010 = PCURVE('',#1281,#2011);
#2011 = DEFINITIONAL_REPRESENTATION('',(#2012),#2016);
#2012 = LINE('',#2013,#2014);
#2013 = CARTESIAN_POINT('',(-6.28318530718,0.));
#2014 = VECTOR('',#2015,1.);
#2015 = DIRECTION('',(-0.,-1.));
#2016 = ( GEOMETRIC_REPRESENTATION_CONTEXT(2) 
PARAMETRIC_REPRESENTATION_CONTEXT() REPRESENTATION_CONTEXT('2D SPACE',''
  ) );
#2017 = PCURVE('',#1281,#2018);
#2018 = DEFINITIONAL_REPRESENTATION('',(#2019),#2023);
#2019 = LINE('',#2020,#2021);
#2020 = CARTESIAN_POINT('',(-0.,0.));
#2021 = VECTOR('',#2022,1.);
#2022 = DIRECTION('',(-0.,-1.));
#2023 = ( GEOMETRIC_REPRESENTATION_CONTEXT(2) 
PARAMETRIC_REPRESENTATION_CONTEXT() REPRESENTATION_CONTEXT('2D SPACE',''
  ) );
#2024 = ORIENTED_EDGE('',*,*,#1260,.F.);
#2025 = ORIENTED_EDGE('',*,*,#2004,.F.);
#2026 = ADVANCED_FACE('',(#2027),#1316,.F.);
#2027 = FACE_BOUND('',#2028,.T.);
#2028 = EDGE_LOOP('',(#2029,#2030,#2051,#2052));
#2029 = ORIENTED_EDGE('',*,*,#1652,.T.);
#2030 = ORIENTED_EDGE('',*,*,#2031,.T.);
#2031 = EDGE_CURVE('',#1653,#1296,#2032,.T.);
#2032 = SEAM_CURVE('',#2033,(#2037,#2044),.PCURVE_S1.);
#2033 = LINE('',#2034,#2035);
#2034 = CARTESIAN_POINT('',(2.675,0.,5.5));
#2035 = VECTOR('',#2036,1.);
#2036 = DIRECTION('',(0.,0.,1.));
#2037 = PCURVE('',#1316,#2038);
#2038 = DEFINITIONAL_REPRESENTATION('',(#2039),#2043);
#2039 = LINE('',#2040,#2041);
#2040 = CARTESIAN_POINT('',(-6.28318530718,0.));
#2041 = VECTOR('',#2042,1.);
#2042 = DIRECTION('',(-0.,-1.));
#2043 = ( GEOMETRIC_REPRESENTATION_CONTEXT(2) 
PARAMETRIC_REPRESENTATION_CONTEXT() REPRESENTATION_CONTEXT('2D SPACE',''
  ) );
#2044 = PCURVE('',#1316,#2045);
#2045 = DEFINITIONAL_REPRESENTATION('',(#2046),#2050);
#2046 = LINE('',#2047,#2048);
#2047 = CARTESIAN_POINT('',(-0.,0.));
#2048 = VECTOR('',#2049,1.);
#2049 = DIRECTION('',(-0.,-1.));
#2050 = ( GEOMETRIC_REPRESENTATION_CONTEXT(2) 
PARAMETRIC_REPRESENTATION_CONTEXT() REPRESENTATION_CONTEXT('2D SPACE',''
  ) );
#2051 = ORIENTED_EDGE('',*,*,#1295,.F.);
#2052 = ORIENTED_EDGE('',*,*,#2031,.F.);
#2053 = ADVANCED_FACE('',(#2054),#1351,.F.);
#2054 = FACE_BOUND('',#2055,.T.);
#2055 = EDGE_LOOP('',(#2056,#2057,#2078,#2079));
#2056 = ORIENTED_EDGE('',*,*,#1682,.T.);
#2057 = ORIENTED_EDGE('',*,*,#2058,.T.);
#2058 = EDGE_CURVE('',#1683,#1331,#2059,.T.);
#2059 = SEAM_CURVE('',#2060,(#2064,#2071),.PCURVE_S1.);
#2060 = LINE('',#2061,#2062);
#2061 = CARTESIAN_POINT('',(-1.425,2.510525938252E-16,5.5));
#2062 = VECTOR('',#2063,1.);
#2063 = DIRECTION('',(0.,0.,1.));
#2064 = PCURVE('',#1351,#2065);
#2065 = DEFINITIONAL_REPRESENTATION('',(#2066),#2070);
#2066 = LINE('',#2067,#2068);
#2067 = CARTESIAN_POINT('',(-6.28318530718,0.));
#2068 = VECTOR('',#2069,1.);
#2069 = DIRECTION('',(-0.,-1.));
#2070 = ( GEOMETRIC_REPRESENTATION_CONTEXT(2) 
PARAMETRIC_REPRESENTATION_CONTEXT() REPRESENTATION_CONTEXT('2D SPACE',''
  ) );
#2071 = PCURVE('',#1351,#2072);
#2072 = DEFINITIONAL_REPRESENTATION('',(#2073),#2077);
#2073 = LINE('',#2074,#2075);
#2074 = CARTESIAN_POINT('',(-0.,0.));
#2075 = VECTOR('',#2076,1.);
#2076 = DIRECTION('',(-0.,-1.));
#2077 = ( GEOMETRIC_REPRESENTATION_CONTEXT(2) 
PARAMETRIC_REPRESENTATION_CONTEXT() REPRESENTATION_CONTEXT('2D SPACE',''
  ) );
#2078 = ORIENTED_EDGE('',*,*,#1330,.F.);
#2079 = ORIENTED_EDGE('',*,*,#2058,.F.);
#2080 = ADVANCED_FACE('',(#2081),#1386,.F.);
#2081 = FACE_BOUND('',#2082,.T.);
#2082 = EDGE_LOOP('',(#2083,#2084,#2105,#2106));
#2083 = ORIENTED_EDGE('',*,*,#1712,.T.);
#2084 = ORIENTED_EDGE('',*,*,#2085,.T.);
#2085 = EDGE_CURVE('',#1713,#1366,#2086,.T.);
#2086 = SEAM_CURVE('',#2087,(#2091,#2098),.PCURVE_S1.);
#2087 = LINE('',#2088,#2089);
#2088 = CARTESIAN_POINT('',(-0.4,1.775352077758,5.5));
#2089 = VECTOR('',#2090,1.);
#2090 = DIRECTION('',(0.,0.,1.));
#2091 = PCURVE('',#1386,#2092);
#2092 = DEFINITIONAL_REPRESENTATION('',(#2093),#2097);
#2093 = LINE('',#2094,#2095);
#2094 = CARTESIAN_POINT('',(-6.28318530718,0.));
#2095 = VECTOR('',#2096,1.);
#2096 = DIRECTION('',(-0.,-1.));
#2097 = ( GEOMETRIC_REPRESENTATION_CONTEXT(2) 
PARAMETRIC_REPRESENTATION_CONTEXT() REPRESENTATION_CONTEXT('2D SPACE',''
  ) );
#2098 = PCURVE('',#1386,#2099);
#2099 = DEFINITIONAL_REPRESENTATION('',(#2100),#2104);
#2100 = LINE('',#2101,#2102);
#2101 = CARTESIAN_POINT('',(-0.,0.));
#2102 = VECTOR('',#2103,1.);
#2103 = DIRECTION('',(-0.,-1.));
#2104 = ( GEOMETRIC_REPRESENTATION_CONTEXT(2) 
PARAMETRIC_REPRESENTATION_CONTEXT() REPRESENTATION_CONTEXT('2D SPACE',''
  ) );
#2105 = ORIENTED_EDGE('',*,*,#1365,.F.);
#2106 = ORIENTED_EDGE('',*,*,#2085,.F.);
#2107 = ADVANCED_FACE('',(#2108),#1421,.F.);
#2108 = FACE_BOUND('',#2109,.T.);
#2109 = EDGE_LOOP('',(#2110,#2111,#2132,#2133));
#2110 = ORIENTED_EDGE('',*,*,#1742,.T.);
#2111 = ORIENTED_EDGE('',*,*,#2112,.T.);
#2112 = EDGE_CURVE('',#1743,#1401,#2113,.T.);
#2113 = SEAM_CURVE('',#2114,(#2118,#2125),.PCURVE_S1.);
#2114 = LINE('',#2115,#2116);
#2115 = CARTESIAN_POINT('',(1.65,1.775352077758,5.5));
#2116 = VECTOR('',#2117,1.);
#2117 = DIRECTION('',(0.,0.,1.));
#2118 = PCURVE('',#1421,#2119);
#2119 = DEFINITIONAL_REPRESENTATION('',(#2120),#2124);
#2120 = LINE('',#2121,#2122);
#2121 = CARTESIAN_POINT('',(-6.28318530718,0.));
#2122 = VECTOR('',#2123,1.);
#2123 = DIRECTION('',(-0.,-1.));
#2124 = ( GEOMETRIC_REPRESENTATION_CONTEXT(2) 
PARAMETRIC_REPRESENTATION_CONTEXT() REPRESENTATION_CONTEXT('2D SPACE',''
  ) );
#2125 = PCURVE('',#1421,#2126);
#2126 = DEFINITIONAL_REPRESENTATION('',(#2127),#2131);
#2127 = LINE('',#2128,#2129);
#2128 = CARTESIAN_POINT('',(-0.,0.));
#2129 = VECTOR('',#2130,1.);
#2130 = DIRECTION('',(-0.,-1.));
#2131 = ( GEOMETRIC_REPRESENTATION_CONTEXT(2) 
PARAMETRIC_REPRESENTATION_CONTEXT() REPRESENTATION_CONTEXT('2D SPACE',''
  ) );
#2132 = ORIENTED_EDGE('',*,*,#1400,.F.);
#2133 = ORIENTED_EDGE('',*,*,#2112,.F.);
#2134 = ( GEOMETRIC_REPRESENTATION_CONTEXT(3) 
GLOBAL_UNCERTAINTY_ASSIGNED_CONTEXT((#2138)) 
GLOBAL_UNIT_ASSIGNED_CONTEXT((#2135,#2136,#2137)) REPRESENTATION_CONTEXT
('Context #1','3D Context with UNIT and UNCERTAINTY') );
#2135 = ( LENGTH_UNIT() NAMED_UNIT(*) SI_UNIT(.MILLI.,.METRE.) );
#2136 = ( NAMED_UNIT(*) PLANE_ANGLE_UNIT() SI_UNIT($,.RADIAN.) );
#2137 = ( NAMED_UNIT(*) SI_UNIT($,.STERADIAN.) SOLID_ANGLE_UNIT() );
#2138 = UNCERTAINTY_MEASURE_WITH_UNIT(LENGTH_MEASURE(2.E-07),#2135,
  'distance_accuracy_value','confusion accuracy');
#2139 = PRODUCT_RELATED_PRODUCT_CATEGORY('part',$,(#7));
ENDSEC;
END-ISO-10303-21;
