ISO-10303-21;
HEADER;
FILE_DESCRIPTION(('Open CASCADE Model'),'2;1');
FILE_NAME('Open CASCADE Shape Model','2026-08-10T17:04:18',('Author'),(
    'Open CASCADE'),'Open CASCADE STEP processor 7.8','Open CASCADE 7.8'
  ,'Unknown');
FILE_SCHEMA(('AUTOMOTIVE_DESIGN { 1 0 10303 214 1 1 1 1 }'));
ENDSEC;
DATA;
#1 = APPLICATION_PROTOCOL_DEFINITION('international standard',
  'automotive_design',2000,#2);
#2 = APPLICATION_CONTEXT(
  'core data for automotive mechanical design processes');
#3 = SHAPE_DEFINITION_REPRESENTATION(#4,#10);
#4 = PRODUCT_DEFINITION_SHAPE('','',#5);
#5 = PRODUCT_DEFINITION('design','',#6,#9);
#6 = PRODUCT_DEFINITION_FORMATION('','',#7);
#7 = PRODUCT('Open CASCADE STEP translator 7.8 2',
  'Open CASCADE STEP translator 7.8 2','',(#8));
#8 = PRODUCT_CONTEXT('',#2,'mechanical');
#9 = PRODUCT_DEFINITION_CONTEXT('part definition',#2,'design');
#10 = ADVANCED_BREP_SHAPE_REPRESENTATION('',(#11,#15),#6389);
#11 = AXIS2_PLACEMENT_3D('',#12,#13,#14);
#12 = CARTESIAN_POINT('',(0.,0.,0.));
#13 = DIRECTION('',(0.,0.,1.));
#14 = DIRECTION('',(1.,0.,-0.));
#15 = MANIFOLD_SOLID_BREP('',#16);
#16 = CLOSED_SHELL('',(#17,#5213,#5268,#5343,#5501,#6082,#6158,#6344,
    #6350,#6377,#6383));
#17 = ADVANCED_FACE('',(#18,#4183),#185,.F.);
#18 = FACE_BOUND('',#19,.F.);
#19 = EDGE_LOOP('',(#20,#1077,#1113,#1779,#2875,#2975,#3378,#3414,#4080,
    #4081));
#20 = ORIENTED_EDGE('',*,*,#21,.T.);
#21 = EDGE_CURVE('',#22,#24,#26,.T.);
#22 = VERTEX_POINT('',#23);
#23 = CARTESIAN_POINT('',(-1.140692542466,4.353024421481,0.849999999993)
  );
#24 = VERTEX_POINT('',#25);
#25 = CARTESIAN_POINT('',(2.913878406783,-9.707623242718E-16,0.425));
#26 = SURFACE_CURVE('',#27,(#184,#912),.PCURVE_S1.);
#27 = B_SPLINE_CURVE_WITH_KNOTS('',8,(#28,#29,#30,#31,#32,#33,#34,#35,
    #36,#37,#38,#39,#40,#41,#42,#43,#44,#45,#46,#47,#48,#49,#50,#51,#52,
    #53,#54,#55,#56,#57,#58,#59,#60,#61,#62,#63,#64,#65,#66,#67,#68,#69,
    #70,#71,#72,#73,#74,#75,#76,#77,#78,#79,#80,#81,#82,#83,#84,#85,#86,
    #87,#88,#89,#90,#91,#92,#93,#94,#95,#96,#97,#98,#99,#100,#101,#102,
    #103,#104,#105,#106,#107,#108,#109,#110,#111,#112,#113,#114,#115,
    #116,#117,#118,#119,#120,#121,#122,#123,#124,#125,#126,#127,#128,
    #129,#130,#131,#132,#133,#134,#135,#136,#137,#138,#139,#140,#141,
    #142,#143,#144,#145,#146,#147,#148,#149,#150,#151,#152,#153,#154,
    #155,#156,#157,#158,#159,#160,#161,#162,#163,#164,#165,#166,#167,
    #168,#169,#170,#171,#172,#173,#174,#175,#176,#177,#178,#179,#180,
    #181,#182,#183),.UNSPECIFIED.,.F.,.F.,(9,7,7,7,7,7,7,7,7,7,7,7,7,7,7
    ,7,7,7,7,7,7,7,9),(0.,1.645674736591E-03,3.920050908899E-02,
    7.731942693435E-02,0.132208450437,0.186931527948,0.241615038795,
    0.268952585967,0.282621193514,0.296286620938,0.298036168878,
    0.298821955563,0.299593038046,0.302616177581,0.315462070701,
    0.408054648475,0.513652528494,0.61082091469,0.708002174996,
    0.830330426991,0.988454942149,0.994312171552,1.),.UNSPECIFIED.);
#28 = CARTESIAN_POINT('',(-1.140692510628,4.353024304572,0.84999999988)
  );
#29 = CARTESIAN_POINT('',(-1.140749038489,4.353009369034,0.850027107119)
  );
#30 = CARTESIAN_POINT('',(-1.14069394621,4.353024441898,0.851036844966)
  );
#31 = CARTESIAN_POINT('',(-1.140696156691,4.353022221686,0.852364235618)
  );
#32 = CARTESIAN_POINT('',(-1.140721896448,4.353010743281,0.853609665365)
  );
#33 = CARTESIAN_POINT('',(-1.140719104959,4.353005218449,0.854629325201)
  );
#34 = CARTESIAN_POINT('',(-1.140697694272,4.353005086409,0.855522660946)
  );
#35 = CARTESIAN_POINT('',(-1.140705658892,4.352996274428,0.856616832882)
  );
#36 = CARTESIAN_POINT('',(-1.140595538318,4.352576894919,0.900240235191)
  );
#37 = CARTESIAN_POINT('',(-1.139895003885,4.349902885219,0.94204762569)
  );
#38 = CARTESIAN_POINT('',(-1.138597491989,4.344950982242,0.983711150278)
  );
#39 = CARTESIAN_POINT('',(-1.136704839141,4.337728612783,1.025071711426)
  );
#40 = CARTESIAN_POINT('',(-1.134222461273,4.328256098058,1.065971378831)
  );
#41 = CARTESIAN_POINT('',(-1.131159156006,4.316566464202,1.10625444805)
  );
#42 = CARTESIAN_POINT('',(-1.127526904922,4.302705252764,1.145768499139)
  );
#43 = CARTESIAN_POINT('',(-1.119091568475,4.270515462121,1.223542147879)
  );
#44 = CARTESIAN_POINT('',(-1.114271672639,4.252122436884,1.261775066412)
  );
#45 = CARTESIAN_POINT('',(-1.108896812105,4.231611640459,1.298909308724)
  );
#46 = CARTESIAN_POINT('',(-1.102986049346,4.209055816738,1.33479608668)
  );
#47 = CARTESIAN_POINT('',(-1.096561511612,4.184539404882,1.369293577249)
  );
#48 = CARTESIAN_POINT('',(-1.089648217008,4.158157875658,1.402267773574)
  );
#49 = CARTESIAN_POINT('',(-1.082273900588,4.130017067783,1.433593336044)
  );
#50 = CARTESIAN_POINT('',(-1.063230007998,4.057344514801,1.505720717705)
  );
#51 = CARTESIAN_POINT('',(-1.051097196553,4.01104504499,1.544631502715)
  );
#52 = CARTESIAN_POINT('',(-1.038161222613,3.961680676199,1.579538996162)
  );
#53 = CARTESIAN_POINT('',(-1.024522366794,3.909634085047,1.610142188118)
  );
#54 = CARTESIAN_POINT('',(-1.01028890192,3.855318446687,1.636189245122)
  );
#55 = CARTESIAN_POINT('',(-0.995575621139,3.799171818093,1.657479894342)
  );
#56 = CARTESIAN_POINT('',(-0.980502366025,3.741651521343,1.673867807739)
  );
#57 = CARTESIAN_POINT('',(-0.949929029508,3.624982162706,1.696623713661)
  );
#58 = CARTESIAN_POINT('',(-0.934428771267,3.565832425878,1.703023025737)
  );
#59 = CARTESIAN_POINT('',(-0.918814028772,3.506245824928,1.704371336679)
  );
#60 = CARTESIAN_POINT('',(-0.90320840832,3.446694048568,1.700636065435)
  );
#61 = CARTESIAN_POINT('',(-0.88773540387,3.387648357183,1.691840787132)
  );
#62 = CARTESIAN_POINT('',(-0.872516927228,3.32957397431,1.678064384544)
  );
#63 = CARTESIAN_POINT('',(-0.857671838221,3.272924478103,1.65944019955)
  );
#64 = CARTESIAN_POINT('',(-0.828967492402,3.163387521329,1.612887005513)
  );
#65 = CARTESIAN_POINT('',(-0.815106076487,3.110491819729,1.584962390445)
  );
#66 = CARTESIAN_POINT('',(-0.801844347206,3.059884586071,1.552567485822)
  );
#67 = CARTESIAN_POINT('',(-0.789289938685,3.011976561727,1.515938720985)
  );
#68 = CARTESIAN_POINT('',(-0.777542841215,2.967149320693,1.47535914631)
  );
#69 = CARTESIAN_POINT('',(-0.76669424336,2.925750858906,1.431154771325)
  );
#70 = CARTESIAN_POINT('',(-0.756825374072,2.888091183552,1.383690902831)
  );
#71 = CARTESIAN_POINT('',(-0.743597508847,2.837613851635,1.308211145745)
  );
#72 = CARTESIAN_POINT('',(-0.739450917299,2.821790574598,1.282338704031)
  );
#73 = CARTESIAN_POINT('',(-0.73557527244,2.807001296946,1.255800882532)
  );
#74 = CARTESIAN_POINT('',(-0.731978535116,2.79327640556,1.228649278608)
  );
#75 = CARTESIAN_POINT('',(-0.728667900416,2.780643368539,1.200937198381)
  );
#76 = CARTESIAN_POINT('',(-0.725649773359,2.769126655213,1.17271949279)
  );
#77 = CARTESIAN_POINT('',(-0.722929744576,2.758747656159,1.144052393647)
  );
#78 = CARTESIAN_POINT('',(-0.719303991377,2.74491313276,1.100464004216)
  );
#79 = CARTESIAN_POINT('',(-0.718171121119,2.740590632335,1.085836643009)
  );
#80 = CARTESIAN_POINT('',(-0.717114554209,2.736559378729,1.071118445434)
  );
#81 = CARTESIAN_POINT('',(-0.716134830622,2.732821446725,1.056316643341)
  );
#82 = CARTESIAN_POINT('',(-0.715232431322,2.729378709099,1.041438521069)
  );
#83 = CARTESIAN_POINT('',(-0.714407778256,2.726232836623,1.026491415448)
  );
#84 = CARTESIAN_POINT('',(-0.713661234356,2.723385298062,1.011482715797)
  );
#85 = CARTESIAN_POINT('',(-0.712325128173,2.718290015089,0.981360516563)
  );
#86 = CARTESIAN_POINT('',(-0.711735134322,2.716042232761,0.966247009026)
  );
#87 = CARTESIAN_POINT('',(-0.711226236913,2.714094538825,0.951086939371)
  );
#88 = CARTESIAN_POINT('',(-0.710789065913,2.712450509664,0.935887163983)
  );
#89 = CARTESIAN_POINT('',(-0.710443792327,2.711105757726,0.920656420144)
  );
#90 = CARTESIAN_POINT('',(-0.710161148252,2.710068628502,0.905400372177)
  );
#91 = CARTESIAN_POINT('',(-0.709972530979,2.709331346932,0.890128511716)
  );
#92 = CARTESIAN_POINT('',(-0.709828612481,2.708847918665,0.872889764114)
  );
#93 = CARTESIAN_POINT('',(-0.709813169198,2.708798140195,0.870933051456)
  );
#94 = CARTESIAN_POINT('',(-0.709798867092,2.708753385526,0.868976193272)
  );
#95 = CARTESIAN_POINT('',(-0.709785078605,2.708713819471,0.867019165284)
  );
#96 = CARTESIAN_POINT('',(-0.70977154862,2.708679509267,0.865061967438)
  );
#97 = CARTESIAN_POINT('',(-0.709758363856,2.708650432548,0.863104621549)
  );
#98 = CARTESIAN_POINT('',(-0.709744641463,2.708626820915,0.861147090911)
  );
#99 = CARTESIAN_POINT('',(-0.709717535881,2.708602211909,0.858309725575)
  );
#100 = CARTESIAN_POINT('',(-0.70969920343,2.708598269945,0.85743121956)
  );
#101 = CARTESIAN_POINT('',(-0.70968436538,2.70859448854,0.856553006315)
  );
#102 = CARTESIAN_POINT('',(-0.709677595464,2.708589664583,0.855674588547
    ));
#103 = CARTESIAN_POINT('',(-0.709674615238,2.708584916504,0.854795569193
    ));
#104 = CARTESIAN_POINT('',(-0.709662294083,2.708583684269,0.85391565142)
  );
#105 = CARTESIAN_POINT('',(-0.709618649205,2.708591729386,0.853034638623
    ));
#106 = CARTESIAN_POINT('',(-0.709409021934,2.708642065008,0.851286738673
    ));
#107 = CARTESIAN_POINT('',(-0.709175167725,2.708703115647,0.850611852203
    ));
#108 = CARTESIAN_POINT('',(-0.708552601998,2.708866275452,0.850120667825
    ));
#109 = CARTESIAN_POINT('',(-0.707447183613,2.709155092224,0.849795037908
    ));
#110 = CARTESIAN_POINT('',(-0.705929311301,2.709550672924,0.849605774388
    ));
#111 = CARTESIAN_POINT('',(-0.704233923663,2.709991683677,0.849512648768
    ));
#112 = CARTESIAN_POINT('',(-0.702760499168,2.71037434977,0.849464392115)
  );
#113 = CARTESIAN_POINT('',(-0.699377837176,2.711250745342,0.849141120343
    ));
#114 = CARTESIAN_POINT('',(-0.696680591977,2.711946365263,0.848897943293
    ));
#115 = CARTESIAN_POINT('',(-0.693981984777,2.712639141484,0.848662278242
    ));
#116 = CARTESIAN_POINT('',(-0.691282477149,2.713328953028,0.848429184821
    ));
#117 = CARTESIAN_POINT('',(-0.688582328026,2.71401573187,0.848195667964)
  );
#118 = CARTESIAN_POINT('',(-0.6858815937,2.71469946294,0.847960677905));
#119 = CARTESIAN_POINT('',(-0.683180127819,2.715380184123,0.847725110181
    ));
#120 = CARTESIAN_POINT('',(-0.66899394918,2.718938096041,0.846500450358)
  );
#121 = CARTESIAN_POINT('',(-0.657496319125,2.721764073642,0.845515272606
    ));
#122 = CARTESIAN_POINT('',(-0.645985387521,2.724535739854,0.844530009419
    ));
#123 = CARTESIAN_POINT('',(-0.634461457372,2.727253020822,0.84354459649)
  );
#124 = CARTESIAN_POINT('',(-0.622924761584,2.729915863239,0.842560075955
    ));
#125 = CARTESIAN_POINT('',(-0.611375614033,2.732524194657,0.841576210288
    ));
#126 = CARTESIAN_POINT('',(-0.599814388504,2.735077928945,0.840591802278
    ));
#127 = CARTESIAN_POINT('',(-0.504823245778,2.755590321963,0.832514511559
    ));
#128 = CARTESIAN_POINT('',(-0.420790760776,2.770764331096,0.825425921449
    ));
#129 = CARTESIAN_POINT('',(-0.336257112174,2.78307459243,0.818335307792)
  );
#130 = CARTESIAN_POINT('',(-0.251335538406,2.792502475679,0.811246749687
    ));
#131 = CARTESIAN_POINT('',(-0.166140098795,2.799034787906,0.804159870131
    ));
#132 = CARTESIAN_POINT('',(-8.078540853867E-02,2.802663776262,
    0.797072803166));
#133 = CARTESIAN_POINT('',(4.613782368067E-03,2.803387268615,
    0.7899878334));
#134 = CARTESIAN_POINT('',(0.1872556868,2.79872414213,0.774825693495));
#135 = CARTESIAN_POINT('',(0.28447840075,2.792464966134,0.76674905425));
#136 = CARTESIAN_POINT('',(0.381439310222,2.782436279767,0.758674668141)
  );
#137 = CARTESIAN_POINT('',(0.477968727046,2.76865249964,0.750602798477)
  );
#138 = CARTESIAN_POINT('',(0.573898508668,2.751137298214,0.742533662641)
  );
#139 = CARTESIAN_POINT('',(0.669062227054,2.729923547722,0.734467473777)
  );
#140 = CARTESIAN_POINT('',(0.763295337605,2.705053264089,0.726404482487)
  );
#141 = CARTESIAN_POINT('',(0.942140331017,2.650374949992,0.710928912168)
  );
#142 = CARTESIAN_POINT('',(1.026920836812,2.621119245098,0.70351570008)
  );
#143 = CARTESIAN_POINT('',(1.110650413657,2.588850272489,0.696105628433)
  );
#144 = CARTESIAN_POINT('',(1.193205384472,2.553613984784,0.688698888505)
  );
#145 = CARTESIAN_POINT('',(1.274464936853,2.515462375751,0.681295646048)
  );
#146 = CARTESIAN_POINT('',(1.354311213037,2.474453405168,0.673896070653)
  );
#147 = CARTESIAN_POINT('',(1.432629399859,2.430650923678,0.66650036512)
  );
#148 = CARTESIAN_POINT('',(1.58599639691,2.337592107224,0.651716245209)
  );
#149 = CARTESIAN_POINT('',(1.661045602776,2.28833454681,0.644327751883)
  );
#150 = CARTESIAN_POINT('',(1.734343758511,2.236421647905,0.636943577281)
  );
#151 = CARTESIAN_POINT('',(1.8057834304,2.181928283118,0.629563940056));
#152 = CARTESIAN_POINT('',(1.875261488455,2.124934362818,0.622189042569)
  );
#153 = CARTESIAN_POINT('',(1.94267916607,2.065524731771,0.614819098371)
  );
#154 = CARTESIAN_POINT('',(2.007942119665,2.003789065784,0.607454359686)
  );
#155 = CARTESIAN_POINT('',(2.150285729213,1.859302050279,0.590831631749)
  );
#156 = CARTESIAN_POINT('',(2.22605596507,1.775244721514,0.581576690172)
  );
#157 = CARTESIAN_POINT('',(2.29809159574,1.687838688276,0.572331005011)
  );
#158 = CARTESIAN_POINT('',(2.366226771382,1.597282128037,0.56309513489)
  );
#159 = CARTESIAN_POINT('',(2.430309461945,1.503782098425,0.553869582124)
  );
#160 = CARTESIAN_POINT('',(2.490201526643,1.407554146122,0.544654862628)
  );
#161 = CARTESIAN_POINT('',(2.545778783426,1.308821915777,0.535451575831)
  );
#162 = CARTESIAN_POINT('',(2.663051796425,1.077255002339,0.51437983047)
  );
#163 = CARTESIAN_POINT('',(2.721782598769,0.942888604179,0.502518917296)
  );
#164 = CARTESIAN_POINT('',(2.772883442681,0.805219728186,0.490679583042)
  );
#165 = CARTESIAN_POINT('',(2.816161638255,0.664761397153,0.478863050497)
  );
#166 = CARTESIAN_POINT('',(2.851468333146,0.52203518703,0.467070133129)
  );
#167 = CARTESIAN_POINT('',(2.878697085776,0.3775695694,0.455301476092));
#168 = CARTESIAN_POINT('',(2.897784527057,0.231898902293,0.443557822362)
  );
#169 = CARTESIAN_POINT('',(2.909117925946,8.014251490912E-02,
    0.4314062651));
#170 = CARTESIAN_POINT('',(2.909511547061,7.472103975142E-02,
    0.430972261409));
#171 = CARTESIAN_POINT('',(2.909893973085,6.929867088995E-02,
    0.430538292968));
#172 = CARTESIAN_POINT('',(2.910265203183,6.38754353286E-02,
    0.430104359801));
#173 = CARTESIAN_POINT('',(2.910625236604,5.845136006596E-02,
    0.429670461931));
#174 = CARTESIAN_POINT('',(2.910974072677,5.302647209524E-02,
    0.429236599384));
#175 = CARTESIAN_POINT('',(2.911311710815,4.760079840437E-02,
    0.428802772182));
#176 = CARTESIAN_POINT('',(2.911955149026,3.690487512794E-02,
    0.427947734507));
#177 = CARTESIAN_POINT('',(2.912261588758,3.163463660411E-02,
    0.427526519451));
#178 = CARTESIAN_POINT('',(2.912557462665,2.63638423004E-02,
    0.427105348537));
#179 = CARTESIAN_POINT('',(2.9128427835,2.109218120499E-02,
    0.426684195007));
#180 = CARTESIAN_POINT('',(2.913117541151,1.581993211475E-02,
    0.42626307915));
#181 = CARTESIAN_POINT('',(2.913381729164,1.05472748664E-02,
    0.425842013366));
#182 = CARTESIAN_POINT('',(2.913635366114,5.273746102668E-03,
    0.425420958742));
#183 = CARTESIAN_POINT('',(2.913878437493,-2.344063759696E-07,
    0.42499994681));
#184 = PCURVE('',#185,#753);
#185 = ( BOUNDED_SURFACE() B_SPLINE_SURFACE(6,10,(
    (#186,#187,#188,#189,#190,#191,#192,#193,#194,#195,#196,#197,#198
      ,#199,#200,#201,#202,#203,#204,#205,#206,#207,#208,#209,#210,#211
      ,#212,#213,#214,#215,#216,#217,#218,#219,#220,#221,#222,#223,#224
      ,#225,#226,#227,#228,#229,#230,#231,#232,#233,#234,#235,#236,#237
      ,#238,#239,#240,#241,#242,#243,#244,#245,#246,#247,#248,#249,#250
      ,#251,#252,#253,#254,#255,#256,#257,#258,#259,#260,#261,#262,#263
      ,#264,#265,#266)
    ,(#267,#268,#269,#270,#271,#272,#273,#274,#275,#276,#277,#278,#279
      ,#280,#281,#282,#283,#284,#285,#286,#287,#288,#289,#290,#291,#292
      ,#293,#294,#295,#296,#297,#298,#299,#300,#301,#302,#303,#304,#305
      ,#306,#307,#308,#309,#310,#311,#312,#313,#314,#315,#316,#317,#318
      ,#319,#320,#321,#322,#323,#324,#325,#326,#327,#328,#329,#330,#331
      ,#332,#333,#334,#335,#336,#337,#338,#339,#340,#341,#342,#343,#344
      ,#345,#346,#347)
    ,(#348,#349,#350,#351,#352,#353,#354,#355,#356,#357,#358,#359,#360
      ,#361,#362,#363,#364,#365,#366,#367,#368,#369,#370,#371,#372,#373
      ,#374,#375,#376,#377,#378,#379,#380,#381,#382,#383,#384,#385,#386
      ,#387,#388,#389,#390,#391,#392,#393,#394,#395,#396,#397,#398,#399
      ,#400,#401,#402,#403,#404,#405,#406,#407,#408,#409,#410,#411,#412
      ,#413,#414,#415,#416,#417,#418,#419,#420,#421,#422,#423,#424,#425
      ,#426,#427,#428)
    ,(#429,#430,#431,#432,#433,#434,#435,#436,#437,#438,#439,#440,#441
      ,#442,#443,#444,#445,#446,#447,#448,#449,#450,#451,#452,#453,#454
      ,#455,#456,#457,#458,#459,#460,#461,#462,#463,#464,#465,#466,#467
      ,#468,#469,#470,#471,#472,#473,#474,#475,#476,#477,#478,#479,#480
      ,#481,#482,#483,#484,#485,#486,#487,#488,#489,#490,#491,#492,#493
      ,#494,#495,#496,#497,#498,#499,#500,#501,#502,#503,#504,#505,#506
      ,#507,#508,#509)
    ,(#510,#511,#512,#513,#514,#515,#516,#517,#518,#519,#520,#521,#522
      ,#523,#524,#525,#526,#527,#528,#529,#530,#531,#532,#533,#534,#535
      ,#536,#537,#538,#539,#540,#541,#542,#543,#544,#545,#546,#547,#548
      ,#549,#550,#551,#552,#553,#554,#555,#556,#557,#558,#559,#560,#561
      ,#562,#563,#564,#565,#566,#567,#568,#569,#570,#571,#572,#573,#574
      ,#575,#576,#577,#578,#579,#580,#581,#582,#583,#584,#585,#586,#587
      ,#588,#589,#590)
    ,(#591,#592,#593,#594,#595,#596,#597,#598,#599,#600,#601,#602,#603
      ,#604,#605,#606,#607,#608,#609,#610,#611,#612,#613,#614,#615,#616
      ,#617,#618,#619,#620,#621,#622,#623,#624,#625,#626,#627,#628,#629
      ,#630,#631,#632,#633,#634,#635,#636,#637,#638,#639,#640,#641,#642
      ,#643,#644,#645,#646,#647,#648,#649,#650,#651,#652,#653,#654,#655
      ,#656,#657,#658,#659,#660,#661,#662,#663,#664,#665,#666,#667,#668
      ,#669,#670,#671)
    ,(#672,#673,#674,#675,#676,#677,#678,#679,#680,#681,#682,#683,#684
      ,#685,#686,#687,#688,#689,#690,#691,#692,#693,#694,#695,#696,#697
      ,#698,#699,#700,#701,#702,#703,#704,#705,#706,#707,#708,#709,#710
      ,#711,#712,#713,#714,#715,#716,#717,#718,#719,#720,#721,#722,#723
      ,#724,#725,#726,#727,#728,#729,#730,#731,#732,#733,#734,#735,#736
      ,#737,#738,#739,#740,#741,#742,#743,#744,#745,#746,#747,#748,#749
      ,#750,#751,#752
)),.UNSPECIFIED.,.T.,.F.,.F.) B_SPLINE_SURFACE_WITH_KNOTS((1,6,6,1),(11,
    10,10,10,10,10,10,10,11),(-6.28318530718,0.,6.28318530718,
    12.566370614359),(0.,5.630501675839,11.261003351678,16.891505027517,
    22.522006703356,28.152508379195,33.783010055034,39.413511730874,
45.044013406713),.UNSPECIFIED.) GEOMETRIC_REPRESENTATION_ITEM() 
RATIONAL_B_SPLINE_SURFACE((
    (1.669078461068,1.669078461068,1.669078461068,1.669078461069
      ,1.669078461067,1.669078461069,1.669078461067,1.669078461069
      ,1.669078461068,1.669078461068,1.669078461068,1.669078461068
      ,1.669078461068,1.669078461068,1.669078461069,1.669078461067
      ,1.669078461069,1.669078461068,1.669078461068,1.669078461068
      ,1.669078461068,1.669078461068,1.669078461068,1.669078461068
      ,1.669078461068,1.669078461068,1.669078461068,1.669078461068
      ,1.669078461068,1.669078461068,1.669078461068,1.669078461068
      ,1.669078461068,1.669078461068,1.669078461068,1.669078461069
      ,1.669078461068,1.669078461068,1.669078461068,1.669078461068
      ,1.669078461068,1.669078461068,1.669078461069,1.669078461068
      ,1.669078461069,1.669078461067,1.669078461069,1.669078461068
      ,1.669078461068,1.669078461068,1.669078461068,1.669078461068
      ,1.669078461068,1.669078461069,1.669078461068,1.669078461069
      ,1.669078461068,1.669078461069,1.669078461068,1.669078461068
      ,1.669078461068,1.669078461068,1.669078461068,1.669078461069
      ,1.669078461068,1.669078461069,1.669078461068,1.669078461069
      ,1.669078461068,1.669078461068,1.669078461068,1.669078461068
      ,1.669078461068,1.669078461068,1.669078461069,1.669078461068
      ,1.669078461069,1.669078461068,1.669078461068,1.669078461068
      ,1.669078461068)
    ,(1.03672962321,1.03672962321,1.036729623209,1.03672962321
      ,1.036729623209,1.03672962321,1.036729623209,1.03672962321
      ,1.036729623209,1.03672962321,1.03672962321,1.03672962321
      ,1.03672962321,1.036729623209,1.03672962321,1.036729623209
      ,1.03672962321,1.036729623209,1.03672962321,1.03672962321
      ,1.03672962321,1.03672962321,1.03672962321,1.03672962321
      ,1.03672962321,1.03672962321,1.03672962321,1.03672962321
      ,1.03672962321,1.03672962321,1.03672962321,1.03672962321
      ,1.03672962321,1.03672962321,1.036729623209,1.03672962321
      ,1.036729623209,1.03672962321,1.03672962321,1.03672962321
      ,1.03672962321,1.03672962321,1.03672962321,1.036729623209
      ,1.03672962321,1.036729623209,1.03672962321,1.036729623209
      ,1.03672962321,1.03672962321,1.03672962321,1.03672962321
      ,1.03672962321,1.03672962321,1.036729623209,1.03672962321
      ,1.036729623209,1.03672962321,1.03672962321,1.03672962321
      ,1.03672962321,1.03672962321,1.036729623209,1.03672962321
      ,1.036729623209,1.03672962321,1.036729623209,1.03672962321
      ,1.03672962321,1.03672962321,1.03672962321,1.03672962321
      ,1.03672962321,1.036729623209,1.03672962321,1.036729623209
      ,1.03672962321,1.036729623209,1.03672962321,1.03672962321
      ,1.03672962321)
    ,(1.038346699848,1.038346699848,1.038346699847,1.038346699848
      ,1.038346699847,1.038346699848,1.038346699847,1.038346699848
      ,1.038346699847,1.038346699848,1.038346699848,1.038346699847
      ,1.038346699848,1.038346699847,1.038346699848,1.038346699847
      ,1.038346699848,1.038346699847,1.038346699848,1.038346699847
      ,1.038346699848,1.038346699847,1.038346699848,1.038346699847
      ,1.038346699848,1.038346699847,1.038346699848,1.038346699847
      ,1.038346699848,1.038346699847,1.038346699848,1.038346699848
      ,1.038346699847,1.038346699848,1.038346699847,1.038346699848
      ,1.038346699847,1.038346699848,1.038346699847,1.038346699848
      ,1.038346699848,1.038346699847,1.038346699848,1.038346699847
      ,1.038346699848,1.038346699847,1.038346699848,1.038346699847
      ,1.038346699848,1.038346699848,1.038346699848,1.038346699848
      ,1.038346699847,1.038346699848,1.038346699847,1.038346699848
      ,1.038346699847,1.038346699848,1.038346699847,1.038346699848
      ,1.038346699848,1.038346699848,1.038346699847,1.038346699848
      ,1.038346699847,1.038346699848,1.038346699847,1.038346699848
      ,1.038346699847,1.038346699848,1.038346699848,1.038346699847
      ,1.038346699848,1.038346699847,1.038346699848,1.038346699847
      ,1.038346699848,1.038346699847,1.038346699848,1.038346699848
      ,1.038346699848)
    ,(0.853534330196,0.853534330196,0.853534330196,0.853534330196
      ,0.853534330196,0.853534330197,0.853534330196,0.853534330196
      ,0.853534330196,0.853534330196,0.853534330196,0.853534330196
      ,0.853534330196,0.853534330196,0.853534330197,0.853534330196
      ,0.853534330196,0.853534330196,0.853534330196,0.853534330196
      ,0.853534330196,0.853534330196,0.853534330196,0.853534330196
      ,0.853534330196,0.853534330196,0.853534330196,0.853534330196
      ,0.853534330196,0.853534330196,0.853534330196,0.853534330196
      ,0.853534330196,0.853534330196,0.853534330196,0.853534330196
      ,0.853534330196,0.853534330196,0.853534330196,0.853534330196
      ,0.853534330196,0.853534330196,0.853534330196,0.853534330196
      ,0.853534330197,0.853534330196,0.853534330196,0.853534330196
      ,0.853534330196,0.853534330196,0.853534330196,0.853534330196
      ,0.853534330196,0.853534330196,0.853534330196,0.853534330196
      ,0.853534330196,0.853534330196,0.853534330196,0.853534330196
      ,0.853534330196,0.853534330196,0.853534330196,0.853534330197
      ,0.853534330196,0.853534330197,0.853534330196,0.853534330196
      ,0.853534330196,0.853534330196,0.853534330196,0.853534330196
      ,0.853534330196,0.853534330196,0.853534330196,0.853534330196
      ,0.853534330196,0.853534330196,0.853534330196,0.853534330196
      ,0.853534330196)
    ,(1.038346699848,1.038346699848,1.038346699847,1.038346699848
      ,1.038346699847,1.038346699848,1.038346699847,1.038346699848
      ,1.038346699847,1.038346699848,1.038346699848,1.038346699847
      ,1.038346699848,1.038346699847,1.038346699848,1.038346699847
      ,1.038346699848,1.038346699847,1.038346699848,1.038346699847
      ,1.038346699848,1.038346699847,1.038346699848,1.038346699847
      ,1.038346699848,1.038346699847,1.038346699848,1.038346699847
      ,1.038346699848,1.038346699847,1.038346699848,1.038346699848
      ,1.038346699847,1.038346699848,1.038346699847,1.038346699848
      ,1.038346699847,1.038346699848,1.038346699847,1.038346699848
      ,1.038346699848,1.038346699847,1.038346699848,1.038346699847
      ,1.038346699848,1.038346699847,1.038346699848,1.038346699847
      ,1.038346699848,1.038346699848,1.038346699848,1.038346699848
      ,1.038346699847,1.038346699848,1.038346699847,1.038346699848
      ,1.038346699847,1.038346699848,1.038346699847,1.038346699848
      ,1.038346699848,1.038346699848,1.038346699847,1.038346699848
      ,1.038346699847,1.038346699848,1.038346699847,1.038346699848
      ,1.038346699847,1.038346699848,1.038346699848,1.038346699847
      ,1.038346699848,1.038346699847,1.038346699848,1.038346699847
      ,1.038346699848,1.038346699847,1.038346699848,1.038346699848
      ,1.038346699848)
    ,(1.03672962321,1.03672962321,1.036729623209,1.03672962321
      ,1.036729623209,1.03672962321,1.036729623209,1.03672962321
      ,1.03672962321,1.03672962321,1.03672962321,1.03672962321
      ,1.03672962321,1.036729623209,1.03672962321,1.036729623209
      ,1.03672962321,1.036729623209,1.03672962321,1.03672962321
      ,1.03672962321,1.03672962321,1.03672962321,1.036729623209
      ,1.03672962321,1.036729623209,1.03672962321,1.036729623209
      ,1.03672962321,1.03672962321,1.03672962321,1.03672962321
      ,1.03672962321,1.03672962321,1.036729623209,1.03672962321
      ,1.03672962321,1.03672962321,1.03672962321,1.03672962321
      ,1.03672962321,1.03672962321,1.03672962321,1.036729623209
      ,1.03672962321,1.036729623209,1.03672962321,1.036729623209
      ,1.03672962321,1.03672962321,1.03672962321,1.03672962321
      ,1.03672962321,1.03672962321,1.036729623209,1.03672962321
      ,1.036729623209,1.03672962321,1.03672962321,1.03672962321
      ,1.03672962321,1.03672962321,1.036729623209,1.03672962321
      ,1.036729623209,1.03672962321,1.036729623209,1.03672962321
      ,1.03672962321,1.03672962321,1.03672962321,1.03672962321
      ,1.03672962321,1.036729623209,1.03672962321,1.036729623209
      ,1.03672962321,1.036729623209,1.03672962321,1.03672962321
      ,1.03672962321)
    ,(1.669078461068,1.669078461068,1.669078461068,1.669078461069
      ,1.669078461067,1.669078461069,1.669078461067,1.669078461069
      ,1.669078461068,1.669078461068,1.669078461068,1.669078461068
      ,1.669078461068,1.669078461068,1.669078461069,1.669078461067
      ,1.669078461069,1.669078461068,1.669078461068,1.669078461068
      ,1.669078461068,1.669078461068,1.669078461068,1.669078461068
      ,1.669078461068,1.669078461068,1.669078461068,1.669078461068
      ,1.669078461068,1.669078461068,1.669078461068,1.669078461068
      ,1.669078461068,1.669078461068,1.669078461068,1.669078461069
      ,1.669078461068,1.669078461068,1.669078461068,1.669078461068
      ,1.669078461068,1.669078461068,1.669078461069,1.669078461068
      ,1.669078461069,1.669078461067,1.669078461069,1.669078461068
      ,1.669078461068,1.669078461068,1.669078461068,1.669078461068
      ,1.669078461068,1.669078461069,1.669078461068,1.669078461069
      ,1.669078461068,1.669078461069,1.669078461068,1.669078461068
      ,1.669078461068,1.669078461068,1.669078461068,1.669078461069
      ,1.669078461068,1.669078461069,1.669078461068,1.669078461069
      ,1.669078461068,1.669078461068,1.669078461068,1.669078461068
      ,1.669078461068,1.669078461068,1.669078461069,1.669078461068
      ,1.669078461069,1.669078461068,1.669078461068,1.669078461068
,1.669078461068))) REPRESENTATION_ITEM('') SURFACE() );
#186 = CARTESIAN_POINT('',(4.5,-9.992007221626E-16,0.));
#187 = CARTESIAN_POINT('',(4.499999951139,2.297277981593,0.237516627833)
  );
#188 = CARTESIAN_POINT('',(3.197068819098,4.59481246883,0.474958005495)
  );
#189 = CARTESIAN_POINT('',(0.589645107957,6.059118307374,0.712575931887)
  );
#190 = CARTESIAN_POINT('',(-2.708414947482,5.866379023573,0.949935563896
    ));
#191 = CARTESIAN_POINT('',(-5.508039675794,3.680353269608,1.187514991773
    ));
#192 = CARTESIAN_POINT('',(-6.456291182571,0.257285699237,1.425044386625
    ));
#193 = CARTESIAN_POINT('',(-5.372250104421,-2.863485934629,
    1.662448032737));
#194 = CARTESIAN_POINT('',(-3.021587037883,-4.712063873159,
    1.900032115819));
#195 = CARTESIAN_POINT('',(-0.400334215135,-5.036588470535,
    2.137495940202));
#196 = CARTESIAN_POINT('',(1.722075445643,-4.157457896301,2.374999999999
    ));
#197 = CARTESIAN_POINT('',(3.844483534627,-3.278327628067,2.612516627836
    ));
#198 = CARTESIAN_POINT('',(5.468518464879,-1.195347839347,2.849958005489
    ));
#199 = CARTESIAN_POINT('',(5.823542803039,1.773963144285,3.087575931896)
  );
#200 = CARTESIAN_POINT('',(4.38336198146,4.747215195819,3.324935563887)
  );
#201 = CARTESIAN_POINT('',(1.292367529463,6.49717534226,3.562514991779)
  );
#202 = CARTESIAN_POINT('',(-2.233014678556,6.063294253989,3.800044386622
    ));
#203 = CARTESIAN_POINT('',(-4.701387156127,3.867503289015,4.037448032738
    ));
#204 = CARTESIAN_POINT('',(-5.509690667142,0.988353643497,4.275032115819
    ));
#205 = CARTESIAN_POINT('',(-4.806402273151,-1.557558375787,
    4.512495940202));
#206 = CARTESIAN_POINT('',(-3.181980515339,-3.18198051534,4.749999999998
    ));
#207 = CARTESIAN_POINT('',(-1.557559641735,-4.806401319844,
    4.987516627836));
#208 = CARTESIAN_POINT('',(0.988354013087,-5.509692096894,5.224958005492
    ));
#209 = CARTESIAN_POINT('',(3.867501588826,-4.701385697487,5.462575931886
    ));
#210 = CARTESIAN_POINT('',(6.063294964209,-2.233017812947,5.699935563906
    ));
#211 = CARTESIAN_POINT('',(6.497174959901,1.292369451698,5.937514991753)
  );
#212 = CARTESIAN_POINT('',(4.747215739145,4.383358813876,6.175044386652)
  );
#213 = CARTESIAN_POINT('',(1.773964156855,5.823544801276,6.412448032711)
  );
#214 = CARTESIAN_POINT('',(-1.19534763366,5.468517002527,6.650032115839)
  );
#215 = CARTESIAN_POINT('',(-3.278326823299,3.844484899824,6.88749594019)
  );
#216 = CARTESIAN_POINT('',(-4.157457896301,1.722075445643,7.125000000004
    ));
#217 = CARTESIAN_POINT('',(-5.036588074253,-0.400332680739,
    7.362516627821));
#218 = CARTESIAN_POINT('',(-4.712065052638,-3.021587926477,
    7.599958005515));
#219 = CARTESIAN_POINT('',(-2.863485237662,-5.372247975459,
    7.837575931865));
#220 = CARTESIAN_POINT('',(0.257283075233,-6.456293038204,8.074935563911
    ));
#221 = CARTESIAN_POINT('',(3.680354899199,-5.508038586932,8.31251499177)
  );
#222 = CARTESIAN_POINT('',(5.866376305021,-2.708416661636,8.550044386619
    ));
#223 = CARTESIAN_POINT('',(6.059120541006,0.589644937161,8.787448032746)
  );
#224 = CARTESIAN_POINT('',(4.594811196501,3.197068069447,9.025032115812)
  );
#225 = CARTESIAN_POINT('',(2.297279550844,4.499999730069,9.262495940205)
  );
#226 = CARTESIAN_POINT('',(-1.520502473928E-13,4.5,9.499999999999));
#227 = CARTESIAN_POINT('',(-2.297277981593,4.49999995114,9.737516627837)
  );
#228 = CARTESIAN_POINT('',(-4.594812468829,3.197068819095,9.974958005488
    ));
#229 = CARTESIAN_POINT('',(-6.059118307378,0.589645107961,
    10.212575931893));
#230 = CARTESIAN_POINT('',(-5.866379023567,-2.708414947484,
    10.449935563901));
#231 = CARTESIAN_POINT('',(-3.680353269611,-5.508039675794,
    10.68751499175));
#232 = CARTESIAN_POINT('',(-0.257285699238,-6.456291182571,
    10.925044386664));
#233 = CARTESIAN_POINT('',(2.863485934631,-5.372250104419,
    11.162448032694));
#234 = CARTESIAN_POINT('',(4.712063873158,-3.021587037886,
    11.400032115853));
#235 = CARTESIAN_POINT('',(5.036588470535,-0.400334215133,
    11.637495940182));
#236 = CARTESIAN_POINT('',(4.157457896301,1.722075445642,11.875000000007
    ));
#237 = CARTESIAN_POINT('',(3.278327628066,3.84448353463,12.11251662781)
  );
#238 = CARTESIAN_POINT('',(1.195347839348,5.468518464873,12.349958005539
    ));
#239 = CARTESIAN_POINT('',(-1.773963144281,5.823542803045,
    12.587575931828));
#240 = CARTESIAN_POINT('',(-4.747215195829,4.383361981458,
    12.824935563959));
#241 = CARTESIAN_POINT('',(-6.497175342245,1.29236752946,13.062514991717
    ));
#242 = CARTESIAN_POINT('',(-6.063294254002,-2.23301467855,13.30004438667
    ));
#243 = CARTESIAN_POINT('',(-3.867503289008,-4.701387156132,
    13.537448032702));
#244 = CARTESIAN_POINT('',(-0.9883536435,-5.50969066714,13.775032115845)
  );
#245 = CARTESIAN_POINT('',(1.557558375789,-4.806402273151,
    14.012495940183));
#246 = CARTESIAN_POINT('',(3.181980515339,-3.18198051534,14.25000000001)
  );
#247 = CARTESIAN_POINT('',(4.806401319848,-1.557559641732,
    14.487516627803));
#248 = CARTESIAN_POINT('',(5.509692096886,0.988354013083,14.724958005548
    ));
#249 = CARTESIAN_POINT('',(4.701385697499,3.867501588827,14.962575931818
    ));
#250 = CARTESIAN_POINT('',(2.233017812934,6.063294964215,15.199935563968
    ));
#251 = CARTESIAN_POINT('',(-1.292369451689,6.49717495989,15.437514991707
    ));
#252 = CARTESIAN_POINT('',(-4.383358813878,4.747215739156,
    15.675044386682));
#253 = CARTESIAN_POINT('',(-5.823544801277,1.773964156849,15.91244803269
    ));
#254 = CARTESIAN_POINT('',(-5.468517002526,-1.195347633658,
    16.150032115855));
#255 = CARTESIAN_POINT('',(-3.844484899823,-3.2783268233,16.387495940177
    ));
#256 = CARTESIAN_POINT('',(-1.722075445644,-4.1574578963,16.625000000014
    ));
#257 = CARTESIAN_POINT('',(0.400332680741,-5.036588127141,
    16.862516212867));
#258 = CARTESIAN_POINT('',(3.021587926478,-4.712064825932,
    17.099959784185));
#259 = CARTESIAN_POINT('',(5.372247975451,-2.863485823151,
    17.337571338319));
#260 = CARTESIAN_POINT('',(6.456293038227,0.257284183897,17.574944262137
    ));
#261 = CARTESIAN_POINT('',(5.508038586893,3.680353252802,17.812502074634
    ));
#262 = CARTESIAN_POINT('',(2.708416661685,5.86637828069,18.050059887154)
  );
#263 = CARTESIAN_POINT('',(-0.589644937207,6.059118600866,
    18.287432810946));
#264 = CARTESIAN_POINT('',(-3.197068069413,4.594812757772,
    18.525044365104));
#265 = CARTESIAN_POINT('',(-4.49999973009,2.297278530695,18.762487936406
    ));
#266 = CARTESIAN_POINT('',(-4.49999999999,5.288575176399E-07,
    19.000004149266));
#267 = CARTESIAN_POINT('',(4.5,-1.110223024625E-15,1.412311614235));
#268 = CARTESIAN_POINT('',(4.49997274887,2.297276858797,1.649828242066)
  );
#269 = CARTESIAN_POINT('',(3.197138427115,4.594815346828,1.887269619636)
  );
#270 = CARTESIAN_POINT('',(0.58951609572,6.059079751801,2.1248875465));
#271 = CARTESIAN_POINT('',(-2.70826532628,5.866457469813,2.362247177246)
  );
#272 = CARTESIAN_POINT('',(-5.508144531753,3.680219329366,2.599826607316
    ));
#273 = CARTESIAN_POINT('',(-6.45624176465,0.257429762484,2.837355999534)
  );
#274 = CARTESIAN_POINT('',(-5.372245435416,-2.863592127449,
    3.074759647869));
#275 = CARTESIAN_POINT('',(-3.02159564335,-4.712010046751,3.312343729659
    ));
#276 = CARTESIAN_POINT('',(-0.400330007957,-5.036594029173,3.54980755452
    ));
#277 = CARTESIAN_POINT('',(1.722075445644,-4.157457896302,3.787311614234
    ));
#278 = CARTESIAN_POINT('',(3.84447208744,-3.278302926117,4.02482824207)
  );
#279 = CARTESIAN_POINT('',(5.468547761638,-1.195411047418,4.26226961963)
  );
#280 = CARTESIAN_POINT('',(5.823457811493,1.774067581486,4.499887546508)
  );
#281 = CARTESIAN_POINT('',(4.383491713881,4.747106983916,4.737247177239)
  );
#282 = CARTESIAN_POINT('',(1.292203658189,6.49722095983,4.974826607321)
  );
#283 = CARTESIAN_POINT('',(-2.23286267006,6.063303728403,5.212355999532)
  );
#284 = CARTESIAN_POINT('',(-4.701483478745,3.867458337178,5.449759647869
    ));
#285 = CARTESIAN_POINT('',(-5.509644231196,0.98838219239,5.687343729659)
  );
#286 = CARTESIAN_POINT('',(-4.806405798646,-1.557564389912,5.92480755452
    ));
#287 = CARTESIAN_POINT('',(-3.181980515341,-3.181980515342,
    6.162311614234));
#288 = CARTESIAN_POINT('',(-1.557541200758,-4.806381290994,6.39982824207
    ));
#289 = CARTESIAN_POINT('',(0.988306827831,-5.509743352255,6.637269619632
    ));
#290 = CARTESIAN_POINT('',(3.867565551353,-4.701267209144,6.874887546499
    ));
#291 = CARTESIAN_POINT('',(6.063244635914,-2.233179080988,7.112247177256
    ));
#292 = CARTESIAN_POINT('',(6.497154394188,1.292538306118,7.349826607296)
  );
#293 = CARTESIAN_POINT('',(4.747282663531,4.383222002019,7.58735599956)
  );
#294 = CARTESIAN_POINT('',(1.773885765668,5.823616589468,7.824759647843)
  );
#295 = CARTESIAN_POINT('',(-1.195303487628,5.468485026481,8.062343729679
    ));
#296 = CARTESIAN_POINT('',(-3.278333728791,3.844485855458,8.299807554508
    ));
#297 = CARTESIAN_POINT('',(-4.157457896295,1.722075445641,8.537311614239
    ));
#298 = CARTESIAN_POINT('',(-5.036562512976,-0.40034205326,8.774828242055
    ));
#299 = CARTESIAN_POINT('',(-4.71213046339,-3.021563947591,9.012269619655
    ));
#300 = CARTESIAN_POINT('',(-2.863351291352,-5.372261725554,
    9.249887546479));
#301 = CARTESIAN_POINT('',(0.257114823209,-6.456308255583,9.48724717726)
  );
#302 = CARTESIAN_POINT('',(3.680503030187,-5.507954968879,9.724826607314
    ));
#303 = CARTESIAN_POINT('',(5.866275518184,-2.708530847315,9.962355999527
    ));
#304 = CARTESIAN_POINT('',(6.059156865652,0.589744833277,10.199759647878
    ));
#305 = CARTESIAN_POINT('',(4.594798548438,3.197015047173,10.437343729653
    ));
#306 = CARTESIAN_POINT('',(2.297277791117,4.500006475593,10.674807554522
    ));
#307 = CARTESIAN_POINT('',(-6.565407939529E-14,4.500000000002,
    10.912311614234));
#308 = CARTESIAN_POINT('',(-2.297276858796,4.499972748863,11.14982824207
    ));
#309 = CARTESIAN_POINT('',(-4.594815346831,3.197138427128,
    11.387269619628));
#310 = CARTESIAN_POINT('',(-6.059079751796,0.589516095706,
    11.624887546506));
#311 = CARTESIAN_POINT('',(-5.866457469829,-2.708265326277,
    11.86224717725));
#312 = CARTESIAN_POINT('',(-3.680219329329,-5.508144531737,
    12.099826607294));
#313 = CARTESIAN_POINT('',(-0.257429762545,-6.456241764682,
    12.337355999572));
#314 = CARTESIAN_POINT('',(2.863592127518,-5.372245435381,
    12.574759647826));
#315 = CARTESIAN_POINT('',(4.712010046698,-3.021595643376,
    12.812343729693));
#316 = CARTESIAN_POINT('',(5.036594029203,-0.400330007943,13.0498075545)
  );
#317 = CARTESIAN_POINT('',(4.157457896291,1.722075445637,13.287311614243
    ));
#318 = CARTESIAN_POINT('',(3.278302926158,3.844472087456,13.524828242043
    ));
#319 = CARTESIAN_POINT('',(1.195411047328,5.468547761629,13.762269619679
    ));
#320 = CARTESIAN_POINT('',(-1.774067581348,5.82345781146,13.999887546441
    ));
#321 = CARTESIAN_POINT('',(-4.747106984064,4.383491713976,
    14.237247177308));
#322 = CARTESIAN_POINT('',(-6.497220959722,1.292203658059,
    14.474826607261));
#323 = CARTESIAN_POINT('',(-6.063303728453,-2.232862669943,
    14.712355999578));
#324 = CARTESIAN_POINT('',(-3.86745833716,-4.70148347882,14.949759647834
    ));
#325 = CARTESIAN_POINT('',(-0.988382192406,-5.509644231157,
    15.187343729685));
#326 = CARTESIAN_POINT('',(1.557564389932,-4.806405798666,
    15.424807554501));
#327 = CARTESIAN_POINT('',(3.181980515326,-3.181980515329,
    15.662311614246));
#328 = CARTESIAN_POINT('',(4.806381291034,-1.557541200799,
    15.899828242037));
#329 = CARTESIAN_POINT('',(5.5097433522,0.988306827927,16.137269619688)
  );
#330 = CARTESIAN_POINT('',(4.701267209173,3.867565551191,16.374887546431
    ));
#331 = CARTESIAN_POINT('',(2.233179081021,6.063244636105,16.612247177319
    ));
#332 = CARTESIAN_POINT('',(-1.292538306203,6.497154394036,16.84982660725
    ));
#333 = CARTESIAN_POINT('',(-4.383222001928,4.747282663609,
    17.087355999591));
#334 = CARTESIAN_POINT('',(-5.823616589528,1.773885765641,
    17.324759647822));
#335 = CARTESIAN_POINT('',(-5.468485026456,-1.195303487613,
    17.562343729696));
#336 = CARTESIAN_POINT('',(-3.844485855466,-3.278333728809,
    17.799807554494));
#337 = CARTESIAN_POINT('',(-1.722075445637,-4.157457896278,
    18.03731161425));
#338 = CARTESIAN_POINT('',(0.400341363823,-5.036562565908,
    18.274827827102));
#339 = CARTESIAN_POINT('',(3.021566902909,-4.712130236615,
    18.512271398318));
#340 = CARTESIAN_POINT('',(5.372254093158,-2.863351876903,
    18.749882952952));
#341 = CARTESIAN_POINT('',(6.45632270813,0.257115931885,18.98725587545)
  );
#342 = CARTESIAN_POINT('',(5.507933506416,3.680501383844,19.224813690231
    ));
#343 = CARTESIAN_POINT('',(2.708556602185,5.86627749377,19.462371499998)
  );
#344 = CARTESIAN_POINT('',(-0.589770124989,6.059154925575,
    19.699744426141));
#345 = CARTESIAN_POINT('',(-3.196994694424,4.594800109681,
    19.937355978894));
#346 = CARTESIAN_POINT('',(-4.500019774267,2.297276770974,
    20.174799550756));
#347 = CARTESIAN_POINT('',(-4.499993105805,5.288570707473E-07,
    20.412315763485));
#348 = CARTESIAN_POINT('',(2.753634038034,-2.6645352591E-15,
    1.615095525759));
#349 = CARTESIAN_POINT('',(2.753602981508,1.405765423113,1.852577990906)
  );
#350 = CARTESIAN_POINT('',(1.956436970001,2.811580770116,2.09013981088)
  );
#351 = CARTESIAN_POINT('',(0.3606100972,3.707792552167,2.327515452355));
#352 = CARTESIAN_POINT('',(-1.657024782988,3.589653903691,2.565163475725
    ));
#353 = CARTESIAN_POINT('',(-3.370797995654,2.252063162215,2.802579717705
    ));
#354 = CARTESIAN_POINT('',(-3.950451742972,0.157544596309,3.040048716408
    ));
#355 = CARTESIAN_POINT('',(-3.287530831091,-1.752344952454,
    3.277650328766));
#356 = CARTESIAN_POINT('',(-1.848904112634,-2.883322338909,
    3.515061657628));
#357 = CARTESIAN_POINT('',(-0.244982513973,-3.08199574282,3.752599807105
    ));
#358 = CARTESIAN_POINT('',(1.053770125153,-2.544026127768,3.99009552576)
  );
#359 = CARTESIAN_POINT('',(2.352516142259,-2.006034298054,4.227577990902
    ));
#360 = CARTESIAN_POINT('',(3.346257942397,-0.731566693765,4.465139810888
    ));
#361 = CARTESIAN_POINT('',(3.563553159496,1.085750492359,4.702515452345)
  );
#362 = CARTESIAN_POINT('',(2.682291838935,2.904592358716,4.940163475733)
  );
#363 = CARTESIAN_POINT('',(0.790686514722,3.976038537243,5.177579717702)
  );
#364 = CARTESIAN_POINT('',(-1.366220204414,3.710031216373,5.415048716406
    ));
#365 = CARTESIAN_POINT('',(-2.877039217918,2.366689066246,5.65265032877)
  );
#366 = CARTESIAN_POINT('',(-3.371387466487,0.604764977973,5.890061657626
    ));
#367 = CARTESIAN_POINT('',(-2.941143535395,-0.953094378914,
    6.127599807106));
#368 = CARTESIAN_POINT('',(-1.947113301202,-1.947113301202,6.36509552576
    ));
#369 = CARTESIAN_POINT('',(-0.953065077474,-2.941117604355,
    6.602577990902));
#370 = CARTESIAN_POINT('',(0.604677979941,-3.371497676861,6.840139810886
    ));
#371 = CARTESIAN_POINT('',(2.366815411786,-2.87679510196,7.077515452353)
  );
#372 = CARTESIAN_POINT('',(3.709962078056,-1.366575156771,7.315163475718
    ));
#373 = CARTESIAN_POINT('',(3.975963254381,0.791064987083,7.552579717725)
  );
#374 = CARTESIAN_POINT('',(2.904792068633,2.681990363799,7.790048716379)
  );
#375 = CARTESIAN_POINT('',(1.085540345123,3.563730342903,8.027650328795)
  );
#376 = CARTESIAN_POINT('',(-0.731444142349,3.346189413979,8.265061657607
    ));
#377 = CARTESIAN_POINT('',(-2.006071292453,2.352528886249,8.502599807117
    ));
#378 = CARTESIAN_POINT('',(-2.544026127759,1.053770125149,8.740095525755
    ));
#379 = CARTESIAN_POINT('',(-3.081960572515,-0.244999661582,8.97757799092
    ));
#380 = CARTESIAN_POINT('',(-2.883457452676,-1.848865912651,
    9.215139810853));
#381 = CARTESIAN_POINT('',(-1.75207106842,-3.287554139959,9.452515452392
    ));
#382 = CARTESIAN_POINT('',(0.157190205023,-3.950523701937,9.690163475692
    ));
#383 = CARTESIAN_POINT('',(2.252384015593,-3.370583608246,9.927579717721
    ));
#384 = CARTESIAN_POINT('',(3.58945180263,-1.657324660387,10.16504871641)
  );
#385 = CARTESIAN_POINT('',(3.707875828444,0.360872053011,10.402650328756
    ));
#386 = CARTESIAN_POINT('',(2.811564356506,1.956297522627,10.640061657637
    ));
#387 = CARTESIAN_POINT('',(1.405763039879,2.753642036756,10.877599807102
    ));
#388 = CARTESIAN_POINT('',(2.173383001347E-13,2.753634038036,
    11.11509552576));
#389 = CARTESIAN_POINT('',(-1.405765423112,2.7536029815,11.352577990902)
  );
#390 = CARTESIAN_POINT('',(-2.811580770118,1.956436970018,
    11.590139810888));
#391 = CARTESIAN_POINT('',(-3.707792552161,0.360610097181,
    11.827515452348));
#392 = CARTESIAN_POINT('',(-3.589653903711,-1.657024782979,
    12.065163475719));
#393 = CARTESIAN_POINT('',(-2.252063162168,-3.370797995642,
    12.302579717733));
#394 = CARTESIAN_POINT('',(-0.157544596383,-3.950451743001,
    12.540048716361));
#395 = CARTESIAN_POINT('',(1.752344952535,-3.28753083106,12.777650328815
    ));
#396 = CARTESIAN_POINT('',(2.883322338846,-1.848904112655,
    13.015061657591));
#397 = CARTESIAN_POINT('',(3.081995742856,-0.244982513962,
    13.252599807126));
#398 = CARTESIAN_POINT('',(2.544026127754,1.053770125148,13.490095525752
    ));
#399 = CARTESIAN_POINT('',(2.006034298102,2.352516142271,13.727577990933
    ));
#400 = CARTESIAN_POINT('',(0.731566693665,3.346257942397,13.965139810823
    ));
#401 = CARTESIAN_POINT('',(-1.085750492215,3.563553159448,14.20251545244
    ));
#402 = CARTESIAN_POINT('',(-2.904592358858,2.682291839046,
    14.440163475635));
#403 = CARTESIAN_POINT('',(-3.976038537153,0.790686514582,
    14.677579717777));
#404 = CARTESIAN_POINT('',(-3.710031216405,-1.366220204295,
    14.915048716364));
#405 = CARTESIAN_POINT('',(-2.366689066238,-2.877039217992,
    15.152650328792));
#406 = CARTESIAN_POINT('',(-0.604764977986,-3.371387466447,
    15.390061657609));
#407 = CARTESIAN_POINT('',(0.953094378934,-2.941143535419,
    15.627599807122));
#408 = CARTESIAN_POINT('',(1.947113301186,-1.947113301186,
    15.865095525748));
#409 = CARTESIAN_POINT('',(2.941117604394,-0.953065077525,
    16.102577990941));
#410 = CARTESIAN_POINT('',(3.371497676816,0.604677980055,16.340139810809
    ));
#411 = CARTESIAN_POINT('',(2.876795101968,2.366815411607,16.577515452458
    ));
#412 = CARTESIAN_POINT('',(1.366575156833,3.709962078252,16.815163475616
    ));
#413 = CARTESIAN_POINT('',(-0.791064987194,3.975963254239,
    17.052579717793));
#414 = CARTESIAN_POINT('',(-2.681990363695,2.904792068695,
    17.290048716351));
#415 = CARTESIAN_POINT('',(-3.563730342966,1.085540345108,
    17.527650328803));
#416 = CARTESIAN_POINT('',(-3.346189413953,-0.731444142337,17.7650616576
    ));
#417 = CARTESIAN_POINT('',(-2.352528886259,-2.006071292472,
    18.002599807128));
#418 = CARTESIAN_POINT('',(-1.053770125142,-2.544026127742,
    18.240095525744));
#419 = CARTESIAN_POINT('',(0.244998873148,-3.081960516792,
    18.477578428514));
#420 = CARTESIAN_POINT('',(1.848869292303,-2.88345769167,18.715137935137
    ));
#421 = CARTESIAN_POINT('',(3.2875454117,-1.752070451065,18.952520296552)
  );
#422 = CARTESIAN_POINT('',(3.950540229573,0.157189035892,19.190154302933
    ));
#423 = CARTESIAN_POINT('',(3.370559064225,2.252385751867,19.427593339526
    ));
#424 = CARTESIAN_POINT('',(1.65735411311,3.589449719091,19.665032370294)
  );
#425 = CARTESIAN_POINT('',(-0.360900976083,3.707877874491,
    19.902666380926));
#426 = CARTESIAN_POINT('',(-1.956274247645,2.811562710039,
    20.140048740125));
#427 = CARTESIAN_POINT('',(-2.753657244847,1.405764115682,
    20.377608247527));
#428 = CARTESIAN_POINT('',(-2.753626153973,-5.577062323903E-07,
    20.615091150138));
#429 = CARTESIAN_POINT('',(1.313250617143,-1.942890293094E-16,
    3.552713678801E-15));
#430 = CARTESIAN_POINT('',(1.313250751466,0.670458021972,0.237454288144)
  );
#431 = CARTESIAN_POINT('',(0.933032220282,1.340784889585,0.475115447804)
  );
#432 = CARTESIAN_POINT('',(0.171973764047,1.768525411074,0.712291254365)
  );
#433 = CARTESIAN_POINT('',(-0.790161978513,1.71167238628,0.950177142383)
  );
#434 = CARTESIAN_POINT('',(-1.607805772125,1.074304710876,1.187458785864
    ));
#435 = CARTESIAN_POINT('',(-1.883766083451,7.497860175265E-02,
    1.424877975976));
#436 = CARTESIAN_POINT('',(-1.568087066952,-0.835666499213,
    1.662642864083));
#437 = CARTESIAN_POINT('',(-0.881670187277,-1.375108777635,
    1.899911709858));
#438 = CARTESIAN_POINT('',(-0.116858920544,-1.469857578011,
    2.137511160859));
#439 = CARTESIAN_POINT('',(0.502559253724,-1.213285366236,2.375000000003
    ));
#440 = CARTESIAN_POINT('',(1.121981749037,-0.95671231323,2.612454288134)
  );
#441 = CARTESIAN_POINT('',(1.595779689549,-0.348913207883,2.850115447824
    ));
#442 = CARTESIAN_POINT('',(1.699715940327,0.517902333804,3.087291254338)
  );
#443 = CARTESIAN_POINT('',(1.278997185978,1.385043143181,3.325177142408)
  );
#444 = CARTESIAN_POINT('',(0.377247502613,1.896537459286,3.56245878585)
  );
#445 = CARTESIAN_POINT('',(-0.651614875055,1.769065997211,3.799877975978
    ));
#446 = CARTESIAN_POINT('',(-1.372136115657,1.128927822121,4.037642864087
    ));
#447 = CARTESIAN_POINT('',(-1.607835428114,0.28832569355,4.274911709855)
  );
#448 = CARTESIAN_POINT('',(-1.402691304847,-0.45452657816,4.512511160859
    ));
#449 = CARTESIAN_POINT('',(-0.928608416779,-0.928608416779,
    4.750000000004));
#450 = CARTESIAN_POINT('',(-0.454523097921,-1.402693925599,
    4.987454288133));
#451 = CARTESIAN_POINT('',(0.288324677509,-1.607831497561,5.225115447818
    ));
#452 = CARTESIAN_POINT('',(1.12893249613,-1.37214012562,5.462291254359)
  );
#453 = CARTESIAN_POINT('',(1.769064044746,-0.651606258262,5.700177142366
    ));
#454 = CARTESIAN_POINT('',(1.896538510426,0.37724221818,5.937458785912)
  );
#455 = CARTESIAN_POINT('',(1.385041649517,1.279005894029,6.174877975907)
  );
#456 = CARTESIAN_POINT('',(0.517899550131,1.699710446945,6.412642864154)
  );
#457 = CARTESIAN_POINT('',(-0.348913773344,1.595783709722,6.649911709804
    ));
#458 = CARTESIAN_POINT('',(-0.95671452563,1.121977995952,6.887511160891)
  );
#459 = CARTESIAN_POINT('',(-1.213285366237,0.502559253723,7.12499999999)
  );
#460 = CARTESIAN_POINT('',(-1.469858667438,-0.116863138779,
    7.362454288179));
#461 = CARTESIAN_POINT('',(-1.375105535105,-0.88166774442,7.600115447738
    ));
#462 = CARTESIAN_POINT('',(-0.835668415264,-1.56809291973,7.837291254447
    ));
#463 = CARTESIAN_POINT('',(7.498581545216E-02,-1.883760982081,
    8.075177142317));
#464 = CARTESIAN_POINT('',(1.074300230946,-1.607808765545,8.312458785889
    ));
#465 = CARTESIAN_POINT('',(1.711679859883,-0.790157266099,8.549877975991
    ));
#466 = CARTESIAN_POINT('',(1.768519270568,0.171974233589,8.787642864053)
  );
#467 = CARTESIAN_POINT('',(1.340788387361,0.933034281155,9.024911709881)
  );
#468 = CARTESIAN_POINT('',(0.670453707919,1.313251359215,9.262511160851)
  );
#469 = CARTESIAN_POINT('',(3.449809882206E-13,1.313250617143,
    9.500000000002));
#470 = CARTESIAN_POINT('',(-0.670458021974,1.313250751466,9.737454288133
    ));
#471 = CARTESIAN_POINT('',(-1.340784889581,0.933032220282,9.975115447826
    ));
#472 = CARTESIAN_POINT('',(-1.76852541108,0.171973764045,10.212291254344
    ));
#473 = CARTESIAN_POINT('',(-1.711672386275,-0.790161978506,
    10.450177142373));
#474 = CARTESIAN_POINT('',(-1.074304710875,-1.607805772139,
    10.687458785929));
#475 = CARTESIAN_POINT('',(-7.497860175938E-02,-1.883766083434,
    10.924877975864));
#476 = CARTESIAN_POINT('',(0.835666499222,-1.568087066968,
    11.162642864206));
#477 = CARTESIAN_POINT('',(1.375108777629,-0.881670187265,
    11.399911709763));
#478 = CARTESIAN_POINT('',(1.469857578014,-0.11685892055,11.637511160913
    ));
#479 = CARTESIAN_POINT('',(1.213285366235,0.502559253726,11.874999999982
    ));
#480 = CARTESIAN_POINT('',(0.95671231323,1.12198174903,12.112454288211)
  );
#481 = CARTESIAN_POINT('',(0.348913207889,1.595779689561,12.350115447665
    ));
#482 = CARTESIAN_POINT('',(-0.517902333825,1.699715940315,
    12.587291254564));
#483 = CARTESIAN_POINT('',(-1.385043143145,1.27899718598,12.825177142174
    ));
#484 = CARTESIAN_POINT('',(-1.896537459324,0.377247502625,
    13.062458786032));
#485 = CARTESIAN_POINT('',(-1.769065997184,-0.651614875074,
    13.299877975866));
#486 = CARTESIAN_POINT('',(-1.128927822135,-1.372136115643,
    13.537642864155));
#487 = CARTESIAN_POINT('',(-0.288325693545,-1.607835428119,
    13.774911709802));
#488 = CARTESIAN_POINT('',(0.454526578156,-1.402691304849,
    14.012511160905));
#489 = CARTESIAN_POINT('',(0.928608416782,-0.928608416777,
    14.249999999972));
#490 = CARTESIAN_POINT('',(1.40269392559,-0.454523097927,14.487454288232
    ));
#491 = CARTESIAN_POINT('',(1.607831497582,0.28832467751,14.725115447632)
  );
#492 = CARTESIAN_POINT('',(1.37214012559,1.128932496145,14.962291254606)
  );
#493 = CARTESIAN_POINT('',(0.65160625829,1.769064044711,15.200177142129)
  );
#494 = CARTESIAN_POINT('',(-0.377242218194,1.896538510471,
    15.437458786073));
#495 = CARTESIAN_POINT('',(-1.27900589403,1.385041649479,15.67487797583)
  );
#496 = CARTESIAN_POINT('',(-1.699710446938,0.517899550153,
    15.912642864186));
#497 = CARTESIAN_POINT('',(-1.595783709725,-0.348913773351,
    16.149911709777));
#498 = CARTESIAN_POINT('',(-1.121977995954,-0.956714525628,
    16.387511160922));
#499 = CARTESIAN_POINT('',(-0.50255925372,-1.213285366238,
    16.624999999962));
#500 = CARTESIAN_POINT('',(0.116863138774,-1.469858522044,
    16.862455428943));
#501 = CARTESIAN_POINT('',(0.88166774442,-1.375106158345,17.100110557941
    ));
#502 = CARTESIAN_POINT('',(1.568092919754,-0.835666805689,
    17.337303882684));
#503 = CARTESIAN_POINT('',(1.883760982015,7.498276759868E-02,
    17.575153229837));
#504 = CARTESIAN_POINT('',(1.607808765656,1.074304757094,17.812494296614
    ));
#505 = CARTESIAN_POINT('',(0.790157265966,1.711674428528,18.049835363237
    ));
#506 = CARTESIAN_POINT('',(-0.171974233465,1.768524604246,
    18.287684710522));
#507 = CARTESIAN_POINT('',(-0.933034281248,1.340784095244,18.52487803517
    ));
#508 = CARTESIAN_POINT('',(-1.313251359158,0.670456512427,
    18.762533164223));
#509 = CARTESIAN_POINT('',(-1.313250617171,-1.453891120606E-06,
    18.999988593182));
#510 = CARTESIAN_POINT('',(2.753634038034,-1.026956297778E-15,
    -1.615095525759));
#511 = CARTESIAN_POINT('',(2.753665197612,1.405767991133,-1.377613060608
    ));
#512 = CARTESIAN_POINT('',(1.956277764915,2.811574187657,-1.14005124042)
  );
#513 = CARTESIAN_POINT('',(0.360905169596,3.70788073516,-0.902675600027)
  );
#514 = CARTESIAN_POINT('',(-1.657366991507,3.58947448412,-0.665027573765
    ));
#515 = CARTESIAN_POINT('',(-3.370558172673,2.252369505775,
    -0.427611336806));
#516 = CARTESIAN_POINT('',(-3.950564769959,0.157215099755,
    -0.190142332073));
#517 = CARTESIAN_POINT('',(-3.287541509881,-1.75210207185,
    4.745927519714E-02));
#518 = CARTESIAN_POINT('',(-1.848884430501,-2.883445448837,
    0.284870607015));
#519 = CARTESIAN_POINT('',(-0.244992136488,-3.081983029292,0.5224087554)
  );
#520 = CARTESIAN_POINT('',(1.053770125151,-2.544026127764,0.759904474242
    ));
#521 = CARTESIAN_POINT('',(2.352542323876,-2.006090795513,0.997386939388
    ));
#522 = CARTESIAN_POINT('',(3.346190935846,-0.731422126417,1.234948759587
    ));
#523 = CARTESIAN_POINT('',(3.563747549269,1.085511627146,1.472324399963)
  );
#524 = CARTESIAN_POINT('',(2.681995119356,2.904839857298,1.709972426242)
  );
#525 = CARTESIAN_POINT('',(0.791061315524,3.97593420229,1.947388663192)
  );
#526 = CARTESIAN_POINT('',(-1.366567873073,3.710009546816,2.184857667924
    ));
#527 = CARTESIAN_POINT('',(-2.876818912102,2.366791878556,2.422459275202
    ));
#528 = CARTESIAN_POINT('',(-3.371493673202,0.604699681918,2.659870607012
    ));
#529 = CARTESIAN_POINT('',(-2.941135472004,-0.953080623614,2.8974087554)
  );
#530 = CARTESIAN_POINT('',(-1.947113301198,-1.947113301198,
    3.134904474243));
#531 = CARTESIAN_POINT('',(-0.953107255048,-2.941163413661,
    3.372386939388));
#532 = CARTESIAN_POINT('',(0.604785900453,-3.371380447346,3.609948759585
    ));
#533 = CARTESIAN_POINT('',(2.36666911887,-2.877066104462,3.847324399971)
  );
#534 = CARTESIAN_POINT('',(3.710077187221,-1.366206309998,4.084972426227
    ));
#535 = CARTESIAN_POINT('',(3.976010291578,0.790678789001,4.322388663214)
  );
#536 = CARTESIAN_POINT('',(2.904639001455,2.682303275222,4.559857667898)
  );
#537 = CARTESIAN_POINT('',(1.085719638777,3.563566151393,4.797459275226)
  );
#538 = CARTESIAN_POINT('',(-0.73154511165,3.346262548503,5.034870606994)
  );
#539 = CARTESIAN_POINT('',(-2.006055498447,2.352526700555,5.272408755412
    ));
#540 = CARTESIAN_POINT('',(-2.544026127773,1.053770125154,5.509904474237
    ));
#541 = CARTESIAN_POINT('',(-3.082019035396,-0.24497822507,5.747386939406
    ));
#542 = CARTESIAN_POINT('',(-2.88330784743,-1.848920756345,5.984948759552
    ));
#543 = CARTESIAN_POINT('',(-1.752377425861,-3.287522691211,6.22232440001
    ));
#544 = CARTESIAN_POINT('',(0.157575025324,-3.950488897267,6.459972426201
    ));
#545 = CARTESIAN_POINT('',(2.252045215439,-3.370774856608,6.697388663211
    ));
#546 = CARTESIAN_POINT('',(3.589682318854,-1.65706349879,6.934857667928)
  );
#547 = CARTESIAN_POINT('',(3.70779274795,0.360643574015,7.172459275187)
  );
#548 = CARTESIAN_POINT('',(2.811593284726,1.95641879337,7.409870607024)
  );
#549 = CARTESIAN_POINT('',(1.405767064666,2.753626608623,7.647408755396)
  );
#550 = CARTESIAN_POINT('',(2.231548279497E-14,2.753634038033,
    7.884904474242));
#551 = CARTESIAN_POINT('',(-1.405767991135,2.753665197621,8.122386939388
    ));
#552 = CARTESIAN_POINT('',(-2.81157418765,1.956277764896,8.359948759588)
  );
#553 = CARTESIAN_POINT('',(-3.707880735176,0.360905169618,8.597324399966
    ));
#554 = CARTESIAN_POINT('',(-3.589474484091,-1.657366991512,
    8.834972426228));
#555 = CARTESIAN_POINT('',(-2.252369505824,-3.370558172697,
    9.072388663223));
#556 = CARTESIAN_POINT('',(-0.157215099689,-3.950564769915,
    9.309857667879));
#557 = CARTESIAN_POINT('',(1.752102071779,-3.287541509925,9.547459275247
    ));
#558 = CARTESIAN_POINT('',(2.883445448894,-1.848884430471,9.784870606977
    ));
#559 = CARTESIAN_POINT('',(3.081983029259,-0.244992136504,10.02240875542
    ));
#560 = CARTESIAN_POINT('',(2.544026127777,1.053770125158,10.259904474234
    ));
#561 = CARTESIAN_POINT('',(2.006090795465,2.352542323858,10.497386939419
    ));
#562 = CARTESIAN_POINT('',(0.731422126525,3.346190935855,10.734948759522
    ));
#563 = CARTESIAN_POINT('',(-1.085511627311,3.563747549309,
    10.972324400057));
#564 = CARTESIAN_POINT('',(-2.904839857124,2.681995119245,
    11.209972426144));
#565 = CARTESIAN_POINT('',(-3.975934202412,0.791061315676,
    11.447388663265));
#566 = CARTESIAN_POINT('',(-3.710009546764,-1.366567873208,
    11.684857667883));
#567 = CARTESIAN_POINT('',(-2.366791878573,-2.876818912016,
    11.922459275223));
#568 = CARTESIAN_POINT('',(-0.604699681901,-3.371493673246,
    12.159870606996));
#569 = CARTESIAN_POINT('',(0.953080623591,-2.941135471981,
    12.397408755416));
#570 = CARTESIAN_POINT('',(1.947113301216,-1.947113301212,
    12.634904474231));
#571 = CARTESIAN_POINT('',(2.941163413614,-0.953107255001,
    12.872386939427));
#572 = CARTESIAN_POINT('',(3.371380447406,0.604785900338,13.109948759508
    ));
#573 = CARTESIAN_POINT('',(2.877066104433,2.366669119065,13.347324400076
    ));
#574 = CARTESIAN_POINT('',(1.366206309956,3.710077186993,13.584972426124
    ));
#575 = CARTESIAN_POINT('',(-0.790678788897,3.976010291758,
    13.822388663283));
#576 = CARTESIAN_POINT('',(-2.682303275332,2.904639001362,
    14.059857667869));
#577 = CARTESIAN_POINT('',(-3.563566151322,1.085719638809,
    14.297459275235));
#578 = CARTESIAN_POINT('',(-3.346262548532,-0.731545111668,
    14.534870606986));
#579 = CARTESIAN_POINT('',(-2.352526700546,-2.006055498425,
    14.772408755423));
#580 = CARTESIAN_POINT('',(-1.053770125159,-2.544026127792,
    15.009904474227));
#581 = CARTESIAN_POINT('',(0.244979013499,-3.082018979574,
    15.247387376997));
#582 = CARTESIAN_POINT('',(1.848917376694,-2.883308086581,
    15.484946883853));
#583 = CARTESIAN_POINT('',(3.287531419489,-1.752376808365,
    15.722329244128));
#584 = CARTESIAN_POINT('',(3.950472369581,0.15757385617,15.959963253522)
  );
#585 = CARTESIAN_POINT('',(3.370799400714,2.252046951586,16.197402284897
    ));
#586 = CARTESIAN_POINT('',(1.657034045964,3.589680235507,16.434841321955
    ));
#587 = CARTESIAN_POINT('',(-0.360614650849,3.707794793851,
    16.672475327217));
#588 = CARTESIAN_POINT('',(-1.956442068422,2.811591638322,
    16.909857689625));
#589 = CARTESIAN_POINT('',(-2.753611400488,1.405768140456,
    17.147417195747));
#590 = CARTESIAN_POINT('',(-2.753641922117,-5.5770521179E-07,
    17.384900098659));
#591 = CARTESIAN_POINT('',(4.5,1.554312234475E-15,-1.412311614235));
#592 = CARTESIAN_POINT('',(4.500027153408,2.297279104388,-1.174794986401
    ));
#593 = CARTESIAN_POINT('',(3.196999211081,4.594809590833,-0.937353608645
    ));
#594 = CARTESIAN_POINT('',(0.589774120193,6.059156862946,-0.699735682727
    ));
#595 = CARTESIAN_POINT('',(-2.708564568682,5.866300577333,
    -0.462376049452));
#596 = CARTESIAN_POINT('',(-5.507934819835,3.680487209848,
    -0.224796623772));
#597 = CARTESIAN_POINT('',(-6.456340600491,0.257141635991,
    1.273277371756E-02));
#598 = CARTESIAN_POINT('',(-5.372254773427,-2.86337974181,0.250136417605
    ));
#599 = CARTESIAN_POINT('',(-3.021578432415,-4.712117699566,
    0.487720501979));
#600 = CARTESIAN_POINT('',(-0.400338422313,-5.036582911897,
    0.725184325885));
#601 = CARTESIAN_POINT('',(1.722075445642,-4.157457896299,0.962688385764
    ));
#602 = CARTESIAN_POINT('',(3.844494981815,-3.278352330017,1.200205013602
    ));
#603 = CARTESIAN_POINT('',(5.468489168119,-1.195284631276,1.437646391348
    ));
#604 = CARTESIAN_POINT('',(5.823627794586,1.773858707083,1.675264317282)
  );
#605 = CARTESIAN_POINT('',(4.383232249038,4.747323407723,1.912623950539)
  );
#606 = CARTESIAN_POINT('',(1.292531400738,6.497129724689,2.150203376234)
  );
#607 = CARTESIAN_POINT('',(-2.233166687053,6.063284779576,2.387732773715
    ));
#608 = CARTESIAN_POINT('',(-4.701290833507,3.867548240851,2.625136417606
    ));
#609 = CARTESIAN_POINT('',(-5.509737103088,0.988325094605,2.862720501979
    ));
#610 = CARTESIAN_POINT('',(-4.806398747657,-1.557552361663,
    3.100184325885));
#611 = CARTESIAN_POINT('',(-3.181980515338,-3.181980515338,
    3.337688385763));
#612 = CARTESIAN_POINT('',(-1.557578082712,-4.806421348695,
    3.575205013602));
#613 = CARTESIAN_POINT('',(0.988401198343,-5.509640841534,3.812646391351
    ));
#614 = CARTESIAN_POINT('',(3.867437626299,-4.701504185828,4.050264317272
    ));
#615 = CARTESIAN_POINT('',(6.063345292503,-2.232856544907,4.287623950557
    ));
#616 = CARTESIAN_POINT('',(6.497195525615,1.292200597279,4.525203376208)
  );
#617 = CARTESIAN_POINT('',(4.747148814758,4.383495625731,4.762732773744)
  );
#618 = CARTESIAN_POINT('',(1.774042548042,5.823473013085,5.000136417579)
  );
#619 = CARTESIAN_POINT('',(-1.195391779692,5.468548978573,5.237720501999
    ));
#620 = CARTESIAN_POINT('',(-3.278319917807,3.84448394419,5.475184325873)
  );
#621 = CARTESIAN_POINT('',(-4.157457896307,1.722075445645,5.712688385769
    ));
#622 = CARTESIAN_POINT('',(-5.036613635529,-0.400323308218,
    5.950205013587));
#623 = CARTESIAN_POINT('',(-4.711999641886,-3.021611905364,
    6.187646391374));
#624 = CARTESIAN_POINT('',(-2.863619183973,-5.372234225365,
    6.425264317252));
#625 = CARTESIAN_POINT('',(0.257451327256,-6.456277820825,6.662623950562
    ));
#626 = CARTESIAN_POINT('',(3.680206768211,-5.508122204984,6.900203376226
    ));
#627 = CARTESIAN_POINT('',(5.866477091858,-2.708302475958,7.137732773711
    ));
#628 = CARTESIAN_POINT('',(6.059084216361,0.589545041046,7.375136417613)
  );
#629 = CARTESIAN_POINT('',(4.594823844564,3.197121091722,7.612720501973)
  );
#630 = CARTESIAN_POINT('',(2.297281310571,4.499992984545,7.850184325887)
  );
#631 = CARTESIAN_POINT('',(-2.391437742277E-13,4.499999999999,
    8.087688385764));
#632 = CARTESIAN_POINT('',(-2.29727910439,4.500027153416,8.325205013603)
  );
#633 = CARTESIAN_POINT('',(-4.594809590827,3.196999211063,8.562646391347
    ));
#634 = CARTESIAN_POINT('',(-6.059156862961,0.589774120215,8.800264317279
    ));
#635 = CARTESIAN_POINT('',(-5.866300577304,-2.70856456869,9.037623950552
    ));
#636 = CARTESIAN_POINT('',(-3.680487209895,-5.507934819852,
    9.275203376206));
#637 = CARTESIAN_POINT('',(-0.257141635929,-6.456340600458,
    9.512732773756));
#638 = CARTESIAN_POINT('',(2.863379741744,-5.372254773458,9.750136417562
    ));
#639 = CARTESIAN_POINT('',(4.712117699618,-3.021578432395,9.987720502013
    ));
#640 = CARTESIAN_POINT('',(5.036582911867,-0.400338422323,
    10.225184325864));
#641 = CARTESIAN_POINT('',(4.157457896311,1.722075445647,10.462688385772
    ));
#642 = CARTESIAN_POINT('',(3.278352329974,3.844494981804,10.700205013576
    ));
#643 = CARTESIAN_POINT('',(1.195284631368,5.468489168118,10.937646391398
    ));
#644 = CARTESIAN_POINT('',(-1.773858707214,5.823627794631,
    11.175264317215));
#645 = CARTESIAN_POINT('',(-4.747323407595,4.383232248938,
    11.412623950609));
#646 = CARTESIAN_POINT('',(-6.497129724768,1.292531400864,
    11.650203376174));
#647 = CARTESIAN_POINT('',(-6.063284779552,-2.233166687158,
    11.887732773761));
#648 = CARTESIAN_POINT('',(-3.867548240854,-4.701290833442,
    12.125136417571));
#649 = CARTESIAN_POINT('',(-0.988325094595,-5.509737103122,
    12.362720502005));
#650 = CARTESIAN_POINT('',(1.557552361646,-4.806398747636,
    12.600184325866));
#651 = CARTESIAN_POINT('',(3.181980515352,-3.181980515351,
    12.837688385775));
#652 = CARTESIAN_POINT('',(4.806421348661,-1.557578082666,13.07520501357
    ));
#653 = CARTESIAN_POINT('',(5.509640841572,0.988401198239,13.312646391407
    ));
#654 = CARTESIAN_POINT('',(4.701504185825,3.867437626463,13.550264317204
    ));
#655 = CARTESIAN_POINT('',(2.232856544847,6.063345292325,13.78762395062)
  );
#656 = CARTESIAN_POINT('',(-1.292200597175,6.497195525744,
    14.025203376162));
#657 = CARTESIAN_POINT('',(-4.383495625829,4.747148814701,
    14.262732773774));
#658 = CARTESIAN_POINT('',(-5.823473013027,1.774042548056,
    14.500136417558));
#659 = CARTESIAN_POINT('',(-5.468548978596,-1.195391779702,
    14.737720502015));
#660 = CARTESIAN_POINT('',(-3.844483944181,-3.27831991779,
    14.975184325859));
#661 = CARTESIAN_POINT('',(-1.722075445652,-4.157457896322,
    15.212688385779));
#662 = CARTESIAN_POINT('',(0.400323997659,-5.036613688374,
    15.450204598631));
#663 = CARTESIAN_POINT('',(3.021608950046,-4.711999415248,
    15.687648170052));
#664 = CARTESIAN_POINT('',(5.372241857744,-2.863619769399,
    15.925259723688));
#665 = CARTESIAN_POINT('',(6.456263368324,0.257452435911,16.162632648822
    ));
#666 = CARTESIAN_POINT('',(5.50814366737,3.680205121758,16.400190459038)
  );
#667 = CARTESIAN_POINT('',(2.708276721185,5.866479067611,16.637748274308
    ));
#668 = CARTESIAN_POINT('',(-0.589519749425,6.059082276156,
    16.875121195753));
#669 = CARTESIAN_POINT('',(-3.197141444401,4.594825405862,
    17.112732751313));
#670 = CARTESIAN_POINT('',(-4.499979685913,2.297280290416,
    17.350176322056));
#671 = CARTESIAN_POINT('',(-4.500006894174,5.288579592588E-07,
    17.587692535048));
#672 = CARTESIAN_POINT('',(4.5,-9.992007221626E-16,0.));
#673 = CARTESIAN_POINT('',(4.499999951139,2.297277981593,0.237516627833)
  );
#674 = CARTESIAN_POINT('',(3.197068819098,4.59481246883,0.474958005495)
  );
#675 = CARTESIAN_POINT('',(0.589645107957,6.059118307374,0.712575931887)
  );
#676 = CARTESIAN_POINT('',(-2.708414947482,5.866379023573,0.949935563896
    ));
#677 = CARTESIAN_POINT('',(-5.508039675794,3.680353269608,1.187514991773
    ));
#678 = CARTESIAN_POINT('',(-6.456291182571,0.257285699237,1.425044386625
    ));
#679 = CARTESIAN_POINT('',(-5.372250104421,-2.863485934629,
    1.662448032737));
#680 = CARTESIAN_POINT('',(-3.021587037883,-4.712063873159,
    1.900032115819));
#681 = CARTESIAN_POINT('',(-0.400334215135,-5.036588470535,
    2.137495940202));
#682 = CARTESIAN_POINT('',(1.722075445643,-4.157457896301,2.374999999999
    ));
#683 = CARTESIAN_POINT('',(3.844483534627,-3.278327628067,2.612516627836
    ));
#684 = CARTESIAN_POINT('',(5.468518464879,-1.195347839347,2.849958005489
    ));
#685 = CARTESIAN_POINT('',(5.823542803039,1.773963144285,3.087575931896)
  );
#686 = CARTESIAN_POINT('',(4.38336198146,4.747215195819,3.324935563887)
  );
#687 = CARTESIAN_POINT('',(1.292367529463,6.49717534226,3.562514991779)
  );
#688 = CARTESIAN_POINT('',(-2.233014678556,6.063294253989,3.800044386622
    ));
#689 = CARTESIAN_POINT('',(-4.701387156127,3.867503289015,4.037448032738
    ));
#690 = CARTESIAN_POINT('',(-5.509690667142,0.988353643497,4.275032115819
    ));
#691 = CARTESIAN_POINT('',(-4.806402273151,-1.557558375787,
    4.512495940202));
#692 = CARTESIAN_POINT('',(-3.181980515339,-3.18198051534,4.749999999998
    ));
#693 = CARTESIAN_POINT('',(-1.557559641735,-4.806401319844,
    4.987516627836));
#694 = CARTESIAN_POINT('',(0.988354013087,-5.509692096894,5.224958005492
    ));
#695 = CARTESIAN_POINT('',(3.867501588826,-4.701385697487,5.462575931886
    ));
#696 = CARTESIAN_POINT('',(6.063294964209,-2.233017812947,5.699935563906
    ));
#697 = CARTESIAN_POINT('',(6.497174959901,1.292369451698,5.937514991753)
  );
#698 = CARTESIAN_POINT('',(4.747215739145,4.383358813876,6.175044386652)
  );
#699 = CARTESIAN_POINT('',(1.773964156855,5.823544801276,6.412448032711)
  );
#700 = CARTESIAN_POINT('',(-1.19534763366,5.468517002527,6.650032115839)
  );
#701 = CARTESIAN_POINT('',(-3.278326823299,3.844484899824,6.88749594019)
  );
#702 = CARTESIAN_POINT('',(-4.157457896301,1.722075445643,7.125000000004
    ));
#703 = CARTESIAN_POINT('',(-5.036588074253,-0.400332680739,
    7.362516627821));
#704 = CARTESIAN_POINT('',(-4.712065052638,-3.021587926477,
    7.599958005515));
#705 = CARTESIAN_POINT('',(-2.863485237662,-5.372247975459,
    7.837575931865));
#706 = CARTESIAN_POINT('',(0.257283075233,-6.456293038204,8.074935563911
    ));
#707 = CARTESIAN_POINT('',(3.680354899199,-5.508038586932,8.31251499177)
  );
#708 = CARTESIAN_POINT('',(5.866376305021,-2.708416661636,8.550044386619
    ));
#709 = CARTESIAN_POINT('',(6.059120541006,0.589644937161,8.787448032746)
  );
#710 = CARTESIAN_POINT('',(4.594811196501,3.197068069447,9.025032115812)
  );
#711 = CARTESIAN_POINT('',(2.297279550844,4.499999730069,9.262495940205)
  );
#712 = CARTESIAN_POINT('',(-1.520502473928E-13,4.5,9.499999999999));
#713 = CARTESIAN_POINT('',(-2.297277981593,4.49999995114,9.737516627837)
  );
#714 = CARTESIAN_POINT('',(-4.594812468829,3.197068819095,9.974958005488
    ));
#715 = CARTESIAN_POINT('',(-6.059118307378,0.589645107961,
    10.212575931893));
#716 = CARTESIAN_POINT('',(-5.866379023567,-2.708414947484,
    10.449935563901));
#717 = CARTESIAN_POINT('',(-3.680353269611,-5.508039675794,
    10.68751499175));
#718 = CARTESIAN_POINT('',(-0.257285699238,-6.456291182571,
    10.925044386664));
#719 = CARTESIAN_POINT('',(2.863485934631,-5.372250104419,
    11.162448032694));
#720 = CARTESIAN_POINT('',(4.712063873158,-3.021587037886,
    11.400032115853));
#721 = CARTESIAN_POINT('',(5.036588470535,-0.400334215133,
    11.637495940182));
#722 = CARTESIAN_POINT('',(4.157457896301,1.722075445642,11.875000000007
    ));
#723 = CARTESIAN_POINT('',(3.278327628066,3.84448353463,12.11251662781)
  );
#724 = CARTESIAN_POINT('',(1.195347839348,5.468518464873,12.349958005539
    ));
#725 = CARTESIAN_POINT('',(-1.773963144281,5.823542803045,
    12.587575931828));
#726 = CARTESIAN_POINT('',(-4.747215195829,4.383361981458,
    12.824935563959));
#727 = CARTESIAN_POINT('',(-6.497175342245,1.29236752946,13.062514991717
    ));
#728 = CARTESIAN_POINT('',(-6.063294254002,-2.23301467855,13.30004438667
    ));
#729 = CARTESIAN_POINT('',(-3.867503289008,-4.701387156132,
    13.537448032702));
#730 = CARTESIAN_POINT('',(-0.9883536435,-5.50969066714,13.775032115845)
  );
#731 = CARTESIAN_POINT('',(1.557558375789,-4.806402273151,
    14.012495940183));
#732 = CARTESIAN_POINT('',(3.181980515339,-3.18198051534,14.25000000001)
  );
#733 = CARTESIAN_POINT('',(4.806401319848,-1.557559641732,
    14.487516627803));
#734 = CARTESIAN_POINT('',(5.509692096886,0.988354013083,14.724958005548
    ));
#735 = CARTESIAN_POINT('',(4.701385697499,3.867501588827,14.962575931818
    ));
#736 = CARTESIAN_POINT('',(2.233017812934,6.063294964215,15.199935563968
    ));
#737 = CARTESIAN_POINT('',(-1.292369451689,6.49717495989,15.437514991707
    ));
#738 = CARTESIAN_POINT('',(-4.383358813878,4.747215739156,
    15.675044386682));
#739 = CARTESIAN_POINT('',(-5.823544801277,1.773964156849,15.91244803269
    ));
#740 = CARTESIAN_POINT('',(-5.468517002526,-1.195347633658,
    16.150032115855));
#741 = CARTESIAN_POINT('',(-3.844484899823,-3.2783268233,16.387495940177
    ));
#742 = CARTESIAN_POINT('',(-1.722075445644,-4.1574578963,16.625000000014
    ));
#743 = CARTESIAN_POINT('',(0.400332680741,-5.036588127141,
    16.862516212867));
#744 = CARTESIAN_POINT('',(3.021587926478,-4.712064825932,
    17.099959784185));
#745 = CARTESIAN_POINT('',(5.372247975451,-2.863485823151,
    17.337571338319));
#746 = CARTESIAN_POINT('',(6.456293038227,0.257284183897,17.574944262137
    ));
#747 = CARTESIAN_POINT('',(5.508038586893,3.680353252802,17.812502074634
    ));
#748 = CARTESIAN_POINT('',(2.708416661685,5.86637828069,18.050059887154)
  );
#749 = CARTESIAN_POINT('',(-0.589644937207,6.059118600866,
    18.287432810946));
#750 = CARTESIAN_POINT('',(-3.197068069413,4.594812757772,
    18.525044365104));
#751 = CARTESIAN_POINT('',(-4.49999973009,2.297278530695,18.762487936406
    ));
#752 = CARTESIAN_POINT('',(-4.49999999999,5.288575176399E-07,
    19.000004149266));
#753 = DEFINITIONAL_REPRESENTATION('',(#754),#911);
#754 = B_SPLINE_CURVE_WITH_KNOTS('',8,(#755,#756,#757,#758,#759,#760,
    #761,#762,#763,#764,#765,#766,#767,#768,#769,#770,#771,#772,#773,
    #774,#775,#776,#777,#778,#779,#780,#781,#782,#783,#784,#785,#786,
    #787,#788,#789,#790,#791,#792,#793,#794,#795,#796,#797,#798,#799,
    #800,#801,#802,#803,#804,#805,#806,#807,#808,#809,#810,#811,#812,
    #813,#814,#815,#816,#817,#818,#819,#820,#821,#822,#823,#824,#825,
    #826,#827,#828,#829,#830,#831,#832,#833,#834,#835,#836,#837,#838,
    #839,#840,#841,#842,#843,#844,#845,#846,#847,#848,#849,#850,#851,
    #852,#853,#854,#855,#856,#857,#858,#859,#860,#861,#862,#863,#864,
    #865,#866,#867,#868,#869,#870,#871,#872,#873,#874,#875,#876,#877,
    #878,#879,#880,#881,#882,#883,#884,#885,#886,#887,#888,#889,#890,
    #891,#892,#893,#894,#895,#896,#897,#898,#899,#900,#901,#902,#903,
    #904,#905,#906,#907,#908,#909,#910),.UNSPECIFIED.,.F.,.F.,(9,7,7,7,7
    ,7,7,7,7,7,7,7,7,7,7,7,7,7,7,7,7,7,9),(0.,1.645674736591E-03,
    3.920050908899E-02,7.731942693435E-02,0.132208450437,0.186931527948,
    0.241615038795,0.268952585967,0.282621193514,0.296286620938,
    0.298036168878,0.298821955563,0.299593038046,0.302616177581,
    0.315462070701,0.408054648475,0.513652528494,0.61082091469,
    0.708002174996,0.830330426991,0.988454942149,0.994312171552,1.),
  .UNSPECIFIED.);
#755 = CARTESIAN_POINT('',(0.,2.015122137687));
#756 = CARTESIAN_POINT('',(2.513585570279E-05,2.015136467645));
#757 = CARTESIAN_POINT('',(1.237585424766E-03,2.015122469506));
#758 = CARTESIAN_POINT('',(2.821718239425E-03,2.015123131512));
#759 = CARTESIAN_POINT('',(4.304767386459E-03,2.01512994721));
#760 = CARTESIAN_POINT('',(5.521840786321E-03,2.015129628627));
#761 = CARTESIAN_POINT('',(6.590532653789E-03,2.015124560625));
#762 = CARTESIAN_POINT('',(7.895135140143E-03,2.015126996405));
#763 = CARTESIAN_POINT('',(5.995005174674E-02,2.015126943472));
#764 = CARTESIAN_POINT('',(0.109744186528,2.015126988478));
#765 = CARTESIAN_POINT('',(0.159470275084,2.015127020581));
#766 = CARTESIAN_POINT('',(0.209136060306,2.015127013783));
#767 = CARTESIAN_POINT('',(0.258749163032,2.015126989603));
#768 = CARTESIAN_POINT('',(0.308316637677,2.015126981974));
#769 = CARTESIAN_POINT('',(0.357844527869,2.015127002134));
#770 = CARTESIAN_POINT('',(0.457573712589,2.015127004928));
#771 = CARTESIAN_POINT('',(0.507775320472,2.015127005968));
#772 = CARTESIAN_POINT('',(0.557947084431,2.015127006611));
#773 = CARTESIAN_POINT('',(0.608094165405,2.015127006828));
#774 = CARTESIAN_POINT('',(0.658221609983,2.015127006592));
#775 = CARTESIAN_POINT('',(0.7083339138,2.01512700588));
#776 = CARTESIAN_POINT('',(0.758434584948,2.015127004669));
#777 = CARTESIAN_POINT('',(0.880654008802,2.015127000442));
#778 = CARTESIAN_POINT('',(0.952767759832,2.015126996867));
#779 = CARTESIAN_POINT('',(1.024870642456,2.015126992146));
#780 = CARTESIAN_POINT('',(1.096969437186,2.015126986219));
#781 = CARTESIAN_POINT('',(1.169071657088,2.015126979029));
#782 = CARTESIAN_POINT('',(1.241183181807,2.015126970519));
#783 = CARTESIAN_POINT('',(1.313305891606,2.015126960621));
#784 = CARTESIAN_POINT('',(1.457346642314,2.015126937935));
#785 = CARTESIAN_POINT('',(1.529272281122,2.015126925158));
#786 = CARTESIAN_POINT('',(1.601208248814,2.015126910837));
#787 = CARTESIAN_POINT('',(1.673154494102,2.015126894886));
#788 = CARTESIAN_POINT('',(1.745112658391,2.015126877195));
#789 = CARTESIAN_POINT('',(1.81708385077,2.015126857591));
#790 = CARTESIAN_POINT('',(1.889066422997,2.015126835807));
#791 = CARTESIAN_POINT('',(2.032989016675,2.015126787106));
#792 = CARTESIAN_POINT('',(2.104936370838,2.015126760365));
#793 = CARTESIAN_POINT('',(2.176889213984,2.015126730275));
#794 = CARTESIAN_POINT('',(2.248845791681,2.015126696499));
#795 = CARTESIAN_POINT('',(2.320806834216,2.015126658534));
#796 = CARTESIAN_POINT('',(2.392773202743,2.015126614913));
#797 = CARTESIAN_POINT('',(2.464743535445,2.015126562424));
#798 = CARTESIAN_POINT('',(2.572690534363,2.015126461768));
#799 = CARTESIAN_POINT('',(2.608669698642,2.015126424775));
#800 = CARTESIAN_POINT('',(2.64464912799,2.015126382623));
#801 = CARTESIAN_POINT('',(2.680628733437,2.015126334541));
#802 = CARTESIAN_POINT('',(2.716608516799,2.015126279422));
#803 = CARTESIAN_POINT('',(2.752588491905,2.015126214539));
#804 = CARTESIAN_POINT('',(2.788568605833,2.015126134274));
#805 = CARTESIAN_POINT('',(2.842538468751,2.015125976111));
#806 = CARTESIAN_POINT('',(2.860528292018,2.015125915621));
#807 = CARTESIAN_POINT('',(2.87851812639,2.015125848261));
#808 = CARTESIAN_POINT('',(2.896507968087,2.015125772617));
#809 = CARTESIAN_POINT('',(2.914497813094,2.015125684955));
#810 = CARTESIAN_POINT('',(2.932487657157,2.015125579226));
#811 = CARTESIAN_POINT('',(2.950477495788,2.015125447066));
#812 = CARTESIAN_POINT('',(2.986452967238,2.015125108559));
#813 = CARTESIAN_POINT('',(3.004438550326,2.015124741557));
#814 = CARTESIAN_POINT('',(3.022424429041,2.015125311192));
#815 = CARTESIAN_POINT('',(3.040409364063,2.015122890074));
#816 = CARTESIAN_POINT('',(3.058395919098,2.015125602116));
#817 = CARTESIAN_POINT('',(3.07638031989,2.015121461993));
#818 = CARTESIAN_POINT('',(3.09436657622,2.015123209443));
#819 = CARTESIAN_POINT('',(3.114652867777,2.015116641319));
#820 = CARTESIAN_POINT('',(3.116955236083,2.015115727216));
#821 = CARTESIAN_POINT('',(3.119257583904,2.015114746313));
#822 = CARTESIAN_POINT('',(3.12155983157,2.015113443034));
#823 = CARTESIAN_POINT('',(3.123861946174,2.015111713457));
#824 = CARTESIAN_POINT('',(3.126163938159,2.015109592858));
#825 = CARTESIAN_POINT('',(3.128465690898,2.015106721717));
#826 = CARTESIAN_POINT('',(3.131800057098,2.015098850695));
#827 = CARTESIAN_POINT('',(3.132830369739,2.015092258999));
#828 = CARTESIAN_POINT('',(3.133860979195,2.015086982753));
#829 = CARTESIAN_POINT('',(3.134893396675,2.01508488483));
#830 = CARTESIAN_POINT('',(3.135927226592,2.015084223327));
#831 = CARTESIAN_POINT('',(3.136960166565,2.015079651566));
#832 = CARTESIAN_POINT('',(3.137988007419,2.015062218096));
#833 = CARTESIAN_POINT('',(3.140002235122,2.014977317144));
#834 = CARTESIAN_POINT('',(3.140748976039,2.014882115358));
#835 = CARTESIAN_POINT('',(3.141201035832,2.014628605999));
#836 = CARTESIAN_POINT('',(3.141360797992,2.014178566704));
#837 = CARTESIAN_POINT('',(3.141276849613,2.013560708081));
#838 = CARTESIAN_POINT('',(3.141043981387,2.012870673703));
#839 = CARTESIAN_POINT('',(3.140803187606,2.012271040116));
#840 = CARTESIAN_POINT('',(3.140500462495,2.010894621549));
#841 = CARTESIAN_POINT('',(3.140242067846,2.009797417482));
#842 = CARTESIAN_POINT('',(3.139974716417,2.008699973543));
#843 = CARTESIAN_POINT('',(3.139704312883,2.007602476143));
#844 = CARTESIAN_POINT('',(3.139434432387,2.006505029193));
#845 = CARTESIAN_POINT('',(3.13916632054,2.005407654103));
#846 = CARTESIAN_POINT('',(3.138898893423,2.004310289782));
#847 = CARTESIAN_POINT('',(3.137480794202,1.998549319168));
#848 = CARTESIAN_POINT('',(3.136325501495,1.993885690282));
#849 = CARTESIAN_POINT('',(3.135170307071,1.989222070784));
#850 = CARTESIAN_POINT('',(3.134015286429,1.984558465108));
#851 = CARTESIAN_POINT('',(3.132859199105,1.979894848949));
#852 = CARTESIAN_POINT('',(3.131702326391,1.975231230785));
#853 = CARTESIAN_POINT('',(3.130546090638,1.970567643318));
#854 = CARTESIAN_POINT('',(3.121052490405,1.932289216006));
#855 = CARTESIAN_POINT('',(3.112709473398,1.898675080437));
#856 = CARTESIAN_POINT('',(3.104367978763,1.86506295181));
#857 = CARTESIAN_POINT('',(3.096022725936,1.831453642211));
#858 = CARTESIAN_POINT('',(3.087673680578,1.797847975874));
#859 = CARTESIAN_POINT('',(3.079322575906,1.764246816576));
#860 = CARTESIAN_POINT('',(3.070966256623,1.730651027373));
#861 = CARTESIAN_POINT('',(3.053069873054,1.658754638261));
#862 = CARTESIAN_POINT('',(3.043528010332,1.620455499155));
#863 = CARTESIAN_POINT('',(3.033978781587,1.582166103065));
#864 = CARTESIAN_POINT('',(3.024421209194,1.543887822165));
#865 = CARTESIAN_POINT('',(3.01485426116,1.505621837793));
#866 = CARTESIAN_POINT('',(3.005276896939,1.467369336429));
#867 = CARTESIAN_POINT('',(2.995688113259,1.429131705659));
#868 = CARTESIAN_POINT('',(2.977252289286,1.355740795804));
#869 = CARTESIAN_POINT('',(2.968407029341,1.320584523535));
#870 = CARTESIAN_POINT('',(2.95955047747,1.285443246557));
#871 = CARTESIAN_POINT('',(2.950681823633,1.250318045267));
#872 = CARTESIAN_POINT('',(2.941800207882,1.215209875816));
#873 = CARTESIAN_POINT('',(2.932904747859,1.180119698663));
#874 = CARTESIAN_POINT('',(2.923994566294,1.145048607133));
#875 = CARTESIAN_POINT('',(2.906141888136,1.074942660857));
#876 = CARTESIAN_POINT('',(2.897199290206,1.03990743092));
#877 = CARTESIAN_POINT('',(2.888240178221,1.004893610714));
#878 = CARTESIAN_POINT('',(2.879263607216,0.969902296856));
#879 = CARTESIAN_POINT('',(2.870268562512,0.934934465485));
#880 = CARTESIAN_POINT('',(2.86125398847,0.89999109973));
#881 = CARTESIAN_POINT('',(2.852218817248,0.865073317173));
#882 = CARTESIAN_POINT('',(2.831761600825,0.78626319651));
#883 = CARTESIAN_POINT('',(2.820326676895,0.74238575601));
#884 = CARTESIAN_POINT('',(2.808855205971,0.698553190091));
#885 = CARTESIAN_POINT('',(2.79734484079,0.6547677696));
#886 = CARTESIAN_POINT('',(2.785793011217,0.611031413135));
#887 = CARTESIAN_POINT('',(2.774197028838,0.567346078236));
#888 = CARTESIAN_POINT('',(2.762554191555,0.523714152568));
#889 = CARTESIAN_POINT('',(2.73574812851,0.423812328113));
#890 = CARTESIAN_POINT('',(2.720550918833,0.367577428675));
#891 = CARTESIAN_POINT('',(2.705264928875,0.311442200573));
#892 = CARTESIAN_POINT('',(2.689883765863,0.255411973175));
#893 = CARTESIAN_POINT('',(2.67440040787,0.199490865769));
#894 = CARTESIAN_POINT('',(2.658807577897,0.14368319494));
#895 = CARTESIAN_POINT('',(2.643098058703,8.799477496329E-02));
#896 = CARTESIAN_POINT('',(2.626678460193,3.037603978367E-02));
#897 = CARTESIAN_POINT('',(2.626091801566,2.831814058186E-02));
#898 = CARTESIAN_POINT('',(2.625504972096,2.626041392243E-02));
#899 = CARTESIAN_POINT('',(2.624917971385,2.420286008066E-02));
#900 = CARTESIAN_POINT('',(2.624330799035,2.214547933166E-02));
#901 = CARTESIAN_POINT('',(2.623743454644,2.00882719504E-02));
#902 = CARTESIAN_POINT('',(2.62315593781,1.803123821166E-02));
#903 = CARTESIAN_POINT('',(2.621997555432,1.397700642456E-02));
#904 = CARTESIAN_POINT('',(2.621426696247,1.197978628485E-02));
#905 = CARTESIAN_POINT('',(2.620855688349,9.982781463365E-03));
#906 = CARTESIAN_POINT('',(2.620284494944,7.985865226129E-03));
#907 = CARTESIAN_POINT('',(2.619713143232,5.989133933163E-03));
#908 = CARTESIAN_POINT('',(2.619141649672,3.992646524907E-03));
#909 = CARTESIAN_POINT('',(2.618569960937,1.996218661271E-03));
#910 = CARTESIAN_POINT('',(2.61799811953,0.));
#911 = ( GEOMETRIC_REPRESENTATION_CONTEXT(2) 
PARAMETRIC_REPRESENTATION_CONTEXT() REPRESENTATION_CONTEXT('2D SPACE',''
  ) );
#912 = PCURVE('',#913,#918);
#913 = TOROIDAL_SURFACE('',#914,3.65,0.85);
#914 = AXIS2_PLACEMENT_3D('',#915,#916,#917);
#915 = CARTESIAN_POINT('',(0.,0.,0.85));
#916 = DIRECTION('',(0.,0.,1.));
#917 = DIRECTION('',(1.,0.,-0.));
#918 = DEFINITIONAL_REPRESENTATION('',(#919),#1076);
#919 = B_SPLINE_CURVE_WITH_KNOTS('',8,(#920,#921,#922,#923,#924,#925,
    #926,#927,#928,#929,#930,#931,#932,#933,#934,#935,#936,#937,#938,
    #939,#940,#941,#942,#943,#944,#945,#946,#947,#948,#949,#950,#951,
    #952,#953,#954,#955,#956,#957,#958,#959,#960,#961,#962,#963,#964,
    #965,#966,#967,#968,#969,#970,#971,#972,#973,#974,#975,#976,#977,
    #978,#979,#980,#981,#982,#983,#984,#985,#986,#987,#988,#989,#990,
    #991,#992,#993,#994,#995,#996,#997,#998,#999,#1000,#1001,#1002,#1003
    ,#1004,#1005,#1006,#1007,#1008,#1009,#1010,#1011,#1012,#1013,#1014,
    #1015,#1016,#1017,#1018,#1019,#1020,#1021,#1022,#1023,#1024,#1025,
    #1026,#1027,#1028,#1029,#1030,#1031,#1032,#1033,#1034,#1035,#1036,
    #1037,#1038,#1039,#1040,#1041,#1042,#1043,#1044,#1045,#1046,#1047,
    #1048,#1049,#1050,#1051,#1052,#1053,#1054,#1055,#1056,#1057,#1058,
    #1059,#1060,#1061,#1062,#1063,#1064,#1065,#1066,#1067,#1068,#1069,
    #1070,#1071,#1072,#1073,#1074,#1075),.UNSPECIFIED.,.F.,.F.,(9,7,7,7,
    7,7,7,7,7,7,7,7,7,7,7,7,7,7,7,7,7,7,9),(0.,1.645674736591E-03,
    3.920050908899E-02,7.731942693435E-02,0.132208450437,0.186931527948,
    0.241615038795,0.268952585967,0.282621193514,0.296286620938,
    0.298036168878,0.298821955563,0.299593038046,0.302616177581,
    0.315462070701,0.408054648475,0.513652528494,0.61082091469,
    0.708002174996,0.830330426991,0.988454942149,0.994312171552,1.),
  .UNSPECIFIED.);
#920 = CARTESIAN_POINT('',(1.827079856152,0.));
#921 = CARTESIAN_POINT('',(1.827092848477,3.188929458443E-05));
#922 = CARTESIAN_POINT('',(1.827080156958,1.219821319161E-03));
#923 = CARTESIAN_POINT('',(1.827080757188,2.781449833058E-03));
#924 = CARTESIAN_POINT('',(1.827086936705,4.246664920749E-03));
#925 = CARTESIAN_POINT('',(1.827086647863,5.446286704802E-03));
#926 = CARTESIAN_POINT('',(1.827082052922,6.497290940618E-03));
#927 = CARTESIAN_POINT('',(1.82708426135,7.784566492951E-03));
#928 = CARTESIAN_POINT('',(1.827084213652,5.910875134794E-02));
#929 = CARTESIAN_POINT('',(1.827084254842,0.108323800762));
#930 = CARTESIAN_POINT('',(1.827084284433,0.157578307959));
#931 = CARTESIAN_POINT('',(1.827084278851,0.206867520424));
#932 = CARTESIAN_POINT('',(1.827084257611,0.256187511275));
#933 = CARTESIAN_POINT('',(1.827084251477,0.305534712418));
#934 = CARTESIAN_POINT('',(1.827084270638,0.354905447713));
#935 = CARTESIAN_POINT('',(1.827084275148,0.454427335629));
#936 = CARTESIAN_POINT('',(1.827084277191,0.504580449916));
#937 = CARTESIAN_POINT('',(1.827084278975,0.554750406539));
#938 = CARTESIAN_POINT('',(1.827084280474,0.604934082265));
#939 = CARTESIAN_POINT('',(1.827084281666,0.655129152999));
#940 = CARTESIAN_POINT('',(1.827084282526,0.705333613705));
#941 = CARTESIAN_POINT('',(1.827084283035,0.755545298318));
#942 = CARTESIAN_POINT('',(1.827084283365,0.878069663452));
#943 = CARTESIAN_POINT('',(1.827084282788,0.950392349326));
#944 = CARTESIAN_POINT('',(1.827084281375,1.022718476114));
#945 = CARTESIAN_POINT('',(1.827084279068,1.095043542738));
#946 = CARTESIAN_POINT('',(1.82708427581,1.16736672678));
#947 = CARTESIAN_POINT('',(1.82708427154,1.239688083037));
#948 = CARTESIAN_POINT('',(1.827084266185,1.312005742086));
#949 = CARTESIAN_POINT('',(1.827084253155,1.456401868733));
#950 = CARTESIAN_POINT('',(1.82708424549,1.528488036726));
#951 = CARTESIAN_POINT('',(1.827084236565,1.600565581676));
#952 = CARTESIAN_POINT('',(1.827084226281,1.672633945991));
#953 = CARTESIAN_POINT('',(1.82708421451,1.744695447543));
#954 = CARTESIAN_POINT('',(1.827084201066,1.81675268157));
#955 = CARTESIAN_POINT('',(1.827084185666,1.888805922592));
#956 = CARTESIAN_POINT('',(1.827084150158,2.032843039316));
#957 = CARTESIAN_POINT('',(1.827084130211,2.104834267746));
#958 = CARTESIAN_POINT('',(1.827084107155,2.176819717803));
#959 = CARTESIAN_POINT('',(1.827084080635,2.248799779509));
#960 = CARTESIAN_POINT('',(1.827084050135,2.320777247661));
#961 = CARTESIAN_POINT('',(1.827084014264,2.39275484278));
#962 = CARTESIAN_POINT('',(1.827083970048,2.46473273206));
#963 = CARTESIAN_POINT('',(1.827083883302,2.572687170647));
#964 = CARTESIAN_POINT('',(1.827083851176,2.608668170489));
#965 = CARTESIAN_POINT('',(1.827083814274,2.644648934729));
#966 = CARTESIAN_POINT('',(1.827083771892,2.680629494565));
#967 = CARTESIAN_POINT('',(1.827083723016,2.716609950934));
#968 = CARTESIAN_POINT('',(1.827083665171,2.752590397922));
#969 = CARTESIAN_POINT('',(1.827083593257,2.788570846173));
#970 = CARTESIAN_POINT('',(1.827083450954,2.842541077837));
#971 = CARTESIAN_POINT('',(1.827083396443,2.860531002777));
#972 = CARTESIAN_POINT('',(1.827083335673,2.878520922546));
#973 = CARTESIAN_POINT('',(1.827083267357,2.896510838703));
#974 = CARTESIAN_POINT('',(1.827083188112,2.914500752941));
#975 = CARTESIAN_POINT('',(1.827083092453,2.932490667088));
#976 = CARTESIAN_POINT('',(1.827082972794,2.950480583111));
#977 = CARTESIAN_POINT('',(1.827082666145,2.986456237591));
#978 = CARTESIAN_POINT('',(1.827082333489,3.004442006145));
#979 = CARTESIAN_POINT('',(1.827082850039,3.022427603073));
#980 = CARTESIAN_POINT('',(1.82708065487,3.040413739179));
#981 = CARTESIAN_POINT('',(1.827083113847,3.058398947399));
#982 = CARTESIAN_POINT('',(1.827079360009,3.076385401542));
#983 = CARTESIAN_POINT('',(1.827080944328,3.094370789466));
#984 = CARTESIAN_POINT('',(1.827074988972,3.114660339035));
#985 = CARTESIAN_POINT('',(1.827074160152,3.116963160804));
#986 = CARTESIAN_POINT('',(1.827073270765,3.119265995235));
#987 = CARTESIAN_POINT('',(1.827072089082,3.121568889492));
#988 = CARTESIAN_POINT('',(1.827070520881,3.123871862235));
#989 = CARTESIAN_POINT('',(1.827068598144,3.126174906403));
#990 = CARTESIAN_POINT('',(1.827065994899,3.12847808378));
#991 = CARTESIAN_POINT('',(1.827058858316,3.131816355727));
#992 = CARTESIAN_POINT('',(1.8270528817,3.132849939412));
#993 = CARTESIAN_POINT('',(1.827048097785,3.133883167123));
#994 = CARTESIAN_POINT('',(1.827046195616,3.134916625621));
#995 = CARTESIAN_POINT('',(1.827045595831,3.135950783736));
#996 = CARTESIAN_POINT('',(1.827041450665,3.136985992364));
#997 = CARTESIAN_POINT('',(1.827025643946,3.13802248447));
#998 = CARTESIAN_POINT('',(1.826948665297,3.140078843946));
#999 = CARTESIAN_POINT('',(1.82686234702,3.140872828478));
#1000 = CARTESIAN_POINT('',(1.826632493246,3.141450691698));
#1001 = CARTESIAN_POINT('',(1.826224448239,3.141833784874));
#1002 = CARTESIAN_POINT('',(1.825664243547,3.142056447521));
#1003 = CARTESIAN_POINT('',(1.825038598002,3.142166007409));
#1004 = CARTESIAN_POINT('',(1.824494917725,3.142222780553));
#1005 = CARTESIAN_POINT('',(1.823246936219,3.142603100379));
#1006 = CARTESIAN_POINT('',(1.822252115014,3.142889191171));
#1007 = CARTESIAN_POINT('',(1.821257076325,3.143166444414));
#1008 = CARTESIAN_POINT('',(1.820261989168,3.14344067234));
#1009 = CARTESIAN_POINT('',(1.819266947758,3.143715398585));
#1010 = CARTESIAN_POINT('',(1.818271971508,3.143991858199));
#1011 = CARTESIAN_POINT('',(1.817277005027,3.144268997641));
#1012 = CARTESIAN_POINT('',(1.812053605175,3.145709780175));
#1013 = CARTESIAN_POINT('',(1.807825151407,3.146868822454));
#1014 = CARTESIAN_POINT('',(1.803596706252,3.148027972159));
#1015 = CARTESIAN_POINT('',(1.799368273738,3.149187307306));
#1016 = CARTESIAN_POINT('',(1.795139831836,3.150345604214));
#1017 = CARTESIAN_POINT('',(1.790911388241,3.151503144689));
#1018 = CARTESIAN_POINT('',(1.786682972611,3.152661339575));
#1019 = CARTESIAN_POINT('',(1.75197640903,3.162164744851));
#1020 = CARTESIAN_POINT('',(1.721498906791,3.170505859188));
#1021 = CARTESIAN_POINT('',(1.691023234387,3.1788512117));
#1022 = CARTESIAN_POINT('',(1.660550130549,3.187196888995));
#1023 = CARTESIAN_POINT('',(1.630080344348,3.195544222121));
#1024 = CARTESIAN_POINT('',(1.599614659868,3.203896297261));
#1025 = CARTESIAN_POINT('',(1.569153859637,3.212251322343));
#1026 = CARTESIAN_POINT('',(1.503966508487,3.230144968068));
#1027 = CARTESIAN_POINT('',(1.469241286349,3.239684864278));
#1028 = CARTESIAN_POINT('',(1.434524915717,3.249231665391));
#1029 = CARTESIAN_POINT('',(1.399818637948,3.258786409255));
#1030 = CARTESIAN_POINT('',(1.365123520157,3.268350201114));
#1031 = CARTESIAN_POINT('',(1.330440633385,3.277924167219));
#1032 = CARTESIAN_POINT('',(1.29577123077,3.287509408448));
#1033 = CARTESIAN_POINT('',(1.229228947505,3.305938362336));
#1034 = CARTESIAN_POINT('',(1.197353353587,3.314780299025));
#1035 = CARTESIAN_POINT('',(1.165491349073,3.323633578245));
#1036 = CARTESIAN_POINT('',(1.133643910315,3.33249909592));
#1037 = CARTESIAN_POINT('',(1.101811901776,3.341377796849));
#1038 = CARTESIAN_POINT('',(1.069996192899,3.350270641909));
#1039 = CARTESIAN_POINT('',(1.038197774984,3.359178575263));
#1040 = CARTESIAN_POINT('',(0.974633770516,3.377027590222));
#1041 = CARTESIAN_POINT('',(0.942867843814,3.385968772719));
#1042 = CARTESIAN_POINT('',(0.911121318361,3.394926937245));
#1043 = CARTESIAN_POINT('',(0.879395191636,3.403903060943));
#1044 = CARTESIAN_POINT('',(0.847690353262,3.412898169342));
#1045 = CARTESIAN_POINT('',(0.816007700074,3.421913305771));
#1046 = CARTESIAN_POINT('',(0.784348251201,3.430949500793));
#1047 = CARTESIAN_POINT('',(0.712892285505,3.451409927218));
#1048 = CARTESIAN_POINT('',(0.673109284004,3.462847267128));
#1049 = CARTESIAN_POINT('',(0.63336700331,3.474321668332));
#1050 = CARTESIAN_POINT('',(0.593667511786,3.485835287481));
#1051 = CARTESIAN_POINT('',(0.554012553773,3.497390457746));
#1052 = CARTESIAN_POINT('',(0.51440390189,3.50898961567));
#1053 = CARTESIAN_POINT('',(0.474843709326,3.520635228013));
#1054 = CARTESIAN_POINT('',(0.384264751971,3.547446305521));
#1055 = CARTESIAN_POINT('',(0.333277729247,3.562645361273));
#1056 = CARTESIAN_POINT('',(0.282381044587,3.577931854467));
#1057 = CARTESIAN_POINT('',(0.231579465392,3.593311946054));
#1058 = CARTESIAN_POINT('',(0.180876634997,3.608792837419));
#1059 = CARTESIAN_POINT('',(0.130276392325,3.624382582551));
#1060 = CARTESIAN_POINT('',(7.978405201274E-02,3.640089864273));
#1061 = CARTESIAN_POINT('',(2.754160818868E-02,3.656510250878));
#1062 = CARTESIAN_POINT('',(2.567572766714E-02,3.657096941761));
#1063 = CARTESIAN_POINT('',(2.381000374013E-02,3.657683807699));
#1064 = CARTESIAN_POINT('',(2.194443667422E-02,3.658270849202));
#1065 = CARTESIAN_POINT('',(2.007902673637E-02,3.658858066778));
#1066 = CARTESIAN_POINT('',(1.821377419398E-02,3.659445460939));
#1067 = CARTESIAN_POINT('',(1.634867931488E-02,3.660033032199));
#1068 = CARTESIAN_POINT('',(1.267274254246E-02,3.661191531262));
#1069 = CARTESIAN_POINT('',(1.086199114697E-02,3.661762417502));
#1070 = CARTESIAN_POINT('',(9.050972451739E-03,3.662333603289));
#1071 = CARTESIAN_POINT('',(7.240722037413E-03,3.662904761988));
#1072 = CARTESIAN_POINT('',(5.430456785378E-03,3.663476141574));
#1073 = CARTESIAN_POINT('',(3.6196984885E-03,3.664047893694));
#1074 = CARTESIAN_POINT('',(1.809952145134E-03,3.664619543416));
#1075 = CARTESIAN_POINT('',(0.,3.665191476025));
#1076 = ( GEOMETRIC_REPRESENTATION_CONTEXT(2) 
PARAMETRIC_REPRESENTATION_CONTEXT() REPRESENTATION_CONTEXT('2D SPACE',''
  ) );
#1077 = ORIENTED_EDGE('',*,*,#1078,.T.);
#1078 = EDGE_CURVE('',#24,#1079,#1081,.T.);
#1079 = VERTEX_POINT('',#1080);
#1080 = CARTESIAN_POINT('',(4.5,-9.992007221626E-16,0.));
#1081 = SURFACE_CURVE('',#1082,(#1090,#1097),.PCURVE_S1.);
#1082 = ( BOUNDED_CURVE() B_SPLINE_CURVE(6,(#1083,#1084,#1085,#1086,
#1087,#1088,#1089),.UNSPECIFIED.,.T.,.F.) B_SPLINE_CURVE_WITH_KNOTS((1,6
    ,6,1),(-6.28318530718,0.,6.28318530718,12.566370614359),
.UNSPECIFIED.) CURVE() GEOMETRIC_REPRESENTATION_ITEM() 
RATIONAL_B_SPLINE_CURVE((1.669078461068,1.03672962321,1.038346699848,
    0.853534330196,1.038346699848,1.03672962321,1.669078461068)) 
REPRESENTATION_ITEM('') );
#1083 = CARTESIAN_POINT('',(4.5,-9.992007221626E-16,0.));
#1084 = CARTESIAN_POINT('',(4.5,-1.110223024625E-15,1.412311614235));
#1085 = CARTESIAN_POINT('',(2.753634038034,-2.6645352591E-15,
    1.615095525759));
#1086 = CARTESIAN_POINT('',(1.313250617143,-1.942890293094E-16,
    3.552713678801E-15));
#1087 = CARTESIAN_POINT('',(2.753634038034,-1.026956297778E-15,
    -1.615095525759));
#1088 = CARTESIAN_POINT('',(4.5,1.554312234475E-15,-1.412311614235));
#1089 = CARTESIAN_POINT('',(4.5,-9.992007221626E-16,0.));
#1090 = PCURVE('',#185,#1091);
#1091 = DEFINITIONAL_REPRESENTATION('',(#1092),#1096);
#1092 = LINE('',#1093,#1094);
#1093 = CARTESIAN_POINT('',(0.,0.));
#1094 = VECTOR('',#1095,1.);
#1095 = DIRECTION('',(1.,0.));
#1096 = ( GEOMETRIC_REPRESENTATION_CONTEXT(2) 
PARAMETRIC_REPRESENTATION_CONTEXT() REPRESENTATION_CONTEXT('2D SPACE',''
  ) );
#1097 = PCURVE('',#1098,#1103);
#1098 = PLANE('',#1099);
#1099 = AXIS2_PLACEMENT_3D('',#1100,#1101,#1102);
#1100 = CARTESIAN_POINT('',(3.65013465975,-8.495433200527E-16,
    -5.224580728618E-16));
#1101 = DIRECTION('',(-0.,-1.,-7.492940570672E-16));
#1102 = DIRECTION('',(0.,7.492940570672E-16,-1.));
#1103 = DEFINITIONAL_REPRESENTATION('',(#1104),#1112);
#1104 = ( BOUNDED_CURVE() B_SPLINE_CURVE(6,(#1105,#1106,#1107,#1108,
#1109,#1110,#1111),.UNSPECIFIED.,.T.,.F.) B_SPLINE_CURVE_WITH_KNOTS((1,6
    ,6,1),(-6.28318530718,0.,6.28318530718,12.566370614359),
.UNSPECIFIED.) CURVE() GEOMETRIC_REPRESENTATION_ITEM() 
RATIONAL_B_SPLINE_CURVE((1.669078461068,1.03672962321,1.038346699848,
    0.853534330196,1.038346699848,1.03672962321,1.669078461068)) 
REPRESENTATION_ITEM('') );
#1105 = CARTESIAN_POINT('',(-5.224580728618E-16,0.84986534025));
#1106 = CARTESIAN_POINT('',(-1.412311614235,0.84986534025));
#1107 = CARTESIAN_POINT('',(-1.615095525759,-0.896500621716));
#1108 = CARTESIAN_POINT('',(-4.075171751662E-15,-2.336884042607));
#1109 = CARTESIAN_POINT('',(1.615095525759,-0.896500621716));
#1110 = CARTESIAN_POINT('',(1.412311614235,0.84986534025));
#1111 = CARTESIAN_POINT('',(-5.224580728618E-16,0.84986534025));
#1112 = ( GEOMETRIC_REPRESENTATION_CONTEXT(2) 
PARAMETRIC_REPRESENTATION_CONTEXT() REPRESENTATION_CONTEXT('2D SPACE',''
  ) );
#1113 = ORIENTED_EDGE('',*,*,#1114,.T.);
#1114 = EDGE_CURVE('',#1079,#22,#1115,.T.);
#1115 = SURFACE_CURVE('',#1116,(#1198,#1204),.PCURVE_S1.);
#1116 = ( BOUNDED_CURVE() B_SPLINE_CURVE(10,(#1117,#1118,#1119,#1120,
    #1121,#1122,#1123,#1124,#1125,#1126,#1127,#1128,#1129,#1130,#1131,
    #1132,#1133,#1134,#1135,#1136,#1137,#1138,#1139,#1140,#1141,#1142,
    #1143,#1144,#1145,#1146,#1147,#1148,#1149,#1150,#1151,#1152,#1153,
    #1154,#1155,#1156,#1157,#1158,#1159,#1160,#1161,#1162,#1163,#1164,
    #1165,#1166,#1167,#1168,#1169,#1170,#1171,#1172,#1173,#1174,#1175,
    #1176,#1177,#1178,#1179,#1180,#1181,#1182,#1183,#1184,#1185,#1186,
    #1187,#1188,#1189,#1190,#1191,#1192,#1193,#1194,#1195,#1196,#1197),
.UNSPECIFIED.,.F.,.F.) B_SPLINE_CURVE_WITH_KNOTS((11,10,10,10,10,10,10,
    10,11),(0.,5.630501675839,11.261003351678,16.891505027517,
    22.522006703356,28.152508379195,33.783010055034,39.413511730874,
45.044013406713),.PIECEWISE_BEZIER_KNOTS.) CURVE() 
GEOMETRIC_REPRESENTATION_ITEM() RATIONAL_B_SPLINE_CURVE((1.669078461068,
    1.669078461068,1.669078461068,1.669078461069,1.669078461067,
    1.669078461069,1.669078461067,1.669078461069,1.669078461068,
    1.669078461068,1.669078461068,1.669078461068,1.669078461068,
    1.669078461068,1.669078461069,1.669078461067,1.669078461069,
    1.669078461068,1.669078461068,1.669078461068,1.669078461068,
    1.669078461068,1.669078461068,1.669078461068,1.669078461068,
    1.669078461068,1.669078461068,1.669078461068,1.669078461068,
    1.669078461068,1.669078461068,1.669078461068,1.669078461068,
    1.669078461068,1.669078461068,1.669078461069,1.669078461068,
    1.669078461068,1.669078461068,1.669078461068,1.669078461068,
    1.669078461068,1.669078461069,1.669078461068,1.669078461069,
    1.669078461067,1.669078461069,1.669078461068,1.669078461068,
    1.669078461068,1.669078461068,1.669078461068,1.669078461068,
    1.669078461069,1.669078461068,1.669078461069,1.669078461068,
    1.669078461069,1.669078461068,1.669078461068,1.669078461068,
    1.669078461068,1.669078461068,1.669078461069,1.669078461068,
    1.669078461069,1.669078461068,1.669078461069,1.669078461068,
    1.669078461068,1.669078461068,1.669078461068,1.669078461068,
    1.669078461068,1.669078461069,1.669078461068,1.669078461069,
    1.669078461068,1.669078461068,1.669078461068,1.669078461068)) 
REPRESENTATION_ITEM('') );
#1117 = CARTESIAN_POINT('',(4.5,-9.992007221626E-16,0.));
#1118 = CARTESIAN_POINT('',(4.499999951139,2.297277981593,0.237516627833
    ));
#1119 = CARTESIAN_POINT('',(3.197068819098,4.59481246883,0.474958005495)
  );
#1120 = CARTESIAN_POINT('',(0.589645107957,6.059118307374,0.712575931887
    ));
#1121 = CARTESIAN_POINT('',(-2.708414947482,5.866379023573,
    0.949935563896));
#1122 = CARTESIAN_POINT('',(-5.508039675794,3.680353269608,
    1.187514991773));
#1123 = CARTESIAN_POINT('',(-6.456291182571,0.257285699237,
    1.425044386625));
#1124 = CARTESIAN_POINT('',(-5.372250104421,-2.863485934629,
    1.662448032737));
#1125 = CARTESIAN_POINT('',(-3.021587037883,-4.712063873159,
    1.900032115819));
#1126 = CARTESIAN_POINT('',(-0.400334215135,-5.036588470535,
    2.137495940202));
#1127 = CARTESIAN_POINT('',(1.722075445643,-4.157457896301,
    2.374999999999));
#1128 = CARTESIAN_POINT('',(3.844483534627,-3.278327628067,
    2.612516627836));
#1129 = CARTESIAN_POINT('',(5.468518464879,-1.195347839347,
    2.849958005489));
#1130 = CARTESIAN_POINT('',(5.823542803039,1.773963144285,3.087575931896
    ));
#1131 = CARTESIAN_POINT('',(4.38336198146,4.747215195819,3.324935563887)
  );
#1132 = CARTESIAN_POINT('',(1.292367529463,6.49717534226,3.562514991779)
  );
#1133 = CARTESIAN_POINT('',(-2.233014678556,6.063294253989,
    3.800044386622));
#1134 = CARTESIAN_POINT('',(-4.701387156127,3.867503289015,
    4.037448032738));
#1135 = CARTESIAN_POINT('',(-5.509690667142,0.988353643497,
    4.275032115819));
#1136 = CARTESIAN_POINT('',(-4.806402273151,-1.557558375787,
    4.512495940202));
#1137 = CARTESIAN_POINT('',(-3.181980515339,-3.18198051534,
    4.749999999998));
#1138 = CARTESIAN_POINT('',(-1.557559641735,-4.806401319844,
    4.987516627836));
#1139 = CARTESIAN_POINT('',(0.988354013087,-5.509692096894,
    5.224958005492));
#1140 = CARTESIAN_POINT('',(3.867501588826,-4.701385697487,
    5.462575931886));
#1141 = CARTESIAN_POINT('',(6.063294964209,-2.233017812947,
    5.699935563906));
#1142 = CARTESIAN_POINT('',(6.497174959901,1.292369451698,5.937514991753
    ));
#1143 = CARTESIAN_POINT('',(4.747215739145,4.383358813876,6.175044386652
    ));
#1144 = CARTESIAN_POINT('',(1.773964156855,5.823544801276,6.412448032711
    ));
#1145 = CARTESIAN_POINT('',(-1.19534763366,5.468517002527,6.650032115839
    ));
#1146 = CARTESIAN_POINT('',(-3.278326823299,3.844484899824,6.88749594019
    ));
#1147 = CARTESIAN_POINT('',(-4.157457896301,1.722075445643,
    7.125000000004));
#1148 = CARTESIAN_POINT('',(-5.036588074253,-0.400332680739,
    7.362516627821));
#1149 = CARTESIAN_POINT('',(-4.712065052638,-3.021587926477,
    7.599958005515));
#1150 = CARTESIAN_POINT('',(-2.863485237662,-5.372247975459,
    7.837575931865));
#1151 = CARTESIAN_POINT('',(0.257283075233,-6.456293038204,
    8.074935563911));
#1152 = CARTESIAN_POINT('',(3.680354899199,-5.508038586932,8.31251499177
    ));
#1153 = CARTESIAN_POINT('',(5.866376305021,-2.708416661636,
    8.550044386619));
#1154 = CARTESIAN_POINT('',(6.059120541006,0.589644937161,8.787448032746
    ));
#1155 = CARTESIAN_POINT('',(4.594811196501,3.197068069447,9.025032115812
    ));
#1156 = CARTESIAN_POINT('',(2.297279550844,4.499999730069,9.262495940205
    ));
#1157 = CARTESIAN_POINT('',(-1.520502473928E-13,4.5,9.499999999999));
#1158 = CARTESIAN_POINT('',(-2.297277981593,4.49999995114,9.737516627837
    ));
#1159 = CARTESIAN_POINT('',(-4.594812468829,3.197068819095,
    9.974958005488));
#1160 = CARTESIAN_POINT('',(-6.059118307378,0.589645107961,
    10.212575931893));
#1161 = CARTESIAN_POINT('',(-5.866379023567,-2.708414947484,
    10.449935563901));
#1162 = CARTESIAN_POINT('',(-3.680353269611,-5.508039675794,
    10.68751499175));
#1163 = CARTESIAN_POINT('',(-0.257285699238,-6.456291182571,
    10.925044386664));
#1164 = CARTESIAN_POINT('',(2.863485934631,-5.372250104419,
    11.162448032694));
#1165 = CARTESIAN_POINT('',(4.712063873158,-3.021587037886,
    11.400032115853));
#1166 = CARTESIAN_POINT('',(5.036588470535,-0.400334215133,
    11.637495940182));
#1167 = CARTESIAN_POINT('',(4.157457896301,1.722075445642,
    11.875000000007));
#1168 = CARTESIAN_POINT('',(3.278327628066,3.84448353463,12.11251662781)
  );
#1169 = CARTESIAN_POINT('',(1.195347839348,5.468518464873,
    12.349958005539));
#1170 = CARTESIAN_POINT('',(-1.773963144281,5.823542803045,
    12.587575931828));
#1171 = CARTESIAN_POINT('',(-4.747215195829,4.383361981458,
    12.824935563959));
#1172 = CARTESIAN_POINT('',(-6.497175342245,1.29236752946,
    13.062514991717));
#1173 = CARTESIAN_POINT('',(-6.063294254002,-2.23301467855,
    13.30004438667));
#1174 = CARTESIAN_POINT('',(-3.867503289008,-4.701387156132,
    13.537448032702));
#1175 = CARTESIAN_POINT('',(-0.9883536435,-5.50969066714,13.775032115845
    ));
#1176 = CARTESIAN_POINT('',(1.557558375789,-4.806402273151,
    14.012495940183));
#1177 = CARTESIAN_POINT('',(3.181980515339,-3.18198051534,14.25000000001
    ));
#1178 = CARTESIAN_POINT('',(4.806401319848,-1.557559641732,
    14.487516627803));
#1179 = CARTESIAN_POINT('',(5.509692096886,0.988354013083,
    14.724958005548));
#1180 = CARTESIAN_POINT('',(4.701385697499,3.867501588827,
    14.962575931818));
#1181 = CARTESIAN_POINT('',(2.233017812934,6.063294964215,
    15.199935563968));
#1182 = CARTESIAN_POINT('',(-1.292369451689,6.49717495989,
    15.437514991707));
#1183 = CARTESIAN_POINT('',(-4.383358813878,4.747215739156,
    15.675044386682));
#1184 = CARTESIAN_POINT('',(-5.823544801277,1.773964156849,
    15.91244803269));
#1185 = CARTESIAN_POINT('',(-5.468517002526,-1.195347633658,
    16.150032115855));
#1186 = CARTESIAN_POINT('',(-3.844484899823,-3.2783268233,
    16.387495940177));
#1187 = CARTESIAN_POINT('',(-1.722075445644,-4.1574578963,
    16.625000000014));
#1188 = CARTESIAN_POINT('',(0.400332680741,-5.036588127141,
    16.862516212867));
#1189 = CARTESIAN_POINT('',(3.021587926478,-4.712064825932,
    17.099959784185));
#1190 = CARTESIAN_POINT('',(5.372247975451,-2.863485823151,
    17.337571338319));
#1191 = CARTESIAN_POINT('',(6.456293038227,0.257284183897,
    17.574944262137));
#1192 = CARTESIAN_POINT('',(5.508038586893,3.680353252802,
    17.812502074634));
#1193 = CARTESIAN_POINT('',(2.708416661685,5.86637828069,18.050059887154
    ));
#1194 = CARTESIAN_POINT('',(-0.589644937207,6.059118600866,
    18.287432810946));
#1195 = CARTESIAN_POINT('',(-3.197068069413,4.594812757772,
    18.525044365104));
#1196 = CARTESIAN_POINT('',(-4.49999973009,2.297278530695,
    18.762487936406));
#1197 = CARTESIAN_POINT('',(-4.49999999999,5.288575176399E-07,
    19.000004149266));
#1198 = PCURVE('',#185,#1199);
#1199 = DEFINITIONAL_REPRESENTATION('',(#1200),#1203);
#1200 = B_SPLINE_CURVE_WITH_KNOTS('',1,(#1201,#1202),.UNSPECIFIED.,.F.,
  .F.,(2,2),(0.,45.044013406713),.PIECEWISE_BEZIER_KNOTS.);
#1201 = CARTESIAN_POINT('',(6.28318530718,0.));
#1202 = CARTESIAN_POINT('',(6.28318530718,45.044013406713));
#1203 = ( GEOMETRIC_REPRESENTATION_CONTEXT(2) 
PARAMETRIC_REPRESENTATION_CONTEXT() REPRESENTATION_CONTEXT('2D SPACE',''
  ) );
#1204 = PCURVE('',#1205,#1773);
#1205 = ( BOUNDED_SURFACE() B_SPLINE_SURFACE(6,10,(
    (#1206,#1207,#1208,#1209,#1210,#1211,#1212,#1213,#1214,#1215,#1216
      ,#1217,#1218,#1219,#1220,#1221,#1222,#1223,#1224,#1225,#1226,#1227
      ,#1228,#1229,#1230,#1231,#1232,#1233,#1234,#1235,#1236,#1237,#1238
      ,#1239,#1240,#1241,#1242,#1243,#1244,#1245,#1246,#1247,#1248,#1249
      ,#1250,#1251,#1252,#1253,#1254,#1255,#1256,#1257,#1258,#1259,#1260
      ,#1261,#1262,#1263,#1264,#1265,#1266,#1267,#1268,#1269,#1270,#1271
      ,#1272,#1273,#1274,#1275,#1276,#1277,#1278,#1279,#1280,#1281,#1282
      ,#1283,#1284,#1285,#1286)
    ,(#1287,#1288,#1289,#1290,#1291,#1292,#1293,#1294,#1295,#1296,#1297
      ,#1298,#1299,#1300,#1301,#1302,#1303,#1304,#1305,#1306,#1307,#1308
      ,#1309,#1310,#1311,#1312,#1313,#1314,#1315,#1316,#1317,#1318,#1319
      ,#1320,#1321,#1322,#1323,#1324,#1325,#1326,#1327,#1328,#1329,#1330
      ,#1331,#1332,#1333,#1334,#1335,#1336,#1337,#1338,#1339,#1340,#1341
      ,#1342,#1343,#1344,#1345,#1346,#1347,#1348,#1349,#1350,#1351,#1352
      ,#1353,#1354,#1355,#1356,#1357,#1358,#1359,#1360,#1361,#1362,#1363
      ,#1364,#1365,#1366,#1367)
    ,(#1368,#1369,#1370,#1371,#1372,#1373,#1374,#1375,#1376,#1377,#1378
      ,#1379,#1380,#1381,#1382,#1383,#1384,#1385,#1386,#1387,#1388,#1389
      ,#1390,#1391,#1392,#1393,#1394,#1395,#1396,#1397,#1398,#1399,#1400
      ,#1401,#1402,#1403,#1404,#1405,#1406,#1407,#1408,#1409,#1410,#1411
      ,#1412,#1413,#1414,#1415,#1416,#1417,#1418,#1419,#1420,#1421,#1422
      ,#1423,#1424,#1425,#1426,#1427,#1428,#1429,#1430,#1431,#1432,#1433
      ,#1434,#1435,#1436,#1437,#1438,#1439,#1440,#1441,#1442,#1443,#1444
      ,#1445,#1446,#1447,#1448)
    ,(#1449,#1450,#1451,#1452,#1453,#1454,#1455,#1456,#1457,#1458,#1459
      ,#1460,#1461,#1462,#1463,#1464,#1465,#1466,#1467,#1468,#1469,#1470
      ,#1471,#1472,#1473,#1474,#1475,#1476,#1477,#1478,#1479,#1480,#1481
      ,#1482,#1483,#1484,#1485,#1486,#1487,#1488,#1489,#1490,#1491,#1492
      ,#1493,#1494,#1495,#1496,#1497,#1498,#1499,#1500,#1501,#1502,#1503
      ,#1504,#1505,#1506,#1507,#1508,#1509,#1510,#1511,#1512,#1513,#1514
      ,#1515,#1516,#1517,#1518,#1519,#1520,#1521,#1522,#1523,#1524,#1525
      ,#1526,#1527,#1528,#1529)
    ,(#1530,#1531,#1532,#1533,#1534,#1535,#1536,#1537,#1538,#1539,#1540
      ,#1541,#1542,#1543,#1544,#1545,#1546,#1547,#1548,#1549,#1550,#1551
      ,#1552,#1553,#1554,#1555,#1556,#1557,#1558,#1559,#1560,#1561,#1562
      ,#1563,#1564,#1565,#1566,#1567,#1568,#1569,#1570,#1571,#1572,#1573
      ,#1574,#1575,#1576,#1577,#1578,#1579,#1580,#1581,#1582,#1583,#1584
      ,#1585,#1586,#1587,#1588,#1589,#1590,#1591,#1592,#1593,#1594,#1595
      ,#1596,#1597,#1598,#1599,#1600,#1601,#1602,#1603,#1604,#1605,#1606
      ,#1607,#1608,#1609,#1610)
    ,(#1611,#1612,#1613,#1614,#1615,#1616,#1617,#1618,#1619,#1620,#1621
      ,#1622,#1623,#1624,#1625,#1626,#1627,#1628,#1629,#1630,#1631,#1632
      ,#1633,#1634,#1635,#1636,#1637,#1638,#1639,#1640,#1641,#1642,#1643
      ,#1644,#1645,#1646,#1647,#1648,#1649,#1650,#1651,#1652,#1653,#1654
      ,#1655,#1656,#1657,#1658,#1659,#1660,#1661,#1662,#1663,#1664,#1665
      ,#1666,#1667,#1668,#1669,#1670,#1671,#1672,#1673,#1674,#1675,#1676
      ,#1677,#1678,#1679,#1680,#1681,#1682,#1683,#1684,#1685,#1686,#1687
      ,#1688,#1689,#1690,#1691)
    ,(#1692,#1693,#1694,#1695,#1696,#1697,#1698,#1699,#1700,#1701,#1702
      ,#1703,#1704,#1705,#1706,#1707,#1708,#1709,#1710,#1711,#1712,#1713
      ,#1714,#1715,#1716,#1717,#1718,#1719,#1720,#1721,#1722,#1723,#1724
      ,#1725,#1726,#1727,#1728,#1729,#1730,#1731,#1732,#1733,#1734,#1735
      ,#1736,#1737,#1738,#1739,#1740,#1741,#1742,#1743,#1744,#1745,#1746
      ,#1747,#1748,#1749,#1750,#1751,#1752,#1753,#1754,#1755,#1756,#1757
      ,#1758,#1759,#1760,#1761,#1762,#1763,#1764,#1765,#1766,#1767,#1768
      ,#1769,#1770,#1771,#1772
)),.UNSPECIFIED.,.T.,.F.,.F.) B_SPLINE_SURFACE_WITH_KNOTS((1,6,6,1),(11,
    10,10,10,10,10,10,10,11),(-6.28318530718,0.,6.28318530718,
    12.566370614359),(0.,5.630501675839,11.261003351678,16.891505027517,
    22.522006703356,28.152508379195,33.783010055034,39.413511730874,
45.044013406713),.UNSPECIFIED.) GEOMETRIC_REPRESENTATION_ITEM() 
RATIONAL_B_SPLINE_SURFACE((
    (1.669078461068,1.669078461068,1.669078461068,1.669078461069
      ,1.669078461067,1.669078461069,1.669078461067,1.669078461069
      ,1.669078461068,1.669078461068,1.669078461068,1.669078461068
      ,1.669078461068,1.669078461068,1.669078461069,1.669078461067
      ,1.669078461069,1.669078461068,1.669078461068,1.669078461068
      ,1.669078461068,1.669078461068,1.669078461068,1.669078461068
      ,1.669078461068,1.669078461068,1.669078461068,1.669078461068
      ,1.669078461068,1.669078461068,1.669078461068,1.669078461068
      ,1.669078461068,1.669078461068,1.669078461068,1.669078461069
      ,1.669078461068,1.669078461068,1.669078461068,1.669078461068
      ,1.669078461068,1.669078461068,1.669078461069,1.669078461068
      ,1.669078461069,1.669078461067,1.669078461069,1.669078461068
      ,1.669078461068,1.669078461068,1.669078461068,1.669078461068
      ,1.669078461068,1.669078461069,1.669078461068,1.669078461069
      ,1.669078461068,1.669078461069,1.669078461068,1.669078461068
      ,1.669078461068,1.669078461068,1.669078461068,1.669078461069
      ,1.669078461068,1.669078461069,1.669078461068,1.669078461069
      ,1.669078461068,1.669078461068,1.669078461068,1.669078461068
      ,1.669078461068,1.669078461068,1.669078461069,1.669078461068
      ,1.669078461069,1.669078461068,1.669078461068,1.669078461068
      ,1.669078461068)
    ,(1.03672962321,1.03672962321,1.036729623209,1.03672962321
      ,1.036729623209,1.03672962321,1.036729623209,1.03672962321
      ,1.036729623209,1.03672962321,1.03672962321,1.03672962321
      ,1.03672962321,1.036729623209,1.03672962321,1.036729623209
      ,1.03672962321,1.036729623209,1.03672962321,1.03672962321
      ,1.03672962321,1.03672962321,1.03672962321,1.03672962321
      ,1.03672962321,1.03672962321,1.03672962321,1.03672962321
      ,1.03672962321,1.03672962321,1.03672962321,1.03672962321
      ,1.03672962321,1.03672962321,1.036729623209,1.03672962321
      ,1.036729623209,1.03672962321,1.03672962321,1.03672962321
      ,1.03672962321,1.03672962321,1.03672962321,1.036729623209
      ,1.03672962321,1.036729623209,1.03672962321,1.036729623209
      ,1.03672962321,1.03672962321,1.03672962321,1.03672962321
      ,1.03672962321,1.03672962321,1.036729623209,1.03672962321
      ,1.036729623209,1.03672962321,1.03672962321,1.03672962321
      ,1.03672962321,1.03672962321,1.036729623209,1.03672962321
      ,1.036729623209,1.03672962321,1.036729623209,1.03672962321
      ,1.03672962321,1.03672962321,1.03672962321,1.03672962321
      ,1.03672962321,1.036729623209,1.03672962321,1.036729623209
      ,1.03672962321,1.036729623209,1.03672962321,1.03672962321
      ,1.03672962321)
    ,(1.038346699848,1.038346699848,1.038346699847,1.038346699848
      ,1.038346699847,1.038346699848,1.038346699847,1.038346699848
      ,1.038346699847,1.038346699848,1.038346699848,1.038346699847
      ,1.038346699848,1.038346699847,1.038346699848,1.038346699847
      ,1.038346699848,1.038346699847,1.038346699848,1.038346699847
      ,1.038346699848,1.038346699847,1.038346699848,1.038346699847
      ,1.038346699848,1.038346699847,1.038346699848,1.038346699847
      ,1.038346699848,1.038346699847,1.038346699848,1.038346699848
      ,1.038346699847,1.038346699848,1.038346699847,1.038346699848
      ,1.038346699847,1.038346699848,1.038346699847,1.038346699848
      ,1.038346699848,1.038346699847,1.038346699848,1.038346699847
      ,1.038346699848,1.038346699847,1.038346699848,1.038346699847
      ,1.038346699848,1.038346699848,1.038346699848,1.038346699848
      ,1.038346699847,1.038346699848,1.038346699847,1.038346699848
      ,1.038346699847,1.038346699848,1.038346699847,1.038346699848
      ,1.038346699848,1.038346699848,1.038346699847,1.038346699848
      ,1.038346699847,1.038346699848,1.038346699847,1.038346699848
      ,1.038346699847,1.038346699848,1.038346699848,1.038346699847
      ,1.038346699848,1.038346699847,1.038346699848,1.038346699847
      ,1.038346699848,1.038346699847,1.038346699848,1.038346699848
      ,1.038346699848)
    ,(0.853534330196,0.853534330196,0.853534330196,0.853534330196
      ,0.853534330196,0.853534330197,0.853534330196,0.853534330196
      ,0.853534330196,0.853534330196,0.853534330196,0.853534330196
      ,0.853534330196,0.853534330196,0.853534330197,0.853534330196
      ,0.853534330196,0.853534330196,0.853534330196,0.853534330196
      ,0.853534330196,0.853534330196,0.853534330196,0.853534330196
      ,0.853534330196,0.853534330196,0.853534330196,0.853534330196
      ,0.853534330196,0.853534330196,0.853534330196,0.853534330196
      ,0.853534330196,0.853534330196,0.853534330196,0.853534330196
      ,0.853534330196,0.853534330196,0.853534330196,0.853534330196
      ,0.853534330196,0.853534330196,0.853534330196,0.853534330196
      ,0.853534330197,0.853534330196,0.853534330196,0.853534330196
      ,0.853534330196,0.853534330196,0.853534330196,0.853534330196
      ,0.853534330196,0.853534330196,0.853534330196,0.853534330196
      ,0.853534330196,0.853534330196,0.853534330196,0.853534330196
      ,0.853534330196,0.853534330196,0.853534330196,0.853534330197
      ,0.853534330196,0.853534330197,0.853534330196,0.853534330196
      ,0.853534330196,0.853534330196,0.853534330196,0.853534330196
      ,0.853534330196,0.853534330196,0.853534330196,0.853534330196
      ,0.853534330196,0.853534330196,0.853534330196,0.853534330196
      ,0.853534330196)
    ,(1.038346699848,1.038346699848,1.038346699847,1.038346699848
      ,1.038346699847,1.038346699848,1.038346699847,1.038346699848
      ,1.038346699847,1.038346699848,1.038346699848,1.038346699847
      ,1.038346699848,1.038346699847,1.038346699848,1.038346699847
      ,1.038346699848,1.038346699847,1.038346699848,1.038346699847
      ,1.038346699848,1.038346699847,1.038346699848,1.038346699847
      ,1.038346699848,1.038346699847,1.038346699848,1.038346699847
      ,1.038346699848,1.038346699847,1.038346699848,1.038346699848
      ,1.038346699847,1.038346699848,1.038346699847,1.038346699848
      ,1.038346699847,1.038346699848,1.038346699847,1.038346699848
      ,1.038346699848,1.038346699847,1.038346699848,1.038346699847
      ,1.038346699848,1.038346699847,1.038346699848,1.038346699847
      ,1.038346699848,1.038346699848,1.038346699848,1.038346699848
      ,1.038346699847,1.038346699848,1.038346699847,1.038346699848
      ,1.038346699847,1.038346699848,1.038346699847,1.038346699848
      ,1.038346699848,1.038346699848,1.038346699847,1.038346699848
      ,1.038346699847,1.038346699848,1.038346699847,1.038346699848
      ,1.038346699847,1.038346699848,1.038346699848,1.038346699847
      ,1.038346699848,1.038346699847,1.038346699848,1.038346699847
      ,1.038346699848,1.038346699847,1.038346699848,1.038346699848
      ,1.038346699848)
    ,(1.03672962321,1.03672962321,1.036729623209,1.03672962321
      ,1.036729623209,1.03672962321,1.036729623209,1.03672962321
      ,1.03672962321,1.03672962321,1.03672962321,1.03672962321
      ,1.03672962321,1.036729623209,1.03672962321,1.036729623209
      ,1.03672962321,1.036729623209,1.03672962321,1.03672962321
      ,1.03672962321,1.03672962321,1.03672962321,1.036729623209
      ,1.03672962321,1.036729623209,1.03672962321,1.036729623209
      ,1.03672962321,1.03672962321,1.03672962321,1.03672962321
      ,1.03672962321,1.03672962321,1.036729623209,1.03672962321
      ,1.03672962321,1.03672962321,1.03672962321,1.03672962321
      ,1.03672962321,1.03672962321,1.03672962321,1.036729623209
      ,1.03672962321,1.036729623209,1.03672962321,1.036729623209
      ,1.03672962321,1.03672962321,1.03672962321,1.03672962321
      ,1.03672962321,1.03672962321,1.036729623209,1.03672962321
      ,1.036729623209,1.03672962321,1.03672962321,1.03672962321
      ,1.03672962321,1.03672962321,1.036729623209,1.03672962321
      ,1.036729623209,1.03672962321,1.036729623209,1.03672962321
      ,1.03672962321,1.03672962321,1.03672962321,1.03672962321
      ,1.03672962321,1.036729623209,1.03672962321,1.036729623209
      ,1.03672962321,1.036729623209,1.03672962321,1.03672962321
      ,1.03672962321)
    ,(1.669078461068,1.669078461068,1.669078461068,1.669078461069
      ,1.669078461067,1.669078461069,1.669078461067,1.669078461069
      ,1.669078461068,1.669078461068,1.669078461068,1.669078461068
      ,1.669078461068,1.669078461068,1.669078461069,1.669078461067
      ,1.669078461069,1.669078461068,1.669078461068,1.669078461068
      ,1.669078461068,1.669078461068,1.669078461068,1.669078461068
      ,1.669078461068,1.669078461068,1.669078461068,1.669078461068
      ,1.669078461068,1.669078461068,1.669078461068,1.669078461068
      ,1.669078461068,1.669078461068,1.669078461068,1.669078461069
      ,1.669078461068,1.669078461068,1.669078461068,1.669078461068
      ,1.669078461068,1.669078461068,1.669078461069,1.669078461068
      ,1.669078461069,1.669078461067,1.669078461069,1.669078461068
      ,1.669078461068,1.669078461068,1.669078461068,1.669078461068
      ,1.669078461068,1.669078461069,1.669078461068,1.669078461069
      ,1.669078461068,1.669078461069,1.669078461068,1.669078461068
      ,1.669078461068,1.669078461068,1.669078461068,1.669078461069
      ,1.669078461068,1.669078461069,1.669078461068,1.669078461069
      ,1.669078461068,1.669078461068,1.669078461068,1.669078461068
      ,1.669078461068,1.669078461068,1.669078461069,1.669078461068
      ,1.669078461069,1.669078461068,1.669078461068,1.669078461068
,1.669078461068))) REPRESENTATION_ITEM('') SURFACE() );
#1206 = CARTESIAN_POINT('',(4.5,-9.992007221626E-16,0.));
#1207 = CARTESIAN_POINT('',(4.499999951139,2.297277981593,0.237516627833
    ));
#1208 = CARTESIAN_POINT('',(3.197068819098,4.59481246883,0.474958005495)
  );
#1209 = CARTESIAN_POINT('',(0.589645107957,6.059118307374,0.712575931887
    ));
#1210 = CARTESIAN_POINT('',(-2.708414947482,5.866379023573,
    0.949935563896));
#1211 = CARTESIAN_POINT('',(-5.508039675794,3.680353269608,
    1.187514991773));
#1212 = CARTESIAN_POINT('',(-6.456291182571,0.257285699237,
    1.425044386625));
#1213 = CARTESIAN_POINT('',(-5.372250104421,-2.863485934629,
    1.662448032737));
#1214 = CARTESIAN_POINT('',(-3.021587037883,-4.712063873159,
    1.900032115819));
#1215 = CARTESIAN_POINT('',(-0.400334215135,-5.036588470535,
    2.137495940202));
#1216 = CARTESIAN_POINT('',(1.722075445643,-4.157457896301,
    2.374999999999));
#1217 = CARTESIAN_POINT('',(3.844483534627,-3.278327628067,
    2.612516627836));
#1218 = CARTESIAN_POINT('',(5.468518464879,-1.195347839347,
    2.849958005489));
#1219 = CARTESIAN_POINT('',(5.823542803039,1.773963144285,3.087575931896
    ));
#1220 = CARTESIAN_POINT('',(4.38336198146,4.747215195819,3.324935563887)
  );
#1221 = CARTESIAN_POINT('',(1.292367529463,6.49717534226,3.562514991779)
  );
#1222 = CARTESIAN_POINT('',(-2.233014678556,6.063294253989,
    3.800044386622));
#1223 = CARTESIAN_POINT('',(-4.701387156127,3.867503289015,
    4.037448032738));
#1224 = CARTESIAN_POINT('',(-5.509690667142,0.988353643497,
    4.275032115819));
#1225 = CARTESIAN_POINT('',(-4.806402273151,-1.557558375787,
    4.512495940202));
#1226 = CARTESIAN_POINT('',(-3.181980515339,-3.18198051534,
    4.749999999998));
#1227 = CARTESIAN_POINT('',(-1.557559641735,-4.806401319844,
    4.987516627836));
#1228 = CARTESIAN_POINT('',(0.988354013087,-5.509692096894,
    5.224958005492));
#1229 = CARTESIAN_POINT('',(3.867501588826,-4.701385697487,
    5.462575931886));
#1230 = CARTESIAN_POINT('',(6.063294964209,-2.233017812947,
    5.699935563906));
#1231 = CARTESIAN_POINT('',(6.497174959901,1.292369451698,5.937514991753
    ));
#1232 = CARTESIAN_POINT('',(4.747215739145,4.383358813876,6.175044386652
    ));
#1233 = CARTESIAN_POINT('',(1.773964156855,5.823544801276,6.412448032711
    ));
#1234 = CARTESIAN_POINT('',(-1.19534763366,5.468517002527,6.650032115839
    ));
#1235 = CARTESIAN_POINT('',(-3.278326823299,3.844484899824,6.88749594019
    ));
#1236 = CARTESIAN_POINT('',(-4.157457896301,1.722075445643,
    7.125000000004));
#1237 = CARTESIAN_POINT('',(-5.036588074253,-0.400332680739,
    7.362516627821));
#1238 = CARTESIAN_POINT('',(-4.712065052638,-3.021587926477,
    7.599958005515));
#1239 = CARTESIAN_POINT('',(-2.863485237662,-5.372247975459,
    7.837575931865));
#1240 = CARTESIAN_POINT('',(0.257283075233,-6.456293038204,
    8.074935563911));
#1241 = CARTESIAN_POINT('',(3.680354899199,-5.508038586932,8.31251499177
    ));
#1242 = CARTESIAN_POINT('',(5.866376305021,-2.708416661636,
    8.550044386619));
#1243 = CARTESIAN_POINT('',(6.059120541006,0.589644937161,8.787448032746
    ));
#1244 = CARTESIAN_POINT('',(4.594811196501,3.197068069447,9.025032115812
    ));
#1245 = CARTESIAN_POINT('',(2.297279550844,4.499999730069,9.262495940205
    ));
#1246 = CARTESIAN_POINT('',(-1.520502473928E-13,4.5,9.499999999999));
#1247 = CARTESIAN_POINT('',(-2.297277981593,4.49999995114,9.737516627837
    ));
#1248 = CARTESIAN_POINT('',(-4.594812468829,3.197068819095,
    9.974958005488));
#1249 = CARTESIAN_POINT('',(-6.059118307378,0.589645107961,
    10.212575931893));
#1250 = CARTESIAN_POINT('',(-5.866379023567,-2.708414947484,
    10.449935563901));
#1251 = CARTESIAN_POINT('',(-3.680353269611,-5.508039675794,
    10.68751499175));
#1252 = CARTESIAN_POINT('',(-0.257285699238,-6.456291182571,
    10.925044386664));
#1253 = CARTESIAN_POINT('',(2.863485934631,-5.372250104419,
    11.162448032694));
#1254 = CARTESIAN_POINT('',(4.712063873158,-3.021587037886,
    11.400032115853));
#1255 = CARTESIAN_POINT('',(5.036588470535,-0.400334215133,
    11.637495940182));
#1256 = CARTESIAN_POINT('',(4.157457896301,1.722075445642,
    11.875000000007));
#1257 = CARTESIAN_POINT('',(3.278327628066,3.84448353463,12.11251662781)
  );
#1258 = CARTESIAN_POINT('',(1.195347839348,5.468518464873,
    12.349958005539));
#1259 = CARTESIAN_POINT('',(-1.773963144281,5.823542803045,
    12.587575931828));
#1260 = CARTESIAN_POINT('',(-4.747215195829,4.383361981458,
    12.824935563959));
#1261 = CARTESIAN_POINT('',(-6.497175342245,1.29236752946,
    13.062514991717));
#1262 = CARTESIAN_POINT('',(-6.063294254002,-2.23301467855,
    13.30004438667));
#1263 = CARTESIAN_POINT('',(-3.867503289008,-4.701387156132,
    13.537448032702));
#1264 = CARTESIAN_POINT('',(-0.9883536435,-5.50969066714,13.775032115845
    ));
#1265 = CARTESIAN_POINT('',(1.557558375789,-4.806402273151,
    14.012495940183));
#1266 = CARTESIAN_POINT('',(3.181980515339,-3.18198051534,14.25000000001
    ));
#1267 = CARTESIAN_POINT('',(4.806401319848,-1.557559641732,
    14.487516627803));
#1268 = CARTESIAN_POINT('',(5.509692096886,0.988354013083,
    14.724958005548));
#1269 = CARTESIAN_POINT('',(4.701385697499,3.867501588827,
    14.962575931818));
#1270 = CARTESIAN_POINT('',(2.233017812934,6.063294964215,
    15.199935563968));
#1271 = CARTESIAN_POINT('',(-1.292369451689,6.49717495989,
    15.437514991707));
#1272 = CARTESIAN_POINT('',(-4.383358813878,4.747215739156,
    15.675044386682));
#1273 = CARTESIAN_POINT('',(-5.823544801277,1.773964156849,
    15.91244803269));
#1274 = CARTESIAN_POINT('',(-5.468517002526,-1.195347633658,
    16.150032115855));
#1275 = CARTESIAN_POINT('',(-3.844484899823,-3.2783268233,
    16.387495940177));
#1276 = CARTESIAN_POINT('',(-1.722075445644,-4.1574578963,
    16.625000000014));
#1277 = CARTESIAN_POINT('',(0.400332680741,-5.036588127141,
    16.862516212867));
#1278 = CARTESIAN_POINT('',(3.021587926478,-4.712064825932,
    17.099959784185));
#1279 = CARTESIAN_POINT('',(5.372247975451,-2.863485823151,
    17.337571338319));
#1280 = CARTESIAN_POINT('',(6.456293038227,0.257284183897,
    17.574944262137));
#1281 = CARTESIAN_POINT('',(5.508038586893,3.680353252802,
    17.812502074634));
#1282 = CARTESIAN_POINT('',(2.708416661685,5.86637828069,18.050059887154
    ));
#1283 = CARTESIAN_POINT('',(-0.589644937207,6.059118600866,
    18.287432810946));
#1284 = CARTESIAN_POINT('',(-3.197068069413,4.594812757772,
    18.525044365104));
#1285 = CARTESIAN_POINT('',(-4.49999973009,2.297278530695,
    18.762487936406));
#1286 = CARTESIAN_POINT('',(-4.49999999999,5.288575176399E-07,
    19.000004149266));
#1287 = CARTESIAN_POINT('',(4.5,-1.110223024625E-15,1.412311614235));
#1288 = CARTESIAN_POINT('',(4.49997274887,2.297276858797,1.649828242066)
  );
#1289 = CARTESIAN_POINT('',(3.197138427115,4.594815346828,1.887269619636
    ));
#1290 = CARTESIAN_POINT('',(0.58951609572,6.059079751801,2.1248875465));
#1291 = CARTESIAN_POINT('',(-2.70826532628,5.866457469813,2.362247177246
    ));
#1292 = CARTESIAN_POINT('',(-5.508144531753,3.680219329366,
    2.599826607316));
#1293 = CARTESIAN_POINT('',(-6.45624176465,0.257429762484,2.837355999534
    ));
#1294 = CARTESIAN_POINT('',(-5.372245435416,-2.863592127449,
    3.074759647869));
#1295 = CARTESIAN_POINT('',(-3.02159564335,-4.712010046751,
    3.312343729659));
#1296 = CARTESIAN_POINT('',(-0.400330007957,-5.036594029173,
    3.54980755452));
#1297 = CARTESIAN_POINT('',(1.722075445644,-4.157457896302,
    3.787311614234));
#1298 = CARTESIAN_POINT('',(3.84447208744,-3.278302926117,4.02482824207)
  );
#1299 = CARTESIAN_POINT('',(5.468547761638,-1.195411047418,4.26226961963
    ));
#1300 = CARTESIAN_POINT('',(5.823457811493,1.774067581486,4.499887546508
    ));
#1301 = CARTESIAN_POINT('',(4.383491713881,4.747106983916,4.737247177239
    ));
#1302 = CARTESIAN_POINT('',(1.292203658189,6.49722095983,4.974826607321)
  );
#1303 = CARTESIAN_POINT('',(-2.23286267006,6.063303728403,5.212355999532
    ));
#1304 = CARTESIAN_POINT('',(-4.701483478745,3.867458337178,
    5.449759647869));
#1305 = CARTESIAN_POINT('',(-5.509644231196,0.98838219239,5.687343729659
    ));
#1306 = CARTESIAN_POINT('',(-4.806405798646,-1.557564389912,
    5.92480755452));
#1307 = CARTESIAN_POINT('',(-3.181980515341,-3.181980515342,
    6.162311614234));
#1308 = CARTESIAN_POINT('',(-1.557541200758,-4.806381290994,
    6.39982824207));
#1309 = CARTESIAN_POINT('',(0.988306827831,-5.509743352255,
    6.637269619632));
#1310 = CARTESIAN_POINT('',(3.867565551353,-4.701267209144,
    6.874887546499));
#1311 = CARTESIAN_POINT('',(6.063244635914,-2.233179080988,
    7.112247177256));
#1312 = CARTESIAN_POINT('',(6.497154394188,1.292538306118,7.349826607296
    ));
#1313 = CARTESIAN_POINT('',(4.747282663531,4.383222002019,7.58735599956)
  );
#1314 = CARTESIAN_POINT('',(1.773885765668,5.823616589468,7.824759647843
    ));
#1315 = CARTESIAN_POINT('',(-1.195303487628,5.468485026481,
    8.062343729679));
#1316 = CARTESIAN_POINT('',(-3.278333728791,3.844485855458,
    8.299807554508));
#1317 = CARTESIAN_POINT('',(-4.157457896295,1.722075445641,
    8.537311614239));
#1318 = CARTESIAN_POINT('',(-5.036562512976,-0.40034205326,
    8.774828242055));
#1319 = CARTESIAN_POINT('',(-4.71213046339,-3.021563947591,
    9.012269619655));
#1320 = CARTESIAN_POINT('',(-2.863351291352,-5.372261725554,
    9.249887546479));
#1321 = CARTESIAN_POINT('',(0.257114823209,-6.456308255583,9.48724717726
    ));
#1322 = CARTESIAN_POINT('',(3.680503030187,-5.507954968879,
    9.724826607314));
#1323 = CARTESIAN_POINT('',(5.866275518184,-2.708530847315,
    9.962355999527));
#1324 = CARTESIAN_POINT('',(6.059156865652,0.589744833277,
    10.199759647878));
#1325 = CARTESIAN_POINT('',(4.594798548438,3.197015047173,
    10.437343729653));
#1326 = CARTESIAN_POINT('',(2.297277791117,4.500006475593,
    10.674807554522));
#1327 = CARTESIAN_POINT('',(-6.565407939529E-14,4.500000000002,
    10.912311614234));
#1328 = CARTESIAN_POINT('',(-2.297276858796,4.499972748863,
    11.14982824207));
#1329 = CARTESIAN_POINT('',(-4.594815346831,3.197138427128,
    11.387269619628));
#1330 = CARTESIAN_POINT('',(-6.059079751796,0.589516095706,
    11.624887546506));
#1331 = CARTESIAN_POINT('',(-5.866457469829,-2.708265326277,
    11.86224717725));
#1332 = CARTESIAN_POINT('',(-3.680219329329,-5.508144531737,
    12.099826607294));
#1333 = CARTESIAN_POINT('',(-0.257429762545,-6.456241764682,
    12.337355999572));
#1334 = CARTESIAN_POINT('',(2.863592127518,-5.372245435381,
    12.574759647826));
#1335 = CARTESIAN_POINT('',(4.712010046698,-3.021595643376,
    12.812343729693));
#1336 = CARTESIAN_POINT('',(5.036594029203,-0.400330007943,13.0498075545
    ));
#1337 = CARTESIAN_POINT('',(4.157457896291,1.722075445637,
    13.287311614243));
#1338 = CARTESIAN_POINT('',(3.278302926158,3.844472087456,
    13.524828242043));
#1339 = CARTESIAN_POINT('',(1.195411047328,5.468547761629,
    13.762269619679));
#1340 = CARTESIAN_POINT('',(-1.774067581348,5.82345781146,
    13.999887546441));
#1341 = CARTESIAN_POINT('',(-4.747106984064,4.383491713976,
    14.237247177308));
#1342 = CARTESIAN_POINT('',(-6.497220959722,1.292203658059,
    14.474826607261));
#1343 = CARTESIAN_POINT('',(-6.063303728453,-2.232862669943,
    14.712355999578));
#1344 = CARTESIAN_POINT('',(-3.86745833716,-4.70148347882,
    14.949759647834));
#1345 = CARTESIAN_POINT('',(-0.988382192406,-5.509644231157,
    15.187343729685));
#1346 = CARTESIAN_POINT('',(1.557564389932,-4.806405798666,
    15.424807554501));
#1347 = CARTESIAN_POINT('',(3.181980515326,-3.181980515329,
    15.662311614246));
#1348 = CARTESIAN_POINT('',(4.806381291034,-1.557541200799,
    15.899828242037));
#1349 = CARTESIAN_POINT('',(5.5097433522,0.988306827927,16.137269619688)
  );
#1350 = CARTESIAN_POINT('',(4.701267209173,3.867565551191,
    16.374887546431));
#1351 = CARTESIAN_POINT('',(2.233179081021,6.063244636105,
    16.612247177319));
#1352 = CARTESIAN_POINT('',(-1.292538306203,6.497154394036,
    16.84982660725));
#1353 = CARTESIAN_POINT('',(-4.383222001928,4.747282663609,
    17.087355999591));
#1354 = CARTESIAN_POINT('',(-5.823616589528,1.773885765641,
    17.324759647822));
#1355 = CARTESIAN_POINT('',(-5.468485026456,-1.195303487613,
    17.562343729696));
#1356 = CARTESIAN_POINT('',(-3.844485855466,-3.278333728809,
    17.799807554494));
#1357 = CARTESIAN_POINT('',(-1.722075445637,-4.157457896278,
    18.03731161425));
#1358 = CARTESIAN_POINT('',(0.400341363823,-5.036562565908,
    18.274827827102));
#1359 = CARTESIAN_POINT('',(3.021566902909,-4.712130236615,
    18.512271398318));
#1360 = CARTESIAN_POINT('',(5.372254093158,-2.863351876903,
    18.749882952952));
#1361 = CARTESIAN_POINT('',(6.45632270813,0.257115931885,18.98725587545)
  );
#1362 = CARTESIAN_POINT('',(5.507933506416,3.680501383844,
    19.224813690231));
#1363 = CARTESIAN_POINT('',(2.708556602185,5.86627749377,19.462371499998
    ));
#1364 = CARTESIAN_POINT('',(-0.589770124989,6.059154925575,
    19.699744426141));
#1365 = CARTESIAN_POINT('',(-3.196994694424,4.594800109681,
    19.937355978894));
#1366 = CARTESIAN_POINT('',(-4.500019774267,2.297276770974,
    20.174799550756));
#1367 = CARTESIAN_POINT('',(-4.499993105805,5.288570707473E-07,
    20.412315763485));
#1368 = CARTESIAN_POINT('',(2.753634038034,-2.6645352591E-15,
    1.615095525759));
#1369 = CARTESIAN_POINT('',(2.753602981508,1.405765423113,1.852577990906
    ));
#1370 = CARTESIAN_POINT('',(1.956436970001,2.811580770116,2.09013981088)
  );
#1371 = CARTESIAN_POINT('',(0.3606100972,3.707792552167,2.327515452355)
  );
#1372 = CARTESIAN_POINT('',(-1.657024782988,3.589653903691,
    2.565163475725));
#1373 = CARTESIAN_POINT('',(-3.370797995654,2.252063162215,
    2.802579717705));
#1374 = CARTESIAN_POINT('',(-3.950451742972,0.157544596309,
    3.040048716408));
#1375 = CARTESIAN_POINT('',(-3.287530831091,-1.752344952454,
    3.277650328766));
#1376 = CARTESIAN_POINT('',(-1.848904112634,-2.883322338909,
    3.515061657628));
#1377 = CARTESIAN_POINT('',(-0.244982513973,-3.08199574282,
    3.752599807105));
#1378 = CARTESIAN_POINT('',(1.053770125153,-2.544026127768,3.99009552576
    ));
#1379 = CARTESIAN_POINT('',(2.352516142259,-2.006034298054,
    4.227577990902));
#1380 = CARTESIAN_POINT('',(3.346257942397,-0.731566693765,
    4.465139810888));
#1381 = CARTESIAN_POINT('',(3.563553159496,1.085750492359,4.702515452345
    ));
#1382 = CARTESIAN_POINT('',(2.682291838935,2.904592358716,4.940163475733
    ));
#1383 = CARTESIAN_POINT('',(0.790686514722,3.976038537243,5.177579717702
    ));
#1384 = CARTESIAN_POINT('',(-1.366220204414,3.710031216373,
    5.415048716406));
#1385 = CARTESIAN_POINT('',(-2.877039217918,2.366689066246,5.65265032877
    ));
#1386 = CARTESIAN_POINT('',(-3.371387466487,0.604764977973,
    5.890061657626));
#1387 = CARTESIAN_POINT('',(-2.941143535395,-0.953094378914,
    6.127599807106));
#1388 = CARTESIAN_POINT('',(-1.947113301202,-1.947113301202,
    6.36509552576));
#1389 = CARTESIAN_POINT('',(-0.953065077474,-2.941117604355,
    6.602577990902));
#1390 = CARTESIAN_POINT('',(0.604677979941,-3.371497676861,
    6.840139810886));
#1391 = CARTESIAN_POINT('',(2.366815411786,-2.87679510196,7.077515452353
    ));
#1392 = CARTESIAN_POINT('',(3.709962078056,-1.366575156771,
    7.315163475718));
#1393 = CARTESIAN_POINT('',(3.975963254381,0.791064987083,7.552579717725
    ));
#1394 = CARTESIAN_POINT('',(2.904792068633,2.681990363799,7.790048716379
    ));
#1395 = CARTESIAN_POINT('',(1.085540345123,3.563730342903,8.027650328795
    ));
#1396 = CARTESIAN_POINT('',(-0.731444142349,3.346189413979,
    8.265061657607));
#1397 = CARTESIAN_POINT('',(-2.006071292453,2.352528886249,
    8.502599807117));
#1398 = CARTESIAN_POINT('',(-2.544026127759,1.053770125149,
    8.740095525755));
#1399 = CARTESIAN_POINT('',(-3.081960572515,-0.244999661582,
    8.97757799092));
#1400 = CARTESIAN_POINT('',(-2.883457452676,-1.848865912651,
    9.215139810853));
#1401 = CARTESIAN_POINT('',(-1.75207106842,-3.287554139959,
    9.452515452392));
#1402 = CARTESIAN_POINT('',(0.157190205023,-3.950523701937,
    9.690163475692));
#1403 = CARTESIAN_POINT('',(2.252384015593,-3.370583608246,
    9.927579717721));
#1404 = CARTESIAN_POINT('',(3.58945180263,-1.657324660387,10.16504871641
    ));
#1405 = CARTESIAN_POINT('',(3.707875828444,0.360872053011,
    10.402650328756));
#1406 = CARTESIAN_POINT('',(2.811564356506,1.956297522627,
    10.640061657637));
#1407 = CARTESIAN_POINT('',(1.405763039879,2.753642036756,
    10.877599807102));
#1408 = CARTESIAN_POINT('',(2.173383001347E-13,2.753634038036,
    11.11509552576));
#1409 = CARTESIAN_POINT('',(-1.405765423112,2.7536029815,11.352577990902
    ));
#1410 = CARTESIAN_POINT('',(-2.811580770118,1.956436970018,
    11.590139810888));
#1411 = CARTESIAN_POINT('',(-3.707792552161,0.360610097181,
    11.827515452348));
#1412 = CARTESIAN_POINT('',(-3.589653903711,-1.657024782979,
    12.065163475719));
#1413 = CARTESIAN_POINT('',(-2.252063162168,-3.370797995642,
    12.302579717733));
#1414 = CARTESIAN_POINT('',(-0.157544596383,-3.950451743001,
    12.540048716361));
#1415 = CARTESIAN_POINT('',(1.752344952535,-3.28753083106,
    12.777650328815));
#1416 = CARTESIAN_POINT('',(2.883322338846,-1.848904112655,
    13.015061657591));
#1417 = CARTESIAN_POINT('',(3.081995742856,-0.244982513962,
    13.252599807126));
#1418 = CARTESIAN_POINT('',(2.544026127754,1.053770125148,
    13.490095525752));
#1419 = CARTESIAN_POINT('',(2.006034298102,2.352516142271,
    13.727577990933));
#1420 = CARTESIAN_POINT('',(0.731566693665,3.346257942397,
    13.965139810823));
#1421 = CARTESIAN_POINT('',(-1.085750492215,3.563553159448,
    14.20251545244));
#1422 = CARTESIAN_POINT('',(-2.904592358858,2.682291839046,
    14.440163475635));
#1423 = CARTESIAN_POINT('',(-3.976038537153,0.790686514582,
    14.677579717777));
#1424 = CARTESIAN_POINT('',(-3.710031216405,-1.366220204295,
    14.915048716364));
#1425 = CARTESIAN_POINT('',(-2.366689066238,-2.877039217992,
    15.152650328792));
#1426 = CARTESIAN_POINT('',(-0.604764977986,-3.371387466447,
    15.390061657609));
#1427 = CARTESIAN_POINT('',(0.953094378934,-2.941143535419,
    15.627599807122));
#1428 = CARTESIAN_POINT('',(1.947113301186,-1.947113301186,
    15.865095525748));
#1429 = CARTESIAN_POINT('',(2.941117604394,-0.953065077525,
    16.102577990941));
#1430 = CARTESIAN_POINT('',(3.371497676816,0.604677980055,
    16.340139810809));
#1431 = CARTESIAN_POINT('',(2.876795101968,2.366815411607,
    16.577515452458));
#1432 = CARTESIAN_POINT('',(1.366575156833,3.709962078252,
    16.815163475616));
#1433 = CARTESIAN_POINT('',(-0.791064987194,3.975963254239,
    17.052579717793));
#1434 = CARTESIAN_POINT('',(-2.681990363695,2.904792068695,
    17.290048716351));
#1435 = CARTESIAN_POINT('',(-3.563730342966,1.085540345108,
    17.527650328803));
#1436 = CARTESIAN_POINT('',(-3.346189413953,-0.731444142337,
    17.7650616576));
#1437 = CARTESIAN_POINT('',(-2.352528886259,-2.006071292472,
    18.002599807128));
#1438 = CARTESIAN_POINT('',(-1.053770125142,-2.544026127742,
    18.240095525744));
#1439 = CARTESIAN_POINT('',(0.244998873148,-3.081960516792,
    18.477578428514));
#1440 = CARTESIAN_POINT('',(1.848869292303,-2.88345769167,
    18.715137935137));
#1441 = CARTESIAN_POINT('',(3.2875454117,-1.752070451065,18.952520296552
    ));
#1442 = CARTESIAN_POINT('',(3.950540229573,0.157189035892,
    19.190154302933));
#1443 = CARTESIAN_POINT('',(3.370559064225,2.252385751867,
    19.427593339526));
#1444 = CARTESIAN_POINT('',(1.65735411311,3.589449719091,19.665032370294
    ));
#1445 = CARTESIAN_POINT('',(-0.360900976083,3.707877874491,
    19.902666380926));
#1446 = CARTESIAN_POINT('',(-1.956274247645,2.811562710039,
    20.140048740125));
#1447 = CARTESIAN_POINT('',(-2.753657244847,1.405764115682,
    20.377608247527));
#1448 = CARTESIAN_POINT('',(-2.753626153973,-5.577062323903E-07,
    20.615091150138));
#1449 = CARTESIAN_POINT('',(1.313250617143,-1.942890293094E-16,
    3.552713678801E-15));
#1450 = CARTESIAN_POINT('',(1.313250751466,0.670458021972,0.237454288144
    ));
#1451 = CARTESIAN_POINT('',(0.933032220282,1.340784889585,0.475115447804
    ));
#1452 = CARTESIAN_POINT('',(0.171973764047,1.768525411074,0.712291254365
    ));
#1453 = CARTESIAN_POINT('',(-0.790161978513,1.71167238628,0.950177142383
    ));
#1454 = CARTESIAN_POINT('',(-1.607805772125,1.074304710876,
    1.187458785864));
#1455 = CARTESIAN_POINT('',(-1.883766083451,7.497860175265E-02,
    1.424877975976));
#1456 = CARTESIAN_POINT('',(-1.568087066952,-0.835666499213,
    1.662642864083));
#1457 = CARTESIAN_POINT('',(-0.881670187277,-1.375108777635,
    1.899911709858));
#1458 = CARTESIAN_POINT('',(-0.116858920544,-1.469857578011,
    2.137511160859));
#1459 = CARTESIAN_POINT('',(0.502559253724,-1.213285366236,
    2.375000000003));
#1460 = CARTESIAN_POINT('',(1.121981749037,-0.95671231323,2.612454288134
    ));
#1461 = CARTESIAN_POINT('',(1.595779689549,-0.348913207883,
    2.850115447824));
#1462 = CARTESIAN_POINT('',(1.699715940327,0.517902333804,3.087291254338
    ));
#1463 = CARTESIAN_POINT('',(1.278997185978,1.385043143181,3.325177142408
    ));
#1464 = CARTESIAN_POINT('',(0.377247502613,1.896537459286,3.56245878585)
  );
#1465 = CARTESIAN_POINT('',(-0.651614875055,1.769065997211,
    3.799877975978));
#1466 = CARTESIAN_POINT('',(-1.372136115657,1.128927822121,
    4.037642864087));
#1467 = CARTESIAN_POINT('',(-1.607835428114,0.28832569355,4.274911709855
    ));
#1468 = CARTESIAN_POINT('',(-1.402691304847,-0.45452657816,
    4.512511160859));
#1469 = CARTESIAN_POINT('',(-0.928608416779,-0.928608416779,
    4.750000000004));
#1470 = CARTESIAN_POINT('',(-0.454523097921,-1.402693925599,
    4.987454288133));
#1471 = CARTESIAN_POINT('',(0.288324677509,-1.607831497561,
    5.225115447818));
#1472 = CARTESIAN_POINT('',(1.12893249613,-1.37214012562,5.462291254359)
  );
#1473 = CARTESIAN_POINT('',(1.769064044746,-0.651606258262,
    5.700177142366));
#1474 = CARTESIAN_POINT('',(1.896538510426,0.37724221818,5.937458785912)
  );
#1475 = CARTESIAN_POINT('',(1.385041649517,1.279005894029,6.174877975907
    ));
#1476 = CARTESIAN_POINT('',(0.517899550131,1.699710446945,6.412642864154
    ));
#1477 = CARTESIAN_POINT('',(-0.348913773344,1.595783709722,
    6.649911709804));
#1478 = CARTESIAN_POINT('',(-0.95671452563,1.121977995952,6.887511160891
    ));
#1479 = CARTESIAN_POINT('',(-1.213285366237,0.502559253723,7.12499999999
    ));
#1480 = CARTESIAN_POINT('',(-1.469858667438,-0.116863138779,
    7.362454288179));
#1481 = CARTESIAN_POINT('',(-1.375105535105,-0.88166774442,
    7.600115447738));
#1482 = CARTESIAN_POINT('',(-0.835668415264,-1.56809291973,
    7.837291254447));
#1483 = CARTESIAN_POINT('',(7.498581545216E-02,-1.883760982081,
    8.075177142317));
#1484 = CARTESIAN_POINT('',(1.074300230946,-1.607808765545,
    8.312458785889));
#1485 = CARTESIAN_POINT('',(1.711679859883,-0.790157266099,
    8.549877975991));
#1486 = CARTESIAN_POINT('',(1.768519270568,0.171974233589,8.787642864053
    ));
#1487 = CARTESIAN_POINT('',(1.340788387361,0.933034281155,9.024911709881
    ));
#1488 = CARTESIAN_POINT('',(0.670453707919,1.313251359215,9.262511160851
    ));
#1489 = CARTESIAN_POINT('',(3.449809882206E-13,1.313250617143,
    9.500000000002));
#1490 = CARTESIAN_POINT('',(-0.670458021974,1.313250751466,
    9.737454288133));
#1491 = CARTESIAN_POINT('',(-1.340784889581,0.933032220282,
    9.975115447826));
#1492 = CARTESIAN_POINT('',(-1.76852541108,0.171973764045,
    10.212291254344));
#1493 = CARTESIAN_POINT('',(-1.711672386275,-0.790161978506,
    10.450177142373));
#1494 = CARTESIAN_POINT('',(-1.074304710875,-1.607805772139,
    10.687458785929));
#1495 = CARTESIAN_POINT('',(-7.497860175938E-02,-1.883766083434,
    10.924877975864));
#1496 = CARTESIAN_POINT('',(0.835666499222,-1.568087066968,
    11.162642864206));
#1497 = CARTESIAN_POINT('',(1.375108777629,-0.881670187265,
    11.399911709763));
#1498 = CARTESIAN_POINT('',(1.469857578014,-0.11685892055,
    11.637511160913));
#1499 = CARTESIAN_POINT('',(1.213285366235,0.502559253726,
    11.874999999982));
#1500 = CARTESIAN_POINT('',(0.95671231323,1.12198174903,12.112454288211)
  );
#1501 = CARTESIAN_POINT('',(0.348913207889,1.595779689561,
    12.350115447665));
#1502 = CARTESIAN_POINT('',(-0.517902333825,1.699715940315,
    12.587291254564));
#1503 = CARTESIAN_POINT('',(-1.385043143145,1.27899718598,
    12.825177142174));
#1504 = CARTESIAN_POINT('',(-1.896537459324,0.377247502625,
    13.062458786032));
#1505 = CARTESIAN_POINT('',(-1.769065997184,-0.651614875074,
    13.299877975866));
#1506 = CARTESIAN_POINT('',(-1.128927822135,-1.372136115643,
    13.537642864155));
#1507 = CARTESIAN_POINT('',(-0.288325693545,-1.607835428119,
    13.774911709802));
#1508 = CARTESIAN_POINT('',(0.454526578156,-1.402691304849,
    14.012511160905));
#1509 = CARTESIAN_POINT('',(0.928608416782,-0.928608416777,
    14.249999999972));
#1510 = CARTESIAN_POINT('',(1.40269392559,-0.454523097927,
    14.487454288232));
#1511 = CARTESIAN_POINT('',(1.607831497582,0.28832467751,14.725115447632
    ));
#1512 = CARTESIAN_POINT('',(1.37214012559,1.128932496145,14.962291254606
    ));
#1513 = CARTESIAN_POINT('',(0.65160625829,1.769064044711,15.200177142129
    ));
#1514 = CARTESIAN_POINT('',(-0.377242218194,1.896538510471,
    15.437458786073));
#1515 = CARTESIAN_POINT('',(-1.27900589403,1.385041649479,15.67487797583
    ));
#1516 = CARTESIAN_POINT('',(-1.699710446938,0.517899550153,
    15.912642864186));
#1517 = CARTESIAN_POINT('',(-1.595783709725,-0.348913773351,
    16.149911709777));
#1518 = CARTESIAN_POINT('',(-1.121977995954,-0.956714525628,
    16.387511160922));
#1519 = CARTESIAN_POINT('',(-0.50255925372,-1.213285366238,
    16.624999999962));
#1520 = CARTESIAN_POINT('',(0.116863138774,-1.469858522044,
    16.862455428943));
#1521 = CARTESIAN_POINT('',(0.88166774442,-1.375106158345,
    17.100110557941));
#1522 = CARTESIAN_POINT('',(1.568092919754,-0.835666805689,
    17.337303882684));
#1523 = CARTESIAN_POINT('',(1.883760982015,7.498276759868E-02,
    17.575153229837));
#1524 = CARTESIAN_POINT('',(1.607808765656,1.074304757094,
    17.812494296614));
#1525 = CARTESIAN_POINT('',(0.790157265966,1.711674428528,
    18.049835363237));
#1526 = CARTESIAN_POINT('',(-0.171974233465,1.768524604246,
    18.287684710522));
#1527 = CARTESIAN_POINT('',(-0.933034281248,1.340784095244,
    18.52487803517));
#1528 = CARTESIAN_POINT('',(-1.313251359158,0.670456512427,
    18.762533164223));
#1529 = CARTESIAN_POINT('',(-1.313250617171,-1.453891120606E-06,
    18.999988593182));
#1530 = CARTESIAN_POINT('',(2.753634038034,-1.026956297778E-15,
    -1.615095525759));
#1531 = CARTESIAN_POINT('',(2.753665197612,1.405767991133,
    -1.377613060608));
#1532 = CARTESIAN_POINT('',(1.956277764915,2.811574187657,-1.14005124042
    ));
#1533 = CARTESIAN_POINT('',(0.360905169596,3.70788073516,-0.902675600027
    ));
#1534 = CARTESIAN_POINT('',(-1.657366991507,3.58947448412,
    -0.665027573765));
#1535 = CARTESIAN_POINT('',(-3.370558172673,2.252369505775,
    -0.427611336806));
#1536 = CARTESIAN_POINT('',(-3.950564769959,0.157215099755,
    -0.190142332073));
#1537 = CARTESIAN_POINT('',(-3.287541509881,-1.75210207185,
    4.745927519714E-02));
#1538 = CARTESIAN_POINT('',(-1.848884430501,-2.883445448837,
    0.284870607015));
#1539 = CARTESIAN_POINT('',(-0.244992136488,-3.081983029292,0.5224087554
    ));
#1540 = CARTESIAN_POINT('',(1.053770125151,-2.544026127764,
    0.759904474242));
#1541 = CARTESIAN_POINT('',(2.352542323876,-2.006090795513,
    0.997386939388));
#1542 = CARTESIAN_POINT('',(3.346190935846,-0.731422126417,
    1.234948759587));
#1543 = CARTESIAN_POINT('',(3.563747549269,1.085511627146,1.472324399963
    ));
#1544 = CARTESIAN_POINT('',(2.681995119356,2.904839857298,1.709972426242
    ));
#1545 = CARTESIAN_POINT('',(0.791061315524,3.97593420229,1.947388663192)
  );
#1546 = CARTESIAN_POINT('',(-1.366567873073,3.710009546816,
    2.184857667924));
#1547 = CARTESIAN_POINT('',(-2.876818912102,2.366791878556,
    2.422459275202));
#1548 = CARTESIAN_POINT('',(-3.371493673202,0.604699681918,
    2.659870607012));
#1549 = CARTESIAN_POINT('',(-2.941135472004,-0.953080623614,2.8974087554
    ));
#1550 = CARTESIAN_POINT('',(-1.947113301198,-1.947113301198,
    3.134904474243));
#1551 = CARTESIAN_POINT('',(-0.953107255048,-2.941163413661,
    3.372386939388));
#1552 = CARTESIAN_POINT('',(0.604785900453,-3.371380447346,
    3.609948759585));
#1553 = CARTESIAN_POINT('',(2.36666911887,-2.877066104462,3.847324399971
    ));
#1554 = CARTESIAN_POINT('',(3.710077187221,-1.366206309998,
    4.084972426227));
#1555 = CARTESIAN_POINT('',(3.976010291578,0.790678789001,4.322388663214
    ));
#1556 = CARTESIAN_POINT('',(2.904639001455,2.682303275222,4.559857667898
    ));
#1557 = CARTESIAN_POINT('',(1.085719638777,3.563566151393,4.797459275226
    ));
#1558 = CARTESIAN_POINT('',(-0.73154511165,3.346262548503,5.034870606994
    ));
#1559 = CARTESIAN_POINT('',(-2.006055498447,2.352526700555,
    5.272408755412));
#1560 = CARTESIAN_POINT('',(-2.544026127773,1.053770125154,
    5.509904474237));
#1561 = CARTESIAN_POINT('',(-3.082019035396,-0.24497822507,
    5.747386939406));
#1562 = CARTESIAN_POINT('',(-2.88330784743,-1.848920756345,
    5.984948759552));
#1563 = CARTESIAN_POINT('',(-1.752377425861,-3.287522691211,
    6.22232440001));
#1564 = CARTESIAN_POINT('',(0.157575025324,-3.950488897267,
    6.459972426201));
#1565 = CARTESIAN_POINT('',(2.252045215439,-3.370774856608,
    6.697388663211));
#1566 = CARTESIAN_POINT('',(3.589682318854,-1.65706349879,6.934857667928
    ));
#1567 = CARTESIAN_POINT('',(3.70779274795,0.360643574015,7.172459275187)
  );
#1568 = CARTESIAN_POINT('',(2.811593284726,1.95641879337,7.409870607024)
  );
#1569 = CARTESIAN_POINT('',(1.405767064666,2.753626608623,7.647408755396
    ));
#1570 = CARTESIAN_POINT('',(2.231548279497E-14,2.753634038033,
    7.884904474242));
#1571 = CARTESIAN_POINT('',(-1.405767991135,2.753665197621,
    8.122386939388));
#1572 = CARTESIAN_POINT('',(-2.81157418765,1.956277764896,8.359948759588
    ));
#1573 = CARTESIAN_POINT('',(-3.707880735176,0.360905169618,
    8.597324399966));
#1574 = CARTESIAN_POINT('',(-3.589474484091,-1.657366991512,
    8.834972426228));
#1575 = CARTESIAN_POINT('',(-2.252369505824,-3.370558172697,
    9.072388663223));
#1576 = CARTESIAN_POINT('',(-0.157215099689,-3.950564769915,
    9.309857667879));
#1577 = CARTESIAN_POINT('',(1.752102071779,-3.287541509925,
    9.547459275247));
#1578 = CARTESIAN_POINT('',(2.883445448894,-1.848884430471,
    9.784870606977));
#1579 = CARTESIAN_POINT('',(3.081983029259,-0.244992136504,
    10.02240875542));
#1580 = CARTESIAN_POINT('',(2.544026127777,1.053770125158,
    10.259904474234));
#1581 = CARTESIAN_POINT('',(2.006090795465,2.352542323858,
    10.497386939419));
#1582 = CARTESIAN_POINT('',(0.731422126525,3.346190935855,
    10.734948759522));
#1583 = CARTESIAN_POINT('',(-1.085511627311,3.563747549309,
    10.972324400057));
#1584 = CARTESIAN_POINT('',(-2.904839857124,2.681995119245,
    11.209972426144));
#1585 = CARTESIAN_POINT('',(-3.975934202412,0.791061315676,
    11.447388663265));
#1586 = CARTESIAN_POINT('',(-3.710009546764,-1.366567873208,
    11.684857667883));
#1587 = CARTESIAN_POINT('',(-2.366791878573,-2.876818912016,
    11.922459275223));
#1588 = CARTESIAN_POINT('',(-0.604699681901,-3.371493673246,
    12.159870606996));
#1589 = CARTESIAN_POINT('',(0.953080623591,-2.941135471981,
    12.397408755416));
#1590 = CARTESIAN_POINT('',(1.947113301216,-1.947113301212,
    12.634904474231));
#1591 = CARTESIAN_POINT('',(2.941163413614,-0.953107255001,
    12.872386939427));
#1592 = CARTESIAN_POINT('',(3.371380447406,0.604785900338,
    13.109948759508));
#1593 = CARTESIAN_POINT('',(2.877066104433,2.366669119065,
    13.347324400076));
#1594 = CARTESIAN_POINT('',(1.366206309956,3.710077186993,
    13.584972426124));
#1595 = CARTESIAN_POINT('',(-0.790678788897,3.976010291758,
    13.822388663283));
#1596 = CARTESIAN_POINT('',(-2.682303275332,2.904639001362,
    14.059857667869));
#1597 = CARTESIAN_POINT('',(-3.563566151322,1.085719638809,
    14.297459275235));
#1598 = CARTESIAN_POINT('',(-3.346262548532,-0.731545111668,
    14.534870606986));
#1599 = CARTESIAN_POINT('',(-2.352526700546,-2.006055498425,
    14.772408755423));
#1600 = CARTESIAN_POINT('',(-1.053770125159,-2.544026127792,
    15.009904474227));
#1601 = CARTESIAN_POINT('',(0.244979013499,-3.082018979574,
    15.247387376997));
#1602 = CARTESIAN_POINT('',(1.848917376694,-2.883308086581,
    15.484946883853));
#1603 = CARTESIAN_POINT('',(3.287531419489,-1.752376808365,
    15.722329244128));
#1604 = CARTESIAN_POINT('',(3.950472369581,0.15757385617,15.959963253522
    ));
#1605 = CARTESIAN_POINT('',(3.370799400714,2.252046951586,
    16.197402284897));
#1606 = CARTESIAN_POINT('',(1.657034045964,3.589680235507,
    16.434841321955));
#1607 = CARTESIAN_POINT('',(-0.360614650849,3.707794793851,
    16.672475327217));
#1608 = CARTESIAN_POINT('',(-1.956442068422,2.811591638322,
    16.909857689625));
#1609 = CARTESIAN_POINT('',(-2.753611400488,1.405768140456,
    17.147417195747));
#1610 = CARTESIAN_POINT('',(-2.753641922117,-5.5770521179E-07,
    17.384900098659));
#1611 = CARTESIAN_POINT('',(4.5,1.554312234475E-15,-1.412311614235));
#1612 = CARTESIAN_POINT('',(4.500027153408,2.297279104388,
    -1.174794986401));
#1613 = CARTESIAN_POINT('',(3.196999211081,4.594809590833,
    -0.937353608645));
#1614 = CARTESIAN_POINT('',(0.589774120193,6.059156862946,
    -0.699735682727));
#1615 = CARTESIAN_POINT('',(-2.708564568682,5.866300577333,
    -0.462376049452));
#1616 = CARTESIAN_POINT('',(-5.507934819835,3.680487209848,
    -0.224796623772));
#1617 = CARTESIAN_POINT('',(-6.456340600491,0.257141635991,
    1.273277371756E-02));
#1618 = CARTESIAN_POINT('',(-5.372254773427,-2.86337974181,
    0.250136417605));
#1619 = CARTESIAN_POINT('',(-3.021578432415,-4.712117699566,
    0.487720501979));
#1620 = CARTESIAN_POINT('',(-0.400338422313,-5.036582911897,
    0.725184325885));
#1621 = CARTESIAN_POINT('',(1.722075445642,-4.157457896299,
    0.962688385764));
#1622 = CARTESIAN_POINT('',(3.844494981815,-3.278352330017,
    1.200205013602));
#1623 = CARTESIAN_POINT('',(5.468489168119,-1.195284631276,
    1.437646391348));
#1624 = CARTESIAN_POINT('',(5.823627794586,1.773858707083,1.675264317282
    ));
#1625 = CARTESIAN_POINT('',(4.383232249038,4.747323407723,1.912623950539
    ));
#1626 = CARTESIAN_POINT('',(1.292531400738,6.497129724689,2.150203376234
    ));
#1627 = CARTESIAN_POINT('',(-2.233166687053,6.063284779576,
    2.387732773715));
#1628 = CARTESIAN_POINT('',(-4.701290833507,3.867548240851,
    2.625136417606));
#1629 = CARTESIAN_POINT('',(-5.509737103088,0.988325094605,
    2.862720501979));
#1630 = CARTESIAN_POINT('',(-4.806398747657,-1.557552361663,
    3.100184325885));
#1631 = CARTESIAN_POINT('',(-3.181980515338,-3.181980515338,
    3.337688385763));
#1632 = CARTESIAN_POINT('',(-1.557578082712,-4.806421348695,
    3.575205013602));
#1633 = CARTESIAN_POINT('',(0.988401198343,-5.509640841534,
    3.812646391351));
#1634 = CARTESIAN_POINT('',(3.867437626299,-4.701504185828,
    4.050264317272));
#1635 = CARTESIAN_POINT('',(6.063345292503,-2.232856544907,
    4.287623950557));
#1636 = CARTESIAN_POINT('',(6.497195525615,1.292200597279,4.525203376208
    ));
#1637 = CARTESIAN_POINT('',(4.747148814758,4.383495625731,4.762732773744
    ));
#1638 = CARTESIAN_POINT('',(1.774042548042,5.823473013085,5.000136417579
    ));
#1639 = CARTESIAN_POINT('',(-1.195391779692,5.468548978573,
    5.237720501999));
#1640 = CARTESIAN_POINT('',(-3.278319917807,3.84448394419,5.475184325873
    ));
#1641 = CARTESIAN_POINT('',(-4.157457896307,1.722075445645,
    5.712688385769));
#1642 = CARTESIAN_POINT('',(-5.036613635529,-0.400323308218,
    5.950205013587));
#1643 = CARTESIAN_POINT('',(-4.711999641886,-3.021611905364,
    6.187646391374));
#1644 = CARTESIAN_POINT('',(-2.863619183973,-5.372234225365,
    6.425264317252));
#1645 = CARTESIAN_POINT('',(0.257451327256,-6.456277820825,
    6.662623950562));
#1646 = CARTESIAN_POINT('',(3.680206768211,-5.508122204984,
    6.900203376226));
#1647 = CARTESIAN_POINT('',(5.866477091858,-2.708302475958,
    7.137732773711));
#1648 = CARTESIAN_POINT('',(6.059084216361,0.589545041046,7.375136417613
    ));
#1649 = CARTESIAN_POINT('',(4.594823844564,3.197121091722,7.612720501973
    ));
#1650 = CARTESIAN_POINT('',(2.297281310571,4.499992984545,7.850184325887
    ));
#1651 = CARTESIAN_POINT('',(-2.391437742277E-13,4.499999999999,
    8.087688385764));
#1652 = CARTESIAN_POINT('',(-2.29727910439,4.500027153416,8.325205013603
    ));
#1653 = CARTESIAN_POINT('',(-4.594809590827,3.196999211063,
    8.562646391347));
#1654 = CARTESIAN_POINT('',(-6.059156862961,0.589774120215,
    8.800264317279));
#1655 = CARTESIAN_POINT('',(-5.866300577304,-2.70856456869,
    9.037623950552));
#1656 = CARTESIAN_POINT('',(-3.680487209895,-5.507934819852,
    9.275203376206));
#1657 = CARTESIAN_POINT('',(-0.257141635929,-6.456340600458,
    9.512732773756));
#1658 = CARTESIAN_POINT('',(2.863379741744,-5.372254773458,
    9.750136417562));
#1659 = CARTESIAN_POINT('',(4.712117699618,-3.021578432395,
    9.987720502013));
#1660 = CARTESIAN_POINT('',(5.036582911867,-0.400338422323,
    10.225184325864));
#1661 = CARTESIAN_POINT('',(4.157457896311,1.722075445647,
    10.462688385772));
#1662 = CARTESIAN_POINT('',(3.278352329974,3.844494981804,
    10.700205013576));
#1663 = CARTESIAN_POINT('',(1.195284631368,5.468489168118,
    10.937646391398));
#1664 = CARTESIAN_POINT('',(-1.773858707214,5.823627794631,
    11.175264317215));
#1665 = CARTESIAN_POINT('',(-4.747323407595,4.383232248938,
    11.412623950609));
#1666 = CARTESIAN_POINT('',(-6.497129724768,1.292531400864,
    11.650203376174));
#1667 = CARTESIAN_POINT('',(-6.063284779552,-2.233166687158,
    11.887732773761));
#1668 = CARTESIAN_POINT('',(-3.867548240854,-4.701290833442,
    12.125136417571));
#1669 = CARTESIAN_POINT('',(-0.988325094595,-5.509737103122,
    12.362720502005));
#1670 = CARTESIAN_POINT('',(1.557552361646,-4.806398747636,
    12.600184325866));
#1671 = CARTESIAN_POINT('',(3.181980515352,-3.181980515351,
    12.837688385775));
#1672 = CARTESIAN_POINT('',(4.806421348661,-1.557578082666,
    13.07520501357));
#1673 = CARTESIAN_POINT('',(5.509640841572,0.988401198239,
    13.312646391407));
#1674 = CARTESIAN_POINT('',(4.701504185825,3.867437626463,
    13.550264317204));
#1675 = CARTESIAN_POINT('',(2.232856544847,6.063345292325,13.78762395062
    ));
#1676 = CARTESIAN_POINT('',(-1.292200597175,6.497195525744,
    14.025203376162));
#1677 = CARTESIAN_POINT('',(-4.383495625829,4.747148814701,
    14.262732773774));
#1678 = CARTESIAN_POINT('',(-5.823473013027,1.774042548056,
    14.500136417558));
#1679 = CARTESIAN_POINT('',(-5.468548978596,-1.195391779702,
    14.737720502015));
#1680 = CARTESIAN_POINT('',(-3.844483944181,-3.27831991779,
    14.975184325859));
#1681 = CARTESIAN_POINT('',(-1.722075445652,-4.157457896322,
    15.212688385779));
#1682 = CARTESIAN_POINT('',(0.400323997659,-5.036613688374,
    15.450204598631));
#1683 = CARTESIAN_POINT('',(3.021608950046,-4.711999415248,
    15.687648170052));
#1684 = CARTESIAN_POINT('',(5.372241857744,-2.863619769399,
    15.925259723688));
#1685 = CARTESIAN_POINT('',(6.456263368324,0.257452435911,
    16.162632648822));
#1686 = CARTESIAN_POINT('',(5.50814366737,3.680205121758,16.400190459038
    ));
#1687 = CARTESIAN_POINT('',(2.708276721185,5.866479067611,
    16.637748274308));
#1688 = CARTESIAN_POINT('',(-0.589519749425,6.059082276156,
    16.875121195753));
#1689 = CARTESIAN_POINT('',(-3.197141444401,4.594825405862,
    17.112732751313));
#1690 = CARTESIAN_POINT('',(-4.499979685913,2.297280290416,
    17.350176322056));
#1691 = CARTESIAN_POINT('',(-4.500006894174,5.288579592588E-07,
    17.587692535048));
#1692 = CARTESIAN_POINT('',(4.5,-9.992007221626E-16,0.));
#1693 = CARTESIAN_POINT('',(4.499999951139,2.297277981593,0.237516627833
    ));
#1694 = CARTESIAN_POINT('',(3.197068819098,4.59481246883,0.474958005495)
  );
#1695 = CARTESIAN_POINT('',(0.589645107957,6.059118307374,0.712575931887
    ));
#1696 = CARTESIAN_POINT('',(-2.708414947482,5.866379023573,
    0.949935563896));
#1697 = CARTESIAN_POINT('',(-5.508039675794,3.680353269608,
    1.187514991773));
#1698 = CARTESIAN_POINT('',(-6.456291182571,0.257285699237,
    1.425044386625));
#1699 = CARTESIAN_POINT('',(-5.372250104421,-2.863485934629,
    1.662448032737));
#1700 = CARTESIAN_POINT('',(-3.021587037883,-4.712063873159,
    1.900032115819));
#1701 = CARTESIAN_POINT('',(-0.400334215135,-5.036588470535,
    2.137495940202));
#1702 = CARTESIAN_POINT('',(1.722075445643,-4.157457896301,
    2.374999999999));
#1703 = CARTESIAN_POINT('',(3.844483534627,-3.278327628067,
    2.612516627836));
#1704 = CARTESIAN_POINT('',(5.468518464879,-1.195347839347,
    2.849958005489));
#1705 = CARTESIAN_POINT('',(5.823542803039,1.773963144285,3.087575931896
    ));
#1706 = CARTESIAN_POINT('',(4.38336198146,4.747215195819,3.324935563887)
  );
#1707 = CARTESIAN_POINT('',(1.292367529463,6.49717534226,3.562514991779)
  );
#1708 = CARTESIAN_POINT('',(-2.233014678556,6.063294253989,
    3.800044386622));
#1709 = CARTESIAN_POINT('',(-4.701387156127,3.867503289015,
    4.037448032738));
#1710 = CARTESIAN_POINT('',(-5.509690667142,0.988353643497,
    4.275032115819));
#1711 = CARTESIAN_POINT('',(-4.806402273151,-1.557558375787,
    4.512495940202));
#1712 = CARTESIAN_POINT('',(-3.181980515339,-3.18198051534,
    4.749999999998));
#1713 = CARTESIAN_POINT('',(-1.557559641735,-4.806401319844,
    4.987516627836));
#1714 = CARTESIAN_POINT('',(0.988354013087,-5.509692096894,
    5.224958005492));
#1715 = CARTESIAN_POINT('',(3.867501588826,-4.701385697487,
    5.462575931886));
#1716 = CARTESIAN_POINT('',(6.063294964209,-2.233017812947,
    5.699935563906));
#1717 = CARTESIAN_POINT('',(6.497174959901,1.292369451698,5.937514991753
    ));
#1718 = CARTESIAN_POINT('',(4.747215739145,4.383358813876,6.175044386652
    ));
#1719 = CARTESIAN_POINT('',(1.773964156855,5.823544801276,6.412448032711
    ));
#1720 = CARTESIAN_POINT('',(-1.19534763366,5.468517002527,6.650032115839
    ));
#1721 = CARTESIAN_POINT('',(-3.278326823299,3.844484899824,6.88749594019
    ));
#1722 = CARTESIAN_POINT('',(-4.157457896301,1.722075445643,
    7.125000000004));
#1723 = CARTESIAN_POINT('',(-5.036588074253,-0.400332680739,
    7.362516627821));
#1724 = CARTESIAN_POINT('',(-4.712065052638,-3.021587926477,
    7.599958005515));
#1725 = CARTESIAN_POINT('',(-2.863485237662,-5.372247975459,
    7.837575931865));
#1726 = CARTESIAN_POINT('',(0.257283075233,-6.456293038204,
    8.074935563911));
#1727 = CARTESIAN_POINT('',(3.680354899199,-5.508038586932,8.31251499177
    ));
#1728 = CARTESIAN_POINT('',(5.866376305021,-2.708416661636,
    8.550044386619));
#1729 = CARTESIAN_POINT('',(6.059120541006,0.589644937161,8.787448032746
    ));
#1730 = CARTESIAN_POINT('',(4.594811196501,3.197068069447,9.025032115812
    ));
#1731 = CARTESIAN_POINT('',(2.297279550844,4.499999730069,9.262495940205
    ));
#1732 = CARTESIAN_POINT('',(-1.520502473928E-13,4.5,9.499999999999));
#1733 = CARTESIAN_POINT('',(-2.297277981593,4.49999995114,9.737516627837
    ));
#1734 = CARTESIAN_POINT('',(-4.594812468829,3.197068819095,
    9.974958005488));
#1735 = CARTESIAN_POINT('',(-6.059118307378,0.589645107961,
    10.212575931893));
#1736 = CARTESIAN_POINT('',(-5.866379023567,-2.708414947484,
    10.449935563901));
#1737 = CARTESIAN_POINT('',(-3.680353269611,-5.508039675794,
    10.68751499175));
#1738 = CARTESIAN_POINT('',(-0.257285699238,-6.456291182571,
    10.925044386664));
#1739 = CARTESIAN_POINT('',(2.863485934631,-5.372250104419,
    11.162448032694));
#1740 = CARTESIAN_POINT('',(4.712063873158,-3.021587037886,
    11.400032115853));
#1741 = CARTESIAN_POINT('',(5.036588470535,-0.400334215133,
    11.637495940182));
#1742 = CARTESIAN_POINT('',(4.157457896301,1.722075445642,
    11.875000000007));
#1743 = CARTESIAN_POINT('',(3.278327628066,3.84448353463,12.11251662781)
  );
#1744 = CARTESIAN_POINT('',(1.195347839348,5.468518464873,
    12.349958005539));
#1745 = CARTESIAN_POINT('',(-1.773963144281,5.823542803045,
    12.587575931828));
#1746 = CARTESIAN_POINT('',(-4.747215195829,4.383361981458,
    12.824935563959));
#1747 = CARTESIAN_POINT('',(-6.497175342245,1.29236752946,
    13.062514991717));
#1748 = CARTESIAN_POINT('',(-6.063294254002,-2.23301467855,
    13.30004438667));
#1749 = CARTESIAN_POINT('',(-3.867503289008,-4.701387156132,
    13.537448032702));
#1750 = CARTESIAN_POINT('',(-0.9883536435,-5.50969066714,13.775032115845
    ));
#1751 = CARTESIAN_POINT('',(1.557558375789,-4.806402273151,
    14.012495940183));
#1752 = CARTESIAN_POINT('',(3.181980515339,-3.18198051534,14.25000000001
    ));
#1753 = CARTESIAN_POINT('',(4.806401319848,-1.557559641732,
    14.487516627803));
#1754 = CARTESIAN_POINT('',(5.509692096886,0.988354013083,
    14.724958005548));
#1755 = CARTESIAN_POINT('',(4.701385697499,3.867501588827,
    14.962575931818));
#1756 = CARTESIAN_POINT('',(2.233017812934,6.063294964215,
    15.199935563968));
#1757 = CARTESIAN_POINT('',(-1.292369451689,6.49717495989,
    15.437514991707));
#1758 = CARTESIAN_POINT('',(-4.383358813878,4.747215739156,
    15.675044386682));
#1759 = CARTESIAN_POINT('',(-5.823544801277,1.773964156849,
    15.91244803269));
#1760 = CARTESIAN_POINT('',(-5.468517002526,-1.195347633658,
    16.150032115855));
#1761 = CARTESIAN_POINT('',(-3.844484899823,-3.2783268233,
    16.387495940177));
#1762 = CARTESIAN_POINT('',(-1.722075445644,-4.1574578963,
    16.625000000014));
#1763 = CARTESIAN_POINT('',(0.400332680741,-5.036588127141,
    16.862516212867));
#1764 = CARTESIAN_POINT('',(3.021587926478,-4.712064825932,
    17.099959784185));
#1765 = CARTESIAN_POINT('',(5.372247975451,-2.863485823151,
    17.337571338319));
#1766 = CARTESIAN_POINT('',(6.456293038227,0.257284183897,
    17.574944262137));
#1767 = CARTESIAN_POINT('',(5.508038586893,3.680353252802,
    17.812502074634));
#1768 = CARTESIAN_POINT('',(2.708416661685,5.86637828069,18.050059887154
    ));
#1769 = CARTESIAN_POINT('',(-0.589644937207,6.059118600866,
    18.287432810946));
#1770 = CARTESIAN_POINT('',(-3.197068069413,4.594812757772,
    18.525044365104));
#1771 = CARTESIAN_POINT('',(-4.49999973009,2.297278530695,
    18.762487936406));
#1772 = CARTESIAN_POINT('',(-4.49999999999,5.288575176399E-07,
    19.000004149266));
#1773 = DEFINITIONAL_REPRESENTATION('',(#1774),#1778);
#1774 = LINE('',#1775,#1776);
#1775 = CARTESIAN_POINT('',(0.,0.));
#1776 = VECTOR('',#1777,1.);
#1777 = DIRECTION('',(0.,1.));
#1778 = ( GEOMETRIC_REPRESENTATION_CONTEXT(2) 
PARAMETRIC_REPRESENTATION_CONTEXT() REPRESENTATION_CONTEXT('2D SPACE',''
  ) );
#1779 = ORIENTED_EDGE('',*,*,#1780,.T.);
#1780 = EDGE_CURVE('',#22,#1781,#1783,.T.);
#1781 = VERTEX_POINT('',#1782);
#1782 = CARTESIAN_POINT('',(-1.141066641185,4.35292624701,0.850039984708
    ));
#1783 = SURFACE_CURVE('',#1784,(#2144,#2507),.PCURVE_S1.);
#1784 = B_SPLINE_CURVE_WITH_KNOTS('',8,(#1785,#1786,#1787,#1788,#1789,
    #1790,#1791,#1792,#1793,#1794,#1795,#1796,#1797,#1798,#1799,#1800,
    #1801,#1802,#1803,#1804,#1805,#1806,#1807,#1808,#1809,#1810,#1811,
    #1812,#1813,#1814,#1815,#1816,#1817,#1818,#1819,#1820,#1821,#1822,
    #1823,#1824,#1825,#1826,#1827,#1828,#1829,#1830,#1831,#1832,#1833,
    #1834,#1835,#1836,#1837,#1838,#1839,#1840,#1841,#1842,#1843,#1844,
    #1845,#1846,#1847,#1848,#1849,#1850,#1851,#1852,#1853,#1854,#1855,
    #1856,#1857,#1858,#1859,#1860,#1861,#1862,#1863,#1864,#1865,#1866,
    #1867,#1868,#1869,#1870,#1871,#1872,#1873,#1874,#1875,#1876,#1877,
    #1878,#1879,#1880,#1881,#1882,#1883,#1884,#1885,#1886,#1887,#1888,
    #1889,#1890,#1891,#1892,#1893,#1894,#1895,#1896,#1897,#1898,#1899,
    #1900,#1901,#1902,#1903,#1904,#1905,#1906,#1907,#1908,#1909,#1910,
    #1911,#1912,#1913,#1914,#1915,#1916,#1917,#1918,#1919,#1920,#1921,
    #1922,#1923,#1924,#1925,#1926,#1927,#1928,#1929,#1930,#1931,#1932,
    #1933,#1934,#1935,#1936,#1937,#1938,#1939,#1940,#1941,#1942,#1943,
    #1944,#1945,#1946,#1947,#1948,#1949,#1950,#1951,#1952,#1953,#1954,
    #1955,#1956,#1957,#1958,#1959,#1960,#1961,#1962,#1963,#1964,#1965,
    #1966,#1967,#1968,#1969,#1970,#1971,#1972,#1973,#1974,#1975,#1976,
    #1977,#1978,#1979,#1980,#1981,#1982,#1983,#1984,#1985,#1986,#1987,
    #1988,#1989,#1990,#1991,#1992,#1993,#1994,#1995,#1996,#1997,#1998,
    #1999,#2000,#2001,#2002,#2003,#2004,#2005,#2006,#2007,#2008,#2009,
    #2010,#2011,#2012,#2013,#2014,#2015,#2016,#2017,#2018,#2019,#2020,
    #2021,#2022,#2023,#2024,#2025,#2026,#2027,#2028,#2029,#2030,#2031,
    #2032,#2033,#2034,#2035,#2036,#2037,#2038,#2039,#2040,#2041,#2042,
    #2043,#2044,#2045,#2046,#2047,#2048,#2049,#2050,#2051,#2052,#2053,
    #2054,#2055,#2056,#2057,#2058,#2059,#2060,#2061,#2062,#2063,#2064,
    #2065,#2066,#2067,#2068,#2069,#2070,#2071,#2072,#2073,#2074,#2075,
    #2076,#2077,#2078,#2079,#2080,#2081,#2082,#2083,#2084,#2085,#2086,
    #2087,#2088,#2089,#2090,#2091,#2092,#2093,#2094,#2095,#2096,#2097,
    #2098,#2099,#2100,#2101,#2102,#2103,#2104,#2105,#2106,#2107,#2108,
    #2109,#2110,#2111,#2112,#2113,#2114,#2115,#2116,#2117,#2118,#2119,
    #2120,#2121,#2122,#2123,#2124,#2125,#2126,#2127,#2128,#2129,#2130,
    #2131,#2132,#2133,#2134,#2135,#2136,#2137,#2138,#2139,#2140,#2141,
    #2142,#2143),.UNSPECIFIED.,.F.,.F.,(9,7,7,7,7,7,7,7,7,7,7,7,7,7,7,7,
    7,7,7,7,7,7,7,7,7,7,7,7,7,7,7,7,7,7,7,7,7,7,7,7,7,7,7,7,7,7,7,7,7,7,
    7,9),(0.,1.721153196482E-05,3.982033522907E-05,7.224561389381E-04,
    1.27439634361E-03,1.701789090438E-03,2.030038412934E-03,
    2.954473626265E-03,4.411492684043E-03,5.855880990824E-03,
    7.303163951539E-03,8.024848571242E-03,8.383759699841E-03,
    8.731041083661E-03,8.789003921769E-03,8.80372066798E-03,
    9.329958119487E-03,1.043833373083E-02,1.688833416001E-02,
    6.318038810219E-02,0.107936187119,0.172633764058,0.213600093437,
    0.267642243691,0.325934694705,0.374809664241,0.390724694214,
    0.404153828816,0.414933955523,0.42262110419,0.426392656241,
    0.428437678701,0.430068193985,0.431941633119,0.435192520025,
    0.439174406836,0.444214734832,0.451122389182,0.461236352816,
    0.477065122737,0.491104639993,0.505183634914,0.557072663417,
    0.63583910144,0.721433434833,0.79515856822,0.852611665716,
    0.8951730303,0.992644765339,0.996436600569,0.99822100489,1.),
  .UNSPECIFIED.);
#1785 = CARTESIAN_POINT('',(-1.140692511525,4.353024304337,
    0.849999999976));
#1786 = CARTESIAN_POINT('',(-1.140717893558,4.353017654853,
    0.849353760321));
#1787 = CARTESIAN_POINT('',(-1.140721340653,4.353016167981,
    0.848705667104));
#1788 = CARTESIAN_POINT('',(-1.140715126138,4.353016628657,
    0.848056831245));
#1789 = CARTESIAN_POINT('',(-1.140707792722,4.353016798929,
    0.847408003439));
#1790 = CARTESIAN_POINT('',(-1.140704152496,4.353015417948,0.84675957416
    ));
#1791 = CARTESIAN_POINT('',(-1.140705286933,4.353012201973,
    0.846111573659));
#1792 = CARTESIAN_POINT('',(-1.140708546888,4.35300784437,0.845463671961
    ));
#1793 = CARTESIAN_POINT('',(-1.140706246514,4.352998986216,
    0.843963328334));
#1794 = CARTESIAN_POINT('',(-1.14070468933,4.352993013894,0.843111467683
    ));
#1795 = CARTESIAN_POINT('',(-1.140702882408,4.352986098231,
    0.842259598301));
#1796 = CARTESIAN_POINT('',(-1.14070082677,4.352978238906,0.841407721567
    ));
#1797 = CARTESIAN_POINT('',(-1.140698523098,4.352969435685,
    0.840555838843));
#1798 = CARTESIAN_POINT('',(-1.140695971733,4.35295968843,0.839703951487
    ));
#1799 = CARTESIAN_POINT('',(-1.140693172674,4.352948997092,
    0.838852060842));
#1800 = CARTESIAN_POINT('',(-1.140598123649,4.35258605057,0.812278665754
    ));
#1801 = CARTESIAN_POINT('',(-1.140280487142,4.351373975628,
    0.786555249835));
#1802 = CARTESIAN_POINT('',(-1.13973695491,4.349299974954,0.760867109047
    ));
#1803 = CARTESIAN_POINT('',(-1.138967738265,4.3463647422,0.735251262988)
  );
#1804 = CARTESIAN_POINT('',(-1.137973520979,4.342570826609,
    0.709744562297));
#1805 = CARTESIAN_POINT('',(-1.136755459286,4.337922633012,
    0.684383688651));
#1806 = CARTESIAN_POINT('',(-1.13531518188,4.332426421829,0.659205154763
    ));
#1807 = CARTESIAN_POINT('',(-1.132312292096,4.320967291275,0.61406419925
    ));
#1808 = CARTESIAN_POINT('',(-1.130825898814,4.315295160166,
    0.594025915107));
#1809 = CARTESIAN_POINT('',(-1.129196734877,4.309078207947,
    0.574149608066));
#1810 = CARTESIAN_POINT('',(-1.127426119721,4.302321469542,
    0.554454169924));
#1811 = CARTESIAN_POINT('',(-1.125515567408,4.295030722595,
    0.534958228165));
#1812 = CARTESIAN_POINT('',(-1.123466786629,4.287212487468,0.51568014596
    ));
#1813 = CARTESIAN_POINT('',(-1.121281680701,4.278874027244,
    0.496638022168));
#1814 = CARTESIAN_POINT('',(-1.117166381,4.263169858529,0.463301020566)
  );
#1815 = CARTESIAN_POINT('',(-1.11528992542,4.256009218299,0.44890448837)
  );
#1816 = CARTESIAN_POINT('',(-1.113333953842,4.248545140066,
    0.434668358164));
#1817 = CARTESIAN_POINT('',(-1.111299502804,4.240781579266,
    0.420600749599));
#1818 = CARTESIAN_POINT('',(-1.10918767236,4.232722733745,0.406709638565
    ));
#1819 = CARTESIAN_POINT('',(-1.106999626093,4.224373043753,
    0.393002857188));
#1820 = CARTESIAN_POINT('',(-1.104736591105,4.21573719195,0.379488093834
    ));
#1821 = CARTESIAN_POINT('',(-1.100605183083,4.199971535437,
    0.355946454655));
#1822 = CARTESIAN_POINT('',(-1.098767034443,4.192957068987,
    0.345837722177));
#1823 = CARTESIAN_POINT('',(-1.096885996252,4.185778933186,
    0.335850109428));
#1824 = CARTESIAN_POINT('',(-1.094962672549,4.178439433072,0.32598696871
    ));
#1825 = CARTESIAN_POINT('',(-1.092997687266,4.170940949584,
    0.316251590864));
#1826 = CARTESIAN_POINT('',(-1.090991684224,4.163285939565,
    0.306647205274));
#1827 = CARTESIAN_POINT('',(-1.088945327134,4.155476935761,
    0.297176979867));
#1828 = CARTESIAN_POINT('',(-1.080984505107,4.125098027286,
    0.261559989036));
#1829 = CARTESIAN_POINT('',(-1.074795030366,4.101478666394,
    0.236364489932));
#1830 = CARTESIAN_POINT('',(-1.068306171392,4.07671683431,0.212327047709
    ));
#1831 = CARTESIAN_POINT('',(-1.061534364151,4.050875251324,
    0.189512789868));
#1832 = CARTESIAN_POINT('',(-1.054497102938,4.024020676404,0.16798223173
    ));
#1833 = CARTESIAN_POINT('',(-1.047212858764,3.996223595739,
    0.147791060674));
#1834 = CARTESIAN_POINT('',(-1.03970099774,3.967557911297,0.128989920363
    ));
#1835 = CARTESIAN_POINT('',(-1.019815173833,3.891672474595,
    8.425376114891E-02));
#1836 = CARTESIAN_POINT('',(-1.007132795175,3.84327578261,
    6.04480049668E-02));
#1837 = CARTESIAN_POINT('',(-0.994013931628,3.793213426017,
    4.03855596626E-02));
#1838 = CARTESIAN_POINT('',(-0.980542010645,3.741803768155,
    2.421023262891E-02));
#1839 = CARTESIAN_POINT('',(-0.966803628147,3.689377263544,
    1.20303595479E-02));
#1840 = CARTESIAN_POINT('',(-0.952887657689,3.636273058328,
    3.918158518153E-03));
#1841 = CARTESIAN_POINT('',(-0.938884359625,3.582835590729,
    -9.091581850987E-05));
#1842 = CARTESIAN_POINT('',(-0.911005984368,3.476449922965,
    9.248113268222E-05));
#1843 = CARTESIAN_POINT('',(-0.897129920852,3.423497959248,
    4.214161015811E-03));
#1844 = CARTESIAN_POINT('',(-0.883344695155,3.370892621621,
    1.236451834705E-02));
#1845 = CARTESIAN_POINT('',(-0.869737944147,3.318968336759,
    2.450580414298E-02));
#1846 = CARTESIAN_POINT('',(-0.856395739872,3.26805355958,
    4.056516652229E-02));
#1847 = CARTESIAN_POINT('',(-0.843401783296,3.218467696092,
    6.043559363909E-02));
#1848 = CARTESIAN_POINT('',(-0.830836598043,3.170518026245,
    8.397685661632E-02));
#1849 = CARTESIAN_POINT('',(-0.806692681415,3.078382997242,0.13811023756
    ));
#1850 = CARTESIAN_POINT('',(-0.795115188632,3.03420236655,0.168718149923
    ));
#1851 = CARTESIAN_POINT('',(-0.784121275362,2.992248673097,
    0.202666837736));
#1852 = CARTESIAN_POINT('',(-0.773782876197,2.952796419635,
    0.239752786596));
#1853 = CARTESIAN_POINT('',(-0.764166216908,2.916098321709,
    0.279744672738));
#1854 = CARTESIAN_POINT('',(-0.755331200619,2.8823829561,0.322385716238)
  );
#1855 = CARTESIAN_POINT('',(-0.747330793968,2.851852409264,0.36739603422
    ));
#1856 = CARTESIAN_POINT('',(-0.736659850338,2.811130423744,
    0.437950818863));
#1857 = CARTESIAN_POINT('',(-0.733328027299,2.798415591884,
    0.461941524702));
#1858 = CARTESIAN_POINT('',(-0.730220564113,2.786556886275,
    0.486409864462));
#1859 = CARTESIAN_POINT('',(-0.727342571085,2.775573799335,
    0.511317708134));
#1860 = CARTESIAN_POINT('',(-0.724698648859,2.765483859814,
    0.536626042824));
#1861 = CARTESIAN_POINT('',(-0.722292888428,2.756302632799,
    0.562294972744));
#1862 = CARTESIAN_POINT('',(-0.720128871126,2.748043719709,
    0.588283719216));
#1863 = CARTESIAN_POINT('',(-0.717255203046,2.737075878716,
    0.627613782875));
#1864 = CARTESIAN_POINT('',(-0.71636128889,2.73366397776,0.640745783538)
  );
#1865 = CARTESIAN_POINT('',(-0.715528296049,2.73048447771,0.653941522503
    ));
#1866 = CARTESIAN_POINT('',(-0.714756567461,2.727538671096,0.66719587076
    ));
#1867 = CARTESIAN_POINT('',(-0.714046419111,2.724827720698,
    0.680503670445));
#1868 = CARTESIAN_POINT('',(-0.713398140033,2.722352659541,
    0.693859734843));
#1869 = CARTESIAN_POINT('',(-0.712811992312,2.720114390901,
    0.707258848384));
#1870 = CARTESIAN_POINT('',(-0.711781401858,2.716177814178,0.73369729041
    ));
#1871 = CARTESIAN_POINT('',(-0.711332564585,2.714464468578,
    0.746734186774));
#1872 = CARTESIAN_POINT('',(-0.710944274822,2.712973731663,
    0.759801859379));
#1873 = CARTESIAN_POINT('',(-0.710611505975,2.711707553824,
    0.772895222027));
#1874 = CARTESIAN_POINT('',(-0.710339633748,2.71066503766,0.786009827895
    ));
#1875 = CARTESIAN_POINT('',(-0.710130085581,2.709846198329,
    0.799140972304));
#1876 = CARTESIAN_POINT('',(-0.709973424516,2.709253775387,
    0.812283262736));
#1877 = CARTESIAN_POINT('',(-0.709875675754,2.70882072993,0.827627925599
    ));
#1878 = CARTESIAN_POINT('',(-0.709863521329,2.708765009908,
    0.829822881096));
#1879 = CARTESIAN_POINT('',(-0.709854708046,2.708715112223,
    0.832018099467));
#1880 = CARTESIAN_POINT('',(-0.709846397733,2.708671781044,
    0.834213404208));
#1881 = CARTESIAN_POINT('',(-0.709842154804,2.708634082699,
    0.836408990251));
#1882 = CARTESIAN_POINT('',(-0.709843048047,2.708601737776,0.83860489298
    ));
#1883 = CARTESIAN_POINT('',(-0.709844723602,2.708575888021,
    0.840800819506));
#1884 = CARTESIAN_POINT('',(-0.709871494487,2.70854541043,0.843555696011
    ));
#1885 = CARTESIAN_POINT('',(-0.709880390878,2.708536806015,
    0.844336229343));
#1886 = CARTESIAN_POINT('',(-0.709892635303,2.708528494399,0.84512933213
    ));
#1887 = CARTESIAN_POINT('',(-0.709910006562,2.708520577554,
    0.845797173254));
#1888 = CARTESIAN_POINT('',(-0.709929887159,2.708513401802,0.84626901874
    ));
#1889 = CARTESIAN_POINT('',(-0.709945158086,2.70850834388,0.84653658072)
  );
#1890 = CARTESIAN_POINT('',(-0.709950291074,2.708506514831,
    0.846649921466));
#1891 = CARTESIAN_POINT('',(-0.710073327394,2.708464863835,0.84900208619
    ));
#1892 = CARTESIAN_POINT('',(-0.710746703615,2.708288808947,
    0.849997104321));
#1893 = CARTESIAN_POINT('',(-0.712124782369,2.707930091337,
    0.850307552011));
#1894 = CARTESIAN_POINT('',(-0.714201277962,2.707385429108,
    0.850374338508));
#1895 = CARTESIAN_POINT('',(-0.716812603594,2.706695384175,
    0.850470697183));
#1896 = CARTESIAN_POINT('',(-0.719637871365,2.705944362264,
    0.850702185526));
#1897 = CARTESIAN_POINT('',(-0.722198892271,2.705260612912,0.85100668515
    ));
#1898 = CARTESIAN_POINT('',(-0.727359217538,2.703880256989,
    0.851465526577));
#1899 = CARTESIAN_POINT('',(-0.730857218273,2.702939145693,
    0.851772129799));
#1900 = CARTESIAN_POINT('',(-0.734354029718,2.701992934509,
    0.852076164161));
#1901 = CARTESIAN_POINT('',(-0.737849542155,2.701041652186,0.85237905782
    ));
#1902 = CARTESIAN_POINT('',(-0.741343684832,2.700085317285,
    0.852681714372));
#1903 = CARTESIAN_POINT('',(-0.744836425967,2.699123938187,
    0.852984512861));
#1904 = CARTESIAN_POINT('',(-0.748327772749,2.698157513085,
    0.853287307772));
#1905 = CARTESIAN_POINT('',(-0.772127215293,2.691532651912,0.85534757156
    ));
#1906 = CARTESIAN_POINT('',(-0.79238955036,2.685708370406,0.857099000352
    ));
#1907 = CARTESIAN_POINT('',(-0.812602537856,2.679713799338,
    0.858852825235));
#1908 = CARTESIAN_POINT('',(-0.832764759472,2.673549359638,
    0.860605128959));
#1909 = CARTESIAN_POINT('',(-0.852874525225,2.667215564596,
    0.862356442568));
#1910 = CARTESIAN_POINT('',(-0.872930045655,2.660712974773,
    0.864109000162));
#1911 = CARTESIAN_POINT('',(-0.89292981158,2.654042098731,0.865860665564
    ));
#1912 = CARTESIAN_POINT('',(-1.055999345742,2.598122580666,0.88018489849
    ));
#1913 = CARTESIAN_POINT('',(-1.196174081675,2.540400682984,
    0.892754578947));
#1914 = CARTESIAN_POINT('',(-1.332780930389,2.47424810727,0.905322649568
    ));
#1915 = CARTESIAN_POINT('',(-1.465233011395,2.399926778314,
    0.917887498903));
#1916 = CARTESIAN_POINT('',(-1.592970848729,2.317745609087,
    0.930447482566));
#1917 = CARTESIAN_POINT('',(-1.715462834133,2.228058311468,
    0.943001947087));
#1918 = CARTESIAN_POINT('',(-1.832207270543,2.131263669765,
    0.955550514308));
#1919 = CARTESIAN_POINT('',(-2.049596698679,1.927786170146,0.98021458041
    ));
#1920 = CARTESIAN_POINT('',(-2.150656279296,1.82152974293,0.992331785463
    ));
#1921 = CARTESIAN_POINT('',(-2.245490612944,1.709440260157,
    1.004440589309));
#1922 = CARTESIAN_POINT('',(-2.333716807846,1.591949142782,
    1.016540000376));
#1923 = CARTESIAN_POINT('',(-2.414990847398,1.469514630297,
    1.028629354281));
#1924 = CARTESIAN_POINT('',(-2.489007118208,1.342619813108,
    1.040707984967));
#1925 = CARTESIAN_POINT('',(-2.555499824048,1.211772034904,
    1.052774900414));
#1926 = CARTESIAN_POINT('',(-2.699168325005,0.883409527869,
    1.082252714232));
#1927 = CARTESIAN_POINT('',(-2.767921448316,0.682125619506,
    1.099652752731));
#1928 = CARTESIAN_POINT('',(-2.819811316612,0.475278648222,1.11702168661
    ));
#1929 = CARTESIAN_POINT('',(-2.854376126551,0.264527617658,
    1.134356418675));
#1930 = CARTESIAN_POINT('',(-2.871354305052,5.155037329344E-02,
    1.151655525962));
#1931 = CARTESIAN_POINT('',(-2.870672049044,-0.161966953786,
    1.168917283928));
#1932 = CARTESIAN_POINT('',(-2.852450710407,-0.374337605836,
    1.18613783524));
#1933 = CARTESIAN_POINT('',(-2.794608278095,-0.71655997452,
    1.214182556469));
#1934 = CARTESIAN_POINT('',(-2.765284938887,-0.848124691131,
    1.22503747351));
#1935 = CARTESIAN_POINT('',(-2.729147443089,-0.978154707894,
    1.23587298469));
#1936 = CARTESIAN_POINT('',(-2.68630886987,-1.106244492586,
    1.246688168007));
#1937 = CARTESIAN_POINT('',(-2.636911130413,-1.232001988275,
    1.257482265563));
#1938 = CARTESIAN_POINT('',(-2.581124155404,-1.355049218779,
    1.26825450009));
#1939 = CARTESIAN_POINT('',(-2.519145082514,-1.475022894119,
    1.279003891472));
#1940 = CARTESIAN_POINT('',(-2.361561966357,-1.745328778591,
    1.303877567793));
#1941 = CARTESIAN_POINT('',(-2.261530586185,-1.8931447191,1.317985424971
    ));
#1942 = CARTESIAN_POINT('',(-2.151618665272,-2.034215642464,
    1.332048916751));
#1943 = CARTESIAN_POINT('',(-2.03241068123,-2.167813496757,
    1.346065757147));
#1944 = CARTESIAN_POINT('',(-1.904548736625,-2.293283050182,
    1.360034261209));
#1945 = CARTESIAN_POINT('',(-1.768726189137,-2.410040138842,
    1.373952521298));
#1946 = CARTESIAN_POINT('',(-1.625686402608,-2.517574485269,
    1.387817600702));
#1947 = CARTESIAN_POINT('',(-1.315012139675,-2.721037949723,
    1.416517791083));
#1948 = CARTESIAN_POINT('',(-1.146292546276,-2.815412623865,
    1.43134666587));
#1949 = CARTESIAN_POINT('',(-0.971067396895,-2.898030661888,
    1.446104998081));
#1950 = CARTESIAN_POINT('',(-0.790358138823,-2.968489300378,
    1.460788297082));
#1951 = CARTESIAN_POINT('',(-0.605195841131,-3.02651180173,1.47539275963
    ));
#1952 = CARTESIAN_POINT('',(-0.416614009188,-3.071941167553,
    1.48991387099));
#1953 = CARTESIAN_POINT('',(-0.225646481143,-3.104749224499,
    1.504344799979));
#1954 = CARTESIAN_POINT('',(0.127915898003,-3.1420914428,1.530689316039)
  );
#1955 = CARTESIAN_POINT('',(0.290154371164,-3.150341640768,
    1.542636224754));
#1956 = CARTESIAN_POINT('',(0.45276658705,-3.149878819113,1.554507995141
    ));
#1957 = CARTESIAN_POINT('',(0.615173660056,-3.140848335378,
    1.566298582548));
#1958 = CARTESIAN_POINT('',(0.776840487966,-3.123485537678,
    1.578001203942));
#1959 = CARTESIAN_POINT('',(0.937276031724,-3.098102787844,
    1.589607940036));
#1960 = CARTESIAN_POINT('',(1.096035101803,-3.065120469194,
    1.601107373414));
#1961 = CARTESIAN_POINT('',(1.3037503379,-3.012215006352,1.616178843072)
  );
#1962 = CARTESIAN_POINT('',(1.354555787507,-2.998484405825,1.61986728432
    ));
#1963 = CARTESIAN_POINT('',(1.405129747202,-2.984042241995,
    1.623541203965));
#1964 = CARTESIAN_POINT('',(1.455462215844,-2.968913842201,
    1.627199827287));
#1965 = CARTESIAN_POINT('',(1.505540331339,-2.9531291473,1.630842040856)
  );
#1966 = CARTESIAN_POINT('',(1.55535591013,-2.93672152799,1.63446671347)
  );
#1967 = CARTESIAN_POINT('',(1.604899737024,-2.919730862709,
    1.638072340851));
#1968 = CARTESIAN_POINT('',(1.695735345765,-2.887418042201,
    1.644681842808));
#1969 = CARTESIAN_POINT('',(1.737106095849,-2.872250301197,
    1.647691649103));
#1970 = CARTESIAN_POINT('',(1.778274384963,-2.856731131505,
    1.650685442742));
#1971 = CARTESIAN_POINT('',(1.819236937194,-2.840894707409,
    1.653661873399));
#1972 = CARTESIAN_POINT('',(1.859990297086,-2.824781050872,1.6566192636)
  );
#1973 = CARTESIAN_POINT('',(1.900531108264,-2.808438441611,
    1.659555506475));
#1974 = CARTESIAN_POINT('',(1.940856557242,-2.791927969052,
    1.662467868515));
#1975 = CARTESIAN_POINT('',(2.013161688882,-2.762006525337,
    1.667668469854));
#1976 = CARTESIAN_POINT('',(2.045211247615,-2.748629918573,
    1.669965961185));
#1977 = CARTESIAN_POINT('',(2.077119286782,-2.735238591396,1.67224379484
    ));
#1978 = CARTESIAN_POINT('',(2.108885454919,-2.72188454591,1.674499597237
    ));
#1979 = CARTESIAN_POINT('',(2.140503995312,-2.708632148822,
    1.676730104389));
#1980 = CARTESIAN_POINT('',(2.171964092009,-2.695563950315,
    1.678930926371));
#1981 = CARTESIAN_POINT('',(2.203249987428,-2.682793773745,
    1.681095969565));
#1982 = CARTESIAN_POINT('',(2.256511320472,-2.661711352444,
    1.684728647472));
#1983 = CARTESIAN_POINT('',(2.278556952553,-2.653181527038,
    1.686216399215));
#1984 = CARTESIAN_POINT('',(2.300492057306,-2.644949424893,
    1.687678109865));
#1985 = CARTESIAN_POINT('',(2.322308689605,-2.637088167441,
    1.689109982376));
#1986 = CARTESIAN_POINT('',(2.343974529058,-2.62970419677,1.690505513331
    ));
#1987 = CARTESIAN_POINT('',(2.365433937816,-2.62293829105,1.691855547411
    ));
#1988 = CARTESIAN_POINT('',(2.386606006837,-2.616980342142,
    1.693147605477));
#1989 = CARTESIAN_POINT('',(2.417562494256,-2.609739340812,
    1.694959509692));
#1990 = CARTESIAN_POINT('',(2.42764454898,-2.607623301182,1.695536890916
    ));
#1991 = CARTESIAN_POINT('',(2.437607609819,-2.605807534978,
    1.696093255463));
#1992 = CARTESIAN_POINT('',(2.447428669539,-2.60433394974,1.69662566137)
  );
#1993 = CARTESIAN_POINT('',(2.457073994749,-2.603252696647,
    1.697130316744));
#1994 = CARTESIAN_POINT('',(2.466499471997,-2.60262149419,1.697602649625
    ));
#1995 = CARTESIAN_POINT('',(2.475650953863,-2.60250495184,1.698037377858
    ));
#1996 = CARTESIAN_POINT('',(2.489243569904,-2.603228164825,
    1.698640697211));
#1997 = CARTESIAN_POINT('',(2.493921765348,-2.603654485474,
    1.698839954874));
#1998 = CARTESIAN_POINT('',(2.498488050087,-2.604263674763,
    1.699025383526));
#1999 = CARTESIAN_POINT('',(2.502929627717,-2.605066902675,
    1.699195931562));
#2000 = CARTESIAN_POINT('',(2.507232500888,-2.606075001069,
    1.699350516362));
#2001 = CARTESIAN_POINT('',(2.511381925449,-2.607297774653,
    1.699488076458));
#2002 = CARTESIAN_POINT('',(2.515362864606,-2.608743311963,
    1.699607623703));
#2003 = CARTESIAN_POINT('',(2.522188287433,-2.611751979546,
    1.699788561944));
#2004 = CARTESIAN_POINT('',(2.525099776634,-2.613231941646,
    1.699856836286));
#2005 = CARTESIAN_POINT('',(2.527887016683,-2.614859856993,
    1.699912673299));
#2006 = CARTESIAN_POINT('',(2.530542673606,-2.616637373415,
    1.699955703616));
#2007 = CARTESIAN_POINT('',(2.533060126598,-2.618564939428,
    1.699985647094));
#2008 = CARTESIAN_POINT('',(2.535433621174,-2.620641631429,
    1.700002326246));
#2009 = CARTESIAN_POINT('',(2.537658422324,-2.622864980904,
    1.700005679674));
#2010 = CARTESIAN_POINT('',(2.54211229311,-2.62794909636,1.69998439573)
  );
#2011 = CARTESIAN_POINT('',(2.544293077514,-2.630856014473,
    1.699955510746));
#2012 = CARTESIAN_POINT('',(2.546267731868,-2.633945264115,
    1.699909213172));
#2013 = CARTESIAN_POINT('',(2.548033688132,-2.637208663876,
    1.699845815398));
#2014 = CARTESIAN_POINT('',(2.549590996302,-2.640636487986,
    1.699765813974));
#2015 = CARTESIAN_POINT('',(2.550941921478,-2.644217811524,
    1.699669854021));
#2016 = CARTESIAN_POINT('',(2.552090540936,-2.647940855624,
    1.699558693626));
#2017 = CARTESIAN_POINT('',(2.554693953446,-2.658478346885,
    1.699215350242));
#2018 = CARTESIAN_POINT('',(2.5557525792,-2.665551829748,1.698954318026)
  );
#2019 = CARTESIAN_POINT('',(2.556249221503,-2.67295560049,1.698654283861
    ));
#2020 = CARTESIAN_POINT('',(2.556225015527,-2.680632815438,
    1.698319790666));
#2021 = CARTESIAN_POINT('',(2.55572454836,-2.688531841338,1.697955244527
    ));
#2022 = CARTESIAN_POINT('',(2.554791113494,-2.696608924722,
    1.697564593666));
#2023 = CARTESIAN_POINT('',(2.553463900021,-2.704829657312,
    1.697151153886));
#2024 = CARTESIAN_POINT('',(2.549711040071,-2.723384069679,
    1.696186513049));
#2025 = CARTESIAN_POINT('',(2.547106622732,-2.733772065907,
    1.695625510758));
#2026 = CARTESIAN_POINT('',(2.544026648392,-2.744288649078,1.69503939764
    ));
#2027 = CARTESIAN_POINT('',(2.540524875112,-2.754897215975,
    1.694432193912));
#2028 = CARTESIAN_POINT('',(2.536646704193,-2.76556883039,1.693807174795
    ));
#2029 = CARTESIAN_POINT('',(2.532429849223,-2.776281916274,
    1.693166929321));
#2030 = CARTESIAN_POINT('',(2.527905005123,-2.787021950879,
    1.692513419137));
#2031 = CARTESIAN_POINT('',(2.517009865946,-2.811400312601,
    1.691005787714));
#2032 = CARTESIAN_POINT('',(2.510472197381,-2.825042592136,
    1.690144988108));
#2033 = CARTESIAN_POINT('',(2.503534821698,-2.838686626655,
    1.689268771275));
#2034 = CARTESIAN_POINT('',(2.496239779161,-2.852315181656,
    1.688379661905));
#2035 = CARTESIAN_POINT('',(2.488621173869,-2.865914926634,
    1.687479653111));
#2036 = CARTESIAN_POINT('',(2.480706507511,-2.87947620372,1.686570282924
    ));
#2037 = CARTESIAN_POINT('',(2.472518013139,-2.892992796313,
    1.685652710799));
#2038 = CARTESIAN_POINT('',(2.452501646681,-2.924920519337,
    1.683460216939));
#2039 = CARTESIAN_POINT('',(2.440452579397,-2.943284513131,
    1.682179201444));
#2040 = CARTESIAN_POINT('',(2.42797458178,-2.961542057837,1.680887134215
    ));
#2041 = CARTESIAN_POINT('',(2.415106595234,-2.979683626254,
    1.679585922581));
#2042 = CARTESIAN_POINT('',(2.401880086444,-2.997701784562,
    1.678277058853));
#2043 = CARTESIAN_POINT('',(2.388320425946,-3.015591191642,
    1.676961684578));
#2044 = CARTESIAN_POINT('',(2.374448266706,-3.033348598392,
    1.675640654772));
#2045 = CARTESIAN_POINT('',(2.339537556745,-3.076777700751,
    1.672373038934));
#2046 = CARTESIAN_POINT('',(2.318164922852,-3.102292568872,
    1.670421043416));
#2047 = CARTESIAN_POINT('',(2.296217604882,-3.127510280803,
    1.668460747319));
#2048 = CARTESIAN_POINT('',(2.273740296307,-3.1524244743,1.666493839954)
  );
#2049 = CARTESIAN_POINT('',(2.250769378488,-3.177029837889,
    1.664521626726));
#2050 = CARTESIAN_POINT('',(2.227334498944,-3.20132235327,1.66254508762)
  );
#2051 = CARTESIAN_POINT('',(2.203460149626,-3.225299537726,
    1.660564935682));
#2052 = CARTESIAN_POINT('',(2.141147848547,-3.285991359568,1.65547779158
    ));
#2053 = CARTESIAN_POINT('',(2.102108093368,-3.322242653642,1.65236671176
    ));
#2054 = CARTESIAN_POINT('',(2.062129219817,-3.357708055521,
    1.649250563846));
#2055 = CARTESIAN_POINT('',(2.021277415768,-3.392379504007,
    1.646130976253));
#2056 = CARTESIAN_POINT('',(1.979608296814,-3.426249214698,
    1.643009184306));
#2057 = CARTESIAN_POINT('',(1.937169752909,-3.459310753062,
    1.639886098706));
#2058 = CARTESIAN_POINT('',(1.894003161628,-3.491559355829,
    1.636762336193));
#2059 = CARTESIAN_POINT('',(1.811240643527,-3.550870618436,
    1.630867233329));
#2060 = CARTESIAN_POINT('',(1.771794850158,-3.578105948708,
    1.628096119986));
#2061 = CARTESIAN_POINT('',(1.731831364524,-3.604694004137,
    1.625325213909));
#2062 = CARTESIAN_POINT('',(1.691374064588,-3.63063123922,1.622554797581
    ));
#2063 = CARTESIAN_POINT('',(1.650445111403,-3.655914153716,
    1.619785099998));
#2064 = CARTESIAN_POINT('',(1.609065130795,-3.680539396037,
    1.617016302248));
#2065 = CARTESIAN_POINT('',(1.56725339506,-3.704503866637,1.614248543084
    ));
#2066 = CARTESIAN_POINT('',(1.482683880822,-3.751171296037,
    1.608707526488));
#2067 = CARTESIAN_POINT('',(1.439924212567,-3.773870320092,
    1.605934302589));
#2068 = CARTESIAN_POINT('',(1.396767364792,-3.795898853863,
    1.603162367655));
#2069 = CARTESIAN_POINT('',(1.353231068736,-3.817254011433,
    1.600391820156));
#2070 = CARTESIAN_POINT('',(1.30933242197,-3.837933060675,1.597622742183
    ));
#2071 = CARTESIAN_POINT('',(1.265087888401,-3.857933423249,
    1.594855199453));
#2072 = CARTESIAN_POINT('',(1.220513298267,-3.877252674607,
    1.592089241302));
#2073 = CARTESIAN_POINT('',(1.010180933347,-3.964572222245,
    1.579136748105));
#2074 = CARTESIAN_POINT('',(0.840473692321,-4.023969332199,
    1.568971263429));
#2075 = CARTESIAN_POINT('',(0.667255243982,-4.073973986534,
    1.558829377637));
#2076 = CARTESIAN_POINT('',(0.491229365503,-4.114499234607,
    1.548711797382));
#2077 = CARTESIAN_POINT('',(0.313064272341,-4.145490851319,
    1.538618789139));
#2078 = CARTESIAN_POINT('',(0.13340042518,-4.166933364982,1.528550060709
    ));
#2079 = CARTESIAN_POINT('',(-4.714763621052E-02,-4.178848324167,
    1.518504740074));
#2080 = CARTESIAN_POINT('',(-0.502518527438,-4.184983327231,
    1.49326631358));
#2081 = CARTESIAN_POINT('',(-0.777716549646,-4.166841668518,
    1.478102775505));
#2082 = CARTESIAN_POINT('',(-1.051482088359,-4.127038225573,
    1.462989201327));
#2083 = CARTESIAN_POINT('',(-1.321818531955,-4.065943221213,
    1.447922842444));
#2084 = CARTESIAN_POINT('',(-1.586831448905,-3.984100100872,
    1.432900446849));
#2085 = CARTESIAN_POINT('',(-1.844724796058,-3.882215082024,
    1.417918927579));
#2086 = CARTESIAN_POINT('',(-2.093801953974,-3.761154855052,
    1.402976090456));
#2087 = CARTESIAN_POINT('',(-2.591830382807,-3.470683207191,
    1.371874735466));
#2088 = CARTESIAN_POINT('',(-2.838950750881,-3.297960063683,
    1.355719943378));
#2089 = CARTESIAN_POINT('',(-3.071769202342,-3.105103425012,
    1.339607117698));
#2090 = CARTESIAN_POINT('',(-3.288455399891,-2.89362391266,
    1.323533919807));
#2091 = CARTESIAN_POINT('',(-3.487383891749,-2.665188395698,
    1.307496906046));
#2092 = CARTESIAN_POINT('',(-3.667123694719,-2.421603087668,
    1.291492834878));
#2093 = CARTESIAN_POINT('',(-3.826445728656,-2.164813694239,
    1.275519974787));
#2094 = CARTESIAN_POINT('',(-4.083127821675,-1.66617946536,
    1.245849297786));
#2095 = CARTESIAN_POINT('',(-4.186039860147,-1.427154592069,
    1.232140483158));
#2096 = CARTESIAN_POINT('',(-4.272439540926,-1.181174493655,
    1.218453048744));
#2097 = CARTESIAN_POINT('',(-4.341830760208,-0.929595721968,
    1.204785741758));
#2098 = CARTESIAN_POINT('',(-4.39384975967,-0.673798468273,
    1.191136696086));
#2099 = CARTESIAN_POINT('',(-4.42825871001,-0.415182614754,
    1.177504129011));
#2100 = CARTESIAN_POINT('',(-4.444949105578,-0.155166248124,
    1.163887015465));
#2101 = CARTESIAN_POINT('',(-4.443180252442,0.307412306889,
    1.139686431548));
#2102 = CARTESIAN_POINT('',(-4.431665841624,0.510006781738,
    1.129095818245));
#2103 = CARTESIAN_POINT('',(-4.409424609404,0.711922637118,
    1.118513786996));
#2104 = CARTESIAN_POINT('',(-4.376520224152,0.912496696358,
    1.107939868723));
#2105 = CARTESIAN_POINT('',(-4.333063332779,1.111076637922,
    1.097373437937));
#2106 = CARTESIAN_POINT('',(-4.279209949632,1.307021280101,
    1.086813904558));
#2107 = CARTESIAN_POINT('',(-4.215162052362,1.499701270693,
    1.076260897769));
#2108 = CARTESIAN_POINT('',(-4.086357215795,1.828362776268,
    1.057901607278));
#2109 = CARTESIAN_POINT('',(-4.026085382167,1.966099469521,
    1.050092144585));
#2110 = CARTESIAN_POINT('',(-3.960455914679,2.101461091202,
    1.042285982158));
#2111 = CARTESIAN_POINT('',(-3.889582354779,2.234205720677,
    1.034482970636));
#2112 = CARTESIAN_POINT('',(-3.813590632908,2.364098774374,
    1.026682922491));
#2113 = CARTESIAN_POINT('',(-3.732618946837,2.490913093238,
    1.018885651532));
#2114 = CARTESIAN_POINT('',(-3.646817640004,2.614429030197,
    1.011091012397));
#2115 = CARTESIAN_POINT('',(-3.349162876827,3.009264659669,
    0.985453957447));
#2116 = CARTESIAN_POINT('',(-3.117449467178,3.265747962172,
    0.967618336723));
#2117 = CARTESIAN_POINT('',(-2.863199039591,3.501250972246,
    0.949795710652));
#2118 = CARTESIAN_POINT('',(-2.58867918147,3.71350658189,0.931984518745)
  );
#2119 = CARTESIAN_POINT('',(-2.296382230129,3.900557909879,
    0.914180489371));
#2120 = CARTESIAN_POINT('',(-1.989001428894,4.06074279608,0.896379201189
    ));
#2121 = CARTESIAN_POINT('',(-1.669435888088,4.192718928188,
    0.878578723893));
#2122 = CARTESIAN_POINT('',(-1.32804073932,4.2995291309,0.860090025137)
  );
#2123 = CARTESIAN_POINT('',(-1.315243327217,4.303484558223,
    0.859397712349));
#2124 = CARTESIAN_POINT('',(-1.30243229246,4.307395827329,0.858705399756
    ));
#2125 = CARTESIAN_POINT('',(-1.289607813173,4.311262883545,
    0.858013087225));
#2126 = CARTESIAN_POINT('',(-1.276770067762,4.315085673046,
    0.857320774634));
#2127 = CARTESIAN_POINT('',(-1.263919234911,4.318864142849,
    0.856628461872));
#2128 = CARTESIAN_POINT('',(-1.251055493589,4.322598240816,
    0.855936148842));
#2129 = CARTESIAN_POINT('',(-1.232119469214,4.328024244193,
    0.854918038866));
#2130 = CARTESIAN_POINT('',(-1.226057096266,4.329750735003,
    0.854592242201));
#2131 = CARTESIAN_POINT('',(-1.219991923007,4.331467382704,
    0.854266445447));
#2132 = CARTESIAN_POINT('',(-1.213923968194,4.333174181974,
    0.853940648598));
#2133 = CARTESIAN_POINT('',(-1.207853250533,4.334871127551,
    0.853614851666));
#2134 = CARTESIAN_POINT('',(-1.201779788681,4.336558214231,
    0.853289054675));
#2135 = CARTESIAN_POINT('',(-1.195703601244,4.338235436872,
    0.852963257665));
#2136 = CARTESIAN_POINT('',(-1.183564239769,4.341565089517,
    0.852312651328));
#2137 = CARTESIAN_POINT('',(-1.177501077032,4.343217580584,
    0.851987984971));
#2138 = CARTESIAN_POINT('',(-1.171435246387,4.344860256089,
    0.851663226963));
#2139 = CARTESIAN_POINT('',(-1.165366769838,4.346493110092,
    0.851338287442));
#2140 = CARTESIAN_POINT('',(-1.159295663576,4.348116138218,0.85101322134
    ));
#2141 = CARTESIAN_POINT('',(-1.153221937975,4.349729337653,
    0.850688228376));
#2142 = CARTESIAN_POINT('',(-1.147145597596,4.351332707147,
    0.850363653064));
#2143 = CARTESIAN_POINT('',(-1.141066641185,4.35292624701,0.850039984708
    ));
#2144 = PCURVE('',#185,#2145);
#2145 = DEFINITIONAL_REPRESENTATION('',(#2146),#2506);
#2146 = B_SPLINE_CURVE_WITH_KNOTS('',8,(#2147,#2148,#2149,#2150,#2151,
    #2152,#2153,#2154,#2155,#2156,#2157,#2158,#2159,#2160,#2161,#2162,
    #2163,#2164,#2165,#2166,#2167,#2168,#2169,#2170,#2171,#2172,#2173,
    #2174,#2175,#2176,#2177,#2178,#2179,#2180,#2181,#2182,#2183,#2184,
    #2185,#2186,#2187,#2188,#2189,#2190,#2191,#2192,#2193,#2194,#2195,
    #2196,#2197,#2198,#2199,#2200,#2201,#2202,#2203,#2204,#2205,#2206,
    #2207,#2208,#2209,#2210,#2211,#2212,#2213,#2214,#2215,#2216,#2217,
    #2218,#2219,#2220,#2221,#2222,#2223,#2224,#2225,#2226,#2227,#2228,
    #2229,#2230,#2231,#2232,#2233,#2234,#2235,#2236,#2237,#2238,#2239,
    #2240,#2241,#2242,#2243,#2244,#2245,#2246,#2247,#2248,#2249,#2250,
    #2251,#2252,#2253,#2254,#2255,#2256,#2257,#2258,#2259,#2260,#2261,
    #2262,#2263,#2264,#2265,#2266,#2267,#2268,#2269,#2270,#2271,#2272,
    #2273,#2274,#2275,#2276,#2277,#2278,#2279,#2280,#2281,#2282,#2283,
    #2284,#2285,#2286,#2287,#2288,#2289,#2290,#2291,#2292,#2293,#2294,
    #2295,#2296,#2297,#2298,#2299,#2300,#2301,#2302,#2303,#2304,#2305,
    #2306,#2307,#2308,#2309,#2310,#2311,#2312,#2313,#2314,#2315,#2316,
    #2317,#2318,#2319,#2320,#2321,#2322,#2323,#2324,#2325,#2326,#2327,
    #2328,#2329,#2330,#2331,#2332,#2333,#2334,#2335,#2336,#2337,#2338,
    #2339,#2340,#2341,#2342,#2343,#2344,#2345,#2346,#2347,#2348,#2349,
    #2350,#2351,#2352,#2353,#2354,#2355,#2356,#2357,#2358,#2359,#2360,
    #2361,#2362,#2363,#2364,#2365,#2366,#2367,#2368,#2369,#2370,#2371,
    #2372,#2373,#2374,#2375,#2376,#2377,#2378,#2379,#2380,#2381,#2382,
    #2383,#2384,#2385,#2386,#2387,#2388,#2389,#2390,#2391,#2392,#2393,
    #2394,#2395,#2396,#2397,#2398,#2399,#2400,#2401,#2402,#2403,#2404,
    #2405,#2406,#2407,#2408,#2409,#2410,#2411,#2412,#2413,#2414,#2415,
    #2416,#2417,#2418,#2419,#2420,#2421,#2422,#2423,#2424,#2425,#2426,
    #2427,#2428,#2429,#2430,#2431,#2432,#2433,#2434,#2435,#2436,#2437,
    #2438,#2439,#2440,#2441,#2442,#2443,#2444,#2445,#2446,#2447,#2448,
    #2449,#2450,#2451,#2452,#2453,#2454,#2455,#2456,#2457,#2458,#2459,
    #2460,#2461,#2462,#2463,#2464,#2465,#2466,#2467,#2468,#2469,#2470,
    #2471,#2472,#2473,#2474,#2475,#2476,#2477,#2478,#2479,#2480,#2481,
    #2482,#2483,#2484,#2485,#2486,#2487,#2488,#2489,#2490,#2491,#2492,
    #2493,#2494,#2495,#2496,#2497,#2498,#2499,#2500,#2501,#2502,#2503,
    #2504,#2505),.UNSPECIFIED.,.F.,.F.,(9,7,7,7,7,7,7,7,7,7,7,7,7,7,7,7,
    7,7,7,7,7,7,7,7,7,7,7,7,7,7,7,7,7,7,7,7,7,7,7,7,7,7,7,7,7,7,7,7,7,7,
    7,9),(0.,1.721153196482E-05,3.982033522907E-05,7.224561389381E-04,
    1.27439634361E-03,1.701789090438E-03,2.030038412934E-03,
    2.954473626265E-03,4.411492684043E-03,5.855880990824E-03,
    7.303163951539E-03,8.024848571242E-03,8.383759699841E-03,
    8.731041083661E-03,8.789003921769E-03,8.80372066798E-03,
    9.329958119487E-03,1.043833373083E-02,1.688833416001E-02,
    6.318038810219E-02,0.107936187119,0.172633764058,0.213600093437,
    0.267642243691,0.325934694705,0.374809664241,0.390724694214,
    0.404153828816,0.414933955523,0.42262110419,0.426392656241,
    0.428437678701,0.430068193985,0.431941633119,0.435192520025,
    0.439174406836,0.444214734832,0.451122389182,0.461236352816,
    0.477065122737,0.491104639993,0.505183634914,0.557072663417,
    0.63583910144,0.721433434833,0.79515856822,0.852611665716,
    0.8951730303,0.992644765339,0.996436600569,0.99822100489,1.),
  .UNSPECIFIED.);
#2147 = CARTESIAN_POINT('',(6.28318530718,2.015122137914));
#2148 = CARTESIAN_POINT('',(6.282410627641,2.015128568797));
#2149 = CARTESIAN_POINT('',(6.281636545357,2.015129478442));
#2150 = CARTESIAN_POINT('',(6.280862819911,2.015127976443));
#2151 = CARTESIAN_POINT('',(6.280089256826,2.01512622721));
#2152 = CARTESIAN_POINT('',(6.279315707565,2.015125449962));
#2153 = CARTESIAN_POINT('',(6.278542069535,2.015125918732));
#2154 = CARTESIAN_POINT('',(6.277768286082,2.015126962363));
#2155 = CARTESIAN_POINT('',(6.27597771137,2.01512696733));
#2156 = CARTESIAN_POINT('',(6.27496110839,2.015126969201));
#2157 = CARTESIAN_POINT('',(6.273944537361,2.015126970471));
#2158 = CARTESIAN_POINT('',(6.272927998123,2.015126971402));
#2159 = CARTESIAN_POINT('',(6.271911490544,2.015126972171));
#2160 = CARTESIAN_POINT('',(6.270895014526,2.015126972866));
#2161 = CARTESIAN_POINT('',(6.26987857,2.015126973491));
#2162 = CARTESIAN_POINT('',(6.238173228152,2.015126988206));
#2163 = CARTESIAN_POINT('',(6.207512912784,2.01512698561));
#2164 = CARTESIAN_POINT('',(6.176879270431,2.015126976449));
#2165 = CARTESIAN_POINT('',(6.146270442142,2.015126967723));
#2166 = CARTESIAN_POINT('',(6.115684650411,2.015126963163));
#2167 = CARTESIAN_POINT('',(6.085120199178,2.015126963227));
#2168 = CARTESIAN_POINT('',(6.054575473827,2.015126965104));
#2169 = CARTESIAN_POINT('',(5.999366935669,2.015126960773));
#2170 = CARTESIAN_POINT('',(5.97469680294,2.015126958814));
#2171 = CARTESIAN_POINT('',(5.950037730823,2.015126956838));
#2172 = CARTESIAN_POINT('',(5.925388941397,2.015126954852));
#2173 = CARTESIAN_POINT('',(5.900749690997,2.015126952861));
#2174 = CARTESIAN_POINT('',(5.876119270217,2.015126950871));
#2175 = CARTESIAN_POINT('',(5.851497003905,2.015126948886));
#2176 = CARTESIAN_POINT('',(5.807821913298,2.01512694538));
#2177 = CARTESIAN_POINT('',(5.788766074323,2.015126943856));
#2178 = CARTESIAN_POINT('',(5.769714436056,2.015126942341));
#2179 = CARTESIAN_POINT('',(5.750666712079,2.015126940835));
#2180 = CARTESIAN_POINT('',(5.731622627741,2.015126939343));
#2181 = CARTESIAN_POINT('',(5.712581920156,2.015126937864));
#2182 = CARTESIAN_POINT('',(5.693544338205,2.015126936403));
#2183 = CARTESIAN_POINT('',(5.659890475495,2.015126933854));
#2184 = CARTESIAN_POINT('',(5.645273009209,2.015126932758));
#2185 = CARTESIAN_POINT('',(5.63065713503,2.015126931674));
#2186 = CARTESIAN_POINT('',(5.616042748166,2.015126930603));
#2187 = CARTESIAN_POINT('',(5.601429747674,2.015126929547));
#2188 = CARTESIAN_POINT('',(5.586818036464,2.015126928506));
#2189 = CARTESIAN_POINT('',(5.572207521297,2.015126927481));
#2190 = CARTESIAN_POINT('',(5.516454229917,2.015126923635));
#2191 = CARTESIAN_POINT('',(5.475318877966,2.015126920934));
#2192 = CARTESIAN_POINT('',(5.434190406116,2.015126918392));
#2193 = CARTESIAN_POINT('',(5.393067070695,2.015126916031));
#2194 = CARTESIAN_POINT('',(5.351947186125,2.015126913874));
#2195 = CARTESIAN_POINT('',(5.310829275889,2.015126911944));
#2196 = CARTESIAN_POINT('',(5.269712223491,2.015126910264));
#2197 = CARTESIAN_POINT('',(5.163790491226,2.015126906639));
#2198 = CARTESIAN_POINT('',(5.098983360684,2.0151269051));
#2199 = CARTESIAN_POINT('',(5.034173461581,2.015126904333));
#2200 = CARTESIAN_POINT('',(4.96935831601,2.015126904434));
#2201 = CARTESIAN_POINT('',(4.904534884245,2.0151269055));
#2202 = CARTESIAN_POINT('',(4.839700910616,2.01512690764));
#2203 = CARTESIAN_POINT('',(4.774856269385,2.015126910976));
#2204 = CARTESIAN_POINT('',(4.645714546954,2.015126920283));
#2205 = CARTESIAN_POINT('',(4.581413259156,2.015126926225));
#2206 = CARTESIAN_POINT('',(4.517103511253,2.015126933634));
#2207 = CARTESIAN_POINT('',(4.45278597953,2.015126942663));
#2208 = CARTESIAN_POINT('',(4.388460237108,2.015126953498));
#2209 = CARTESIAN_POINT('',(4.324126038522,2.015126966396));
#2210 = CARTESIAN_POINT('',(4.259784604292,2.015126981725));
#2211 = CARTESIAN_POINT('',(4.130966255486,2.015127018312));
#2212 = CARTESIAN_POINT('',(4.066485106853,2.015127039378));
#2213 = CARTESIAN_POINT('',(4.002000492823,2.015127064361));
#2214 = CARTESIAN_POINT('',(3.93751356663,2.015127093705));
#2215 = CARTESIAN_POINT('',(3.873023984142,2.015127128044));
#2216 = CARTESIAN_POINT('',(3.808531286472,2.015127169114));
#2217 = CARTESIAN_POINT('',(3.744036282594,2.01512722066));
#2218 = CARTESIAN_POINT('',(3.647382708308,2.015127323598));
#2219 = CARTESIAN_POINT('',(3.615222729723,2.015127363359));
#2220 = CARTESIAN_POINT('',(3.583062555033,2.015127407633));
#2221 = CARTESIAN_POINT('',(3.550902236125,2.015127457297));
#2222 = CARTESIAN_POINT('',(3.518741817953,2.015127515104));
#2223 = CARTESIAN_POINT('',(3.486581338532,2.015127585682));
#2224 = CARTESIAN_POINT('',(3.454420828942,2.015127675534));
#2225 = CARTESIAN_POINT('',(3.406266114977,2.015127851475));
#2226 = CARTESIAN_POINT('',(3.390271909988,2.01512791884));
#2227 = CARTESIAN_POINT('',(3.374277700147,2.015127994057));
#2228 = CARTESIAN_POINT('',(3.358283487808,2.015128078737));
#2229 = CARTESIAN_POINT('',(3.342289275897,2.015128177176));
#2230 = CARTESIAN_POINT('',(3.326295067908,2.015128296358));
#2231 = CARTESIAN_POINT('',(3.310300867907,2.015128445953));
#2232 = CARTESIAN_POINT('',(3.278830750466,2.015128824449));
#2233 = CARTESIAN_POINT('',(3.263354778162,2.015128880379));
#2234 = CARTESIAN_POINT('',(3.247879072586,2.015129779474));
#2235 = CARTESIAN_POINT('',(3.232402967242,2.01512941169));
#2236 = CARTESIAN_POINT('',(3.216927134314,2.015129914953));
#2237 = CARTESIAN_POINT('',(3.201451744724,2.015131831649));
#2238 = CARTESIAN_POINT('',(3.185975580782,2.015131292442));
#2239 = CARTESIAN_POINT('',(3.167918465129,2.015137287035));
#2240 = CARTESIAN_POINT('',(3.165335768385,2.015138219516));
#2241 = CARTESIAN_POINT('',(3.162753299785,2.015139843723));
#2242 = CARTESIAN_POINT('',(3.160170667188,2.015141003913));
#2243 = CARTESIAN_POINT('',(3.157588335264,2.015143151474));
#2244 = CARTESIAN_POINT('',(3.155006452066,2.015146721547));
#2245 = CARTESIAN_POINT('',(3.15242445608,2.015149941165));
#2246 = CARTESIAN_POINT('',(3.149189886944,2.015163185039));
#2247 = CARTESIAN_POINT('',(3.148273693576,2.015167434035));
#2248 = CARTESIAN_POINT('',(3.147343341352,2.015172929507));
#2249 = CARTESIAN_POINT('',(3.146561314671,2.015180339049));
#2250 = CARTESIAN_POINT('',(3.146010312775,2.015188630725));
#2251 = CARTESIAN_POINT('',(3.145698669233,2.015194954493));
#2252 = CARTESIAN_POINT('',(3.145566387476,2.015197092965));
#2253 = CARTESIAN_POINT('',(3.142824442389,2.015248132782));
#2254 = CARTESIAN_POINT('',(3.14178988244,2.015522289126));
#2255 = CARTESIAN_POINT('',(3.141703008612,2.01608319962));
#2256 = CARTESIAN_POINT('',(3.142044070342,2.016928798098));
#2257 = CARTESIAN_POINT('',(3.142458670462,2.017992703156));
#2258 = CARTESIAN_POINT('',(3.142757765195,2.019144218145));
#2259 = CARTESIAN_POINT('',(3.142917664162,2.020188331179));
#2260 = CARTESIAN_POINT('',(3.1434220105,2.022292439604));
#2261 = CARTESIAN_POINT('',(3.143769373264,2.023719290913));
#2262 = CARTESIAN_POINT('',(3.144119793066,2.025146211906));
#2263 = CARTESIAN_POINT('',(3.144471569304,2.0265731613));
#2264 = CARTESIAN_POINT('',(3.144823626375,2.028000113672));
#2265 = CARTESIAN_POINT('',(3.145175513672,2.02942705947));
#2266 = CARTESIAN_POINT('',(3.145527405586,2.030854005003));
#2267 = CARTESIAN_POINT('',(3.147932554504,2.040584963028));
#2268 = CARTESIAN_POINT('',(3.14999300114,2.048889103811));
#2269 = CARTESIAN_POINT('',(3.152050615261,2.057193148888));
#2270 = CARTESIAN_POINT('',(3.154110061296,2.065497184069));
#2271 = CARTESIAN_POINT('',(3.156170714313,2.073801182166));
#2272 = CARTESIAN_POINT('',(3.158229924448,2.082105072983));
#2273 = CARTESIAN_POINT('',(3.160290238663,2.090408897802));
#2274 = CARTESIAN_POINT('',(3.177137064694,2.158308935276));
#2275 = CARTESIAN_POINT('',(3.191930846449,2.217902722138));
#2276 = CARTESIAN_POINT('',(3.206730939262,2.277485036725));
#2277 = CARTESIAN_POINT('',(3.221541574966,2.33705062783));
#2278 = CARTESIAN_POINT('',(3.236367951771,2.39659602628));
#2279 = CARTESIAN_POINT('',(3.251214138597,2.456117696753));
#2280 = CARTESIAN_POINT('',(3.266083047967,2.515610250192));
#2281 = CARTESIAN_POINT('',(3.295379585076,2.632546118759));
#2282 = CARTESIAN_POINT('',(3.30980648336,2.689996653437));
#2283 = CARTESIAN_POINT('',(3.324261985204,2.747408510347));
#2284 = CARTESIAN_POINT('',(3.338749707329,2.804776878201));
#2285 = CARTESIAN_POINT('',(3.353273729564,2.862098389448));
#2286 = CARTESIAN_POINT('',(3.367838253016,2.919369600046));
#2287 = CARTESIAN_POINT('',(3.382447257185,2.976585504491));
#2288 = CARTESIAN_POINT('',(3.418291708444,3.116356062495));
#2289 = CARTESIAN_POINT('',(3.439583824366,3.198859213329));
#2290 = CARTESIAN_POINT('',(3.460988566056,3.281214081866));
#2291 = CARTESIAN_POINT('',(3.482519389675,3.363405385949));
#2292 = CARTESIAN_POINT('',(3.50419327388,3.445426256926));
#2293 = CARTESIAN_POINT('',(3.52602871841,3.527268923389));
#2294 = CARTESIAN_POINT('',(3.548043612623,3.608915839736));
#2295 = CARTESIAN_POINT('',(3.584315881098,3.741883281478));
#2296 = CARTESIAN_POINT('',(3.598458647897,3.793349422556));
#2297 = CARTESIAN_POINT('',(3.612686008271,3.84472384245));
#2298 = CARTESIAN_POINT('',(3.627003512177,3.896002329668));
#2299 = CARTESIAN_POINT('',(3.64141735769,3.947181415183));
#2300 = CARTESIAN_POINT('',(3.655934223038,3.99825748604));
#2301 = CARTESIAN_POINT('',(3.670561098635,4.049225898973));
#2302 = CARTESIAN_POINT('',(3.704755203664,4.167166164246));
#2303 = CARTESIAN_POINT('',(3.72441120282,4.234060550759));
#2304 = CARTESIAN_POINT('',(3.744288772835,4.300745429605));
#2305 = CARTESIAN_POINT('',(3.764407562304,4.367209584545));
#2306 = CARTESIAN_POINT('',(3.784790758361,4.433444517548));
#2307 = CARTESIAN_POINT('',(3.80546483788,4.499440659779));
#2308 = CARTESIAN_POINT('',(3.826459523674,4.565183683087));
#2309 = CARTESIAN_POINT('',(3.87083537592,4.701266999923));
#2310 = CARTESIAN_POINT('',(3.894279494972,4.771577545344));
#2311 = CARTESIAN_POINT('',(3.918181135302,4.841552143345));
#2312 = CARTESIAN_POINT('',(3.942593828529,4.911169645606));
#2313 = CARTESIAN_POINT('',(3.967583068664,4.980412566931));
#2314 = CARTESIAN_POINT('',(3.993229252648,5.049260334159));
#2315 = CARTESIAN_POINT('',(4.019634298225,5.117681377443));
#2316 = CARTESIAN_POINT('',(4.069819488769,5.242590217721));
#2317 = CARTESIAN_POINT('',(4.093340628213,5.299235655524));
#2318 = CARTESIAN_POINT('',(4.117575308203,5.355525883469));
#2319 = CARTESIAN_POINT('',(4.142621192516,5.411432250795));
#2320 = CARTESIAN_POINT('',(4.16861391097,5.466922274741));
#2321 = CARTESIAN_POINT('',(4.195726451479,5.521957706839));
#2322 = CARTESIAN_POINT('',(4.224197897596,5.576483500853));
#2323 = CARTESIAN_POINT('',(4.264289935077,5.647944550953));
#2324 = CARTESIAN_POINT('',(4.274324109081,5.665433074717));
#2325 = CARTESIAN_POINT('',(4.284566714977,5.682852602843));
#2326 = CARTESIAN_POINT('',(4.295020752805,5.700199605752));
#2327 = CARTESIAN_POINT('',(4.305721429976,5.71746872445));
#2328 = CARTESIAN_POINT('',(4.316679232844,5.734654710538));
#2329 = CARTESIAN_POINT('',(4.327928119565,5.75175040368));
#2330 = CARTESIAN_POINT('',(4.34926582805,5.783088708338));
#2331 = CARTESIAN_POINT('',(4.35926137507,5.797359432934));
#2332 = CARTESIAN_POINT('',(4.369508305653,5.811554266131));
#2333 = CARTESIAN_POINT('',(4.380031495663,5.82566681001));
#2334 = CARTESIAN_POINT('',(4.39085988949,5.83968911312));
#2335 = CARTESIAN_POINT('',(4.402028358163,5.853611186149));
#2336 = CARTESIAN_POINT('',(4.413581345739,5.867420067206));
#2337 = CARTESIAN_POINT('',(4.435208762954,5.892078634625));
#2338 = CARTESIAN_POINT('',(4.445123381538,5.902972176335));
#2339 = CARTESIAN_POINT('',(4.455353856551,5.913772534029));
#2340 = CARTESIAN_POINT('',(4.465939111934,5.924468451981));
#2341 = CARTESIAN_POINT('',(4.476923647148,5.935044452343));
#2342 = CARTESIAN_POINT('',(4.488361596267,5.945479718453));
#2343 = CARTESIAN_POINT('',(4.500326497776,5.955745355632));
#2344 = CARTESIAN_POINT('',(4.521911846156,5.972969868431));
#2345 = CARTESIAN_POINT('',(4.531209656238,5.98002412167));
#2346 = CARTESIAN_POINT('',(4.540867940965,5.986954907931));
#2347 = CARTESIAN_POINT('',(4.550935813197,5.993744223074));
#2348 = CARTESIAN_POINT('',(4.561470161007,6.000361230761));
#2349 = CARTESIAN_POINT('',(4.572535206561,6.00676252076));
#2350 = CARTESIAN_POINT('',(4.584211453614,6.012888923203));
#2351 = CARTESIAN_POINT('',(4.602723296191,6.021480239386));
#2352 = CARTESIAN_POINT('',(4.608989418939,6.024217950694));
#2353 = CARTESIAN_POINT('',(4.615444412609,6.026856013041));
#2354 = CARTESIAN_POINT('',(4.622102200633,6.029380477205));
#2355 = CARTESIAN_POINT('',(4.628974513494,6.031773364027));
#2356 = CARTESIAN_POINT('',(4.6360705654,6.034012995698));
#2357 = CARTESIAN_POINT('',(4.643396730963,6.036074327044));
#2358 = CARTESIAN_POINT('',(4.655055152107,6.038935073342));
#2359 = CARTESIAN_POINT('',(4.659221447132,6.039879892051));
#2360 = CARTESIAN_POINT('',(4.663454471044,6.040759141203));
#2361 = CARTESIAN_POINT('',(4.667752500622,6.041567834636));
#2362 = CARTESIAN_POINT('',(4.67211255108,6.042300839122));
#2363 = CARTESIAN_POINT('',(4.676530201815,6.04295312172));
#2364 = CARTESIAN_POINT('',(4.680999422149,6.043519997133));
#2365 = CARTESIAN_POINT('',(4.689110633641,6.044377992892));
#2366 = CARTESIAN_POINT('',(4.692736903554,6.044701750353));
#2367 = CARTESIAN_POINT('',(4.696386781253,6.044966536683));
#2368 = CARTESIAN_POINT('',(4.700055489293,6.045170600509));
#2369 = CARTESIAN_POINT('',(4.703737885082,6.045312613519));
#2370 = CARTESIAN_POINT('',(4.707428447624,6.045391734143));
#2371 = CARTESIAN_POINT('',(4.711121264256,6.045407671228));
#2372 = CARTESIAN_POINT('',(4.719048342869,6.04530683326));
#2373 = CARTESIAN_POINT('',(4.723282134695,6.045169918272));
#2374 = CARTESIAN_POINT('',(4.727501692062,6.044950441907));
#2375 = CARTESIAN_POINT('',(4.731698335194,6.044649885306));
#2376 = CARTESIAN_POINT('',(4.735864338048,6.044270602821));
#2377 = CARTESIAN_POINT('',(4.739992861029,6.043815653231));
#2378 = CARTESIAN_POINT('',(4.744077883693,6.043288630964));
#2379 = CARTESIAN_POINT('',(4.755118050358,6.041660791138));
#2380 = CARTESIAN_POINT('',(4.761973757207,6.040423185278));
#2381 = CARTESIAN_POINT('',(4.768660704974,6.039000651947));
#2382 = CARTESIAN_POINT('',(4.775168004123,6.037414731227));
#2383 = CARTESIAN_POINT('',(4.781491786023,6.035686314419));
#2384 = CARTESIAN_POINT('',(4.787633349641,6.033834121894));
#2385 = CARTESIAN_POINT('',(4.793598097513,6.031873875448));
#2386 = CARTESIAN_POINT('',(4.806495984458,6.027300204385));
#2387 = CARTESIAN_POINT('',(4.81334174978,6.024640307019));
#2388 = CARTESIAN_POINT('',(4.819950305304,6.021861346094));
#2389 = CARTESIAN_POINT('',(4.826337876215,6.018982383384));
#2390 = CARTESIAN_POINT('',(4.832519654536,6.016018948251));
#2391 = CARTESIAN_POINT('',(4.838510289102,6.012983316495));
#2392 = CARTESIAN_POINT('',(4.844324375538,6.009884789212));
#2393 = CARTESIAN_POINT('',(4.857132049254,6.002736559442));
#2394 = CARTESIAN_POINT('',(4.864024449025,5.99865519085));
#2395 = CARTESIAN_POINT('',(4.870681167516,5.99450071977));
#2396 = CARTESIAN_POINT('',(4.877124349402,5.99028511687));
#2397 = CARTESIAN_POINT('',(4.883372374637,5.986017832317));
#2398 = CARTESIAN_POINT('',(4.889440971018,5.98170615852));
#2399 = CARTESIAN_POINT('',(4.895344326749,5.977355592873));
#2400 = CARTESIAN_POINT('',(4.908979018003,5.966960120449));
#2401 = CARTESIAN_POINT('',(4.91657501432,5.960886317867));
#2402 = CARTESIAN_POINT('',(4.923916336932,5.954760108318));
#2403 = CARTESIAN_POINT('',(4.931028826294,5.948590534959));
#2404 = CARTESIAN_POINT('',(4.937933394165,5.942384673167));
#2405 = CARTESIAN_POINT('',(4.944647399431,5.936147935158));
#2406 = CARTESIAN_POINT('',(4.951186023926,5.929884374617));
#2407 = CARTESIAN_POINT('',(4.966901559099,5.914391208472));
#2408 = CARTESIAN_POINT('',(4.975892603069,5.90513594556));
#2409 = CARTESIAN_POINT('',(4.984578252204,5.895841308929));
#2410 = CARTESIAN_POINT('',(4.992991407573,5.886515307477));
#2411 = CARTESIAN_POINT('',(5.001158262418,5.877164130008));
#2412 = CARTESIAN_POINT('',(5.009100165302,5.867792422577));
#2413 = CARTESIAN_POINT('',(5.016835483253,5.858403565846));
#2414 = CARTESIAN_POINT('',(5.036191237209,5.83428290986));
#2415 = CARTESIAN_POINT('',(5.047535099311,5.819531701494));
#2416 = CARTESIAN_POINT('',(5.058475199821,5.804756416673));
#2417 = CARTESIAN_POINT('',(5.069057700121,5.789964778925));
#2418 = CARTESIAN_POINT('',(5.079318739635,5.775162650446));
#2419 = CARTESIAN_POINT('',(5.089288418749,5.760354357253));
#2420 = CARTESIAN_POINT('',(5.098992799376,5.745542835033));
#2421 = CARTESIAN_POINT('',(5.116845580377,5.717590815399));
#2422 = CARTESIAN_POINT('',(5.125045587284,5.704451398232));
#2423 = CARTESIAN_POINT('',(5.133068825465,5.691312966567));
#2424 = CARTESIAN_POINT('',(5.140928302082,5.678176875089));
#2425 = CARTESIAN_POINT('',(5.148635328419,5.665044231269));
#2426 = CARTESIAN_POINT('',(5.156199698383,5.651915915879));
#2427 = CARTESIAN_POINT('',(5.163629867023,5.638792603507));
#2428 = CARTESIAN_POINT('',(5.178256927053,5.612520076678));
#2429 = CARTESIAN_POINT('',(5.185453624369,5.599371030718));
#2430 = CARTESIAN_POINT('',(5.192530787647,5.586228179087));
#2431 = CARTESIAN_POINT('',(5.199495346834,5.573091977888));
#2432 = CARTESIAN_POINT('',(5.20635359515,5.559962805432));
#2433 = CARTESIAN_POINT('',(5.213111189093,5.546840962231));
#2434 = CARTESIAN_POINT('',(5.219773148437,5.533726671003));
#2435 = CARTESIAN_POINT('',(5.250560616444,5.472314892192));
#2436 = CARTESIAN_POINT('',(5.273538456309,5.424117565101));
#2437 = CARTESIAN_POINT('',(5.29550702766,5.376031959814));
#2438 = CARTESIAN_POINT('',(5.316619022691,5.328060983285));
#2439 = CARTESIAN_POINT('',(5.336984107069,5.280205650314));
#2440 = CARTESIAN_POINT('',(5.356690285528,5.232464542414));
#2441 = CARTESIAN_POINT('',(5.375812699963,5.184833660246));
#2442 = CARTESIAN_POINT('',(5.422639952107,5.065161712013));
#2443 = CARTESIAN_POINT('',(5.449659568384,4.99326009951));
#2444 = CARTESIAN_POINT('',(5.475672565453,4.921594760554));
#2445 = CARTESIAN_POINT('',(5.500823670275,4.850153808239));
#2446 = CARTESIAN_POINT('',(5.52522199967,4.778922778887));
#2447 = CARTESIAN_POINT('',(5.548955986229,4.707887463017));
#2448 = CARTESIAN_POINT('',(5.572099710629,4.637037328708));
#2449 = CARTESIAN_POINT('',(5.619281606163,4.489575884569));
#2450 = CARTESIAN_POINT('',(5.643228576017,4.41298247994));
#2451 = CARTESIAN_POINT('',(5.66662519493,4.336589177798));
#2452 = CARTESIAN_POINT('',(5.689534008794,4.260383873227));
#2453 = CARTESIAN_POINT('',(5.712008386618,4.184349212931));
#2454 = CARTESIAN_POINT('',(5.73409361202,4.108469124658));
#2455 = CARTESIAN_POINT('',(5.755827143982,4.03273516519));
#2456 = CARTESIAN_POINT('',(5.795679941392,3.892051084097));
#2457 = CARTESIAN_POINT('',(5.813886067988,3.827049244353));
#2458 = CARTESIAN_POINT('',(5.831875755378,3.762147647343));
#2459 = CARTESIAN_POINT('',(5.849667666624,3.697340696622));
#2460 = CARTESIAN_POINT('',(5.867279284586,3.632620019318));
#2461 = CARTESIAN_POINT('',(5.884726415886,3.567977658417));
#2462 = CARTESIAN_POINT('',(5.902022713358,3.50340915765));
#2463 = CARTESIAN_POINT('',(5.932549071058,3.388658227615));
#2464 = CARTESIAN_POINT('',(5.945835192829,3.338441622392));
#2465 = CARTESIAN_POINT('',(5.959043153065,3.288266287805));
#2466 = CARTESIAN_POINT('',(5.972178644369,3.238130033896));
#2467 = CARTESIAN_POINT('',(5.985247276108,3.188029847344));
#2468 = CARTESIAN_POINT('',(5.998254376323,3.137962801986));
#2469 = CARTESIAN_POINT('',(6.011204800615,3.087926948724));
#2470 = CARTESIAN_POINT('',(6.033657572112,3.000878560086));
#2471 = CARTESIAN_POINT('',(6.043183870111,2.963850938844));
#2472 = CARTESIAN_POINT('',(6.052683446814,2.92683889224));
#2473 = CARTESIAN_POINT('',(6.062158147009,2.889841614068));
#2474 = CARTESIAN_POINT('',(6.071609809783,2.852858115791));
#2475 = CARTESIAN_POINT('',(6.081040222835,2.815887421533));
#2476 = CARTESIAN_POINT('',(6.090451076795,2.77892876306));
#2477 = CARTESIAN_POINT('',(6.121354899959,2.657367780641));
#2478 = CARTESIAN_POINT('',(6.142776351685,2.572795550368));
#2479 = CARTESIAN_POINT('',(6.164121526957,2.488281619418));
#2480 = CARTESIAN_POINT('',(6.185408751643,2.403818457122));
#2481 = CARTESIAN_POINT('',(6.206658438944,2.319386686097));
#2482 = CARTESIAN_POINT('',(6.227890274085,2.234967195935));
#2483 = CARTESIAN_POINT('',(6.249120570002,2.150553151152));
#2484 = CARTESIAN_POINT('',(6.271186040102,2.062878913547));
#2485 = CARTESIAN_POINT('',(6.272012306685,2.059595940355));
#2486 = CARTESIAN_POINT('',(6.272838594781,2.056312973293));
#2487 = CARTESIAN_POINT('',(6.273664905401,2.053030011819));
#2488 = CARTESIAN_POINT('',(6.274491239568,2.049747055398));
#2489 = CARTESIAN_POINT('',(6.275317598315,2.046464103502));
#2490 = CARTESIAN_POINT('',(6.276143982685,2.043181155611));
#2491 = CARTESIAN_POINT('',(6.277359295508,2.038353286439));
#2492 = CARTESIAN_POINT('',(6.277748203217,2.036808362401));
#2493 = CARTESIAN_POINT('',(6.278137116943,2.035263439077));
#2494 = CARTESIAN_POINT('',(6.278526036796,2.033718516428));
#2495 = CARTESIAN_POINT('',(6.278914962908,2.032173594403));
#2496 = CARTESIAN_POINT('',(6.279303895436,2.030628672932));
#2497 = CARTESIAN_POINT('',(6.279692834564,2.029083751932));
#2498 = CARTESIAN_POINT('',(6.28046954739,2.02599859392));
#2499 = CARTESIAN_POINT('',(6.280857492364,2.024458355618));
#2500 = CARTESIAN_POINT('',(6.281245334245,2.022918118686));
#2501 = CARTESIAN_POINT('',(6.281632965444,2.02137788394));
#2502 = CARTESIAN_POINT('',(6.282020451959,2.019837650718));
#2503 = CARTESIAN_POINT('',(6.282408033376,2.018297416883));
#2504 = CARTESIAN_POINT('',(6.282796122863,2.016757178821));
#2505 = CARTESIAN_POINT('',(6.28318530718,2.015216931445));
#2506 = ( GEOMETRIC_REPRESENTATION_CONTEXT(2) 
PARAMETRIC_REPRESENTATION_CONTEXT() REPRESENTATION_CONTEXT('2D SPACE',''
  ) );
#2507 = PCURVE('',#2508,#2513);
#2508 = TOROIDAL_SURFACE('',#2509,3.65,0.85);
#2509 = AXIS2_PLACEMENT_3D('',#2510,#2511,#2512);
#2510 = CARTESIAN_POINT('',(0.,0.,0.85));
#2511 = DIRECTION('',(0.,0.,1.));
#2512 = DIRECTION('',(1.,0.,-0.));
#2513 = DEFINITIONAL_REPRESENTATION('',(#2514),#2874);
#2514 = B_SPLINE_CURVE_WITH_KNOTS('',8,(#2515,#2516,#2517,#2518,#2519,
    #2520,#2521,#2522,#2523,#2524,#2525,#2526,#2527,#2528,#2529,#2530,
    #2531,#2532,#2533,#2534,#2535,#2536,#2537,#2538,#2539,#2540,#2541,
    #2542,#2543,#2544,#2545,#2546,#2547,#2548,#2549,#2550,#2551,#2552,
    #2553,#2554,#2555,#2556,#2557,#2558,#2559,#2560,#2561,#2562,#2563,
    #2564,#2565,#2566,#2567,#2568,#2569,#2570,#2571,#2572,#2573,#2574,
    #2575,#2576,#2577,#2578,#2579,#2580,#2581,#2582,#2583,#2584,#2585,
    #2586,#2587,#2588,#2589,#2590,#2591,#2592,#2593,#2594,#2595,#2596,
    #2597,#2598,#2599,#2600,#2601,#2602,#2603,#2604,#2605,#2606,#2607,
    #2608,#2609,#2610,#2611,#2612,#2613,#2614,#2615,#2616,#2617,#2618,
    #2619,#2620,#2621,#2622,#2623,#2624,#2625,#2626,#2627,#2628,#2629,
    #2630,#2631,#2632,#2633,#2634,#2635,#2636,#2637,#2638,#2639,#2640,
    #2641,#2642,#2643,#2644,#2645,#2646,#2647,#2648,#2649,#2650,#2651,
    #2652,#2653,#2654,#2655,#2656,#2657,#2658,#2659,#2660,#2661,#2662,
    #2663,#2664,#2665,#2666,#2667,#2668,#2669,#2670,#2671,#2672,#2673,
    #2674,#2675,#2676,#2677,#2678,#2679,#2680,#2681,#2682,#2683,#2684,
    #2685,#2686,#2687,#2688,#2689,#2690,#2691,#2692,#2693,#2694,#2695,
    #2696,#2697,#2698,#2699,#2700,#2701,#2702,#2703,#2704,#2705,#2706,
    #2707,#2708,#2709,#2710,#2711,#2712,#2713,#2714,#2715,#2716,#2717,
    #2718,#2719,#2720,#2721,#2722,#2723,#2724,#2725,#2726,#2727,#2728,
    #2729,#2730,#2731,#2732,#2733,#2734,#2735,#2736,#2737,#2738,#2739,
    #2740,#2741,#2742,#2743,#2744,#2745,#2746,#2747,#2748,#2749,#2750,
    #2751,#2752,#2753,#2754,#2755,#2756,#2757,#2758,#2759,#2760,#2761,
    #2762,#2763,#2764,#2765,#2766,#2767,#2768,#2769,#2770,#2771,#2772,
    #2773,#2774,#2775,#2776,#2777,#2778,#2779,#2780,#2781,#2782,#2783,
    #2784,#2785,#2786,#2787,#2788,#2789,#2790,#2791,#2792,#2793,#2794,
    #2795,#2796,#2797,#2798,#2799,#2800,#2801,#2802,#2803,#2804,#2805,
    #2806,#2807,#2808,#2809,#2810,#2811,#2812,#2813,#2814,#2815,#2816,
    #2817,#2818,#2819,#2820,#2821,#2822,#2823,#2824,#2825,#2826,#2827,
    #2828,#2829,#2830,#2831,#2832,#2833,#2834,#2835,#2836,#2837,#2838,
    #2839,#2840,#2841,#2842,#2843,#2844,#2845,#2846,#2847,#2848,#2849,
    #2850,#2851,#2852,#2853,#2854,#2855,#2856,#2857,#2858,#2859,#2860,
    #2861,#2862,#2863,#2864,#2865,#2866,#2867,#2868,#2869,#2870,#2871,
    #2872,#2873),.UNSPECIFIED.,.F.,.F.,(9,7,7,7,7,7,7,7,7,7,7,7,7,7,7,7,
    7,7,7,7,7,7,7,7,7,7,7,7,7,7,7,7,7,7,7,7,7,7,7,7,7,7,7,7,7,7,7,7,7,7,
    7,9),(0.,1.721153196482E-05,3.982033522907E-05,7.224561389381E-04,
    1.27439634361E-03,1.701789090438E-03,2.030038412934E-03,
    2.954473626265E-03,4.411492684043E-03,5.855880990824E-03,
    7.303163951539E-03,8.024848571242E-03,8.383759699841E-03,
    8.731041083661E-03,8.789003921769E-03,8.80372066798E-03,
    9.329958119487E-03,1.043833373083E-02,1.688833416001E-02,
    6.318038810219E-02,0.107936187119,0.172633764058,0.213600093437,
    0.267642243691,0.325934694705,0.374809664241,0.390724694214,
    0.404153828816,0.414933955523,0.42262110419,0.426392656241,
    0.428437678701,0.430068193985,0.431941633119,0.435192520025,
    0.439174406836,0.444214734832,0.451122389182,0.461236352816,
    0.477065122737,0.491104639993,0.505183634914,0.557072663417,
    0.63583910144,0.721433434833,0.79515856822,0.852611665716,
    0.8951730303,0.992644765339,0.996436600569,0.99822100489,1.),
  .UNSPECIFIED.);
#2515 = CARTESIAN_POINT('',(1.82707985624,6.28318530718));
#2516 = CARTESIAN_POINT('',(1.827085686946,6.282425025196));
#2517 = CARTESIAN_POINT('',(1.827086511693,6.281662562581));
#2518 = CARTESIAN_POINT('',(1.827085149869,6.28089922561));
#2519 = CARTESIAN_POINT('',(1.827083563883,6.280135896766));
#2520 = CARTESIAN_POINT('',(1.827082859169,6.279373034746));
#2521 = CARTESIAN_POINT('',(1.827083284186,6.278610674461));
#2522 = CARTESIAN_POINT('',(1.827084230413,6.277848427031));
#2523 = CARTESIAN_POINT('',(1.827084234908,6.276083284042));
#2524 = CARTESIAN_POINT('',(1.8270842366,6.275081069394));
#2525 = CARTESIAN_POINT('',(1.827084237746,6.274078835938));
#2526 = CARTESIAN_POINT('',(1.827084238585,6.27307658376));
#2527 = CARTESIAN_POINT('',(1.827084239277,6.272074312932));
#2528 = CARTESIAN_POINT('',(1.827084239902,6.271072023511));
#2529 = CARTESIAN_POINT('',(1.827084240464,6.270069715546));
#2530 = CARTESIAN_POINT('',(1.827084253653,6.238803781954));
#2531 = CARTESIAN_POINT('',(1.82708425119,6.208523299269));
#2532 = CARTESIAN_POINT('',(1.827084242811,6.178227120959));
#2533 = CARTESIAN_POINT('',(1.827084234866,6.147916374084));
#2534 = CARTESIAN_POINT('',(1.827084230736,6.117592132813));
#2535 = CARTESIAN_POINT('',(1.827084230837,6.087255418429));
#2536 = CARTESIAN_POINT('',(1.82708423262,6.056907199331));
#2537 = CARTESIAN_POINT('',(1.827084228912,6.002001997798));
#2538 = CARTESIAN_POINT('',(1.827084227259,5.977448663739));
#2539 = CARTESIAN_POINT('',(1.827084225617,5.952888871844));
#2540 = CARTESIAN_POINT('',(1.82708422399,5.928323084219));
#2541 = CARTESIAN_POINT('',(1.827084222385,5.903751742082));
#2542 = CARTESIAN_POINT('',(1.827084220807,5.879175265762));
#2543 = CARTESIAN_POINT('',(1.827084219259,5.854594054701));
#2544 = CARTESIAN_POINT('',(1.827084216574,5.810970749248));
#2545 = CARTESIAN_POINT('',(1.827084215423,5.791930393386));
#2546 = CARTESIAN_POINT('',(1.827084214296,5.772887595086));
#2547 = CARTESIAN_POINT('',(1.827084213193,5.753842522591));
#2548 = CARTESIAN_POINT('',(1.827084212118,5.734795337162));
#2549 = CARTESIAN_POINT('',(1.827084211072,5.715746193084));
#2550 = CARTESIAN_POINT('',(1.827084210057,5.696695237659));
#2551 = CARTESIAN_POINT('',(1.827084208322,5.66300967284));
#2552 = CARTESIAN_POINT('',(1.827084207588,5.6483757473));
#2553 = CARTESIAN_POINT('',(1.827084206874,5.63374089803));
#2554 = CARTESIAN_POINT('',(1.827084206182,5.619105186211));
#2555 = CARTESIAN_POINT('',(1.827084205512,5.604468670768));
#2556 = CARTESIAN_POINT('',(1.827084204866,5.589831408369));
#2557 = CARTESIAN_POINT('',(1.827084204243,5.575193453423));
#2558 = CARTESIAN_POINT('',(1.827084201965,5.51932877754));
#2559 = CARTESIAN_POINT('',(1.827084200482,5.478097371215));
#2560 = CARTESIAN_POINT('',(1.82708419922,5.436862156892));
#2561 = CARTESIAN_POINT('',(1.827084198198,5.395624184593));
#2562 = CARTESIAN_POINT('',(1.827084197437,5.354384211011));
#2563 = CARTESIAN_POINT('',(1.827084196957,5.31314287395));
#2564 = CARTESIAN_POINT('',(1.827084196781,5.271900866753));
#2565 = CARTESIAN_POINT('',(1.82708419716,5.16565723841));
#2566 = CARTESIAN_POINT('',(1.827084198196,5.100653161246));
#2567 = CARTESIAN_POINT('',(1.827084200121,5.035652307536));
#2568 = CARTESIAN_POINT('',(1.827084203016,4.970656460671));
#2569 = CARTESIAN_POINT('',(1.827084206967,4.905665369937));
#2570 = CARTESIAN_POINT('',(1.827084212067,4.840678359295));
#2571 = CARTESIAN_POINT('',(1.827084218417,4.775695936165));
#2572 = CARTESIAN_POINT('',(1.827084233776,4.646310121937));
#2573 = CARTESIAN_POINT('',(1.827084242759,4.581902260649));
#2574 = CARTESIAN_POINT('',(1.827084253208,4.517500795862));
#2575 = CARTESIAN_POINT('',(1.827084265245,4.45310568236));
#2576 = CARTESIAN_POINT('',(1.827084279018,4.388715315056));
#2577 = CARTESIAN_POINT('',(1.827084294736,4.324327993856));
#2578 = CARTESIAN_POINT('',(1.8270843127,4.259943388531));
#2579 = CARTESIAN_POINT('',(1.827084354028,4.131055597888));
#2580 = CARTESIAN_POINT('',(1.827084377217,4.066548211097));
#2581 = CARTESIAN_POINT('',(1.82708440393,4.002044336264));
#2582 = CARTESIAN_POINT('',(1.82708443453,3.937543672478));
#2583 = CARTESIAN_POINT('',(1.827084469545,3.873044553947));
#2584 = CARTESIAN_POINT('',(1.827084510504,3.808545379079));
#2585 = CARTESIAN_POINT('',(1.827084560753,3.744046039572));
#2586 = CARTESIAN_POINT('',(1.82708465897,3.647388209958));
#2587 = CARTESIAN_POINT('',(1.827084696583,3.615227183308));
#2588 = CARTESIAN_POINT('',(1.827084738218,3.583066247295));
#2589 = CARTESIAN_POINT('',(1.827084784667,3.550905383566));
#2590 = CARTESIAN_POINT('',(1.827084838419,3.518744577657));
#2591 = CARTESIAN_POINT('',(1.827084903665,3.486583819001));
#2592 = CARTESIAN_POINT('',(1.827084986298,3.454423100923));
#2593 = CARTESIAN_POINT('',(1.827085147426,3.406268140394));
#2594 = CARTESIAN_POINT('',(1.827085209015,3.390273862947));
#2595 = CARTESIAN_POINT('',(1.8270852777,3.374279587608));
#2596 = CARTESIAN_POINT('',(1.82708535494,3.358285313361));
#2597 = CARTESIAN_POINT('',(1.827085444631,3.342291038862));
#2598 = CARTESIAN_POINT('',(1.827085553104,3.326296762439));
#2599 = CARTESIAN_POINT('',(1.827085689127,3.310302482091));
#2600 = CARTESIAN_POINT('',(1.827086033016,3.27883216942));
#2601 = CARTESIAN_POINT('',(1.827086084052,3.263356167866));
#2602 = CARTESIAN_POINT('',(1.827086899552,3.247880015903));
#2603 = CARTESIAN_POINT('',(1.827086566363,3.232404093556));
#2604 = CARTESIAN_POINT('',(1.827087022917,3.216928011707));
#2605 = CARTESIAN_POINT('',(1.827088760988,3.201451671922));
#2606 = CARTESIAN_POINT('',(1.827088272297,3.18597577658));
#2607 = CARTESIAN_POINT('',(1.827093707725,3.167915687338));
#2608 = CARTESIAN_POINT('',(1.827094553222,3.165332528028));
#2609 = CARTESIAN_POINT('',(1.827096025898,3.162749253593));
#2610 = CARTESIAN_POINT('',(1.827097077856,3.16016604543));
#2611 = CARTESIAN_POINT('',(1.827099025048,3.157582647959));
#2612 = CARTESIAN_POINT('',(1.827102262015,3.154998993297));
#2613 = CARTESIAN_POINT('',(1.827105181227,3.152415399758));
#2614 = CARTESIAN_POINT('',(1.827117189313,3.1491742586));
#2615 = CARTESIAN_POINT('',(1.827121041833,3.14825595674));
#2616 = CARTESIAN_POINT('',(1.827126024518,3.147322877464));
#2617 = CARTESIAN_POINT('',(1.827132742664,3.146537173867));
#2618 = CARTESIAN_POINT('',(1.827140260629,3.145982057283));
#2619 = CARTESIAN_POINT('',(1.827145994313,3.145667275606));
#2620 = CARTESIAN_POINT('',(1.82714793324,3.145533932647));
#2621 = CARTESIAN_POINT('',(1.827194210429,3.14276665935));
#2622 = CARTESIAN_POINT('',(1.827442784569,3.141596050033));
#2623 = CARTESIAN_POINT('',(1.827951355108,3.141230825634));
#2624 = CARTESIAN_POINT('',(1.828718048687,3.141152260909));
#2625 = CARTESIAN_POINT('',(1.829682678118,3.141038900316));
#2626 = CARTESIAN_POINT('',(1.830726742385,3.140766558013));
#2627 = CARTESIAN_POINT('',(1.831673426644,3.140408317862));
#2628 = CARTESIAN_POINT('',(1.833581195501,3.139868503921));
#2629 = CARTESIAN_POINT('',(1.834874903787,3.139507793709));
#2630 = CARTESIAN_POINT('',(1.836168675262,3.139150105415));
#2631 = CARTESIAN_POINT('',(1.837462472492,3.138793758789));
#2632 = CARTESIAN_POINT('',(1.838756272429,3.138437690707));
#2633 = CARTESIAN_POINT('',(1.84005006641,3.138081455169));
#2634 = CARTESIAN_POINT('',(1.841343860156,3.1377252233));
#2635 = CARTESIAN_POINT('',(1.850166798658,3.135301361937));
#2636 = CARTESIAN_POINT('',(1.857696059894,3.133240818462));
#2637 = CARTESIAN_POINT('',(1.86522523447,3.131177422151));
#2638 = CARTESIAN_POINT('',(1.872754400138,3.129115768198));
#2639 = CARTESIAN_POINT('',(1.880283532197,3.127055218505));
#2640 = CARTESIAN_POINT('',(1.88781256695,3.124993131381));
#2641 = CARTESIAN_POINT('',(1.895341541776,3.122932006624));
#2642 = CARTESIAN_POINT('',(1.956905661258,3.106076349103));
#2643 = CARTESIAN_POINT('',(2.010938599402,3.091280130859));
#2644 = CARTESIAN_POINT('',(2.0649611098,3.076475684065));
#2645 = CARTESIAN_POINT('',(2.118968412282,3.061659955373));
#2646 = CARTESIAN_POINT('',(2.172957347788,3.046829889722));
#2647 = CARTESIAN_POINT('',(2.226924705695,3.031981201061));
#2648 = CARTESIAN_POINT('',(2.280865603538,3.017109195818));
#2649 = CARTESIAN_POINT('',(2.386889291844,2.987808494627));
#2650 = CARTESIAN_POINT('',(2.43897863142,2.973380097317));
#2651 = CARTESIAN_POINT('',(2.491032865446,2.958923660665));
#2652 = CARTESIAN_POINT('',(2.543047647374,2.944435520371));
#2653 = CARTESIAN_POINT('',(2.595019942963,2.929911495332));
#2654 = CARTESIAN_POINT('',(2.646946648698,2.915347246972));
#2655 = CARTESIAN_POINT('',(2.698823242209,2.900738646954));
#2656 = CARTESIAN_POINT('',(2.825550704684,2.864895186477));
#2657 = CARTESIAN_POINT('',(2.900354923172,2.843603657849));
#2658 = CARTESIAN_POINT('',(2.975024817905,2.822199111963));
#2659 = CARTESIAN_POINT('',(3.049546535964,2.800667766533));
#2660 = CARTESIAN_POINT('',(3.123913819665,2.778992542267));
#2661 = CARTESIAN_POINT('',(3.198119567825,2.757155102512));
#2662 = CARTESIAN_POINT('',(3.272147812387,2.735137902701));
#2663 = CARTESIAN_POINT('',(3.392707655512,2.698861891383));
#2664 = CARTESIAN_POINT('',(3.43937131294,2.684717678171));
#2665 = CARTESIAN_POINT('',(3.485951777421,2.670488963598));
#2666 = CARTESIAN_POINT('',(3.532445225425,2.656170279733));
#2667 = CARTESIAN_POINT('',(3.578848511128,2.641755494536));
#2668 = CARTESIAN_POINT('',(3.625158362377,2.627237969339));
#2669 = CARTESIAN_POINT('',(3.671370576663,2.612610716307));
#2670 = CARTESIAN_POINT('',(3.7783050248,2.5784162868));
#2671 = CARTESIAN_POINT('',(3.83895701076,2.558760517759));
#2672 = CARTESIAN_POINT('',(3.899419035591,2.538883506779));
#2673 = CARTESIAN_POINT('',(3.959680960108,2.518765389584));
#2674 = CARTESIAN_POINT('',(4.019735102036,2.498382665756));
#2675 = CARTESIAN_POINT('',(4.079572790969,2.477708503366));
#2676 = CARTESIAN_POINT('',(4.139181021595,2.45671286209));
#2677 = CARTESIAN_POINT('',(4.262565784268,2.412332841673));
#2678 = CARTESIAN_POINT('',(4.32631534489,2.388885334924));
#2679 = CARTESIAN_POINT('',(4.389760291043,2.364978854678));
#2680 = CARTESIAN_POINT('',(4.452881386493,2.340559784586));
#2681 = CARTESIAN_POINT('',(4.515662729173,2.315562813567));
#2682 = CARTESIAN_POINT('',(4.578085660165,2.289907954936));
#2683 = CARTESIAN_POINT('',(4.640121607281,2.263493722951));
#2684 = CARTESIAN_POINT('',(4.753373919605,2.213290855263));
#2685 = CARTESIAN_POINT('',(4.804733205589,2.189761350522));
#2686 = CARTESIAN_POINT('',(4.855770505652,2.165518050203));
#2687 = CARTESIAN_POINT('',(4.906459914149,2.140463172612));
#2688 = CARTESIAN_POINT('',(4.956772053236,2.114460650752));
#2689 = CARTESIAN_POINT('',(5.006672255763,2.087336579272));
#2690 = CARTESIAN_POINT('',(5.056110459728,2.058850363488));
#2691 = CARTESIAN_POINT('',(5.120903285059,2.018731649812));
#2692 = CARTESIAN_POINT('',(5.136759946998,2.008688125546));
#2693 = CARTESIAN_POINT('',(5.152554027048,1.998441430218));
#2694 = CARTESIAN_POINT('',(5.168282407216,1.987974609853));
#2695 = CARTESIAN_POINT('',(5.183940117817,1.977268533869));
#2696 = CARTESIAN_POINT('',(5.199522478173,1.966300078528));
#2697 = CARTESIAN_POINT('',(5.215022951013,1.955041775256));
#2698 = CARTESIAN_POINT('',(5.243437024687,1.933685114916));
#2699 = CARTESIAN_POINT('',(5.256376116325,1.923680488332));
#2700 = CARTESIAN_POINT('',(5.269246390091,1.913424035133));
#2701 = CARTESIAN_POINT('',(5.28204204477,1.902890831915));
#2702 = CARTESIAN_POINT('',(5.294755870991,1.892051875997));
#2703 = CARTESIAN_POINT('',(5.307378811987,1.880872223648));
#2704 = CARTESIAN_POINT('',(5.319899115996,1.869307336257));
#2705 = CARTESIAN_POINT('',(5.342256654584,1.847656945644));
#2706 = CARTESIAN_POINT('',(5.352133654568,1.837731555318));
#2707 = CARTESIAN_POINT('',(5.361926162006,1.827489700567));
#2708 = CARTESIAN_POINT('',(5.371623971935,1.81689237364));
#2709 = CARTESIAN_POINT('',(5.381213051295,1.805894977012));
#2710 = CARTESIAN_POINT('',(5.390674526434,1.794443255644));
#2711 = CARTESIAN_POINT('',(5.399982199505,1.782463506382));
#2712 = CARTESIAN_POINT('',(5.415599359467,1.760850466725));
#2713 = CARTESIAN_POINT('',(5.42199532458,1.751540473567));
#2714 = CARTESIAN_POINT('',(5.428279343476,1.741869251281));
#2715 = CARTESIAN_POINT('',(5.434435092275,1.731787578413));
#2716 = CARTESIAN_POINT('',(5.440434612371,1.721238433254));
#2717 = CARTESIAN_POINT('',(5.446238544636,1.710157435743));
#2718 = CARTESIAN_POINT('',(5.45179324096,1.698463880233));
#2719 = CARTESIAN_POINT('',(5.459582828678,1.679923735015));
#2720 = CARTESIAN_POINT('',(5.462065060871,1.673647901179));
#2721 = CARTESIAN_POINT('',(5.464456943114,1.667182763024));
#2722 = CARTESIAN_POINT('',(5.466745827914,1.660514359198));
#2723 = CARTESIAN_POINT('',(5.468915413911,1.653630922183));
#2724 = CARTESIAN_POINT('',(5.470946046243,1.646523202476));
#2725 = CARTESIAN_POINT('',(5.472815016919,1.639184792778));
#2726 = CARTESIAN_POINT('',(5.475408802095,1.627506554563));
#2727 = CARTESIAN_POINT('',(5.476265451526,1.623333116213));
#2728 = CARTESIAN_POINT('',(5.477062650239,1.619092770477));
#2729 = CARTESIAN_POINT('',(5.477795877374,1.614787239744));
#2730 = CARTESIAN_POINT('',(5.478460478727,1.610419510239));
#2731 = CARTESIAN_POINT('',(5.479051891024,1.605994006812));
#2732 = CARTESIAN_POINT('',(5.479565866193,1.601516767721));
#2733 = CARTESIAN_POINT('',(5.480343794543,1.593390866146));
#2734 = CARTESIAN_POINT('',(5.480637339197,1.589757980848));
#2735 = CARTESIAN_POINT('',(5.480877415809,1.586101395741));
#2736 = CARTESIAN_POINT('',(5.481062436439,1.582425895885));
#2737 = CARTESIAN_POINT('',(5.481191196732,1.578736632521));
#2738 = CARTESIAN_POINT('',(5.48126293365,1.575039136416));
#2739 = CARTESIAN_POINT('',(5.48127738321,1.571339331193));
#2740 = CARTESIAN_POINT('',(5.481185954618,1.56339714223));
#2741 = CARTESIAN_POINT('',(5.481061815955,1.559155213357));
#2742 = CARTESIAN_POINT('',(5.480862820401,1.554927479596));
#2743 = CARTESIAN_POINT('',(5.480590310879,1.550722638378));
#2744 = CARTESIAN_POINT('',(5.480246422033,1.546548432309));
#2745 = CARTESIAN_POINT('',(5.479833927201,1.542411716449));
#2746 = CARTESIAN_POINT('',(5.479356085384,1.53831852559));
#2747 = CARTESIAN_POINT('',(5.47788015176,1.527256120566));
#2748 = CARTESIAN_POINT('',(5.476758036483,1.520386422526));
#2749 = CARTESIAN_POINT('',(5.475468250813,1.513685655759));
#2750 = CARTESIAN_POINT('',(5.474030324737,1.507164748111));
#2751 = CARTESIAN_POINT('',(5.472463200006,1.5008275927));
#2752 = CARTESIAN_POINT('',(5.470783850029,1.494672903488));
#2753 = CARTESIAN_POINT('',(5.46900652946,1.488695280642));
#2754 = CARTESIAN_POINT('',(5.46485966321,1.475769290485));
#2755 = CARTESIAN_POINT('',(5.462447981496,1.468908426485));
#2756 = CARTESIAN_POINT('',(5.459928346884,1.462285130657));
#2757 = CARTESIAN_POINT('',(5.457318042321,1.455883162844));
#2758 = CARTESIAN_POINT('',(5.454631147979,1.449687315111));
#2759 = CARTESIAN_POINT('',(5.451878794091,1.443682921078));
#2760 = CARTESIAN_POINT('',(5.449069413771,1.437855365256));
#2761 = CARTESIAN_POINT('',(5.442588238862,1.425017777854));
#2762 = CARTESIAN_POINT('',(5.438887733061,1.418109103895));
#2763 = CARTESIAN_POINT('',(5.43512094619,1.41143650986));
#2764 = CARTESIAN_POINT('',(5.431298731807,1.404977819234));
#2765 = CARTESIAN_POINT('',(5.427429658178,1.398714625271));
#2766 = CARTESIAN_POINT('',(5.42352033717,1.392631176627));
#2767 = CARTESIAN_POINT('',(5.419575753142,1.386713263001));
#2768 = CARTESIAN_POINT('',(5.410150353624,1.37304470719));
#2769 = CARTESIAN_POINT('',(5.404643338385,1.365429648701));
#2770 = CARTESIAN_POINT('',(5.399088805669,1.358069729412));
#2771 = CARTESIAN_POINT('',(5.393494954679,1.350939067944));
#2772 = CARTESIAN_POINT('',(5.387868200467,1.344016719274));
#2773 = CARTESIAN_POINT('',(5.382213450134,1.337285296572));
#2774 = CARTESIAN_POINT('',(5.376534379031,1.330729593048));
#2775 = CARTESIAN_POINT('',(5.362486967649,1.314972746278));
#2776 = CARTESIAN_POINT('',(5.354095362851,1.305957833438));
#2777 = CARTESIAN_POINT('',(5.34566805565,1.297248924333));
#2778 = CARTESIAN_POINT('',(5.337212307448,1.288813063221));
#2779 = CARTESIAN_POINT('',(5.328733729438,1.280624013123));
#2780 = CARTESIAN_POINT('',(5.320236534078,1.272660389391));
#2781 = CARTESIAN_POINT('',(5.311723786566,1.264903793275));
#2782 = CARTESIAN_POINT('',(5.289853911081,1.245494516848));
#2783 = CARTESIAN_POINT('',(5.276479180715,1.234119013099));
#2784 = CARTESIAN_POINT('',(5.263082613349,1.223148176225));
#2785 = CARTESIAN_POINT('',(5.249671212471,1.212535761804));
#2786 = CARTESIAN_POINT('',(5.236250294431,1.202245562694));
#2787 = CARTESIAN_POINT('',(5.222823783378,1.192247418702));
#2788 = CARTESIAN_POINT('',(5.209394343636,1.18251521225));
#2789 = CARTESIAN_POINT('',(5.18405056827,1.164611033393));
#2790 = CARTESIAN_POINT('',(5.172137218721,1.156387417056));
#2791 = CARTESIAN_POINT('',(5.160224756087,1.148340859569));
#2792 = CARTESIAN_POINT('',(5.148314416303,1.140458383065));
#2793 = CARTESIAN_POINT('',(5.136407220704,1.132728814425));
#2794 = CARTESIAN_POINT('',(5.124503980704,1.12514242646));
#2795 = CARTESIAN_POINT('',(5.112605302473,1.117690579091));
#2796 = CARTESIAN_POINT('',(5.088784436879,1.103019544195));
#2797 = CARTESIAN_POINT('',(5.07686238843,1.095801036066));
#2798 = CARTESIAN_POINT('',(5.0649459366,1.088702276419));
#2799 = CARTESIAN_POINT('',(5.05303550036,1.081716342033));
#2800 = CARTESIAN_POINT('',(5.041131427323,1.074836946184));
#2801 = CARTESIAN_POINT('',(5.029233993743,1.068058438641));
#2802 = CARTESIAN_POINT('',(5.017343404515,1.061375805668));
#2803 = CARTESIAN_POINT('',(4.961661990077,1.030492621675));
#2804 = CARTESIAN_POINT('',(4.917961971304,1.00744283102));
#2805 = CARTESIAN_POINT('',(4.874363357672,0.985405918618));
#2806 = CARTESIAN_POINT('',(4.830868798185,0.964229324882));
#2807 = CARTESIAN_POINT('',(4.787479182092,0.943803359715));
#2808 = CARTESIAN_POINT('',(4.744193185965,0.924039855508));
#2809 = CARTESIAN_POINT('',(4.701007155791,0.904863423503));
#2810 = CARTESIAN_POINT('',(4.592502843088,0.857907880503));
#2811 = CARTESIAN_POINT('',(4.527311005665,0.830817994327));
#2812 = CARTESIAN_POINT('',(4.462333313281,0.804740926977));
#2813 = CARTESIAN_POINT('',(4.397558970677,0.779531017508));
#2814 = CARTESIAN_POINT('',(4.332974889881,0.755078509711));
#2815 = CARTESIAN_POINT('',(4.26856823214,0.731294777905));
#2816 = CARTESIAN_POINT('',(4.204329487774,0.708105940868));
#2817 = CARTESIAN_POINT('',(4.070628476275,0.66084027063));
#2818 = CARTESIAN_POINT('',(4.001182448291,0.636855535324));
#2819 = CARTESIAN_POINT('',(3.931917901557,0.613427459183));
#2820 = CARTESIAN_POINT('',(3.862823851621,0.590494224554));
#2821 = CARTESIAN_POINT('',(3.793884534588,0.568003176043));
#2822 = CARTESIAN_POINT('',(3.725085340694,0.545909551673));
#2823 = CARTESIAN_POINT('',(3.656418584885,0.524176164102));
#2824 = CARTESIAN_POINT('',(3.52886249255,0.484339691759));
#2825 = CARTESIAN_POINT('',(3.469926279213,0.466147520326));
#2826 = CARTESIAN_POINT('',(3.411080903399,0.448178254426));
#2827 = CARTESIAN_POINT('',(3.352321295608,0.430413184033));
#2828 = CARTESIAN_POINT('',(3.293639879036,0.412834738191));
#2829 = CARTESIAN_POINT('',(3.235029461008,0.395427042449));
#2830 = CARTESIAN_POINT('',(3.176486024676,0.378176447763));
#2831 = CARTESIAN_POINT('',(3.072442875292,0.347742767378));
#2832 = CARTESIAN_POINT('',(3.026912163124,0.33450111599));
#2833 = CARTESIAN_POINT('',(2.981418898205,0.321341560904));
#2834 = CARTESIAN_POINT('',(2.935961101961,0.308258505712));
#2835 = CARTESIAN_POINT('',(2.890536046237,0.295246485346));
#2836 = CARTESIAN_POINT('',(2.845141078148,0.282300362032));
#2837 = CARTESIAN_POINT('',(2.79977442706,0.269415505247));
#2838 = CARTESIAN_POINT('',(2.720849195498,0.247085282439));
#2839 = CARTESIAN_POINT('',(2.687276923605,0.237613787665));
#2840 = CARTESIAN_POINT('',(2.653718786688,0.228171764878));
#2841 = CARTESIAN_POINT('',(2.620174050413,0.218757474063));
#2842 = CARTESIAN_POINT('',(2.586641814531,0.209369183464));
#2843 = CARTESIAN_POINT('',(2.553121189972,0.200005211376));
#2844 = CARTESIAN_POINT('',(2.519611475929,0.190663967929));
#2845 = CARTESIAN_POINT('',(2.409394420808,0.159999903278));
#2846 = CARTESIAN_POINT('',(2.332714339358,0.13876248076));
#2847 = CARTESIAN_POINT('',(2.256087037572,0.117619551999));
#2848 = CARTESIAN_POINT('',(2.179505647957,9.655367057588E-02));
#2849 = CARTESIAN_POINT('',(2.102952592258,7.554493528893E-02));
#2850 = CARTESIAN_POINT('',(2.026410570057,5.457382486058E-02));
#2851 = CARTESIAN_POINT('',(1.949873434269,3.362405303452E-02));
#2852 = CARTESIAN_POINT('',(1.870380317405,1.187089249148E-02));
#2853 = CARTESIAN_POINT('',(1.867403687331,1.105635093999E-02));
#2854 = CARTESIAN_POINT('',(1.86442706281,1.02418184145E-02));
#2855 = CARTESIAN_POINT('',(1.861450443352,9.427293933295E-03));
#2856 = CARTESIAN_POINT('',(1.858473828476,8.612776529007E-03));
#2857 = CARTESIAN_POINT('',(1.855497217706,7.798265248597E-03));
#2858 = CARTESIAN_POINT('',(1.852520610571,6.98375915336E-03));
#2859 = CARTESIAN_POINT('',(1.848143242954,5.785959916684E-03));
#2860 = CARTESIAN_POINT('',(1.846742479967,5.402663465128E-03));
#2861 = CARTESIAN_POINT('',(1.845341717629,5.019367857305E-03));
#2862 = CARTESIAN_POINT('',(1.843940955905,4.636073003072E-03));
#2863 = CARTESIAN_POINT('',(1.842540194749,4.252778829095E-03));
#2864 = CARTESIAN_POINT('',(1.841139434099,3.869485278849E-03));
#2865 = CARTESIAN_POINT('',(1.839738673879,3.486192312622E-03));
#2866 = CARTESIAN_POINT('',(1.836941400358,2.720769408237E-03));
#2867 = CARTESIAN_POINT('',(1.835544885887,2.338807665629E-03));
#2868 = CARTESIAN_POINT('',(1.834148372663,1.956738531919E-03));
#2869 = CARTESIAN_POINT('',(1.832751861424,1.574456202318E-03));
#2870 = CARTESIAN_POINT('',(1.831355351571,1.192025215015E-03));
#2871 = CARTESIAN_POINT('',(1.829958841166,8.096804511755E-04));
#2872 = CARTESIAN_POINT('',(1.828562326934,4.278271349422E-04));
#2873 = CARTESIAN_POINT('',(1.827165804263,4.704083343634E-05));
#2874 = ( GEOMETRIC_REPRESENTATION_CONTEXT(2) 
PARAMETRIC_REPRESENTATION_CONTEXT() REPRESENTATION_CONTEXT('2D SPACE',''
  ) );
#2875 = ORIENTED_EDGE('',*,*,#2876,.T.);
#2876 = EDGE_CURVE('',#1781,#2877,#2879,.T.);
#2877 = VERTEX_POINT('',#2878);
#2878 = CARTESIAN_POINT('',(1.140731868305,4.353014116052,
    18.149999999985));
#2879 = SEAM_CURVE('',#2880,(#2962,#2968),.PCURVE_S1.);
#2880 = ( BOUNDED_CURVE() B_SPLINE_CURVE(10,(#2881,#2882,#2883,#2884,
    #2885,#2886,#2887,#2888,#2889,#2890,#2891,#2892,#2893,#2894,#2895,
    #2896,#2897,#2898,#2899,#2900,#2901,#2902,#2903,#2904,#2905,#2906,
    #2907,#2908,#2909,#2910,#2911,#2912,#2913,#2914,#2915,#2916,#2917,
    #2918,#2919,#2920,#2921,#2922,#2923,#2924,#2925,#2926,#2927,#2928,
    #2929,#2930,#2931,#2932,#2933,#2934,#2935,#2936,#2937,#2938,#2939,
    #2940,#2941,#2942,#2943,#2944,#2945,#2946,#2947,#2948,#2949,#2950,
    #2951,#2952,#2953,#2954,#2955,#2956,#2957,#2958,#2959,#2960,#2961),
.UNSPECIFIED.,.F.,.F.) B_SPLINE_CURVE_WITH_KNOTS((11,10,10,10,10,10,10,
    10,11),(0.,5.630501675839,11.261003351678,16.891505027517,
    22.522006703356,28.152508379195,33.783010055034,39.413511730874,
45.044013406713),.PIECEWISE_BEZIER_KNOTS.) CURVE() 
GEOMETRIC_REPRESENTATION_ITEM() RATIONAL_B_SPLINE_CURVE((1.669078461068,
    1.669078461068,1.669078461068,1.669078461069,1.669078461067,
    1.669078461069,1.669078461067,1.669078461069,1.669078461068,
    1.669078461068,1.669078461068,1.669078461068,1.669078461068,
    1.669078461068,1.669078461069,1.669078461067,1.669078461069,
    1.669078461068,1.669078461068,1.669078461068,1.669078461068,
    1.669078461068,1.669078461068,1.669078461068,1.669078461068,
    1.669078461068,1.669078461068,1.669078461068,1.669078461068,
    1.669078461068,1.669078461068,1.669078461068,1.669078461068,
    1.669078461068,1.669078461068,1.669078461069,1.669078461068,
    1.669078461068,1.669078461068,1.669078461068,1.669078461068,
    1.669078461068,1.669078461069,1.669078461068,1.669078461069,
    1.669078461067,1.669078461069,1.669078461068,1.669078461068,
    1.669078461068,1.669078461068,1.669078461068,1.669078461068,
    1.669078461069,1.669078461068,1.669078461069,1.669078461068,
    1.669078461069,1.669078461068,1.669078461068,1.669078461068,
    1.669078461068,1.669078461068,1.669078461069,1.669078461068,
    1.669078461069,1.669078461068,1.669078461069,1.669078461068,
    1.669078461068,1.669078461068,1.669078461068,1.669078461068,
    1.669078461068,1.669078461069,1.669078461068,1.669078461069,
    1.669078461068,1.669078461068,1.669078461068,1.669078461068)) 
REPRESENTATION_ITEM('') );
#2881 = CARTESIAN_POINT('',(4.5,-9.992007221626E-16,0.));
#2882 = CARTESIAN_POINT('',(4.499999951139,2.297277981593,0.237516627833
    ));
#2883 = CARTESIAN_POINT('',(3.197068819098,4.59481246883,0.474958005495)
  );
#2884 = CARTESIAN_POINT('',(0.589645107957,6.059118307374,0.712575931887
    ));
#2885 = CARTESIAN_POINT('',(-2.708414947482,5.866379023573,
    0.949935563896));
#2886 = CARTESIAN_POINT('',(-5.508039675794,3.680353269608,
    1.187514991773));
#2887 = CARTESIAN_POINT('',(-6.456291182571,0.257285699237,
    1.425044386625));
#2888 = CARTESIAN_POINT('',(-5.372250104421,-2.863485934629,
    1.662448032737));
#2889 = CARTESIAN_POINT('',(-3.021587037883,-4.712063873159,
    1.900032115819));
#2890 = CARTESIAN_POINT('',(-0.400334215135,-5.036588470535,
    2.137495940202));
#2891 = CARTESIAN_POINT('',(1.722075445643,-4.157457896301,
    2.374999999999));
#2892 = CARTESIAN_POINT('',(3.844483534627,-3.278327628067,
    2.612516627836));
#2893 = CARTESIAN_POINT('',(5.468518464879,-1.195347839347,
    2.849958005489));
#2894 = CARTESIAN_POINT('',(5.823542803039,1.773963144285,3.087575931896
    ));
#2895 = CARTESIAN_POINT('',(4.38336198146,4.747215195819,3.324935563887)
  );
#2896 = CARTESIAN_POINT('',(1.292367529463,6.49717534226,3.562514991779)
  );
#2897 = CARTESIAN_POINT('',(-2.233014678556,6.063294253989,
    3.800044386622));
#2898 = CARTESIAN_POINT('',(-4.701387156127,3.867503289015,
    4.037448032738));
#2899 = CARTESIAN_POINT('',(-5.509690667142,0.988353643497,
    4.275032115819));
#2900 = CARTESIAN_POINT('',(-4.806402273151,-1.557558375787,
    4.512495940202));
#2901 = CARTESIAN_POINT('',(-3.181980515339,-3.18198051534,
    4.749999999998));
#2902 = CARTESIAN_POINT('',(-1.557559641735,-4.806401319844,
    4.987516627836));
#2903 = CARTESIAN_POINT('',(0.988354013087,-5.509692096894,
    5.224958005492));
#2904 = CARTESIAN_POINT('',(3.867501588826,-4.701385697487,
    5.462575931886));
#2905 = CARTESIAN_POINT('',(6.063294964209,-2.233017812947,
    5.699935563906));
#2906 = CARTESIAN_POINT('',(6.497174959901,1.292369451698,5.937514991753
    ));
#2907 = CARTESIAN_POINT('',(4.747215739145,4.383358813876,6.175044386652
    ));
#2908 = CARTESIAN_POINT('',(1.773964156855,5.823544801276,6.412448032711
    ));
#2909 = CARTESIAN_POINT('',(-1.19534763366,5.468517002527,6.650032115839
    ));
#2910 = CARTESIAN_POINT('',(-3.278326823299,3.844484899824,6.88749594019
    ));
#2911 = CARTESIAN_POINT('',(-4.157457896301,1.722075445643,
    7.125000000004));
#2912 = CARTESIAN_POINT('',(-5.036588074253,-0.400332680739,
    7.362516627821));
#2913 = CARTESIAN_POINT('',(-4.712065052638,-3.021587926477,
    7.599958005515));
#2914 = CARTESIAN_POINT('',(-2.863485237662,-5.372247975459,
    7.837575931865));
#2915 = CARTESIAN_POINT('',(0.257283075233,-6.456293038204,
    8.074935563911));
#2916 = CARTESIAN_POINT('',(3.680354899199,-5.508038586932,8.31251499177
    ));
#2917 = CARTESIAN_POINT('',(5.866376305021,-2.708416661636,
    8.550044386619));
#2918 = CARTESIAN_POINT('',(6.059120541006,0.589644937161,8.787448032746
    ));
#2919 = CARTESIAN_POINT('',(4.594811196501,3.197068069447,9.025032115812
    ));
#2920 = CARTESIAN_POINT('',(2.297279550844,4.499999730069,9.262495940205
    ));
#2921 = CARTESIAN_POINT('',(-1.520502473928E-13,4.5,9.499999999999));
#2922 = CARTESIAN_POINT('',(-2.297277981593,4.49999995114,9.737516627837
    ));
#2923 = CARTESIAN_POINT('',(-4.594812468829,3.197068819095,
    9.974958005488));
#2924 = CARTESIAN_POINT('',(-6.059118307378,0.589645107961,
    10.212575931893));
#2925 = CARTESIAN_POINT('',(-5.866379023567,-2.708414947484,
    10.449935563901));
#2926 = CARTESIAN_POINT('',(-3.680353269611,-5.508039675794,
    10.68751499175));
#2927 = CARTESIAN_POINT('',(-0.257285699238,-6.456291182571,
    10.925044386664));
#2928 = CARTESIAN_POINT('',(2.863485934631,-5.372250104419,
    11.162448032694));
#2929 = CARTESIAN_POINT('',(4.712063873158,-3.021587037886,
    11.400032115853));
#2930 = CARTESIAN_POINT('',(5.036588470535,-0.400334215133,
    11.637495940182));
#2931 = CARTESIAN_POINT('',(4.157457896301,1.722075445642,
    11.875000000007));
#2932 = CARTESIAN_POINT('',(3.278327628066,3.84448353463,12.11251662781)
  );
#2933 = CARTESIAN_POINT('',(1.195347839348,5.468518464873,
    12.349958005539));
#2934 = CARTESIAN_POINT('',(-1.773963144281,5.823542803045,
    12.587575931828));
#2935 = CARTESIAN_POINT('',(-4.747215195829,4.383361981458,
    12.824935563959));
#2936 = CARTESIAN_POINT('',(-6.497175342245,1.29236752946,
    13.062514991717));
#2937 = CARTESIAN_POINT('',(-6.063294254002,-2.23301467855,
    13.30004438667));
#2938 = CARTESIAN_POINT('',(-3.867503289008,-4.701387156132,
    13.537448032702));
#2939 = CARTESIAN_POINT('',(-0.9883536435,-5.50969066714,13.775032115845
    ));
#2940 = CARTESIAN_POINT('',(1.557558375789,-4.806402273151,
    14.012495940183));
#2941 = CARTESIAN_POINT('',(3.181980515339,-3.18198051534,14.25000000001
    ));
#2942 = CARTESIAN_POINT('',(4.806401319848,-1.557559641732,
    14.487516627803));
#2943 = CARTESIAN_POINT('',(5.509692096886,0.988354013083,
    14.724958005548));
#2944 = CARTESIAN_POINT('',(4.701385697499,3.867501588827,
    14.962575931818));
#2945 = CARTESIAN_POINT('',(2.233017812934,6.063294964215,
    15.199935563968));
#2946 = CARTESIAN_POINT('',(-1.292369451689,6.49717495989,
    15.437514991707));
#2947 = CARTESIAN_POINT('',(-4.383358813878,4.747215739156,
    15.675044386682));
#2948 = CARTESIAN_POINT('',(-5.823544801277,1.773964156849,
    15.91244803269));
#2949 = CARTESIAN_POINT('',(-5.468517002526,-1.195347633658,
    16.150032115855));
#2950 = CARTESIAN_POINT('',(-3.844484899823,-3.2783268233,
    16.387495940177));
#2951 = CARTESIAN_POINT('',(-1.722075445644,-4.1574578963,
    16.625000000014));
#2952 = CARTESIAN_POINT('',(0.400332680741,-5.036588127141,
    16.862516212867));
#2953 = CARTESIAN_POINT('',(3.021587926478,-4.712064825932,
    17.099959784185));
#2954 = CARTESIAN_POINT('',(5.372247975451,-2.863485823151,
    17.337571338319));
#2955 = CARTESIAN_POINT('',(6.456293038227,0.257284183897,
    17.574944262137));
#2956 = CARTESIAN_POINT('',(5.508038586893,3.680353252802,
    17.812502074634));
#2957 = CARTESIAN_POINT('',(2.708416661685,5.86637828069,18.050059887154
    ));
#2958 = CARTESIAN_POINT('',(-0.589644937207,6.059118600866,
    18.287432810946));
#2959 = CARTESIAN_POINT('',(-3.197068069413,4.594812757772,
    18.525044365104));
#2960 = CARTESIAN_POINT('',(-4.49999973009,2.297278530695,
    18.762487936406));
#2961 = CARTESIAN_POINT('',(-4.49999999999,5.288575176399E-07,
    19.000004149266));
#2962 = PCURVE('',#185,#2963);
#2963 = DEFINITIONAL_REPRESENTATION('',(#2964),#2967);
#2964 = B_SPLINE_CURVE_WITH_KNOTS('',1,(#2965,#2966),.UNSPECIFIED.,.F.,
  .F.,(2,2),(0.,45.044013406713),.PIECEWISE_BEZIER_KNOTS.);
#2965 = CARTESIAN_POINT('',(6.28318530718,0.));
#2966 = CARTESIAN_POINT('',(6.28318530718,45.044013406713));
#2967 = ( GEOMETRIC_REPRESENTATION_CONTEXT(2) 
PARAMETRIC_REPRESENTATION_CONTEXT() REPRESENTATION_CONTEXT('2D SPACE',''
  ) );
#2968 = PCURVE('',#185,#2969);
#2969 = DEFINITIONAL_REPRESENTATION('',(#2970),#2974);
#2970 = LINE('',#2971,#2972);
#2971 = CARTESIAN_POINT('',(0.,0.));
#2972 = VECTOR('',#2973,1.);
#2973 = DIRECTION('',(0.,1.));
#2974 = ( GEOMETRIC_REPRESENTATION_CONTEXT(2) 
PARAMETRIC_REPRESENTATION_CONTEXT() REPRESENTATION_CONTEXT('2D SPACE',''
  ) );
#2975 = ORIENTED_EDGE('',*,*,#2976,.T.);
#2976 = EDGE_CURVE('',#2877,#2977,#2979,.T.);
#2977 = VERTEX_POINT('',#2978);
#2978 = CARTESIAN_POINT('',(-2.913878406783,-4.580051878027E-07,18.575)
  );
#2979 = SURFACE_CURVE('',#2980,(#3109,#3241),.PCURVE_S1.);
#2980 = B_SPLINE_CURVE_WITH_KNOTS('',7,(#2981,#2982,#2983,#2984,#2985,
    #2986,#2987,#2988,#2989,#2990,#2991,#2992,#2993,#2994,#2995,#2996,
    #2997,#2998,#2999,#3000,#3001,#3002,#3003,#3004,#3005,#3006,#3007,
    #3008,#3009,#3010,#3011,#3012,#3013,#3014,#3015,#3016,#3017,#3018,
    #3019,#3020,#3021,#3022,#3023,#3024,#3025,#3026,#3027,#3028,#3029,
    #3030,#3031,#3032,#3033,#3034,#3035,#3036,#3037,#3038,#3039,#3040,
    #3041,#3042,#3043,#3044,#3045,#3046,#3047,#3048,#3049,#3050,#3051,
    #3052,#3053,#3054,#3055,#3056,#3057,#3058,#3059,#3060,#3061,#3062,
    #3063,#3064,#3065,#3066,#3067,#3068,#3069,#3070,#3071,#3072,#3073,
    #3074,#3075,#3076,#3077,#3078,#3079,#3080,#3081,#3082,#3083,#3084,
    #3085,#3086,#3087,#3088,#3089,#3090,#3091,#3092,#3093,#3094,#3095,
    #3096,#3097,#3098,#3099,#3100,#3101,#3102,#3103,#3104,#3105,#3106,
    #3107,#3108),.UNSPECIFIED.,.F.,.F.,(8,6,6,6,6,6,6,6,6,6,6,6,6,6,6,6,
    6,6,6,6,6,8),(0.,3.134038189308E-03,5.205015527255E-02,
    9.952226870022E-02,0.123471927702,0.145351250184,0.238226846296,
    0.331143748164,0.423681078715,0.46994798476,0.49292138918,
    0.512344491604,0.514832789134,0.515795474052,0.516788077574,
    0.517022808457,0.521309150436,0.532645810845,0.620305779232,
    0.708119006052,0.89066118405,1.),.UNSPECIFIED.);
#2981 = CARTESIAN_POINT('',(1.140731837025,4.353013999058,
    18.150000000062));
#2982 = CARTESIAN_POINT('',(1.140621128191,4.353042598316,
    18.149891224425));
#2983 = CARTESIAN_POINT('',(1.140886292258,4.352976086399,
    18.147208752835));
#2984 = CARTESIAN_POINT('',(1.140525614986,4.353058286221,
    18.144390566295));
#2985 = CARTESIAN_POINT('',(1.140813618148,4.352958416675,
    18.142446985103));
#2986 = CARTESIAN_POINT('',(1.140671065852,4.352985140074,
    18.141462175731));
#2987 = CARTESIAN_POINT('',(1.140699665497,4.352971784785,
    18.140587995542));
#2988 = CARTESIAN_POINT('',(1.140566165516,4.352461815237,
    18.102342612866));
#2989 = CARTESIAN_POINT('',(1.139990873987,4.350266820203,
    18.066395751718));
#2990 = CARTESIAN_POINT('',(1.138965110827,4.346352541087,
    18.030552880711));
#2991 = CARTESIAN_POINT('',(1.137490183443,4.340723897215,
    17.994922342786));
#2992 = CARTESIAN_POINT('',(1.135569461925,4.333394132384,17.95961182662
    ));
#2993 = CARTESIAN_POINT('',(1.133208492514,4.324384667636,
    17.924727664784));
#2994 = CARTESIAN_POINT('',(1.127704190261,4.303379915142,
    17.857034715205));
#2995 = CARTESIAN_POINT('',(1.124585950528,4.291480531332,
    17.824194749836));
#2996 = CARTESIAN_POINT('',(1.121067445355,4.278053719178,
    17.791949541899));
#2997 = CARTESIAN_POINT('',(1.117157552085,4.263133355263,
    17.760391962978));
#2998 = CARTESIAN_POINT('',(1.112866900515,4.246760003623,
    17.729611947426));
#2999 = CARTESIAN_POINT('',(1.108207801482,4.228980643204,
    17.699695989663));
#3000 = CARTESIAN_POINT('',(1.100664803465,4.200196185207,
    17.656111618879));
#3001 = CARTESIAN_POINT('',(1.098045189643,4.190199609084,17.64173748347
    ));
#3002 = CARTESIAN_POINT('',(1.09533712123,4.179865487183,17.627614831033
    ));
#3003 = CARTESIAN_POINT('',(1.092542480364,4.169201001849,
    17.613753959162));
#3004 = CARTESIAN_POINT('',(1.089663244075,4.158213697537,
    17.600164867263));
#3005 = CARTESIAN_POINT('',(1.086701484283,4.146911480807,
    17.586857256553));
#3006 = CARTESIAN_POINT('',(1.080880228123,4.124697291793,
    17.561949038971));
#3007 = CARTESIAN_POINT('',(1.07803402053,4.113836029907,17.550300300392
    ));
#3008 = CARTESIAN_POINT('',(1.075122396652,4.102725137384,
    17.538901479094));
#3009 = CARTESIAN_POINT('',(1.072147065328,4.091371135244,
    17.527759498529));
#3010 = CARTESIAN_POINT('',(1.069109792606,4.079780762814,17.51688104084
    ));
#3011 = CARTESIAN_POINT('',(1.06601240174,4.067960977729,17.506272546848
    ));
#3012 = CARTESIAN_POINT('',(1.049461436912,4.00480174452,17.452080476739
    ));
#3013 = CARTESIAN_POINT('',(1.035015867631,3.949676812824,
    17.413194607934));
#3014 = CARTESIAN_POINT('',(1.019664978594,3.891097157047,
    17.379760649633));
#3015 = CARTESIAN_POINT('',(1.003569275436,3.829675274203,
    17.352166982795));
#3016 = CARTESIAN_POINT('',(0.9869013017,3.766069598339,17.330707590973)
  );
#3017 = CARTESIAN_POINT('',(0.96984208437,3.700970936759,17.31557732192)
  );
#3018 = CARTESIAN_POINT('',(0.935305396142,3.56917757517,17.298153102696
    ));
#3019 = CARTESIAN_POINT('',(0.917825800148,3.502474765661,
    17.295863903915));
#3020 = CARTESIAN_POINT('',(0.900324943406,3.43569084299,17.300091219753
    ));
#3021 = CARTESIAN_POINT('',(0.882989966228,3.3695399438,17.310821052703)
  );
#3022 = CARTESIAN_POINT('',(0.866005474663,3.304726534961,
    17.327936470904));
#3023 = CARTESIAN_POINT('',(0.849550017927,3.241931972434,17.35122033819
    ));
#3024 = CARTESIAN_POINT('',(0.818099483919,3.121915786341,
    17.409376720731));
#3025 = CARTESIAN_POINT('',(0.803097011219,3.064665938349,
    17.444204635715));
#3026 = CARTESIAN_POINT('',(0.788952094861,3.010688612184,
    17.484531592371));
#3027 = CARTESIAN_POINT('',(0.77581879186,2.960571699562,17.529957835449
    ));
#3028 = CARTESIAN_POINT('',(0.763835597777,2.914843719262,
    17.580003207919));
#3029 = CARTESIAN_POINT('',(0.753122775379,2.873963648509,
    17.634116307718));
#3030 = CARTESIAN_POINT('',(0.739108314875,2.82048498507,17.720466218485
    ));
#3031 = CARTESIAN_POINT('',(0.734779200438,2.80396532406,17.750113127833
    ));
#3032 = CARTESIAN_POINT('',(0.73080467859,2.788798892616,17.780548235083
    ));
#3033 = CARTESIAN_POINT('',(0.727195706244,2.775027510462,
    17.811692165774));
#3034 = CARTESIAN_POINT('',(0.723961799502,2.762687518457,
    17.843462706064));
#3035 = CARTESIAN_POINT('',(0.721110974539,2.751809601295,
    17.875775200344));
#3036 = CARTESIAN_POINT('',(0.717427559653,2.737755600422,
    17.924813471418));
#3037 = CARTESIAN_POINT('',(0.71630146134,2.733459187361,17.941196276081
    ));
#3038 = CARTESIAN_POINT('',(0.715272198625,2.729532408492,
    17.957680750678));
#3039 = CARTESIAN_POINT('',(0.71434046237,2.72597794199,17.974256200379)
  );
#3040 = CARTESIAN_POINT('',(0.713506829219,2.722798106747,
    17.990911847695));
#3041 = CARTESIAN_POINT('',(0.712771761603,2.719994862369,
    18.007636832471));
#3042 = CARTESIAN_POINT('',(0.711597764866,2.715519522871,
    18.038609893651));
#3043 = CARTESIAN_POINT('',(0.711131050805,2.713739455969,
    18.052841296482));
#3044 = CARTESIAN_POINT('',(0.710732776446,2.712231332935,
    18.067108000378));
#3045 = CARTESIAN_POINT('',(0.710411715038,2.710993672212,
    18.081402838372));
#3046 = CARTESIAN_POINT('',(0.710151687679,2.710031328711,
    18.095720182711));
#3047 = CARTESIAN_POINT('',(0.709973074331,2.709339374059,
    18.110052092705));
#3048 = CARTESIAN_POINT('',(0.709835233975,2.708871422385,
    18.126230738853));
#3049 = CARTESIAN_POINT('',(0.709820387806,2.708822860672,
    18.128068176783));
#3050 = CARTESIAN_POINT('',(0.709806466953,2.708778848152,
    18.129905756143));
#3051 = CARTESIAN_POINT('',(0.709793366296,2.708739412749,
    18.131743469748));
#3052 = CARTESIAN_POINT('',(0.709780757514,2.708704640819,
    18.133581323911));
#3053 = CARTESIAN_POINT('',(0.709768089076,2.708674677159,
    18.135419338443));
#3054 = CARTESIAN_POINT('',(0.709749362208,2.708640071385,
    18.137968721779));
#3055 = CARTESIAN_POINT('',(0.709743953088,2.708631183667,
    18.138679928992));
#3056 = CARTESIAN_POINT('',(0.709738353474,2.708623063272,
    18.139391168508));
#3057 = CARTESIAN_POINT('',(0.70973245768,2.708615737903,18.140102446154
    ));
#3058 = CARTESIAN_POINT('',(0.709726059747,2.708609261534,
    18.140813773364));
#3059 = CARTESIAN_POINT('',(0.709718853443,2.708603714416,
    18.141525167181));
#3060 = CARTESIAN_POINT('',(0.709701749369,2.708594551523,
    18.142970245007));
#3061 = CARTESIAN_POINT('',(0.709690195532,2.708591263505,
    18.143718589311));
#3062 = CARTESIAN_POINT('',(0.709677898733,2.708588940191,
    18.144474438096));
#3063 = CARTESIAN_POINT('',(0.709664141991,2.708587866,18.14522731834));
#3064 = CARTESIAN_POINT('',(0.709645363369,2.708589008601,18.14596352907
    ));
#3065 = CARTESIAN_POINT('',(0.709615155971,2.708594018906,
    18.146666141362));
#3066 = CARTESIAN_POINT('',(0.709552233939,2.708607882528,18.14746844004
    ));
#3067 = CARTESIAN_POINT('',(0.709538482111,2.708611018131,
    18.147621562346));
#3068 = CARTESIAN_POINT('',(0.709523014015,2.708614636742,
    18.147774655701));
#3069 = CARTESIAN_POINT('',(0.709505359606,2.708618861014,
    18.147927882322));
#3070 = CARTESIAN_POINT('',(0.709484577238,2.708623937391,
    18.148081276208));
#3071 = CARTESIAN_POINT('',(0.70945925366,2.708630236107,18.148234743131
    ));
#3072 = CARTESIAN_POINT('',(0.708847734488,2.708784611949,
    18.151187740347));
#3073 = CARTESIAN_POINT('',(0.703079446023,2.710306564848,18.15063722474
    ));
#3074 = CARTESIAN_POINT('',(0.696225131089,2.712077253285,
    18.150582991518));
#3075 = CARTESIAN_POINT('',(0.690954168697,2.713413896156,
    18.151462489627));
#3076 = CARTESIAN_POINT('',(0.687999954564,2.714159008815,
    18.152193150915));
#3077 = CARTESIAN_POINT('',(0.68565703126,2.714761624027,18.152061401787
    ));
#3078 = CARTESIAN_POINT('',(0.662407321012,2.720582018041,
    18.154067055472));
#3079 = CARTESIAN_POINT('',(0.645505722401,2.724686246233,
    18.155510094924));
#3080 = CARTESIAN_POINT('',(0.628575705706,2.728670610742,
    18.156960856847));
#3081 = CARTESIAN_POINT('',(0.611617290197,2.732535130548,
    18.158403575356));
#3082 = CARTESIAN_POINT('',(0.594632282344,2.736279367507,18.15985070607
    ));
#3083 = CARTESIAN_POINT('',(0.57762128936,2.739903209131,18.161295858306
    ));
#3084 = CARTESIAN_POINT('',(0.428857096575,2.770494684537,
    18.173917145628));
#3085 = CARTESIAN_POINT('',(0.29564069505,2.790370597746,18.18508661076)
  );
#3086 = CARTESIAN_POINT('',(0.161413250366,2.802935862536,
    18.196259866956));
#3087 = CARTESIAN_POINT('',(2.665333902248E-02,2.808134428271,
    18.207424631406));
#3088 = CARTESIAN_POINT('',(-0.108157693819,2.805949130676,
    18.218589699262));
#3089 = CARTESIAN_POINT('',(-0.242538791434,2.796402218648,
    18.229749262994));
#3090 = CARTESIAN_POINT('',(-0.509712923004,2.762683427635,
    18.252078097439));
#3091 = CARTESIAN_POINT('',(-0.642507876314,2.738485181061,
    18.263247520596));
#3092 = CARTESIAN_POINT('',(-0.773911095508,2.70702670783,
    18.274411111995));
#3093 = CARTESIAN_POINT('',(-0.903450551211,2.668410939956,
    18.285568238923));
#3094 = CARTESIAN_POINT('',(-1.030666274273,2.622779231061,
    18.296718421802));
#3095 = CARTESIAN_POINT('',(-1.155111498778,2.570310745368,
    18.307861033355));
#3096 = CARTESIAN_POINT('',(-1.528386846733,2.388390507359,
    18.342139781187));
#3097 = CARTESIAN_POINT('',(-1.766672917788,2.236905548447,
    18.365255593963));
#3098 = CARTESIAN_POINT('',(-1.987190893507,2.058741605544,
    18.388322518588));
#3099 = CARTESIAN_POINT('',(-2.186523196557,1.856521127749,
    18.41133650151));
#3100 = CARTESIAN_POINT('',(-2.361745207489,1.633326727036,
    18.434296248327));
#3101 = CARTESIAN_POINT('',(-2.510449490171,1.392652379173,
    18.457193087892));
#3102 = CARTESIAN_POINT('',(-2.70305497637,0.986257791163,
    18.493666931643));
#3103 = CARTESIAN_POINT('',(-2.765089592295,0.829143357242,
    18.507302749895));
#3104 = CARTESIAN_POINT('',(-2.816639041086,0.66798001181,
    18.520908238126));
#3105 = CARTESIAN_POINT('',(-2.857431841968,0.503616957067,
    18.534481712825));
#3106 = CARTESIAN_POINT('',(-2.887284642225,0.336916549973,
    18.548022244625));
#3107 = CARTESIAN_POINT('',(-2.90610092251,0.168750618999,
    18.561528934889));
#3108 = CARTESIAN_POINT('',(-2.91387843749,-6.9229783128E-07,
    18.575000053186));
#3109 = PCURVE('',#185,#3110);
#3110 = DEFINITIONAL_REPRESENTATION('',(#3111),#3240);
#3111 = B_SPLINE_CURVE_WITH_KNOTS('',7,(#3112,#3113,#3114,#3115,#3116,
    #3117,#3118,#3119,#3120,#3121,#3122,#3123,#3124,#3125,#3126,#3127,
    #3128,#3129,#3130,#3131,#3132,#3133,#3134,#3135,#3136,#3137,#3138,
    #3139,#3140,#3141,#3142,#3143,#3144,#3145,#3146,#3147,#3148,#3149,
    #3150,#3151,#3152,#3153,#3154,#3155,#3156,#3157,#3158,#3159,#3160,
    #3161,#3162,#3163,#3164,#3165,#3166,#3167,#3168,#3169,#3170,#3171,
    #3172,#3173,#3174,#3175,#3176,#3177,#3178,#3179,#3180,#3181,#3182,
    #3183,#3184,#3185,#3186,#3187,#3188,#3189,#3190,#3191,#3192,#3193,
    #3194,#3195,#3196,#3197,#3198,#3199,#3200,#3201,#3202,#3203,#3204,
    #3205,#3206,#3207,#3208,#3209,#3210,#3211,#3212,#3213,#3214,#3215,
    #3216,#3217,#3218,#3219,#3220,#3221,#3222,#3223,#3224,#3225,#3226,
    #3227,#3228,#3229,#3230,#3231,#3232,#3233,#3234,#3235,#3236,#3237,
    #3238,#3239),.UNSPECIFIED.,.F.,.F.,(8,6,6,6,6,6,6,6,6,6,6,6,6,6,6,6,
    6,6,6,6,6,8),(0.,3.134038189308E-03,5.205015527255E-02,
    9.952226870022E-02,0.123471927702,0.145351250184,0.238226846296,
    0.331143748164,0.423681078715,0.46994798476,0.49292138918,
    0.512344491604,0.514832789134,0.515795474052,0.516788077574,
    0.517022808457,0.521309150436,0.532645810845,0.620305779232,
    0.708119006052,0.89066118405,1.),.UNSPECIFIED.);
#3112 = CARTESIAN_POINT('',(6.28318530718,43.028881434627));
#3113 = CARTESIAN_POINT('',(6.283041367115,43.028909459111));
#3114 = CARTESIAN_POINT('',(6.279872778025,43.028842459823));
#3115 = CARTESIAN_POINT('',(6.276463631131,43.028933078776));
#3116 = CARTESIAN_POINT('',(6.274182129885,43.028858592152));
#3117 = CARTESIAN_POINT('',(6.272989097417,43.028894049773));
#3118 = CARTESIAN_POINT('',(6.271949697216,43.02888643942));
#3119 = CARTESIAN_POINT('',(6.226317814242,43.028886406945));
#3120 = CARTESIAN_POINT('',(6.183490373596,43.028886428679));
#3121 = CARTESIAN_POINT('',(6.14071451302,43.028886434118));
#3122 = CARTESIAN_POINT('',(6.097984846171,43.028886418921));
#3123 = CARTESIAN_POINT('',(6.055296189346,43.028886406901));
#3124 = CARTESIAN_POINT('',(6.012643870113,43.028886413982));
#3125 = CARTESIAN_POINT('',(5.928662339143,43.028886410354));
#3126 = CARTESIAN_POINT('',(5.887330846777,43.028886408805));
#3127 = CARTESIAN_POINT('',(5.846025990412,43.028886407502));
#3128 = CARTESIAN_POINT('',(5.804744159527,43.028886406461));
#3129 = CARTESIAN_POINT('',(5.763481936796,43.028886405695));
#3130 = CARTESIAN_POINT('',(5.72223633337,43.02888640522));
#3131 = CARTESIAN_POINT('',(5.660203847975,43.028886404964));
#3132 = CARTESIAN_POINT('',(5.639406260874,43.028886404956));
#3133 = CARTESIAN_POINT('',(5.618611924463,43.028886405027));
#3134 = CARTESIAN_POINT('',(5.597820518785,43.02888640518));
#3135 = CARTESIAN_POINT('',(5.577031742329,43.028886405415));
#3136 = CARTESIAN_POINT('',(5.556245312029,43.028886405736));
#3137 = CARTESIAN_POINT('',(5.516473324687,43.028886406514));
#3138 = CARTESIAN_POINT('',(5.497487420098,43.028886406958));
#3139 = CARTESIAN_POINT('',(5.47850304747,43.028886407475));
#3140 = CARTESIAN_POINT('',(5.459520016533,43.028886408067));
#3141 = CARTESIAN_POINT('',(5.440538148777,43.028886408736));
#3142 = CARTESIAN_POINT('',(5.421557277454,43.028886409481));
#3143 = CARTESIAN_POINT('',(5.322008866585,43.028886413803));
#3144 = CARTESIAN_POINT('',(5.241451140655,43.028886418717));
#3145 = CARTESIAN_POINT('',(5.160900050942,43.028886425143));
#3146 = CARTESIAN_POINT('',(5.080345977142,43.028886433168));
#3147 = CARTESIAN_POINT('',(4.999779265915,43.028886442882));
#3148 = CARTESIAN_POINT('',(4.919195799332,43.028886454388));
#3149 = CARTESIAN_POINT('',(4.757973484006,43.028886481256));
#3150 = CARTESIAN_POINT('',(4.67732546821,43.028886496613));
#3151 = CARTESIAN_POINT('',(4.596664957756,43.028886514056));
#3152 = CARTESIAN_POINT('',(4.515991108198,43.028886533732));
#3153 = CARTESIAN_POINT('',(4.435301194535,43.028886555876));
#3154 = CARTESIAN_POINT('',(4.354596016928,43.028886580916));
#3155 = CARTESIAN_POINT('',(4.193504304191,43.028886638111));
#3156 = CARTESIAN_POINT('',(4.113109036051,43.02888666995));
#3157 = CARTESIAN_POINT('',(4.032709066758,43.028886706895));
#3158 = CARTESIAN_POINT('',(3.952305216591,43.028886749202));
#3159 = CARTESIAN_POINT('',(3.871895204371,43.028886798118));
#3160 = CARTESIAN_POINT('',(3.791479290494,43.028886858417));
#3161 = CARTESIAN_POINT('',(3.670860763414,43.028886982185));
#3162 = CARTESIAN_POINT('',(3.630655029748,43.02888702856));
#3163 = CARTESIAN_POINT('',(3.590449082529,43.028887083692));
#3164 = CARTESIAN_POINT('',(3.550242981371,43.028887148325));
#3165 = CARTESIAN_POINT('',(3.510036670796,43.028887225132));
#3166 = CARTESIAN_POINT('',(3.469830169114,43.028887323539));
#3167 = CARTESIAN_POINT('',(3.409659635263,43.028887534564));
#3168 = CARTESIAN_POINT('',(3.389695501187,43.028887618519));
#3169 = CARTESIAN_POINT('',(3.369731358679,43.02888771294));
#3170 = CARTESIAN_POINT('',(3.349767212966,43.028887821999));
#3171 = CARTESIAN_POINT('',(3.329803070893,43.028887957516));
#3172 = CARTESIAN_POINT('',(3.309838940927,43.028888138953));
#3173 = CARTESIAN_POINT('',(3.272995971715,43.028888608563));
#3174 = CARTESIAN_POINT('',(3.256117070717,43.028888702721));
#3175 = CARTESIAN_POINT('',(3.239238510027,43.028889872716));
#3176 = CARTESIAN_POINT('',(3.222359187244,43.02888862772));
#3177 = CARTESIAN_POINT('',(3.205481195786,43.028891617187));
#3178 = CARTESIAN_POINT('',(3.18860193619,43.028890583582));
#3179 = CARTESIAN_POINT('',(3.169562467666,43.028896380906));
#3180 = CARTESIAN_POINT('',(3.16740035969,43.028897188964));
#3181 = CARTESIAN_POINT('',(3.165238283615,43.028898098685));
#3182 = CARTESIAN_POINT('',(3.163076252644,43.028899152908));
#3183 = CARTESIAN_POINT('',(3.160914309201,43.02890048536));
#3184 = CARTESIAN_POINT('',(3.15875252493,43.028902320648));
#3185 = CARTESIAN_POINT('',(3.155754739455,43.028906000908));
#3186 = CARTESIAN_POINT('',(3.154918525658,43.028907174549));
#3187 = CARTESIAN_POINT('',(3.154082359186,43.028908497391));
#3188 = CARTESIAN_POINT('',(3.153246253583,43.02891001247));
#3189 = CARTESIAN_POINT('',(3.152410236061,43.028911803654));
#3190 = CARTESIAN_POINT('',(3.151574347493,43.02891399564));
#3191 = CARTESIAN_POINT('',(3.149876965058,43.028919597993));
#3192 = CARTESIAN_POINT('',(3.148998553038,43.028923672104));
#3193 = CARTESIAN_POINT('',(3.148111507485,43.028928125634));
#3194 = CARTESIAN_POINT('',(3.147228298586,43.028933260175));
#3195 = CARTESIAN_POINT('',(3.146365765591,43.028940529563));
#3196 = CARTESIAN_POINT('',(3.145545116815,43.028952539879));
#3197 = CARTESIAN_POINT('',(3.144613815926,43.028977899552));
#3198 = CARTESIAN_POINT('',(3.144436426906,43.028983452545));
#3199 = CARTESIAN_POINT('',(3.144259420514,43.028989707722));
#3200 = CARTESIAN_POINT('',(3.144082700851,43.028996856431));
#3201 = CARTESIAN_POINT('',(3.143906418175,43.029005282077));
#3202 = CARTESIAN_POINT('',(3.143730968903,43.029015560125));
#3203 = CARTESIAN_POINT('',(3.140380127635,43.029263983547));
#3204 = CARTESIAN_POINT('',(3.142193908912,43.031613837245));
#3205 = CARTESIAN_POINT('',(3.143641526724,43.034402386648));
#3206 = CARTESIAN_POINT('',(3.143669744421,43.036544308054));
#3207 = CARTESIAN_POINT('',(3.143405675806,43.037744383632));
#3208 = CARTESIAN_POINT('',(3.144033559519,43.03869729846));
#3209 = CARTESIAN_POINT('',(3.146358868094,43.04813792396));
#3210 = CARTESIAN_POINT('',(3.148060885291,43.054988718938));
#3211 = CARTESIAN_POINT('',(3.149753727592,43.061839296228));
#3212 = CARTESIAN_POINT('',(3.151456148015,43.068690052611));
#3213 = CARTESIAN_POINT('',(3.153153337158,43.075540658123));
#3214 = CARTESIAN_POINT('',(3.154852900556,43.08239127209));
#3215 = CARTESIAN_POINT('',(3.169692557515,43.142213328209));
#3216 = CARTESIAN_POINT('',(3.182842564138,43.195182956163));
#3217 = CARTESIAN_POINT('',(3.195991005247,43.248144866762));
#3218 = CARTESIAN_POINT('',(3.209154496096,43.301095933439));
#3219 = CARTESIAN_POINT('',(3.222324883752,43.354033038917));
#3220 = CARTESIAN_POINT('',(3.235511138433,43.406952851351));
#3221 = CARTESIAN_POINT('',(3.261939108304,43.512839045654));
#3222 = CARTESIAN_POINT('',(3.275181694686,43.565807383332));
#3223 = CARTESIAN_POINT('',(3.288443736439,43.618749179061));
#3224 = CARTESIAN_POINT('',(3.301728144033,43.671660870206));
#3225 = CARTESIAN_POINT('',(3.315038050402,43.724539535812));
#3226 = CARTESIAN_POINT('',(3.328376517971,43.777381558977));
#3227 = CARTESIAN_POINT('',(3.369538633071,43.939938988689));
#3228 = CARTESIAN_POINT('',(3.397476132947,44.049553713687));
#3229 = CARTESIAN_POINT('',(3.425571243773,44.158926474015));
#3230 = CARTESIAN_POINT('',(3.453857392376,44.2680346259));
#3231 = CARTESIAN_POINT('',(3.482380182986,44.376877531471));
#3232 = CARTESIAN_POINT('',(3.511184987363,44.485425783476));
#3233 = CARTESIAN_POINT('',(3.55774066355,44.658352434697));
#3234 = CARTESIAN_POINT('',(3.5752966362,44.723004381277));
#3235 = CARTESIAN_POINT('',(3.592977620863,44.787516452467));
#3236 = CARTESIAN_POINT('',(3.610794651168,44.851880961366));
#3237 = CARTESIAN_POINT('',(3.62875975987,44.916091748714));
#3238 = CARTESIAN_POINT('',(3.646885087372,44.980140479863));
#3239 = CARTESIAN_POINT('',(3.665182306416,45.044013406713));
#3240 = ( GEOMETRIC_REPRESENTATION_CONTEXT(2) 
PARAMETRIC_REPRESENTATION_CONTEXT() REPRESENTATION_CONTEXT('2D SPACE',''
  ) );
#3241 = PCURVE('',#3242,#3247);
#3242 = TOROIDAL_SURFACE('',#3243,3.65,0.85);
#3243 = AXIS2_PLACEMENT_3D('',#3244,#3245,#3246);
#3244 = CARTESIAN_POINT('',(0.,0.,18.15));
#3245 = DIRECTION('',(0.,0.,1.));
#3246 = DIRECTION('',(1.,0.,-0.));
#3247 = DEFINITIONAL_REPRESENTATION('',(#3248),#3377);
#3248 = B_SPLINE_CURVE_WITH_KNOTS('',7,(#3249,#3250,#3251,#3252,#3253,
    #3254,#3255,#3256,#3257,#3258,#3259,#3260,#3261,#3262,#3263,#3264,
    #3265,#3266,#3267,#3268,#3269,#3270,#3271,#3272,#3273,#3274,#3275,
    #3276,#3277,#3278,#3279,#3280,#3281,#3282,#3283,#3284,#3285,#3286,
    #3287,#3288,#3289,#3290,#3291,#3292,#3293,#3294,#3295,#3296,#3297,
    #3298,#3299,#3300,#3301,#3302,#3303,#3304,#3305,#3306,#3307,#3308,
    #3309,#3310,#3311,#3312,#3313,#3314,#3315,#3316,#3317,#3318,#3319,
    #3320,#3321,#3322,#3323,#3324,#3325,#3326,#3327,#3328,#3329,#3330,
    #3331,#3332,#3333,#3334,#3335,#3336,#3337,#3338,#3339,#3340,#3341,
    #3342,#3343,#3344,#3345,#3346,#3347,#3348,#3349,#3350,#3351,#3352,
    #3353,#3354,#3355,#3356,#3357,#3358,#3359,#3360,#3361,#3362,#3363,
    #3364,#3365,#3366,#3367,#3368,#3369,#3370,#3371,#3372,#3373,#3374,
    #3375,#3376),.UNSPECIFIED.,.F.,.F.,(8,6,6,6,6,6,6,6,6,6,6,6,6,6,6,6,
    6,6,6,6,6,8),(0.,3.134038189308E-03,5.205015527255E-02,
    9.952226870022E-02,0.123471927702,0.145351250184,0.238226846296,
    0.331143748164,0.423681078715,0.46994798476,0.49292138918,
    0.512344491604,0.514832789134,0.515795474052,0.516788077574,
    0.517022808457,0.521309150436,0.532645810845,0.620305779232,
    0.708119006052,0.89066118405,1.),.UNSPECIFIED.);
#3249 = CARTESIAN_POINT('',(1.314503763061,6.283185307084));
#3250 = CARTESIAN_POINT('',(1.314529173801,6.28305733631));
#3251 = CARTESIAN_POINT('',(1.314468423499,6.27990148254));
#3252 = CARTESIAN_POINT('',(1.31455059034,6.276586001824));
#3253 = CARTESIAN_POINT('',(1.314483051161,6.274299322059));
#3254 = CARTESIAN_POINT('',(1.314515201593,6.273140618219));
#3255 = CARTESIAN_POINT('',(1.314508301065,6.272112181746));
#3256 = CARTESIAN_POINT('',(1.314508271413,6.227113339974));
#3257 = CARTESIAN_POINT('',(1.314508291047,6.184790141343));
#3258 = CARTESIAN_POINT('',(1.314508296031,6.142436918429));
#3259 = CARTESIAN_POINT('',(1.314508282428,6.100056802538));
#3260 = CARTESIAN_POINT('',(1.314508271833,6.057652549376));
#3261 = CARTESIAN_POINT('',(1.314508278682,6.015226829997));
#3262 = CARTESIAN_POINT('',(1.314508276487,5.931591169375));
#3263 = CARTESIAN_POINT('',(1.314508275741,5.89038192465));
#3264 = CARTESIAN_POINT('',(1.314508275339,5.849157389083));
#3265 = CARTESIAN_POINT('',(1.314508275294,5.807919601729));
#3266 = CARTESIAN_POINT('',(1.314508275621,5.766670290126));
#3267 = CARTESIAN_POINT('',(1.314508276334,5.725411121238));
#3268 = CARTESIAN_POINT('',(1.314508278007,5.663324685029));
#3269 = CARTESIAN_POINT('',(1.31450827867,5.642503332985));
#3270 = CARTESIAN_POINT('',(1.314508279436,5.62168009421));
#3271 = CARTESIAN_POINT('',(1.314508280307,5.600855155879));
#3272 = CARTESIAN_POINT('',(1.314508281285,5.580028694401));
#3273 = CARTESIAN_POINT('',(1.314508282371,5.559200875409));
#3274 = CARTESIAN_POINT('',(1.31450828466,5.51934340408));
#3275 = CARTESIAN_POINT('',(1.314508285845,5.500313948102));
#3276 = CARTESIAN_POINT('',(1.314508287122,5.481283603673));
#3277 = CARTESIAN_POINT('',(1.314508288494,5.462252481826));
#3278 = CARTESIAN_POINT('',(1.314508289961,5.44322068679));
#3279 = CARTESIAN_POINT('',(1.314508291525,5.424188315989));
#3280 = CARTESIAN_POINT('',(1.314508300238,5.324362837558));
#3281 = CARTESIAN_POINT('',(1.314508309049,5.243556952287));
#3282 = CARTESIAN_POINT('',(1.314508319706,5.162752678432));
#3283 = CARTESIAN_POINT('',(1.314508332285,5.081953476684));
#3284 = CARTESIAN_POINT('',(1.314508346857,5.001158019088));
#3285 = CARTESIAN_POINT('',(1.314508363497,4.920366813902));
#3286 = CARTESIAN_POINT('',(1.314508401091,4.758774921577));
#3287 = CARTESIAN_POINT('',(1.314508422043,4.6779650878));
#3288 = CARTESIAN_POINT('',(1.314508445261,4.597167697157));
#3289 = CARTESIAN_POINT('',(1.314508470832,4.516381290939));
#3290 = CARTESIAN_POINT('',(1.314508498903,4.435600849711));
#3291 = CARTESIAN_POINT('',(1.314508529772,4.354824059349));
#3292 = CARTESIAN_POINT('',(1.31450859805,4.193621030864));
#3293 = CARTESIAN_POINT('',(1.314508635172,4.113185928559));
#3294 = CARTESIAN_POINT('',(1.314508676875,4.032758629282));
#3295 = CARTESIAN_POINT('',(1.314508723258,3.952336807221));
#3296 = CARTESIAN_POINT('',(1.314508775299,3.871915346494));
#3297 = CARTESIAN_POINT('',(1.314508837165,3.791492236027));
#3298 = CARTESIAN_POINT('',(1.314508959198,3.670867107462));
#3299 = CARTESIAN_POINT('',(1.314509004354,3.630659866733));
#3300 = CARTESIAN_POINT('',(1.314509057268,3.590452910675));
#3301 = CARTESIAN_POINT('',(1.314509118596,3.55024614638));
#3302 = CARTESIAN_POINT('',(1.314509190744,3.510039401677));
#3303 = CARTESIAN_POINT('',(1.314509282243,3.469832607214));
#3304 = CARTESIAN_POINT('',(1.314509476609,3.409661748809));
#3305 = CARTESIAN_POINT('',(1.314509553675,3.389697523886));
#3306 = CARTESIAN_POINT('',(1.314509640168,3.369733302536));
#3307 = CARTESIAN_POINT('',(1.314509739869,3.349769082603));
#3308 = CARTESIAN_POINT('',(1.314509863493,3.329804861003));
#3309 = CARTESIAN_POINT('',(1.314510028687,3.309840633724));
#3310 = CARTESIAN_POINT('',(1.314510455617,3.272997424373));
#3311 = CARTESIAN_POINT('',(1.314510541463,3.256118475764));
#3312 = CARTESIAN_POINT('',(1.314511602709,3.239239334814));
#3313 = CARTESIAN_POINT('',(1.314510474262,3.222360630757));
#3314 = CARTESIAN_POINT('',(1.3145131851,3.205481156879));
#3315 = CARTESIAN_POINT('',(1.314512248219,3.188602411364));
#3316 = CARTESIAN_POINT('',(1.314517504834,3.169560067245));
#3317 = CARTESIAN_POINT('',(1.314518237518,3.167397558421));
#3318 = CARTESIAN_POINT('',(1.314519062378,3.165235031049));
#3319 = CARTESIAN_POINT('',(1.314520018255,3.163072477071));
#3320 = CARTESIAN_POINT('',(1.314521226398,3.160909872552));
#3321 = CARTESIAN_POINT('',(1.314522890455,3.158747177673));
#3322 = CARTESIAN_POINT('',(1.314526227334,3.155747566084));
#3323 = CARTESIAN_POINT('',(1.314527291469,3.154910769928));
#3324 = CARTESIAN_POINT('',(1.314528490882,3.154073947056));
#3325 = CARTESIAN_POINT('',(1.314529864594,3.153237089656));
#3326 = CARTESIAN_POINT('',(1.314531488647,3.15240018332));
#3327 = CARTESIAN_POINT('',(1.314533476102,3.151563207042));
#3328 = CARTESIAN_POINT('',(1.314538555703,3.149863044568));
#3329 = CARTESIAN_POINT('',(1.314542249657,3.14898261084));
#3330 = CARTESIAN_POINT('',(1.314546287626,3.148093355294));
#3331 = CARTESIAN_POINT('',(1.314550943058,3.14720759845));
#3332 = CARTESIAN_POINT('',(1.31455753413,3.146341458097));
#3333 = CARTESIAN_POINT('',(1.314568423741,3.145514849284));
#3334 = CARTESIAN_POINT('',(1.314591417048,3.144570963777));
#3335 = CARTESIAN_POINT('',(1.31459645188,3.144390819109));
#3336 = CARTESIAN_POINT('',(1.314602123372,3.144210708611));
#3337 = CARTESIAN_POINT('',(1.314608605018,3.144030441429));
#3338 = CARTESIAN_POINT('',(1.314616244449,3.143849977556));
#3339 = CARTESIAN_POINT('',(1.314625563427,3.143669427838));
#3340 = CARTESIAN_POINT('',(1.314850805871,3.140195307219));
#3341 = CARTESIAN_POINT('',(1.31698138886,3.140842979428));
#3342 = CARTESIAN_POINT('',(1.319509731722,3.14090678449));
#3343 = CARTESIAN_POINT('',(1.321451785047,3.139872076432));
#3344 = CARTESIAN_POINT('',(1.322539878548,3.139012471998));
#3345 = CARTESIAN_POINT('',(1.323403874496,3.139167473238));
#3346 = CARTESIAN_POINT('',(1.331963571296,3.136807869529));
#3347 = CARTESIAN_POINT('',(1.33817510102,3.13511015754));
#3348 = CARTESIAN_POINT('',(1.344386433135,3.133403341832));
#3349 = CARTESIAN_POINT('',(1.35059792737,3.131705962482));
#3350 = CARTESIAN_POINT('',(1.356809284523,3.130003357795));
#3351 = CARTESIAN_POINT('',(1.363020649027,3.128303038195));
#3352 = CARTESIAN_POINT('',(1.417260543059,3.113452796436));
#3353 = CARTESIAN_POINT('',(1.465287407684,3.100307748626));
#3354 = CARTESIAN_POINT('',(1.513307243128,3.087151505515));
#3355 = CARTESIAN_POINT('',(1.561317206405,3.073994798015));
#3356 = CARTESIAN_POINT('',(1.609314469479,3.060823537619));
#3357 = CARTESIAN_POINT('',(1.657296017112,3.04764076834));
#3358 = CARTESIAN_POINT('',(1.753301283774,3.021220024472));
#3359 = CARTESIAN_POINT('',(1.801326776053,3.007981790479));
#3360 = CARTESIAN_POINT('',(1.849328186773,2.994724648041));
#3361 = CARTESIAN_POINT('',(1.897302300558,2.981445412088));
#3362 = CARTESIAN_POINT('',(1.945246484438,2.968140632038));
#3363 = CARTESIAN_POINT('',(1.993157470665,2.954806927018));
#3364 = CARTESIAN_POINT('',(2.140545685837,2.913657501905));
#3365 = CARTESIAN_POINT('',(2.239931715929,2.885725777157));
#3366 = CARTESIAN_POINT('',(2.339098553364,2.857631420469));
#3367 = CARTESIAN_POINT('',(2.438025478905,2.829339067082));
#3368 = CARTESIAN_POINT('',(2.536711586326,2.800805800222));
#3369 = CARTESIAN_POINT('',(2.635130054467,2.771992276179));
#3370 = CARTESIAN_POINT('',(2.791919127285,2.725429405586));
#3371 = CARTESIAN_POINT('',(2.850537733566,2.707872250766));
#3372 = CARTESIAN_POINT('',(2.909029609104,2.690192073364));
#3373 = CARTESIAN_POINT('',(2.967387914091,2.672377955097));
#3374 = CARTESIAN_POINT('',(3.025607222834,2.654416804968));
#3375 = CARTESIAN_POINT('',(3.083679935015,2.636293933548));
#3376 = CARTESIAN_POINT('',(3.141592889543,2.617993806255));
#3377 = ( GEOMETRIC_REPRESENTATION_CONTEXT(2) 
PARAMETRIC_REPRESENTATION_CONTEXT() REPRESENTATION_CONTEXT('2D SPACE',''
  ) );
#3378 = ORIENTED_EDGE('',*,*,#3379,.F.);
#3379 = EDGE_CURVE('',#3380,#2977,#3382,.T.);
#3380 = VERTEX_POINT('',#3381);
#3381 = CARTESIAN_POINT('',(-4.49999999999,5.288575176399E-07,
    19.000004149266));
#3382 = SURFACE_CURVE('',#3383,(#3391,#3398),.PCURVE_S1.);
#3383 = ( BOUNDED_CURVE() B_SPLINE_CURVE(6,(#3384,#3385,#3386,#3387,
#3388,#3389,#3390),.UNSPECIFIED.,.T.,.F.) B_SPLINE_CURVE_WITH_KNOTS((1,6
    ,6,1),(-6.28318530718,0.,6.28318530718,12.566370614359),
.UNSPECIFIED.) CURVE() GEOMETRIC_REPRESENTATION_ITEM() 
RATIONAL_B_SPLINE_CURVE((1.669078461068,1.03672962321,1.038346699848,
    0.853534330196,1.038346699848,1.03672962321,1.669078461068)) 
REPRESENTATION_ITEM('') );
#3384 = CARTESIAN_POINT('',(-4.49999999999,5.288575176399E-07,
    19.000004149266));
#3385 = CARTESIAN_POINT('',(-4.499993105805,5.288570707473E-07,
    20.412315763485));
#3386 = CARTESIAN_POINT('',(-2.753626153973,-5.577062323903E-07,
    20.615091150138));
#3387 = CARTESIAN_POINT('',(-1.313250617171,-1.453891120606E-06,
    18.999988593182));
#3388 = CARTESIAN_POINT('',(-2.753641922117,-5.5770521179E-07,
    17.384900098659));
#3389 = CARTESIAN_POINT('',(-4.500006894174,5.288579592588E-07,
    17.587692535048));
#3390 = CARTESIAN_POINT('',(-4.49999999999,5.288575176399E-07,
    19.000004149266));
#3391 = PCURVE('',#185,#3392);
#3392 = DEFINITIONAL_REPRESENTATION('',(#3393),#3397);
#3393 = LINE('',#3394,#3395);
#3394 = CARTESIAN_POINT('',(0.,45.044013406713));
#3395 = VECTOR('',#3396,1.);
#3396 = DIRECTION('',(1.,0.));
#3397 = ( GEOMETRIC_REPRESENTATION_CONTEXT(2) 
PARAMETRIC_REPRESENTATION_CONTEXT() REPRESENTATION_CONTEXT('2D SPACE',''
  ) );
#3398 = PCURVE('',#3399,#3404);
#3399 = PLANE('',#3400);
#3400 = AXIS2_PLACEMENT_3D('',#3401,#3402,#3403);
#3401 = CARTESIAN_POINT('',(-3.65013465975,8.379062122918E-11,
    19.000000000657));
#3402 = DIRECTION('',(6.221853056658E-07,1.,-2.722010418429E-12));
#3403 = DIRECTION('',(1.,-6.221853056658E-07,1.925929944387E-34));
#3404 = DEFINITIONAL_REPRESENTATION('',(#3405),#3413);
#3405 = ( BOUNDED_CURVE() B_SPLINE_CURVE(6,(#3406,#3407,#3408,#3409,
#3410,#3411,#3412),.UNSPECIFIED.,.T.,.F.) B_SPLINE_CURVE_WITH_KNOTS((1,6
    ,6,1),(-6.28318530718,0.,6.28318530718,12.566370614359),
.UNSPECIFIED.) CURVE() GEOMETRIC_REPRESENTATION_ITEM() 
RATIONAL_B_SPLINE_CURVE((1.669078461068,1.03672962321,1.038346699848,
    0.853534330196,1.038346699848,1.03672962321,1.669078461068)) 
REPRESENTATION_ITEM('') );
#3406 = CARTESIAN_POINT('',(-0.84986534024,-4.148608741872E-06));
#3407 = CARTESIAN_POINT('',(-0.849858446056,-1.412315762827));
#3408 = CARTESIAN_POINT('',(0.896508505777,-1.615091149481));
#3409 = CARTESIAN_POINT('',(2.336884042579,1.140747491846E-05));
#3410 = CARTESIAN_POINT('',(0.896492737633,1.615099901998));
#3411 = CARTESIAN_POINT('',(-0.849872234425,1.41230746561));
#3412 = CARTESIAN_POINT('',(-0.84986534024,-4.148608741872E-06));
#3413 = ( GEOMETRIC_REPRESENTATION_CONTEXT(2) 
PARAMETRIC_REPRESENTATION_CONTEXT() REPRESENTATION_CONTEXT('2D SPACE',''
  ) );
#3414 = ORIENTED_EDGE('',*,*,#3415,.F.);
#3415 = EDGE_CURVE('',#2877,#3380,#3416,.T.);
#3416 = SURFACE_CURVE('',#3417,(#3499,#3506),.PCURVE_S1.);
#3417 = ( BOUNDED_CURVE() B_SPLINE_CURVE(10,(#3418,#3419,#3420,#3421,
    #3422,#3423,#3424,#3425,#3426,#3427,#3428,#3429,#3430,#3431,#3432,
    #3433,#3434,#3435,#3436,#3437,#3438,#3439,#3440,#3441,#3442,#3443,
    #3444,#3445,#3446,#3447,#3448,#3449,#3450,#3451,#3452,#3453,#3454,
    #3455,#3456,#3457,#3458,#3459,#3460,#3461,#3462,#3463,#3464,#3465,
    #3466,#3467,#3468,#3469,#3470,#3471,#3472,#3473,#3474,#3475,#3476,
    #3477,#3478,#3479,#3480,#3481,#3482,#3483,#3484,#3485,#3486,#3487,
    #3488,#3489,#3490,#3491,#3492,#3493,#3494,#3495,#3496,#3497,#3498),
.UNSPECIFIED.,.F.,.F.) B_SPLINE_CURVE_WITH_KNOTS((11,10,10,10,10,10,10,
    10,11),(0.,5.630501675839,11.261003351678,16.891505027517,
    22.522006703356,28.152508379195,33.783010055034,39.413511730874,
45.044013406713),.PIECEWISE_BEZIER_KNOTS.) CURVE() 
GEOMETRIC_REPRESENTATION_ITEM() RATIONAL_B_SPLINE_CURVE((1.669078461068,
    1.669078461068,1.669078461068,1.669078461069,1.669078461067,
    1.669078461069,1.669078461067,1.669078461069,1.669078461068,
    1.669078461068,1.669078461068,1.669078461068,1.669078461068,
    1.669078461068,1.669078461069,1.669078461067,1.669078461069,
    1.669078461068,1.669078461068,1.669078461068,1.669078461068,
    1.669078461068,1.669078461068,1.669078461068,1.669078461068,
    1.669078461068,1.669078461068,1.669078461068,1.669078461068,
    1.669078461068,1.669078461068,1.669078461068,1.669078461068,
    1.669078461068,1.669078461068,1.669078461069,1.669078461068,
    1.669078461068,1.669078461068,1.669078461068,1.669078461068,
    1.669078461068,1.669078461069,1.669078461068,1.669078461069,
    1.669078461067,1.669078461069,1.669078461068,1.669078461068,
    1.669078461068,1.669078461068,1.669078461068,1.669078461068,
    1.669078461069,1.669078461068,1.669078461069,1.669078461068,
    1.669078461069,1.669078461068,1.669078461068,1.669078461068,
    1.669078461068,1.669078461068,1.669078461069,1.669078461068,
    1.669078461069,1.669078461068,1.669078461069,1.669078461068,
    1.669078461068,1.669078461068,1.669078461068,1.669078461068,
    1.669078461068,1.669078461069,1.669078461068,1.669078461069,
    1.669078461068,1.669078461068,1.669078461068,1.669078461068)) 
REPRESENTATION_ITEM('') );
#3418 = CARTESIAN_POINT('',(4.5,-9.992007221626E-16,0.));
#3419 = CARTESIAN_POINT('',(4.499999951139,2.297277981593,0.237516627833
    ));
#3420 = CARTESIAN_POINT('',(3.197068819098,4.59481246883,0.474958005495)
  );
#3421 = CARTESIAN_POINT('',(0.589645107957,6.059118307374,0.712575931887
    ));
#3422 = CARTESIAN_POINT('',(-2.708414947482,5.866379023573,
    0.949935563896));
#3423 = CARTESIAN_POINT('',(-5.508039675794,3.680353269608,
    1.187514991773));
#3424 = CARTESIAN_POINT('',(-6.456291182571,0.257285699237,
    1.425044386625));
#3425 = CARTESIAN_POINT('',(-5.372250104421,-2.863485934629,
    1.662448032737));
#3426 = CARTESIAN_POINT('',(-3.021587037883,-4.712063873159,
    1.900032115819));
#3427 = CARTESIAN_POINT('',(-0.400334215135,-5.036588470535,
    2.137495940202));
#3428 = CARTESIAN_POINT('',(1.722075445643,-4.157457896301,
    2.374999999999));
#3429 = CARTESIAN_POINT('',(3.844483534627,-3.278327628067,
    2.612516627836));
#3430 = CARTESIAN_POINT('',(5.468518464879,-1.195347839347,
    2.849958005489));
#3431 = CARTESIAN_POINT('',(5.823542803039,1.773963144285,3.087575931896
    ));
#3432 = CARTESIAN_POINT('',(4.38336198146,4.747215195819,3.324935563887)
  );
#3433 = CARTESIAN_POINT('',(1.292367529463,6.49717534226,3.562514991779)
  );
#3434 = CARTESIAN_POINT('',(-2.233014678556,6.063294253989,
    3.800044386622));
#3435 = CARTESIAN_POINT('',(-4.701387156127,3.867503289015,
    4.037448032738));
#3436 = CARTESIAN_POINT('',(-5.509690667142,0.988353643497,
    4.275032115819));
#3437 = CARTESIAN_POINT('',(-4.806402273151,-1.557558375787,
    4.512495940202));
#3438 = CARTESIAN_POINT('',(-3.181980515339,-3.18198051534,
    4.749999999998));
#3439 = CARTESIAN_POINT('',(-1.557559641735,-4.806401319844,
    4.987516627836));
#3440 = CARTESIAN_POINT('',(0.988354013087,-5.509692096894,
    5.224958005492));
#3441 = CARTESIAN_POINT('',(3.867501588826,-4.701385697487,
    5.462575931886));
#3442 = CARTESIAN_POINT('',(6.063294964209,-2.233017812947,
    5.699935563906));
#3443 = CARTESIAN_POINT('',(6.497174959901,1.292369451698,5.937514991753
    ));
#3444 = CARTESIAN_POINT('',(4.747215739145,4.383358813876,6.175044386652
    ));
#3445 = CARTESIAN_POINT('',(1.773964156855,5.823544801276,6.412448032711
    ));
#3446 = CARTESIAN_POINT('',(-1.19534763366,5.468517002527,6.650032115839
    ));
#3447 = CARTESIAN_POINT('',(-3.278326823299,3.844484899824,6.88749594019
    ));
#3448 = CARTESIAN_POINT('',(-4.157457896301,1.722075445643,
    7.125000000004));
#3449 = CARTESIAN_POINT('',(-5.036588074253,-0.400332680739,
    7.362516627821));
#3450 = CARTESIAN_POINT('',(-4.712065052638,-3.021587926477,
    7.599958005515));
#3451 = CARTESIAN_POINT('',(-2.863485237662,-5.372247975459,
    7.837575931865));
#3452 = CARTESIAN_POINT('',(0.257283075233,-6.456293038204,
    8.074935563911));
#3453 = CARTESIAN_POINT('',(3.680354899199,-5.508038586932,8.31251499177
    ));
#3454 = CARTESIAN_POINT('',(5.866376305021,-2.708416661636,
    8.550044386619));
#3455 = CARTESIAN_POINT('',(6.059120541006,0.589644937161,8.787448032746
    ));
#3456 = CARTESIAN_POINT('',(4.594811196501,3.197068069447,9.025032115812
    ));
#3457 = CARTESIAN_POINT('',(2.297279550844,4.499999730069,9.262495940205
    ));
#3458 = CARTESIAN_POINT('',(-1.520502473928E-13,4.5,9.499999999999));
#3459 = CARTESIAN_POINT('',(-2.297277981593,4.49999995114,9.737516627837
    ));
#3460 = CARTESIAN_POINT('',(-4.594812468829,3.197068819095,
    9.974958005488));
#3461 = CARTESIAN_POINT('',(-6.059118307378,0.589645107961,
    10.212575931893));
#3462 = CARTESIAN_POINT('',(-5.866379023567,-2.708414947484,
    10.449935563901));
#3463 = CARTESIAN_POINT('',(-3.680353269611,-5.508039675794,
    10.68751499175));
#3464 = CARTESIAN_POINT('',(-0.257285699238,-6.456291182571,
    10.925044386664));
#3465 = CARTESIAN_POINT('',(2.863485934631,-5.372250104419,
    11.162448032694));
#3466 = CARTESIAN_POINT('',(4.712063873158,-3.021587037886,
    11.400032115853));
#3467 = CARTESIAN_POINT('',(5.036588470535,-0.400334215133,
    11.637495940182));
#3468 = CARTESIAN_POINT('',(4.157457896301,1.722075445642,
    11.875000000007));
#3469 = CARTESIAN_POINT('',(3.278327628066,3.84448353463,12.11251662781)
  );
#3470 = CARTESIAN_POINT('',(1.195347839348,5.468518464873,
    12.349958005539));
#3471 = CARTESIAN_POINT('',(-1.773963144281,5.823542803045,
    12.587575931828));
#3472 = CARTESIAN_POINT('',(-4.747215195829,4.383361981458,
    12.824935563959));
#3473 = CARTESIAN_POINT('',(-6.497175342245,1.29236752946,
    13.062514991717));
#3474 = CARTESIAN_POINT('',(-6.063294254002,-2.23301467855,
    13.30004438667));
#3475 = CARTESIAN_POINT('',(-3.867503289008,-4.701387156132,
    13.537448032702));
#3476 = CARTESIAN_POINT('',(-0.9883536435,-5.50969066714,13.775032115845
    ));
#3477 = CARTESIAN_POINT('',(1.557558375789,-4.806402273151,
    14.012495940183));
#3478 = CARTESIAN_POINT('',(3.181980515339,-3.18198051534,14.25000000001
    ));
#3479 = CARTESIAN_POINT('',(4.806401319848,-1.557559641732,
    14.487516627803));
#3480 = CARTESIAN_POINT('',(5.509692096886,0.988354013083,
    14.724958005548));
#3481 = CARTESIAN_POINT('',(4.701385697499,3.867501588827,
    14.962575931818));
#3482 = CARTESIAN_POINT('',(2.233017812934,6.063294964215,
    15.199935563968));
#3483 = CARTESIAN_POINT('',(-1.292369451689,6.49717495989,
    15.437514991707));
#3484 = CARTESIAN_POINT('',(-4.383358813878,4.747215739156,
    15.675044386682));
#3485 = CARTESIAN_POINT('',(-5.823544801277,1.773964156849,
    15.91244803269));
#3486 = CARTESIAN_POINT('',(-5.468517002526,-1.195347633658,
    16.150032115855));
#3487 = CARTESIAN_POINT('',(-3.844484899823,-3.2783268233,
    16.387495940177));
#3488 = CARTESIAN_POINT('',(-1.722075445644,-4.1574578963,
    16.625000000014));
#3489 = CARTESIAN_POINT('',(0.400332680741,-5.036588127141,
    16.862516212867));
#3490 = CARTESIAN_POINT('',(3.021587926478,-4.712064825932,
    17.099959784185));
#3491 = CARTESIAN_POINT('',(5.372247975451,-2.863485823151,
    17.337571338319));
#3492 = CARTESIAN_POINT('',(6.456293038227,0.257284183897,
    17.574944262137));
#3493 = CARTESIAN_POINT('',(5.508038586893,3.680353252802,
    17.812502074634));
#3494 = CARTESIAN_POINT('',(2.708416661685,5.86637828069,18.050059887154
    ));
#3495 = CARTESIAN_POINT('',(-0.589644937207,6.059118600866,
    18.287432810946));
#3496 = CARTESIAN_POINT('',(-3.197068069413,4.594812757772,
    18.525044365104));
#3497 = CARTESIAN_POINT('',(-4.49999973009,2.297278530695,
    18.762487936406));
#3498 = CARTESIAN_POINT('',(-4.49999999999,5.288575176399E-07,
    19.000004149266));
#3499 = PCURVE('',#185,#3500);
#3500 = DEFINITIONAL_REPRESENTATION('',(#3501),#3505);
#3501 = LINE('',#3502,#3503);
#3502 = CARTESIAN_POINT('',(0.,0.));
#3503 = VECTOR('',#3504,1.);
#3504 = DIRECTION('',(0.,1.));
#3505 = ( GEOMETRIC_REPRESENTATION_CONTEXT(2) 
PARAMETRIC_REPRESENTATION_CONTEXT() REPRESENTATION_CONTEXT('2D SPACE',''
  ) );
#3506 = PCURVE('',#3507,#4075);
#3507 = ( BOUNDED_SURFACE() B_SPLINE_SURFACE(6,10,(
    (#3508,#3509,#3510,#3511,#3512,#3513,#3514,#3515,#3516,#3517,#3518
      ,#3519,#3520,#3521,#3522,#3523,#3524,#3525,#3526,#3527,#3528,#3529
      ,#3530,#3531,#3532,#3533,#3534,#3535,#3536,#3537,#3538,#3539,#3540
      ,#3541,#3542,#3543,#3544,#3545,#3546,#3547,#3548,#3549,#3550,#3551
      ,#3552,#3553,#3554,#3555,#3556,#3557,#3558,#3559,#3560,#3561,#3562
      ,#3563,#3564,#3565,#3566,#3567,#3568,#3569,#3570,#3571,#3572,#3573
      ,#3574,#3575,#3576,#3577,#3578,#3579,#3580,#3581,#3582,#3583,#3584
      ,#3585,#3586,#3587,#3588)
    ,(#3589,#3590,#3591,#3592,#3593,#3594,#3595,#3596,#3597,#3598,#3599
      ,#3600,#3601,#3602,#3603,#3604,#3605,#3606,#3607,#3608,#3609,#3610
      ,#3611,#3612,#3613,#3614,#3615,#3616,#3617,#3618,#3619,#3620,#3621
      ,#3622,#3623,#3624,#3625,#3626,#3627,#3628,#3629,#3630,#3631,#3632
      ,#3633,#3634,#3635,#3636,#3637,#3638,#3639,#3640,#3641,#3642,#3643
      ,#3644,#3645,#3646,#3647,#3648,#3649,#3650,#3651,#3652,#3653,#3654
      ,#3655,#3656,#3657,#3658,#3659,#3660,#3661,#3662,#3663,#3664,#3665
      ,#3666,#3667,#3668,#3669)
    ,(#3670,#3671,#3672,#3673,#3674,#3675,#3676,#3677,#3678,#3679,#3680
      ,#3681,#3682,#3683,#3684,#3685,#3686,#3687,#3688,#3689,#3690,#3691
      ,#3692,#3693,#3694,#3695,#3696,#3697,#3698,#3699,#3700,#3701,#3702
      ,#3703,#3704,#3705,#3706,#3707,#3708,#3709,#3710,#3711,#3712,#3713
      ,#3714,#3715,#3716,#3717,#3718,#3719,#3720,#3721,#3722,#3723,#3724
      ,#3725,#3726,#3727,#3728,#3729,#3730,#3731,#3732,#3733,#3734,#3735
      ,#3736,#3737,#3738,#3739,#3740,#3741,#3742,#3743,#3744,#3745,#3746
      ,#3747,#3748,#3749,#3750)
    ,(#3751,#3752,#3753,#3754,#3755,#3756,#3757,#3758,#3759,#3760,#3761
      ,#3762,#3763,#3764,#3765,#3766,#3767,#3768,#3769,#3770,#3771,#3772
      ,#3773,#3774,#3775,#3776,#3777,#3778,#3779,#3780,#3781,#3782,#3783
      ,#3784,#3785,#3786,#3787,#3788,#3789,#3790,#3791,#3792,#3793,#3794
      ,#3795,#3796,#3797,#3798,#3799,#3800,#3801,#3802,#3803,#3804,#3805
      ,#3806,#3807,#3808,#3809,#3810,#3811,#3812,#3813,#3814,#3815,#3816
      ,#3817,#3818,#3819,#3820,#3821,#3822,#3823,#3824,#3825,#3826,#3827
      ,#3828,#3829,#3830,#3831)
    ,(#3832,#3833,#3834,#3835,#3836,#3837,#3838,#3839,#3840,#3841,#3842
      ,#3843,#3844,#3845,#3846,#3847,#3848,#3849,#3850,#3851,#3852,#3853
      ,#3854,#3855,#3856,#3857,#3858,#3859,#3860,#3861,#3862,#3863,#3864
      ,#3865,#3866,#3867,#3868,#3869,#3870,#3871,#3872,#3873,#3874,#3875
      ,#3876,#3877,#3878,#3879,#3880,#3881,#3882,#3883,#3884,#3885,#3886
      ,#3887,#3888,#3889,#3890,#3891,#3892,#3893,#3894,#3895,#3896,#3897
      ,#3898,#3899,#3900,#3901,#3902,#3903,#3904,#3905,#3906,#3907,#3908
      ,#3909,#3910,#3911,#3912)
    ,(#3913,#3914,#3915,#3916,#3917,#3918,#3919,#3920,#3921,#3922,#3923
      ,#3924,#3925,#3926,#3927,#3928,#3929,#3930,#3931,#3932,#3933,#3934
      ,#3935,#3936,#3937,#3938,#3939,#3940,#3941,#3942,#3943,#3944,#3945
      ,#3946,#3947,#3948,#3949,#3950,#3951,#3952,#3953,#3954,#3955,#3956
      ,#3957,#3958,#3959,#3960,#3961,#3962,#3963,#3964,#3965,#3966,#3967
      ,#3968,#3969,#3970,#3971,#3972,#3973,#3974,#3975,#3976,#3977,#3978
      ,#3979,#3980,#3981,#3982,#3983,#3984,#3985,#3986,#3987,#3988,#3989
      ,#3990,#3991,#3992,#3993)
    ,(#3994,#3995,#3996,#3997,#3998,#3999,#4000,#4001,#4002,#4003,#4004
      ,#4005,#4006,#4007,#4008,#4009,#4010,#4011,#4012,#4013,#4014,#4015
      ,#4016,#4017,#4018,#4019,#4020,#4021,#4022,#4023,#4024,#4025,#4026
      ,#4027,#4028,#4029,#4030,#4031,#4032,#4033,#4034,#4035,#4036,#4037
      ,#4038,#4039,#4040,#4041,#4042,#4043,#4044,#4045,#4046,#4047,#4048
      ,#4049,#4050,#4051,#4052,#4053,#4054,#4055,#4056,#4057,#4058,#4059
      ,#4060,#4061,#4062,#4063,#4064,#4065,#4066,#4067,#4068,#4069,#4070
      ,#4071,#4072,#4073,#4074
)),.UNSPECIFIED.,.T.,.F.,.F.) B_SPLINE_SURFACE_WITH_KNOTS((1,6,6,1),(11,
    10,10,10,10,10,10,10,11),(-6.28318530718,0.,6.28318530718,
    12.566370614359),(0.,5.630501675839,11.261003351678,16.891505027517,
    22.522006703356,28.152508379195,33.783010055034,39.413511730874,
45.044013406713),.UNSPECIFIED.) GEOMETRIC_REPRESENTATION_ITEM() 
RATIONAL_B_SPLINE_SURFACE((
    (1.669078461068,1.669078461068,1.669078461068,1.669078461069
      ,1.669078461067,1.669078461069,1.669078461067,1.669078461069
      ,1.669078461068,1.669078461068,1.669078461068,1.669078461068
      ,1.669078461068,1.669078461068,1.669078461069,1.669078461067
      ,1.669078461069,1.669078461068,1.669078461068,1.669078461068
      ,1.669078461068,1.669078461068,1.669078461068,1.669078461068
      ,1.669078461068,1.669078461068,1.669078461068,1.669078461068
      ,1.669078461068,1.669078461068,1.669078461068,1.669078461068
      ,1.669078461068,1.669078461068,1.669078461068,1.669078461069
      ,1.669078461068,1.669078461068,1.669078461068,1.669078461068
      ,1.669078461068,1.669078461068,1.669078461069,1.669078461068
      ,1.669078461069,1.669078461067,1.669078461069,1.669078461068
      ,1.669078461068,1.669078461068,1.669078461068,1.669078461068
      ,1.669078461068,1.669078461069,1.669078461068,1.669078461069
      ,1.669078461068,1.669078461069,1.669078461068,1.669078461068
      ,1.669078461068,1.669078461068,1.669078461068,1.669078461069
      ,1.669078461068,1.669078461069,1.669078461068,1.669078461069
      ,1.669078461068,1.669078461068,1.669078461068,1.669078461068
      ,1.669078461068,1.669078461068,1.669078461069,1.669078461068
      ,1.669078461069,1.669078461068,1.669078461068,1.669078461068
      ,1.669078461068)
    ,(1.03672962321,1.03672962321,1.036729623209,1.03672962321
      ,1.036729623209,1.03672962321,1.036729623209,1.03672962321
      ,1.036729623209,1.03672962321,1.03672962321,1.03672962321
      ,1.03672962321,1.036729623209,1.03672962321,1.036729623209
      ,1.03672962321,1.036729623209,1.03672962321,1.03672962321
      ,1.03672962321,1.03672962321,1.03672962321,1.03672962321
      ,1.03672962321,1.03672962321,1.03672962321,1.03672962321
      ,1.03672962321,1.03672962321,1.03672962321,1.03672962321
      ,1.03672962321,1.03672962321,1.036729623209,1.03672962321
      ,1.036729623209,1.03672962321,1.03672962321,1.03672962321
      ,1.03672962321,1.03672962321,1.03672962321,1.036729623209
      ,1.03672962321,1.036729623209,1.03672962321,1.036729623209
      ,1.03672962321,1.03672962321,1.03672962321,1.03672962321
      ,1.03672962321,1.03672962321,1.036729623209,1.03672962321
      ,1.036729623209,1.03672962321,1.03672962321,1.03672962321
      ,1.03672962321,1.03672962321,1.036729623209,1.03672962321
      ,1.036729623209,1.03672962321,1.036729623209,1.03672962321
      ,1.03672962321,1.03672962321,1.03672962321,1.03672962321
      ,1.03672962321,1.036729623209,1.03672962321,1.036729623209
      ,1.03672962321,1.036729623209,1.03672962321,1.03672962321
      ,1.03672962321)
    ,(1.038346699848,1.038346699848,1.038346699847,1.038346699848
      ,1.038346699847,1.038346699848,1.038346699847,1.038346699848
      ,1.038346699847,1.038346699848,1.038346699848,1.038346699847
      ,1.038346699848,1.038346699847,1.038346699848,1.038346699847
      ,1.038346699848,1.038346699847,1.038346699848,1.038346699847
      ,1.038346699848,1.038346699847,1.038346699848,1.038346699847
      ,1.038346699848,1.038346699847,1.038346699848,1.038346699847
      ,1.038346699848,1.038346699847,1.038346699848,1.038346699848
      ,1.038346699847,1.038346699848,1.038346699847,1.038346699848
      ,1.038346699847,1.038346699848,1.038346699847,1.038346699848
      ,1.038346699848,1.038346699847,1.038346699848,1.038346699847
      ,1.038346699848,1.038346699847,1.038346699848,1.038346699847
      ,1.038346699848,1.038346699848,1.038346699848,1.038346699848
      ,1.038346699847,1.038346699848,1.038346699847,1.038346699848
      ,1.038346699847,1.038346699848,1.038346699847,1.038346699848
      ,1.038346699848,1.038346699848,1.038346699847,1.038346699848
      ,1.038346699847,1.038346699848,1.038346699847,1.038346699848
      ,1.038346699847,1.038346699848,1.038346699848,1.038346699847
      ,1.038346699848,1.038346699847,1.038346699848,1.038346699847
      ,1.038346699848,1.038346699847,1.038346699848,1.038346699848
      ,1.038346699848)
    ,(0.853534330196,0.853534330196,0.853534330196,0.853534330196
      ,0.853534330196,0.853534330197,0.853534330196,0.853534330196
      ,0.853534330196,0.853534330196,0.853534330196,0.853534330196
      ,0.853534330196,0.853534330196,0.853534330197,0.853534330196
      ,0.853534330196,0.853534330196,0.853534330196,0.853534330196
      ,0.853534330196,0.853534330196,0.853534330196,0.853534330196
      ,0.853534330196,0.853534330196,0.853534330196,0.853534330196
      ,0.853534330196,0.853534330196,0.853534330196,0.853534330196
      ,0.853534330196,0.853534330196,0.853534330196,0.853534330196
      ,0.853534330196,0.853534330196,0.853534330196,0.853534330196
      ,0.853534330196,0.853534330196,0.853534330196,0.853534330196
      ,0.853534330197,0.853534330196,0.853534330196,0.853534330196
      ,0.853534330196,0.853534330196,0.853534330196,0.853534330196
      ,0.853534330196,0.853534330196,0.853534330196,0.853534330196
      ,0.853534330196,0.853534330196,0.853534330196,0.853534330196
      ,0.853534330196,0.853534330196,0.853534330196,0.853534330197
      ,0.853534330196,0.853534330197,0.853534330196,0.853534330196
      ,0.853534330196,0.853534330196,0.853534330196,0.853534330196
      ,0.853534330196,0.853534330196,0.853534330196,0.853534330196
      ,0.853534330196,0.853534330196,0.853534330196,0.853534330196
      ,0.853534330196)
    ,(1.038346699848,1.038346699848,1.038346699847,1.038346699848
      ,1.038346699847,1.038346699848,1.038346699847,1.038346699848
      ,1.038346699847,1.038346699848,1.038346699848,1.038346699847
      ,1.038346699848,1.038346699847,1.038346699848,1.038346699847
      ,1.038346699848,1.038346699847,1.038346699848,1.038346699847
      ,1.038346699848,1.038346699847,1.038346699848,1.038346699847
      ,1.038346699848,1.038346699847,1.038346699848,1.038346699847
      ,1.038346699848,1.038346699847,1.038346699848,1.038346699848
      ,1.038346699847,1.038346699848,1.038346699847,1.038346699848
      ,1.038346699847,1.038346699848,1.038346699847,1.038346699848
      ,1.038346699848,1.038346699847,1.038346699848,1.038346699847
      ,1.038346699848,1.038346699847,1.038346699848,1.038346699847
      ,1.038346699848,1.038346699848,1.038346699848,1.038346699848
      ,1.038346699847,1.038346699848,1.038346699847,1.038346699848
      ,1.038346699847,1.038346699848,1.038346699847,1.038346699848
      ,1.038346699848,1.038346699848,1.038346699847,1.038346699848
      ,1.038346699847,1.038346699848,1.038346699847,1.038346699848
      ,1.038346699847,1.038346699848,1.038346699848,1.038346699847
      ,1.038346699848,1.038346699847,1.038346699848,1.038346699847
      ,1.038346699848,1.038346699847,1.038346699848,1.038346699848
      ,1.038346699848)
    ,(1.03672962321,1.03672962321,1.036729623209,1.03672962321
      ,1.036729623209,1.03672962321,1.036729623209,1.03672962321
      ,1.03672962321,1.03672962321,1.03672962321,1.03672962321
      ,1.03672962321,1.036729623209,1.03672962321,1.036729623209
      ,1.03672962321,1.036729623209,1.03672962321,1.03672962321
      ,1.03672962321,1.03672962321,1.03672962321,1.036729623209
      ,1.03672962321,1.036729623209,1.03672962321,1.036729623209
      ,1.03672962321,1.03672962321,1.03672962321,1.03672962321
      ,1.03672962321,1.03672962321,1.036729623209,1.03672962321
      ,1.03672962321,1.03672962321,1.03672962321,1.03672962321
      ,1.03672962321,1.03672962321,1.03672962321,1.036729623209
      ,1.03672962321,1.036729623209,1.03672962321,1.036729623209
      ,1.03672962321,1.03672962321,1.03672962321,1.03672962321
      ,1.03672962321,1.03672962321,1.036729623209,1.03672962321
      ,1.036729623209,1.03672962321,1.03672962321,1.03672962321
      ,1.03672962321,1.03672962321,1.036729623209,1.03672962321
      ,1.036729623209,1.03672962321,1.036729623209,1.03672962321
      ,1.03672962321,1.03672962321,1.03672962321,1.03672962321
      ,1.03672962321,1.036729623209,1.03672962321,1.036729623209
      ,1.03672962321,1.036729623209,1.03672962321,1.03672962321
      ,1.03672962321)
    ,(1.669078461068,1.669078461068,1.669078461068,1.669078461069
      ,1.669078461067,1.669078461069,1.669078461067,1.669078461069
      ,1.669078461068,1.669078461068,1.669078461068,1.669078461068
      ,1.669078461068,1.669078461068,1.669078461069,1.669078461067
      ,1.669078461069,1.669078461068,1.669078461068,1.669078461068
      ,1.669078461068,1.669078461068,1.669078461068,1.669078461068
      ,1.669078461068,1.669078461068,1.669078461068,1.669078461068
      ,1.669078461068,1.669078461068,1.669078461068,1.669078461068
      ,1.669078461068,1.669078461068,1.669078461068,1.669078461069
      ,1.669078461068,1.669078461068,1.669078461068,1.669078461068
      ,1.669078461068,1.669078461068,1.669078461069,1.669078461068
      ,1.669078461069,1.669078461067,1.669078461069,1.669078461068
      ,1.669078461068,1.669078461068,1.669078461068,1.669078461068
      ,1.669078461068,1.669078461069,1.669078461068,1.669078461069
      ,1.669078461068,1.669078461069,1.669078461068,1.669078461068
      ,1.669078461068,1.669078461068,1.669078461068,1.669078461069
      ,1.669078461068,1.669078461069,1.669078461068,1.669078461069
      ,1.669078461068,1.669078461068,1.669078461068,1.669078461068
      ,1.669078461068,1.669078461068,1.669078461069,1.669078461068
      ,1.669078461069,1.669078461068,1.669078461068,1.669078461068
,1.669078461068))) REPRESENTATION_ITEM('') SURFACE() );
#3508 = CARTESIAN_POINT('',(4.5,-9.992007221626E-16,0.));
#3509 = CARTESIAN_POINT('',(4.499999951139,2.297277981593,0.237516627833
    ));
#3510 = CARTESIAN_POINT('',(3.197068819098,4.59481246883,0.474958005495)
  );
#3511 = CARTESIAN_POINT('',(0.589645107957,6.059118307374,0.712575931887
    ));
#3512 = CARTESIAN_POINT('',(-2.708414947482,5.866379023573,
    0.949935563896));
#3513 = CARTESIAN_POINT('',(-5.508039675794,3.680353269608,
    1.187514991773));
#3514 = CARTESIAN_POINT('',(-6.456291182571,0.257285699237,
    1.425044386625));
#3515 = CARTESIAN_POINT('',(-5.372250104421,-2.863485934629,
    1.662448032737));
#3516 = CARTESIAN_POINT('',(-3.021587037883,-4.712063873159,
    1.900032115819));
#3517 = CARTESIAN_POINT('',(-0.400334215135,-5.036588470535,
    2.137495940202));
#3518 = CARTESIAN_POINT('',(1.722075445643,-4.157457896301,
    2.374999999999));
#3519 = CARTESIAN_POINT('',(3.844483534627,-3.278327628067,
    2.612516627836));
#3520 = CARTESIAN_POINT('',(5.468518464879,-1.195347839347,
    2.849958005489));
#3521 = CARTESIAN_POINT('',(5.823542803039,1.773963144285,3.087575931896
    ));
#3522 = CARTESIAN_POINT('',(4.38336198146,4.747215195819,3.324935563887)
  );
#3523 = CARTESIAN_POINT('',(1.292367529463,6.49717534226,3.562514991779)
  );
#3524 = CARTESIAN_POINT('',(-2.233014678556,6.063294253989,
    3.800044386622));
#3525 = CARTESIAN_POINT('',(-4.701387156127,3.867503289015,
    4.037448032738));
#3526 = CARTESIAN_POINT('',(-5.509690667142,0.988353643497,
    4.275032115819));
#3527 = CARTESIAN_POINT('',(-4.806402273151,-1.557558375787,
    4.512495940202));
#3528 = CARTESIAN_POINT('',(-3.181980515339,-3.18198051534,
    4.749999999998));
#3529 = CARTESIAN_POINT('',(-1.557559641735,-4.806401319844,
    4.987516627836));
#3530 = CARTESIAN_POINT('',(0.988354013087,-5.509692096894,
    5.224958005492));
#3531 = CARTESIAN_POINT('',(3.867501588826,-4.701385697487,
    5.462575931886));
#3532 = CARTESIAN_POINT('',(6.063294964209,-2.233017812947,
    5.699935563906));
#3533 = CARTESIAN_POINT('',(6.497174959901,1.292369451698,5.937514991753
    ));
#3534 = CARTESIAN_POINT('',(4.747215739145,4.383358813876,6.175044386652
    ));
#3535 = CARTESIAN_POINT('',(1.773964156855,5.823544801276,6.412448032711
    ));
#3536 = CARTESIAN_POINT('',(-1.19534763366,5.468517002527,6.650032115839
    ));
#3537 = CARTESIAN_POINT('',(-3.278326823299,3.844484899824,6.88749594019
    ));
#3538 = CARTESIAN_POINT('',(-4.157457896301,1.722075445643,
    7.125000000004));
#3539 = CARTESIAN_POINT('',(-5.036588074253,-0.400332680739,
    7.362516627821));
#3540 = CARTESIAN_POINT('',(-4.712065052638,-3.021587926477,
    7.599958005515));
#3541 = CARTESIAN_POINT('',(-2.863485237662,-5.372247975459,
    7.837575931865));
#3542 = CARTESIAN_POINT('',(0.257283075233,-6.456293038204,
    8.074935563911));
#3543 = CARTESIAN_POINT('',(3.680354899199,-5.508038586932,8.31251499177
    ));
#3544 = CARTESIAN_POINT('',(5.866376305021,-2.708416661636,
    8.550044386619));
#3545 = CARTESIAN_POINT('',(6.059120541006,0.589644937161,8.787448032746
    ));
#3546 = CARTESIAN_POINT('',(4.594811196501,3.197068069447,9.025032115812
    ));
#3547 = CARTESIAN_POINT('',(2.297279550844,4.499999730069,9.262495940205
    ));
#3548 = CARTESIAN_POINT('',(-1.520502473928E-13,4.5,9.499999999999));
#3549 = CARTESIAN_POINT('',(-2.297277981593,4.49999995114,9.737516627837
    ));
#3550 = CARTESIAN_POINT('',(-4.594812468829,3.197068819095,
    9.974958005488));
#3551 = CARTESIAN_POINT('',(-6.059118307378,0.589645107961,
    10.212575931893));
#3552 = CARTESIAN_POINT('',(-5.866379023567,-2.708414947484,
    10.449935563901));
#3553 = CARTESIAN_POINT('',(-3.680353269611,-5.508039675794,
    10.68751499175));
#3554 = CARTESIAN_POINT('',(-0.257285699238,-6.456291182571,
    10.925044386664));
#3555 = CARTESIAN_POINT('',(2.863485934631,-5.372250104419,
    11.162448032694));
#3556 = CARTESIAN_POINT('',(4.712063873158,-3.021587037886,
    11.400032115853));
#3557 = CARTESIAN_POINT('',(5.036588470535,-0.400334215133,
    11.637495940182));
#3558 = CARTESIAN_POINT('',(4.157457896301,1.722075445642,
    11.875000000007));
#3559 = CARTESIAN_POINT('',(3.278327628066,3.84448353463,12.11251662781)
  );
#3560 = CARTESIAN_POINT('',(1.195347839348,5.468518464873,
    12.349958005539));
#3561 = CARTESIAN_POINT('',(-1.773963144281,5.823542803045,
    12.587575931828));
#3562 = CARTESIAN_POINT('',(-4.747215195829,4.383361981458,
    12.824935563959));
#3563 = CARTESIAN_POINT('',(-6.497175342245,1.29236752946,
    13.062514991717));
#3564 = CARTESIAN_POINT('',(-6.063294254002,-2.23301467855,
    13.30004438667));
#3565 = CARTESIAN_POINT('',(-3.867503289008,-4.701387156132,
    13.537448032702));
#3566 = CARTESIAN_POINT('',(-0.9883536435,-5.50969066714,13.775032115845
    ));
#3567 = CARTESIAN_POINT('',(1.557558375789,-4.806402273151,
    14.012495940183));
#3568 = CARTESIAN_POINT('',(3.181980515339,-3.18198051534,14.25000000001
    ));
#3569 = CARTESIAN_POINT('',(4.806401319848,-1.557559641732,
    14.487516627803));
#3570 = CARTESIAN_POINT('',(5.509692096886,0.988354013083,
    14.724958005548));
#3571 = CARTESIAN_POINT('',(4.701385697499,3.867501588827,
    14.962575931818));
#3572 = CARTESIAN_POINT('',(2.233017812934,6.063294964215,
    15.199935563968));
#3573 = CARTESIAN_POINT('',(-1.292369451689,6.49717495989,
    15.437514991707));
#3574 = CARTESIAN_POINT('',(-4.383358813878,4.747215739156,
    15.675044386682));
#3575 = CARTESIAN_POINT('',(-5.823544801277,1.773964156849,
    15.91244803269));
#3576 = CARTESIAN_POINT('',(-5.468517002526,-1.195347633658,
    16.150032115855));
#3577 = CARTESIAN_POINT('',(-3.844484899823,-3.2783268233,
    16.387495940177));
#3578 = CARTESIAN_POINT('',(-1.722075445644,-4.1574578963,
    16.625000000014));
#3579 = CARTESIAN_POINT('',(0.400332680741,-5.036588127141,
    16.862516212867));
#3580 = CARTESIAN_POINT('',(3.021587926478,-4.712064825932,
    17.099959784185));
#3581 = CARTESIAN_POINT('',(5.372247975451,-2.863485823151,
    17.337571338319));
#3582 = CARTESIAN_POINT('',(6.456293038227,0.257284183897,
    17.574944262137));
#3583 = CARTESIAN_POINT('',(5.508038586893,3.680353252802,
    17.812502074634));
#3584 = CARTESIAN_POINT('',(2.708416661685,5.86637828069,18.050059887154
    ));
#3585 = CARTESIAN_POINT('',(-0.589644937207,6.059118600866,
    18.287432810946));
#3586 = CARTESIAN_POINT('',(-3.197068069413,4.594812757772,
    18.525044365104));
#3587 = CARTESIAN_POINT('',(-4.49999973009,2.297278530695,
    18.762487936406));
#3588 = CARTESIAN_POINT('',(-4.49999999999,5.288575176399E-07,
    19.000004149266));
#3589 = CARTESIAN_POINT('',(4.5,-1.110223024625E-15,1.412311614235));
#3590 = CARTESIAN_POINT('',(4.49997274887,2.297276858797,1.649828242066)
  );
#3591 = CARTESIAN_POINT('',(3.197138427115,4.594815346828,1.887269619636
    ));
#3592 = CARTESIAN_POINT('',(0.58951609572,6.059079751801,2.1248875465));
#3593 = CARTESIAN_POINT('',(-2.70826532628,5.866457469813,2.362247177246
    ));
#3594 = CARTESIAN_POINT('',(-5.508144531753,3.680219329366,
    2.599826607316));
#3595 = CARTESIAN_POINT('',(-6.45624176465,0.257429762484,2.837355999534
    ));
#3596 = CARTESIAN_POINT('',(-5.372245435416,-2.863592127449,
    3.074759647869));
#3597 = CARTESIAN_POINT('',(-3.02159564335,-4.712010046751,
    3.312343729659));
#3598 = CARTESIAN_POINT('',(-0.400330007957,-5.036594029173,
    3.54980755452));
#3599 = CARTESIAN_POINT('',(1.722075445644,-4.157457896302,
    3.787311614234));
#3600 = CARTESIAN_POINT('',(3.84447208744,-3.278302926117,4.02482824207)
  );
#3601 = CARTESIAN_POINT('',(5.468547761638,-1.195411047418,4.26226961963
    ));
#3602 = CARTESIAN_POINT('',(5.823457811493,1.774067581486,4.499887546508
    ));
#3603 = CARTESIAN_POINT('',(4.383491713881,4.747106983916,4.737247177239
    ));
#3604 = CARTESIAN_POINT('',(1.292203658189,6.49722095983,4.974826607321)
  );
#3605 = CARTESIAN_POINT('',(-2.23286267006,6.063303728403,5.212355999532
    ));
#3606 = CARTESIAN_POINT('',(-4.701483478745,3.867458337178,
    5.449759647869));
#3607 = CARTESIAN_POINT('',(-5.509644231196,0.98838219239,5.687343729659
    ));
#3608 = CARTESIAN_POINT('',(-4.806405798646,-1.557564389912,
    5.92480755452));
#3609 = CARTESIAN_POINT('',(-3.181980515341,-3.181980515342,
    6.162311614234));
#3610 = CARTESIAN_POINT('',(-1.557541200758,-4.806381290994,
    6.39982824207));
#3611 = CARTESIAN_POINT('',(0.988306827831,-5.509743352255,
    6.637269619632));
#3612 = CARTESIAN_POINT('',(3.867565551353,-4.701267209144,
    6.874887546499));
#3613 = CARTESIAN_POINT('',(6.063244635914,-2.233179080988,
    7.112247177256));
#3614 = CARTESIAN_POINT('',(6.497154394188,1.292538306118,7.349826607296
    ));
#3615 = CARTESIAN_POINT('',(4.747282663531,4.383222002019,7.58735599956)
  );
#3616 = CARTESIAN_POINT('',(1.773885765668,5.823616589468,7.824759647843
    ));
#3617 = CARTESIAN_POINT('',(-1.195303487628,5.468485026481,
    8.062343729679));
#3618 = CARTESIAN_POINT('',(-3.278333728791,3.844485855458,
    8.299807554508));
#3619 = CARTESIAN_POINT('',(-4.157457896295,1.722075445641,
    8.537311614239));
#3620 = CARTESIAN_POINT('',(-5.036562512976,-0.40034205326,
    8.774828242055));
#3621 = CARTESIAN_POINT('',(-4.71213046339,-3.021563947591,
    9.012269619655));
#3622 = CARTESIAN_POINT('',(-2.863351291352,-5.372261725554,
    9.249887546479));
#3623 = CARTESIAN_POINT('',(0.257114823209,-6.456308255583,9.48724717726
    ));
#3624 = CARTESIAN_POINT('',(3.680503030187,-5.507954968879,
    9.724826607314));
#3625 = CARTESIAN_POINT('',(5.866275518184,-2.708530847315,
    9.962355999527));
#3626 = CARTESIAN_POINT('',(6.059156865652,0.589744833277,
    10.199759647878));
#3627 = CARTESIAN_POINT('',(4.594798548438,3.197015047173,
    10.437343729653));
#3628 = CARTESIAN_POINT('',(2.297277791117,4.500006475593,
    10.674807554522));
#3629 = CARTESIAN_POINT('',(-6.565407939529E-14,4.500000000002,
    10.912311614234));
#3630 = CARTESIAN_POINT('',(-2.297276858796,4.499972748863,
    11.14982824207));
#3631 = CARTESIAN_POINT('',(-4.594815346831,3.197138427128,
    11.387269619628));
#3632 = CARTESIAN_POINT('',(-6.059079751796,0.589516095706,
    11.624887546506));
#3633 = CARTESIAN_POINT('',(-5.866457469829,-2.708265326277,
    11.86224717725));
#3634 = CARTESIAN_POINT('',(-3.680219329329,-5.508144531737,
    12.099826607294));
#3635 = CARTESIAN_POINT('',(-0.257429762545,-6.456241764682,
    12.337355999572));
#3636 = CARTESIAN_POINT('',(2.863592127518,-5.372245435381,
    12.574759647826));
#3637 = CARTESIAN_POINT('',(4.712010046698,-3.021595643376,
    12.812343729693));
#3638 = CARTESIAN_POINT('',(5.036594029203,-0.400330007943,13.0498075545
    ));
#3639 = CARTESIAN_POINT('',(4.157457896291,1.722075445637,
    13.287311614243));
#3640 = CARTESIAN_POINT('',(3.278302926158,3.844472087456,
    13.524828242043));
#3641 = CARTESIAN_POINT('',(1.195411047328,5.468547761629,
    13.762269619679));
#3642 = CARTESIAN_POINT('',(-1.774067581348,5.82345781146,
    13.999887546441));
#3643 = CARTESIAN_POINT('',(-4.747106984064,4.383491713976,
    14.237247177308));
#3644 = CARTESIAN_POINT('',(-6.497220959722,1.292203658059,
    14.474826607261));
#3645 = CARTESIAN_POINT('',(-6.063303728453,-2.232862669943,
    14.712355999578));
#3646 = CARTESIAN_POINT('',(-3.86745833716,-4.70148347882,
    14.949759647834));
#3647 = CARTESIAN_POINT('',(-0.988382192406,-5.509644231157,
    15.187343729685));
#3648 = CARTESIAN_POINT('',(1.557564389932,-4.806405798666,
    15.424807554501));
#3649 = CARTESIAN_POINT('',(3.181980515326,-3.181980515329,
    15.662311614246));
#3650 = CARTESIAN_POINT('',(4.806381291034,-1.557541200799,
    15.899828242037));
#3651 = CARTESIAN_POINT('',(5.5097433522,0.988306827927,16.137269619688)
  );
#3652 = CARTESIAN_POINT('',(4.701267209173,3.867565551191,
    16.374887546431));
#3653 = CARTESIAN_POINT('',(2.233179081021,6.063244636105,
    16.612247177319));
#3654 = CARTESIAN_POINT('',(-1.292538306203,6.497154394036,
    16.84982660725));
#3655 = CARTESIAN_POINT('',(-4.383222001928,4.747282663609,
    17.087355999591));
#3656 = CARTESIAN_POINT('',(-5.823616589528,1.773885765641,
    17.324759647822));
#3657 = CARTESIAN_POINT('',(-5.468485026456,-1.195303487613,
    17.562343729696));
#3658 = CARTESIAN_POINT('',(-3.844485855466,-3.278333728809,
    17.799807554494));
#3659 = CARTESIAN_POINT('',(-1.722075445637,-4.157457896278,
    18.03731161425));
#3660 = CARTESIAN_POINT('',(0.400341363823,-5.036562565908,
    18.274827827102));
#3661 = CARTESIAN_POINT('',(3.021566902909,-4.712130236615,
    18.512271398318));
#3662 = CARTESIAN_POINT('',(5.372254093158,-2.863351876903,
    18.749882952952));
#3663 = CARTESIAN_POINT('',(6.45632270813,0.257115931885,18.98725587545)
  );
#3664 = CARTESIAN_POINT('',(5.507933506416,3.680501383844,
    19.224813690231));
#3665 = CARTESIAN_POINT('',(2.708556602185,5.86627749377,19.462371499998
    ));
#3666 = CARTESIAN_POINT('',(-0.589770124989,6.059154925575,
    19.699744426141));
#3667 = CARTESIAN_POINT('',(-3.196994694424,4.594800109681,
    19.937355978894));
#3668 = CARTESIAN_POINT('',(-4.500019774267,2.297276770974,
    20.174799550756));
#3669 = CARTESIAN_POINT('',(-4.499993105805,5.288570707473E-07,
    20.412315763485));
#3670 = CARTESIAN_POINT('',(2.753634038034,-2.6645352591E-15,
    1.615095525759));
#3671 = CARTESIAN_POINT('',(2.753602981508,1.405765423113,1.852577990906
    ));
#3672 = CARTESIAN_POINT('',(1.956436970001,2.811580770116,2.09013981088)
  );
#3673 = CARTESIAN_POINT('',(0.3606100972,3.707792552167,2.327515452355)
  );
#3674 = CARTESIAN_POINT('',(-1.657024782988,3.589653903691,
    2.565163475725));
#3675 = CARTESIAN_POINT('',(-3.370797995654,2.252063162215,
    2.802579717705));
#3676 = CARTESIAN_POINT('',(-3.950451742972,0.157544596309,
    3.040048716408));
#3677 = CARTESIAN_POINT('',(-3.287530831091,-1.752344952454,
    3.277650328766));
#3678 = CARTESIAN_POINT('',(-1.848904112634,-2.883322338909,
    3.515061657628));
#3679 = CARTESIAN_POINT('',(-0.244982513973,-3.08199574282,
    3.752599807105));
#3680 = CARTESIAN_POINT('',(1.053770125153,-2.544026127768,3.99009552576
    ));
#3681 = CARTESIAN_POINT('',(2.352516142259,-2.006034298054,
    4.227577990902));
#3682 = CARTESIAN_POINT('',(3.346257942397,-0.731566693765,
    4.465139810888));
#3683 = CARTESIAN_POINT('',(3.563553159496,1.085750492359,4.702515452345
    ));
#3684 = CARTESIAN_POINT('',(2.682291838935,2.904592358716,4.940163475733
    ));
#3685 = CARTESIAN_POINT('',(0.790686514722,3.976038537243,5.177579717702
    ));
#3686 = CARTESIAN_POINT('',(-1.366220204414,3.710031216373,
    5.415048716406));
#3687 = CARTESIAN_POINT('',(-2.877039217918,2.366689066246,5.65265032877
    ));
#3688 = CARTESIAN_POINT('',(-3.371387466487,0.604764977973,
    5.890061657626));
#3689 = CARTESIAN_POINT('',(-2.941143535395,-0.953094378914,
    6.127599807106));
#3690 = CARTESIAN_POINT('',(-1.947113301202,-1.947113301202,
    6.36509552576));
#3691 = CARTESIAN_POINT('',(-0.953065077474,-2.941117604355,
    6.602577990902));
#3692 = CARTESIAN_POINT('',(0.604677979941,-3.371497676861,
    6.840139810886));
#3693 = CARTESIAN_POINT('',(2.366815411786,-2.87679510196,7.077515452353
    ));
#3694 = CARTESIAN_POINT('',(3.709962078056,-1.366575156771,
    7.315163475718));
#3695 = CARTESIAN_POINT('',(3.975963254381,0.791064987083,7.552579717725
    ));
#3696 = CARTESIAN_POINT('',(2.904792068633,2.681990363799,7.790048716379
    ));
#3697 = CARTESIAN_POINT('',(1.085540345123,3.563730342903,8.027650328795
    ));
#3698 = CARTESIAN_POINT('',(-0.731444142349,3.346189413979,
    8.265061657607));
#3699 = CARTESIAN_POINT('',(-2.006071292453,2.352528886249,
    8.502599807117));
#3700 = CARTESIAN_POINT('',(-2.544026127759,1.053770125149,
    8.740095525755));
#3701 = CARTESIAN_POINT('',(-3.081960572515,-0.244999661582,
    8.97757799092));
#3702 = CARTESIAN_POINT('',(-2.883457452676,-1.848865912651,
    9.215139810853));
#3703 = CARTESIAN_POINT('',(-1.75207106842,-3.287554139959,
    9.452515452392));
#3704 = CARTESIAN_POINT('',(0.157190205023,-3.950523701937,
    9.690163475692));
#3705 = CARTESIAN_POINT('',(2.252384015593,-3.370583608246,
    9.927579717721));
#3706 = CARTESIAN_POINT('',(3.58945180263,-1.657324660387,10.16504871641
    ));
#3707 = CARTESIAN_POINT('',(3.707875828444,0.360872053011,
    10.402650328756));
#3708 = CARTESIAN_POINT('',(2.811564356506,1.956297522627,
    10.640061657637));
#3709 = CARTESIAN_POINT('',(1.405763039879,2.753642036756,
    10.877599807102));
#3710 = CARTESIAN_POINT('',(2.173383001347E-13,2.753634038036,
    11.11509552576));
#3711 = CARTESIAN_POINT('',(-1.405765423112,2.7536029815,11.352577990902
    ));
#3712 = CARTESIAN_POINT('',(-2.811580770118,1.956436970018,
    11.590139810888));
#3713 = CARTESIAN_POINT('',(-3.707792552161,0.360610097181,
    11.827515452348));
#3714 = CARTESIAN_POINT('',(-3.589653903711,-1.657024782979,
    12.065163475719));
#3715 = CARTESIAN_POINT('',(-2.252063162168,-3.370797995642,
    12.302579717733));
#3716 = CARTESIAN_POINT('',(-0.157544596383,-3.950451743001,
    12.540048716361));
#3717 = CARTESIAN_POINT('',(1.752344952535,-3.28753083106,
    12.777650328815));
#3718 = CARTESIAN_POINT('',(2.883322338846,-1.848904112655,
    13.015061657591));
#3719 = CARTESIAN_POINT('',(3.081995742856,-0.244982513962,
    13.252599807126));
#3720 = CARTESIAN_POINT('',(2.544026127754,1.053770125148,
    13.490095525752));
#3721 = CARTESIAN_POINT('',(2.006034298102,2.352516142271,
    13.727577990933));
#3722 = CARTESIAN_POINT('',(0.731566693665,3.346257942397,
    13.965139810823));
#3723 = CARTESIAN_POINT('',(-1.085750492215,3.563553159448,
    14.20251545244));
#3724 = CARTESIAN_POINT('',(-2.904592358858,2.682291839046,
    14.440163475635));
#3725 = CARTESIAN_POINT('',(-3.976038537153,0.790686514582,
    14.677579717777));
#3726 = CARTESIAN_POINT('',(-3.710031216405,-1.366220204295,
    14.915048716364));
#3727 = CARTESIAN_POINT('',(-2.366689066238,-2.877039217992,
    15.152650328792));
#3728 = CARTESIAN_POINT('',(-0.604764977986,-3.371387466447,
    15.390061657609));
#3729 = CARTESIAN_POINT('',(0.953094378934,-2.941143535419,
    15.627599807122));
#3730 = CARTESIAN_POINT('',(1.947113301186,-1.947113301186,
    15.865095525748));
#3731 = CARTESIAN_POINT('',(2.941117604394,-0.953065077525,
    16.102577990941));
#3732 = CARTESIAN_POINT('',(3.371497676816,0.604677980055,
    16.340139810809));
#3733 = CARTESIAN_POINT('',(2.876795101968,2.366815411607,
    16.577515452458));
#3734 = CARTESIAN_POINT('',(1.366575156833,3.709962078252,
    16.815163475616));
#3735 = CARTESIAN_POINT('',(-0.791064987194,3.975963254239,
    17.052579717793));
#3736 = CARTESIAN_POINT('',(-2.681990363695,2.904792068695,
    17.290048716351));
#3737 = CARTESIAN_POINT('',(-3.563730342966,1.085540345108,
    17.527650328803));
#3738 = CARTESIAN_POINT('',(-3.346189413953,-0.731444142337,
    17.7650616576));
#3739 = CARTESIAN_POINT('',(-2.352528886259,-2.006071292472,
    18.002599807128));
#3740 = CARTESIAN_POINT('',(-1.053770125142,-2.544026127742,
    18.240095525744));
#3741 = CARTESIAN_POINT('',(0.244998873148,-3.081960516792,
    18.477578428514));
#3742 = CARTESIAN_POINT('',(1.848869292303,-2.88345769167,
    18.715137935137));
#3743 = CARTESIAN_POINT('',(3.2875454117,-1.752070451065,18.952520296552
    ));
#3744 = CARTESIAN_POINT('',(3.950540229573,0.157189035892,
    19.190154302933));
#3745 = CARTESIAN_POINT('',(3.370559064225,2.252385751867,
    19.427593339526));
#3746 = CARTESIAN_POINT('',(1.65735411311,3.589449719091,19.665032370294
    ));
#3747 = CARTESIAN_POINT('',(-0.360900976083,3.707877874491,
    19.902666380926));
#3748 = CARTESIAN_POINT('',(-1.956274247645,2.811562710039,
    20.140048740125));
#3749 = CARTESIAN_POINT('',(-2.753657244847,1.405764115682,
    20.377608247527));
#3750 = CARTESIAN_POINT('',(-2.753626153973,-5.577062323903E-07,
    20.615091150138));
#3751 = CARTESIAN_POINT('',(1.313250617143,-1.942890293094E-16,
    3.552713678801E-15));
#3752 = CARTESIAN_POINT('',(1.313250751466,0.670458021972,0.237454288144
    ));
#3753 = CARTESIAN_POINT('',(0.933032220282,1.340784889585,0.475115447804
    ));
#3754 = CARTESIAN_POINT('',(0.171973764047,1.768525411074,0.712291254365
    ));
#3755 = CARTESIAN_POINT('',(-0.790161978513,1.71167238628,0.950177142383
    ));
#3756 = CARTESIAN_POINT('',(-1.607805772125,1.074304710876,
    1.187458785864));
#3757 = CARTESIAN_POINT('',(-1.883766083451,7.497860175265E-02,
    1.424877975976));
#3758 = CARTESIAN_POINT('',(-1.568087066952,-0.835666499213,
    1.662642864083));
#3759 = CARTESIAN_POINT('',(-0.881670187277,-1.375108777635,
    1.899911709858));
#3760 = CARTESIAN_POINT('',(-0.116858920544,-1.469857578011,
    2.137511160859));
#3761 = CARTESIAN_POINT('',(0.502559253724,-1.213285366236,
    2.375000000003));
#3762 = CARTESIAN_POINT('',(1.121981749037,-0.95671231323,2.612454288134
    ));
#3763 = CARTESIAN_POINT('',(1.595779689549,-0.348913207883,
    2.850115447824));
#3764 = CARTESIAN_POINT('',(1.699715940327,0.517902333804,3.087291254338
    ));
#3765 = CARTESIAN_POINT('',(1.278997185978,1.385043143181,3.325177142408
    ));
#3766 = CARTESIAN_POINT('',(0.377247502613,1.896537459286,3.56245878585)
  );
#3767 = CARTESIAN_POINT('',(-0.651614875055,1.769065997211,
    3.799877975978));
#3768 = CARTESIAN_POINT('',(-1.372136115657,1.128927822121,
    4.037642864087));
#3769 = CARTESIAN_POINT('',(-1.607835428114,0.28832569355,4.274911709855
    ));
#3770 = CARTESIAN_POINT('',(-1.402691304847,-0.45452657816,
    4.512511160859));
#3771 = CARTESIAN_POINT('',(-0.928608416779,-0.928608416779,
    4.750000000004));
#3772 = CARTESIAN_POINT('',(-0.454523097921,-1.402693925599,
    4.987454288133));
#3773 = CARTESIAN_POINT('',(0.288324677509,-1.607831497561,
    5.225115447818));
#3774 = CARTESIAN_POINT('',(1.12893249613,-1.37214012562,5.462291254359)
  );
#3775 = CARTESIAN_POINT('',(1.769064044746,-0.651606258262,
    5.700177142366));
#3776 = CARTESIAN_POINT('',(1.896538510426,0.37724221818,5.937458785912)
  );
#3777 = CARTESIAN_POINT('',(1.385041649517,1.279005894029,6.174877975907
    ));
#3778 = CARTESIAN_POINT('',(0.517899550131,1.699710446945,6.412642864154
    ));
#3779 = CARTESIAN_POINT('',(-0.348913773344,1.595783709722,
    6.649911709804));
#3780 = CARTESIAN_POINT('',(-0.95671452563,1.121977995952,6.887511160891
    ));
#3781 = CARTESIAN_POINT('',(-1.213285366237,0.502559253723,7.12499999999
    ));
#3782 = CARTESIAN_POINT('',(-1.469858667438,-0.116863138779,
    7.362454288179));
#3783 = CARTESIAN_POINT('',(-1.375105535105,-0.88166774442,
    7.600115447738));
#3784 = CARTESIAN_POINT('',(-0.835668415264,-1.56809291973,
    7.837291254447));
#3785 = CARTESIAN_POINT('',(7.498581545216E-02,-1.883760982081,
    8.075177142317));
#3786 = CARTESIAN_POINT('',(1.074300230946,-1.607808765545,
    8.312458785889));
#3787 = CARTESIAN_POINT('',(1.711679859883,-0.790157266099,
    8.549877975991));
#3788 = CARTESIAN_POINT('',(1.768519270568,0.171974233589,8.787642864053
    ));
#3789 = CARTESIAN_POINT('',(1.340788387361,0.933034281155,9.024911709881
    ));
#3790 = CARTESIAN_POINT('',(0.670453707919,1.313251359215,9.262511160851
    ));
#3791 = CARTESIAN_POINT('',(3.449809882206E-13,1.313250617143,
    9.500000000002));
#3792 = CARTESIAN_POINT('',(-0.670458021974,1.313250751466,
    9.737454288133));
#3793 = CARTESIAN_POINT('',(-1.340784889581,0.933032220282,
    9.975115447826));
#3794 = CARTESIAN_POINT('',(-1.76852541108,0.171973764045,
    10.212291254344));
#3795 = CARTESIAN_POINT('',(-1.711672386275,-0.790161978506,
    10.450177142373));
#3796 = CARTESIAN_POINT('',(-1.074304710875,-1.607805772139,
    10.687458785929));
#3797 = CARTESIAN_POINT('',(-7.497860175938E-02,-1.883766083434,
    10.924877975864));
#3798 = CARTESIAN_POINT('',(0.835666499222,-1.568087066968,
    11.162642864206));
#3799 = CARTESIAN_POINT('',(1.375108777629,-0.881670187265,
    11.399911709763));
#3800 = CARTESIAN_POINT('',(1.469857578014,-0.11685892055,
    11.637511160913));
#3801 = CARTESIAN_POINT('',(1.213285366235,0.502559253726,
    11.874999999982));
#3802 = CARTESIAN_POINT('',(0.95671231323,1.12198174903,12.112454288211)
  );
#3803 = CARTESIAN_POINT('',(0.348913207889,1.595779689561,
    12.350115447665));
#3804 = CARTESIAN_POINT('',(-0.517902333825,1.699715940315,
    12.587291254564));
#3805 = CARTESIAN_POINT('',(-1.385043143145,1.27899718598,
    12.825177142174));
#3806 = CARTESIAN_POINT('',(-1.896537459324,0.377247502625,
    13.062458786032));
#3807 = CARTESIAN_POINT('',(-1.769065997184,-0.651614875074,
    13.299877975866));
#3808 = CARTESIAN_POINT('',(-1.128927822135,-1.372136115643,
    13.537642864155));
#3809 = CARTESIAN_POINT('',(-0.288325693545,-1.607835428119,
    13.774911709802));
#3810 = CARTESIAN_POINT('',(0.454526578156,-1.402691304849,
    14.012511160905));
#3811 = CARTESIAN_POINT('',(0.928608416782,-0.928608416777,
    14.249999999972));
#3812 = CARTESIAN_POINT('',(1.40269392559,-0.454523097927,
    14.487454288232));
#3813 = CARTESIAN_POINT('',(1.607831497582,0.28832467751,14.725115447632
    ));
#3814 = CARTESIAN_POINT('',(1.37214012559,1.128932496145,14.962291254606
    ));
#3815 = CARTESIAN_POINT('',(0.65160625829,1.769064044711,15.200177142129
    ));
#3816 = CARTESIAN_POINT('',(-0.377242218194,1.896538510471,
    15.437458786073));
#3817 = CARTESIAN_POINT('',(-1.27900589403,1.385041649479,15.67487797583
    ));
#3818 = CARTESIAN_POINT('',(-1.699710446938,0.517899550153,
    15.912642864186));
#3819 = CARTESIAN_POINT('',(-1.595783709725,-0.348913773351,
    16.149911709777));
#3820 = CARTESIAN_POINT('',(-1.121977995954,-0.956714525628,
    16.387511160922));
#3821 = CARTESIAN_POINT('',(-0.50255925372,-1.213285366238,
    16.624999999962));
#3822 = CARTESIAN_POINT('',(0.116863138774,-1.469858522044,
    16.862455428943));
#3823 = CARTESIAN_POINT('',(0.88166774442,-1.375106158345,
    17.100110557941));
#3824 = CARTESIAN_POINT('',(1.568092919754,-0.835666805689,
    17.337303882684));
#3825 = CARTESIAN_POINT('',(1.883760982015,7.498276759868E-02,
    17.575153229837));
#3826 = CARTESIAN_POINT('',(1.607808765656,1.074304757094,
    17.812494296614));
#3827 = CARTESIAN_POINT('',(0.790157265966,1.711674428528,
    18.049835363237));
#3828 = CARTESIAN_POINT('',(-0.171974233465,1.768524604246,
    18.287684710522));
#3829 = CARTESIAN_POINT('',(-0.933034281248,1.340784095244,
    18.52487803517));
#3830 = CARTESIAN_POINT('',(-1.313251359158,0.670456512427,
    18.762533164223));
#3831 = CARTESIAN_POINT('',(-1.313250617171,-1.453891120606E-06,
    18.999988593182));
#3832 = CARTESIAN_POINT('',(2.753634038034,-1.026956297778E-15,
    -1.615095525759));
#3833 = CARTESIAN_POINT('',(2.753665197612,1.405767991133,
    -1.377613060608));
#3834 = CARTESIAN_POINT('',(1.956277764915,2.811574187657,-1.14005124042
    ));
#3835 = CARTESIAN_POINT('',(0.360905169596,3.70788073516,-0.902675600027
    ));
#3836 = CARTESIAN_POINT('',(-1.657366991507,3.58947448412,
    -0.665027573765));
#3837 = CARTESIAN_POINT('',(-3.370558172673,2.252369505775,
    -0.427611336806));
#3838 = CARTESIAN_POINT('',(-3.950564769959,0.157215099755,
    -0.190142332073));
#3839 = CARTESIAN_POINT('',(-3.287541509881,-1.75210207185,
    4.745927519714E-02));
#3840 = CARTESIAN_POINT('',(-1.848884430501,-2.883445448837,
    0.284870607015));
#3841 = CARTESIAN_POINT('',(-0.244992136488,-3.081983029292,0.5224087554
    ));
#3842 = CARTESIAN_POINT('',(1.053770125151,-2.544026127764,
    0.759904474242));
#3843 = CARTESIAN_POINT('',(2.352542323876,-2.006090795513,
    0.997386939388));
#3844 = CARTESIAN_POINT('',(3.346190935846,-0.731422126417,
    1.234948759587));
#3845 = CARTESIAN_POINT('',(3.563747549269,1.085511627146,1.472324399963
    ));
#3846 = CARTESIAN_POINT('',(2.681995119356,2.904839857298,1.709972426242
    ));
#3847 = CARTESIAN_POINT('',(0.791061315524,3.97593420229,1.947388663192)
  );
#3848 = CARTESIAN_POINT('',(-1.366567873073,3.710009546816,
    2.184857667924));
#3849 = CARTESIAN_POINT('',(-2.876818912102,2.366791878556,
    2.422459275202));
#3850 = CARTESIAN_POINT('',(-3.371493673202,0.604699681918,
    2.659870607012));
#3851 = CARTESIAN_POINT('',(-2.941135472004,-0.953080623614,2.8974087554
    ));
#3852 = CARTESIAN_POINT('',(-1.947113301198,-1.947113301198,
    3.134904474243));
#3853 = CARTESIAN_POINT('',(-0.953107255048,-2.941163413661,
    3.372386939388));
#3854 = CARTESIAN_POINT('',(0.604785900453,-3.371380447346,
    3.609948759585));
#3855 = CARTESIAN_POINT('',(2.36666911887,-2.877066104462,3.847324399971
    ));
#3856 = CARTESIAN_POINT('',(3.710077187221,-1.366206309998,
    4.084972426227));
#3857 = CARTESIAN_POINT('',(3.976010291578,0.790678789001,4.322388663214
    ));
#3858 = CARTESIAN_POINT('',(2.904639001455,2.682303275222,4.559857667898
    ));
#3859 = CARTESIAN_POINT('',(1.085719638777,3.563566151393,4.797459275226
    ));
#3860 = CARTESIAN_POINT('',(-0.73154511165,3.346262548503,5.034870606994
    ));
#3861 = CARTESIAN_POINT('',(-2.006055498447,2.352526700555,
    5.272408755412));
#3862 = CARTESIAN_POINT('',(-2.544026127773,1.053770125154,
    5.509904474237));
#3863 = CARTESIAN_POINT('',(-3.082019035396,-0.24497822507,
    5.747386939406));
#3864 = CARTESIAN_POINT('',(-2.88330784743,-1.848920756345,
    5.984948759552));
#3865 = CARTESIAN_POINT('',(-1.752377425861,-3.287522691211,
    6.22232440001));
#3866 = CARTESIAN_POINT('',(0.157575025324,-3.950488897267,
    6.459972426201));
#3867 = CARTESIAN_POINT('',(2.252045215439,-3.370774856608,
    6.697388663211));
#3868 = CARTESIAN_POINT('',(3.589682318854,-1.65706349879,6.934857667928
    ));
#3869 = CARTESIAN_POINT('',(3.70779274795,0.360643574015,7.172459275187)
  );
#3870 = CARTESIAN_POINT('',(2.811593284726,1.95641879337,7.409870607024)
  );
#3871 = CARTESIAN_POINT('',(1.405767064666,2.753626608623,7.647408755396
    ));
#3872 = CARTESIAN_POINT('',(2.231548279497E-14,2.753634038033,
    7.884904474242));
#3873 = CARTESIAN_POINT('',(-1.405767991135,2.753665197621,
    8.122386939388));
#3874 = CARTESIAN_POINT('',(-2.81157418765,1.956277764896,8.359948759588
    ));
#3875 = CARTESIAN_POINT('',(-3.707880735176,0.360905169618,
    8.597324399966));
#3876 = CARTESIAN_POINT('',(-3.589474484091,-1.657366991512,
    8.834972426228));
#3877 = CARTESIAN_POINT('',(-2.252369505824,-3.370558172697,
    9.072388663223));
#3878 = CARTESIAN_POINT('',(-0.157215099689,-3.950564769915,
    9.309857667879));
#3879 = CARTESIAN_POINT('',(1.752102071779,-3.287541509925,
    9.547459275247));
#3880 = CARTESIAN_POINT('',(2.883445448894,-1.848884430471,
    9.784870606977));
#3881 = CARTESIAN_POINT('',(3.081983029259,-0.244992136504,
    10.02240875542));
#3882 = CARTESIAN_POINT('',(2.544026127777,1.053770125158,
    10.259904474234));
#3883 = CARTESIAN_POINT('',(2.006090795465,2.352542323858,
    10.497386939419));
#3884 = CARTESIAN_POINT('',(0.731422126525,3.346190935855,
    10.734948759522));
#3885 = CARTESIAN_POINT('',(-1.085511627311,3.563747549309,
    10.972324400057));
#3886 = CARTESIAN_POINT('',(-2.904839857124,2.681995119245,
    11.209972426144));
#3887 = CARTESIAN_POINT('',(-3.975934202412,0.791061315676,
    11.447388663265));
#3888 = CARTESIAN_POINT('',(-3.710009546764,-1.366567873208,
    11.684857667883));
#3889 = CARTESIAN_POINT('',(-2.366791878573,-2.876818912016,
    11.922459275223));
#3890 = CARTESIAN_POINT('',(-0.604699681901,-3.371493673246,
    12.159870606996));
#3891 = CARTESIAN_POINT('',(0.953080623591,-2.941135471981,
    12.397408755416));
#3892 = CARTESIAN_POINT('',(1.947113301216,-1.947113301212,
    12.634904474231));
#3893 = CARTESIAN_POINT('',(2.941163413614,-0.953107255001,
    12.872386939427));
#3894 = CARTESIAN_POINT('',(3.371380447406,0.604785900338,
    13.109948759508));
#3895 = CARTESIAN_POINT('',(2.877066104433,2.366669119065,
    13.347324400076));
#3896 = CARTESIAN_POINT('',(1.366206309956,3.710077186993,
    13.584972426124));
#3897 = CARTESIAN_POINT('',(-0.790678788897,3.976010291758,
    13.822388663283));
#3898 = CARTESIAN_POINT('',(-2.682303275332,2.904639001362,
    14.059857667869));
#3899 = CARTESIAN_POINT('',(-3.563566151322,1.085719638809,
    14.297459275235));
#3900 = CARTESIAN_POINT('',(-3.346262548532,-0.731545111668,
    14.534870606986));
#3901 = CARTESIAN_POINT('',(-2.352526700546,-2.006055498425,
    14.772408755423));
#3902 = CARTESIAN_POINT('',(-1.053770125159,-2.544026127792,
    15.009904474227));
#3903 = CARTESIAN_POINT('',(0.244979013499,-3.082018979574,
    15.247387376997));
#3904 = CARTESIAN_POINT('',(1.848917376694,-2.883308086581,
    15.484946883853));
#3905 = CARTESIAN_POINT('',(3.287531419489,-1.752376808365,
    15.722329244128));
#3906 = CARTESIAN_POINT('',(3.950472369581,0.15757385617,15.959963253522
    ));
#3907 = CARTESIAN_POINT('',(3.370799400714,2.252046951586,
    16.197402284897));
#3908 = CARTESIAN_POINT('',(1.657034045964,3.589680235507,
    16.434841321955));
#3909 = CARTESIAN_POINT('',(-0.360614650849,3.707794793851,
    16.672475327217));
#3910 = CARTESIAN_POINT('',(-1.956442068422,2.811591638322,
    16.909857689625));
#3911 = CARTESIAN_POINT('',(-2.753611400488,1.405768140456,
    17.147417195747));
#3912 = CARTESIAN_POINT('',(-2.753641922117,-5.5770521179E-07,
    17.384900098659));
#3913 = CARTESIAN_POINT('',(4.5,1.554312234475E-15,-1.412311614235));
#3914 = CARTESIAN_POINT('',(4.500027153408,2.297279104388,
    -1.174794986401));
#3915 = CARTESIAN_POINT('',(3.196999211081,4.594809590833,
    -0.937353608645));
#3916 = CARTESIAN_POINT('',(0.589774120193,6.059156862946,
    -0.699735682727));
#3917 = CARTESIAN_POINT('',(-2.708564568682,5.866300577333,
    -0.462376049452));
#3918 = CARTESIAN_POINT('',(-5.507934819835,3.680487209848,
    -0.224796623772));
#3919 = CARTESIAN_POINT('',(-6.456340600491,0.257141635991,
    1.273277371756E-02));
#3920 = CARTESIAN_POINT('',(-5.372254773427,-2.86337974181,
    0.250136417605));
#3921 = CARTESIAN_POINT('',(-3.021578432415,-4.712117699566,
    0.487720501979));
#3922 = CARTESIAN_POINT('',(-0.400338422313,-5.036582911897,
    0.725184325885));
#3923 = CARTESIAN_POINT('',(1.722075445642,-4.157457896299,
    0.962688385764));
#3924 = CARTESIAN_POINT('',(3.844494981815,-3.278352330017,
    1.200205013602));
#3925 = CARTESIAN_POINT('',(5.468489168119,-1.195284631276,
    1.437646391348));
#3926 = CARTESIAN_POINT('',(5.823627794586,1.773858707083,1.675264317282
    ));
#3927 = CARTESIAN_POINT('',(4.383232249038,4.747323407723,1.912623950539
    ));
#3928 = CARTESIAN_POINT('',(1.292531400738,6.497129724689,2.150203376234
    ));
#3929 = CARTESIAN_POINT('',(-2.233166687053,6.063284779576,
    2.387732773715));
#3930 = CARTESIAN_POINT('',(-4.701290833507,3.867548240851,
    2.625136417606));
#3931 = CARTESIAN_POINT('',(-5.509737103088,0.988325094605,
    2.862720501979));
#3932 = CARTESIAN_POINT('',(-4.806398747657,-1.557552361663,
    3.100184325885));
#3933 = CARTESIAN_POINT('',(-3.181980515338,-3.181980515338,
    3.337688385763));
#3934 = CARTESIAN_POINT('',(-1.557578082712,-4.806421348695,
    3.575205013602));
#3935 = CARTESIAN_POINT('',(0.988401198343,-5.509640841534,
    3.812646391351));
#3936 = CARTESIAN_POINT('',(3.867437626299,-4.701504185828,
    4.050264317272));
#3937 = CARTESIAN_POINT('',(6.063345292503,-2.232856544907,
    4.287623950557));
#3938 = CARTESIAN_POINT('',(6.497195525615,1.292200597279,4.525203376208
    ));
#3939 = CARTESIAN_POINT('',(4.747148814758,4.383495625731,4.762732773744
    ));
#3940 = CARTESIAN_POINT('',(1.774042548042,5.823473013085,5.000136417579
    ));
#3941 = CARTESIAN_POINT('',(-1.195391779692,5.468548978573,
    5.237720501999));
#3942 = CARTESIAN_POINT('',(-3.278319917807,3.84448394419,5.475184325873
    ));
#3943 = CARTESIAN_POINT('',(-4.157457896307,1.722075445645,
    5.712688385769));
#3944 = CARTESIAN_POINT('',(-5.036613635529,-0.400323308218,
    5.950205013587));
#3945 = CARTESIAN_POINT('',(-4.711999641886,-3.021611905364,
    6.187646391374));
#3946 = CARTESIAN_POINT('',(-2.863619183973,-5.372234225365,
    6.425264317252));
#3947 = CARTESIAN_POINT('',(0.257451327256,-6.456277820825,
    6.662623950562));
#3948 = CARTESIAN_POINT('',(3.680206768211,-5.508122204984,
    6.900203376226));
#3949 = CARTESIAN_POINT('',(5.866477091858,-2.708302475958,
    7.137732773711));
#3950 = CARTESIAN_POINT('',(6.059084216361,0.589545041046,7.375136417613
    ));
#3951 = CARTESIAN_POINT('',(4.594823844564,3.197121091722,7.612720501973
    ));
#3952 = CARTESIAN_POINT('',(2.297281310571,4.499992984545,7.850184325887
    ));
#3953 = CARTESIAN_POINT('',(-2.391437742277E-13,4.499999999999,
    8.087688385764));
#3954 = CARTESIAN_POINT('',(-2.29727910439,4.500027153416,8.325205013603
    ));
#3955 = CARTESIAN_POINT('',(-4.594809590827,3.196999211063,
    8.562646391347));
#3956 = CARTESIAN_POINT('',(-6.059156862961,0.589774120215,
    8.800264317279));
#3957 = CARTESIAN_POINT('',(-5.866300577304,-2.70856456869,
    9.037623950552));
#3958 = CARTESIAN_POINT('',(-3.680487209895,-5.507934819852,
    9.275203376206));
#3959 = CARTESIAN_POINT('',(-0.257141635929,-6.456340600458,
    9.512732773756));
#3960 = CARTESIAN_POINT('',(2.863379741744,-5.372254773458,
    9.750136417562));
#3961 = CARTESIAN_POINT('',(4.712117699618,-3.021578432395,
    9.987720502013));
#3962 = CARTESIAN_POINT('',(5.036582911867,-0.400338422323,
    10.225184325864));
#3963 = CARTESIAN_POINT('',(4.157457896311,1.722075445647,
    10.462688385772));
#3964 = CARTESIAN_POINT('',(3.278352329974,3.844494981804,
    10.700205013576));
#3965 = CARTESIAN_POINT('',(1.195284631368,5.468489168118,
    10.937646391398));
#3966 = CARTESIAN_POINT('',(-1.773858707214,5.823627794631,
    11.175264317215));
#3967 = CARTESIAN_POINT('',(-4.747323407595,4.383232248938,
    11.412623950609));
#3968 = CARTESIAN_POINT('',(-6.497129724768,1.292531400864,
    11.650203376174));
#3969 = CARTESIAN_POINT('',(-6.063284779552,-2.233166687158,
    11.887732773761));
#3970 = CARTESIAN_POINT('',(-3.867548240854,-4.701290833442,
    12.125136417571));
#3971 = CARTESIAN_POINT('',(-0.988325094595,-5.509737103122,
    12.362720502005));
#3972 = CARTESIAN_POINT('',(1.557552361646,-4.806398747636,
    12.600184325866));
#3973 = CARTESIAN_POINT('',(3.181980515352,-3.181980515351,
    12.837688385775));
#3974 = CARTESIAN_POINT('',(4.806421348661,-1.557578082666,
    13.07520501357));
#3975 = CARTESIAN_POINT('',(5.509640841572,0.988401198239,
    13.312646391407));
#3976 = CARTESIAN_POINT('',(4.701504185825,3.867437626463,
    13.550264317204));
#3977 = CARTESIAN_POINT('',(2.232856544847,6.063345292325,13.78762395062
    ));
#3978 = CARTESIAN_POINT('',(-1.292200597175,6.497195525744,
    14.025203376162));
#3979 = CARTESIAN_POINT('',(-4.383495625829,4.747148814701,
    14.262732773774));
#3980 = CARTESIAN_POINT('',(-5.823473013027,1.774042548056,
    14.500136417558));
#3981 = CARTESIAN_POINT('',(-5.468548978596,-1.195391779702,
    14.737720502015));
#3982 = CARTESIAN_POINT('',(-3.844483944181,-3.27831991779,
    14.975184325859));
#3983 = CARTESIAN_POINT('',(-1.722075445652,-4.157457896322,
    15.212688385779));
#3984 = CARTESIAN_POINT('',(0.400323997659,-5.036613688374,
    15.450204598631));
#3985 = CARTESIAN_POINT('',(3.021608950046,-4.711999415248,
    15.687648170052));
#3986 = CARTESIAN_POINT('',(5.372241857744,-2.863619769399,
    15.925259723688));
#3987 = CARTESIAN_POINT('',(6.456263368324,0.257452435911,
    16.162632648822));
#3988 = CARTESIAN_POINT('',(5.50814366737,3.680205121758,16.400190459038
    ));
#3989 = CARTESIAN_POINT('',(2.708276721185,5.866479067611,
    16.637748274308));
#3990 = CARTESIAN_POINT('',(-0.589519749425,6.059082276156,
    16.875121195753));
#3991 = CARTESIAN_POINT('',(-3.197141444401,4.594825405862,
    17.112732751313));
#3992 = CARTESIAN_POINT('',(-4.499979685913,2.297280290416,
    17.350176322056));
#3993 = CARTESIAN_POINT('',(-4.500006894174,5.288579592588E-07,
    17.587692535048));
#3994 = CARTESIAN_POINT('',(4.5,-9.992007221626E-16,0.));
#3995 = CARTESIAN_POINT('',(4.499999951139,2.297277981593,0.237516627833
    ));
#3996 = CARTESIAN_POINT('',(3.197068819098,4.59481246883,0.474958005495)
  );
#3997 = CARTESIAN_POINT('',(0.589645107957,6.059118307374,0.712575931887
    ));
#3998 = CARTESIAN_POINT('',(-2.708414947482,5.866379023573,
    0.949935563896));
#3999 = CARTESIAN_POINT('',(-5.508039675794,3.680353269608,
    1.187514991773));
#4000 = CARTESIAN_POINT('',(-6.456291182571,0.257285699237,
    1.425044386625));
#4001 = CARTESIAN_POINT('',(-5.372250104421,-2.863485934629,
    1.662448032737));
#4002 = CARTESIAN_POINT('',(-3.021587037883,-4.712063873159,
    1.900032115819));
#4003 = CARTESIAN_POINT('',(-0.400334215135,-5.036588470535,
    2.137495940202));
#4004 = CARTESIAN_POINT('',(1.722075445643,-4.157457896301,
    2.374999999999));
#4005 = CARTESIAN_POINT('',(3.844483534627,-3.278327628067,
    2.612516627836));
#4006 = CARTESIAN_POINT('',(5.468518464879,-1.195347839347,
    2.849958005489));
#4007 = CARTESIAN_POINT('',(5.823542803039,1.773963144285,3.087575931896
    ));
#4008 = CARTESIAN_POINT('',(4.38336198146,4.747215195819,3.324935563887)
  );
#4009 = CARTESIAN_POINT('',(1.292367529463,6.49717534226,3.562514991779)
  );
#4010 = CARTESIAN_POINT('',(-2.233014678556,6.063294253989,
    3.800044386622));
#4011 = CARTESIAN_POINT('',(-4.701387156127,3.867503289015,
    4.037448032738));
#4012 = CARTESIAN_POINT('',(-5.509690667142,0.988353643497,
    4.275032115819));
#4013 = CARTESIAN_POINT('',(-4.806402273151,-1.557558375787,
    4.512495940202));
#4014 = CARTESIAN_POINT('',(-3.181980515339,-3.18198051534,
    4.749999999998));
#4015 = CARTESIAN_POINT('',(-1.557559641735,-4.806401319844,
    4.987516627836));
#4016 = CARTESIAN_POINT('',(0.988354013087,-5.509692096894,
    5.224958005492));
#4017 = CARTESIAN_POINT('',(3.867501588826,-4.701385697487,
    5.462575931886));
#4018 = CARTESIAN_POINT('',(6.063294964209,-2.233017812947,
    5.699935563906));
#4019 = CARTESIAN_POINT('',(6.497174959901,1.292369451698,5.937514991753
    ));
#4020 = CARTESIAN_POINT('',(4.747215739145,4.383358813876,6.175044386652
    ));
#4021 = CARTESIAN_POINT('',(1.773964156855,5.823544801276,6.412448032711
    ));
#4022 = CARTESIAN_POINT('',(-1.19534763366,5.468517002527,6.650032115839
    ));
#4023 = CARTESIAN_POINT('',(-3.278326823299,3.844484899824,6.88749594019
    ));
#4024 = CARTESIAN_POINT('',(-4.157457896301,1.722075445643,
    7.125000000004));
#4025 = CARTESIAN_POINT('',(-5.036588074253,-0.400332680739,
    7.362516627821));
#4026 = CARTESIAN_POINT('',(-4.712065052638,-3.021587926477,
    7.599958005515));
#4027 = CARTESIAN_POINT('',(-2.863485237662,-5.372247975459,
    7.837575931865));
#4028 = CARTESIAN_POINT('',(0.257283075233,-6.456293038204,
    8.074935563911));
#4029 = CARTESIAN_POINT('',(3.680354899199,-5.508038586932,8.31251499177
    ));
#4030 = CARTESIAN_POINT('',(5.866376305021,-2.708416661636,
    8.550044386619));
#4031 = CARTESIAN_POINT('',(6.059120541006,0.589644937161,8.787448032746
    ));
#4032 = CARTESIAN_POINT('',(4.594811196501,3.197068069447,9.025032115812
    ));
#4033 = CARTESIAN_POINT('',(2.297279550844,4.499999730069,9.262495940205
    ));
#4034 = CARTESIAN_POINT('',(-1.520502473928E-13,4.5,9.499999999999));
#4035 = CARTESIAN_POINT('',(-2.297277981593,4.49999995114,9.737516627837
    ));
#4036 = CARTESIAN_POINT('',(-4.594812468829,3.197068819095,
    9.974958005488));
#4037 = CARTESIAN_POINT('',(-6.059118307378,0.589645107961,
    10.212575931893));
#4038 = CARTESIAN_POINT('',(-5.866379023567,-2.708414947484,
    10.449935563901));
#4039 = CARTESIAN_POINT('',(-3.680353269611,-5.508039675794,
    10.68751499175));
#4040 = CARTESIAN_POINT('',(-0.257285699238,-6.456291182571,
    10.925044386664));
#4041 = CARTESIAN_POINT('',(2.863485934631,-5.372250104419,
    11.162448032694));
#4042 = CARTESIAN_POINT('',(4.712063873158,-3.021587037886,
    11.400032115853));
#4043 = CARTESIAN_POINT('',(5.036588470535,-0.400334215133,
    11.637495940182));
#4044 = CARTESIAN_POINT('',(4.157457896301,1.722075445642,
    11.875000000007));
#4045 = CARTESIAN_POINT('',(3.278327628066,3.84448353463,12.11251662781)
  );
#4046 = CARTESIAN_POINT('',(1.195347839348,5.468518464873,
    12.349958005539));
#4047 = CARTESIAN_POINT('',(-1.773963144281,5.823542803045,
    12.587575931828));
#4048 = CARTESIAN_POINT('',(-4.747215195829,4.383361981458,
    12.824935563959));
#4049 = CARTESIAN_POINT('',(-6.497175342245,1.29236752946,
    13.062514991717));
#4050 = CARTESIAN_POINT('',(-6.063294254002,-2.23301467855,
    13.30004438667));
#4051 = CARTESIAN_POINT('',(-3.867503289008,-4.701387156132,
    13.537448032702));
#4052 = CARTESIAN_POINT('',(-0.9883536435,-5.50969066714,13.775032115845
    ));
#4053 = CARTESIAN_POINT('',(1.557558375789,-4.806402273151,
    14.012495940183));
#4054 = CARTESIAN_POINT('',(3.181980515339,-3.18198051534,14.25000000001
    ));
#4055 = CARTESIAN_POINT('',(4.806401319848,-1.557559641732,
    14.487516627803));
#4056 = CARTESIAN_POINT('',(5.509692096886,0.988354013083,
    14.724958005548));
#4057 = CARTESIAN_POINT('',(4.701385697499,3.867501588827,
    14.962575931818));
#4058 = CARTESIAN_POINT('',(2.233017812934,6.063294964215,
    15.199935563968));
#4059 = CARTESIAN_POINT('',(-1.292369451689,6.49717495989,
    15.437514991707));
#4060 = CARTESIAN_POINT('',(-4.383358813878,4.747215739156,
    15.675044386682));
#4061 = CARTESIAN_POINT('',(-5.823544801277,1.773964156849,
    15.91244803269));
#4062 = CARTESIAN_POINT('',(-5.468517002526,-1.195347633658,
    16.150032115855));
#4063 = CARTESIAN_POINT('',(-3.844484899823,-3.2783268233,
    16.387495940177));
#4064 = CARTESIAN_POINT('',(-1.722075445644,-4.1574578963,
    16.625000000014));
#4065 = CARTESIAN_POINT('',(0.400332680741,-5.036588127141,
    16.862516212867));
#4066 = CARTESIAN_POINT('',(3.021587926478,-4.712064825932,
    17.099959784185));
#4067 = CARTESIAN_POINT('',(5.372247975451,-2.863485823151,
    17.337571338319));
#4068 = CARTESIAN_POINT('',(6.456293038227,0.257284183897,
    17.574944262137));
#4069 = CARTESIAN_POINT('',(5.508038586893,3.680353252802,
    17.812502074634));
#4070 = CARTESIAN_POINT('',(2.708416661685,5.86637828069,18.050059887154
    ));
#4071 = CARTESIAN_POINT('',(-0.589644937207,6.059118600866,
    18.287432810946));
#4072 = CARTESIAN_POINT('',(-3.197068069413,4.594812757772,
    18.525044365104));
#4073 = CARTESIAN_POINT('',(-4.49999973009,2.297278530695,
    18.762487936406));
#4074 = CARTESIAN_POINT('',(-4.49999999999,5.288575176399E-07,
    19.000004149266));
#4075 = DEFINITIONAL_REPRESENTATION('',(#4076),#4079);
#4076 = B_SPLINE_CURVE_WITH_KNOTS('',1,(#4077,#4078),.UNSPECIFIED.,.F.,
  .F.,(2,2),(0.,45.044013406713),.PIECEWISE_BEZIER_KNOTS.);
#4077 = CARTESIAN_POINT('',(6.28318530718,0.));
#4078 = CARTESIAN_POINT('',(6.28318530718,45.044013406713));
#4079 = ( GEOMETRIC_REPRESENTATION_CONTEXT(2) 
PARAMETRIC_REPRESENTATION_CONTEXT() REPRESENTATION_CONTEXT('2D SPACE',''
  ) );
#4080 = ORIENTED_EDGE('',*,*,#2876,.F.);
#4081 = ORIENTED_EDGE('',*,*,#4082,.F.);
#4082 = EDGE_CURVE('',#22,#1781,#4083,.T.);
#4083 = SURFACE_CURVE('',#4084,(#4166,#4173),.PCURVE_S1.);
#4084 = ( BOUNDED_CURVE() B_SPLINE_CURVE(10,(#4085,#4086,#4087,#4088,
    #4089,#4090,#4091,#4092,#4093,#4094,#4095,#4096,#4097,#4098,#4099,
    #4100,#4101,#4102,#4103,#4104,#4105,#4106,#4107,#4108,#4109,#4110,
    #4111,#4112,#4113,#4114,#4115,#4116,#4117,#4118,#4119,#4120,#4121,
    #4122,#4123,#4124,#4125,#4126,#4127,#4128,#4129,#4130,#4131,#4132,
    #4133,#4134,#4135,#4136,#4137,#4138,#4139,#4140,#4141,#4142,#4143,
    #4144,#4145,#4146,#4147,#4148,#4149,#4150,#4151,#4152,#4153,#4154,
    #4155,#4156,#4157,#4158,#4159,#4160,#4161,#4162,#4163,#4164,#4165),
.UNSPECIFIED.,.F.,.F.) B_SPLINE_CURVE_WITH_KNOTS((11,10,10,10,10,10,10,
    10,11),(0.,5.630501675839,11.261003351678,16.891505027517,
    22.522006703356,28.152508379195,33.783010055034,39.413511730874,
45.044013406713),.PIECEWISE_BEZIER_KNOTS.) CURVE() 
GEOMETRIC_REPRESENTATION_ITEM() RATIONAL_B_SPLINE_CURVE((1.669078461068,
    1.669078461068,1.669078461068,1.669078461069,1.669078461067,
    1.669078461069,1.669078461067,1.669078461069,1.669078461068,
    1.669078461068,1.669078461068,1.669078461068,1.669078461068,
    1.669078461068,1.669078461069,1.669078461067,1.669078461069,
    1.669078461068,1.669078461068,1.669078461068,1.669078461068,
    1.669078461068,1.669078461068,1.669078461068,1.669078461068,
    1.669078461068,1.669078461068,1.669078461068,1.669078461068,
    1.669078461068,1.669078461068,1.669078461068,1.669078461068,
    1.669078461068,1.669078461068,1.669078461069,1.669078461068,
    1.669078461068,1.669078461068,1.669078461068,1.669078461068,
    1.669078461068,1.669078461069,1.669078461068,1.669078461069,
    1.669078461067,1.669078461069,1.669078461068,1.669078461068,
    1.669078461068,1.669078461068,1.669078461068,1.669078461068,
    1.669078461069,1.669078461068,1.669078461069,1.669078461068,
    1.669078461069,1.669078461068,1.669078461068,1.669078461068,
    1.669078461068,1.669078461068,1.669078461069,1.669078461068,
    1.669078461069,1.669078461068,1.669078461069,1.669078461068,
    1.669078461068,1.669078461068,1.669078461068,1.669078461068,
    1.669078461068,1.669078461069,1.669078461068,1.669078461069,
    1.669078461068,1.669078461068,1.669078461068,1.669078461068)) 
REPRESENTATION_ITEM('') );
#4085 = CARTESIAN_POINT('',(4.5,-9.992007221626E-16,0.));
#4086 = CARTESIAN_POINT('',(4.499999951139,2.297277981593,0.237516627833
    ));
#4087 = CARTESIAN_POINT('',(3.197068819098,4.59481246883,0.474958005495)
  );
#4088 = CARTESIAN_POINT('',(0.589645107957,6.059118307374,0.712575931887
    ));
#4089 = CARTESIAN_POINT('',(-2.708414947482,5.866379023573,
    0.949935563896));
#4090 = CARTESIAN_POINT('',(-5.508039675794,3.680353269608,
    1.187514991773));
#4091 = CARTESIAN_POINT('',(-6.456291182571,0.257285699237,
    1.425044386625));
#4092 = CARTESIAN_POINT('',(-5.372250104421,-2.863485934629,
    1.662448032737));
#4093 = CARTESIAN_POINT('',(-3.021587037883,-4.712063873159,
    1.900032115819));
#4094 = CARTESIAN_POINT('',(-0.400334215135,-5.036588470535,
    2.137495940202));
#4095 = CARTESIAN_POINT('',(1.722075445643,-4.157457896301,
    2.374999999999));
#4096 = CARTESIAN_POINT('',(3.844483534627,-3.278327628067,
    2.612516627836));
#4097 = CARTESIAN_POINT('',(5.468518464879,-1.195347839347,
    2.849958005489));
#4098 = CARTESIAN_POINT('',(5.823542803039,1.773963144285,3.087575931896
    ));
#4099 = CARTESIAN_POINT('',(4.38336198146,4.747215195819,3.324935563887)
  );
#4100 = CARTESIAN_POINT('',(1.292367529463,6.49717534226,3.562514991779)
  );
#4101 = CARTESIAN_POINT('',(-2.233014678556,6.063294253989,
    3.800044386622));
#4102 = CARTESIAN_POINT('',(-4.701387156127,3.867503289015,
    4.037448032738));
#4103 = CARTESIAN_POINT('',(-5.509690667142,0.988353643497,
    4.275032115819));
#4104 = CARTESIAN_POINT('',(-4.806402273151,-1.557558375787,
    4.512495940202));
#4105 = CARTESIAN_POINT('',(-3.181980515339,-3.18198051534,
    4.749999999998));
#4106 = CARTESIAN_POINT('',(-1.557559641735,-4.806401319844,
    4.987516627836));
#4107 = CARTESIAN_POINT('',(0.988354013087,-5.509692096894,
    5.224958005492));
#4108 = CARTESIAN_POINT('',(3.867501588826,-4.701385697487,
    5.462575931886));
#4109 = CARTESIAN_POINT('',(6.063294964209,-2.233017812947,
    5.699935563906));
#4110 = CARTESIAN_POINT('',(6.497174959901,1.292369451698,5.937514991753
    ));
#4111 = CARTESIAN_POINT('',(4.747215739145,4.383358813876,6.175044386652
    ));
#4112 = CARTESIAN_POINT('',(1.773964156855,5.823544801276,6.412448032711
    ));
#4113 = CARTESIAN_POINT('',(-1.19534763366,5.468517002527,6.650032115839
    ));
#4114 = CARTESIAN_POINT('',(-3.278326823299,3.844484899824,6.88749594019
    ));
#4115 = CARTESIAN_POINT('',(-4.157457896301,1.722075445643,
    7.125000000004));
#4116 = CARTESIAN_POINT('',(-5.036588074253,-0.400332680739,
    7.362516627821));
#4117 = CARTESIAN_POINT('',(-4.712065052638,-3.021587926477,
    7.599958005515));
#4118 = CARTESIAN_POINT('',(-2.863485237662,-5.372247975459,
    7.837575931865));
#4119 = CARTESIAN_POINT('',(0.257283075233,-6.456293038204,
    8.074935563911));
#4120 = CARTESIAN_POINT('',(3.680354899199,-5.508038586932,8.31251499177
    ));
#4121 = CARTESIAN_POINT('',(5.866376305021,-2.708416661636,
    8.550044386619));
#4122 = CARTESIAN_POINT('',(6.059120541006,0.589644937161,8.787448032746
    ));
#4123 = CARTESIAN_POINT('',(4.594811196501,3.197068069447,9.025032115812
    ));
#4124 = CARTESIAN_POINT('',(2.297279550844,4.499999730069,9.262495940205
    ));
#4125 = CARTESIAN_POINT('',(-1.520502473928E-13,4.5,9.499999999999));
#4126 = CARTESIAN_POINT('',(-2.297277981593,4.49999995114,9.737516627837
    ));
#4127 = CARTESIAN_POINT('',(-4.594812468829,3.197068819095,
    9.974958005488));
#4128 = CARTESIAN_POINT('',(-6.059118307378,0.589645107961,
    10.212575931893));
#4129 = CARTESIAN_POINT('',(-5.866379023567,-2.708414947484,
    10.449935563901));
#4130 = CARTESIAN_POINT('',(-3.680353269611,-5.508039675794,
    10.68751499175));
#4131 = CARTESIAN_POINT('',(-0.257285699238,-6.456291182571,
    10.925044386664));
#4132 = CARTESIAN_POINT('',(2.863485934631,-5.372250104419,
    11.162448032694));
#4133 = CARTESIAN_POINT('',(4.712063873158,-3.021587037886,
    11.400032115853));
#4134 = CARTESIAN_POINT('',(5.036588470535,-0.400334215133,
    11.637495940182));
#4135 = CARTESIAN_POINT('',(4.157457896301,1.722075445642,
    11.875000000007));
#4136 = CARTESIAN_POINT('',(3.278327628066,3.84448353463,12.11251662781)
  );
#4137 = CARTESIAN_POINT('',(1.195347839348,5.468518464873,
    12.349958005539));
#4138 = CARTESIAN_POINT('',(-1.773963144281,5.823542803045,
    12.587575931828));
#4139 = CARTESIAN_POINT('',(-4.747215195829,4.383361981458,
    12.824935563959));
#4140 = CARTESIAN_POINT('',(-6.497175342245,1.29236752946,
    13.062514991717));
#4141 = CARTESIAN_POINT('',(-6.063294254002,-2.23301467855,
    13.30004438667));
#4142 = CARTESIAN_POINT('',(-3.867503289008,-4.701387156132,
    13.537448032702));
#4143 = CARTESIAN_POINT('',(-0.9883536435,-5.50969066714,13.775032115845
    ));
#4144 = CARTESIAN_POINT('',(1.557558375789,-4.806402273151,
    14.012495940183));
#4145 = CARTESIAN_POINT('',(3.181980515339,-3.18198051534,14.25000000001
    ));
#4146 = CARTESIAN_POINT('',(4.806401319848,-1.557559641732,
    14.487516627803));
#4147 = CARTESIAN_POINT('',(5.509692096886,0.988354013083,
    14.724958005548));
#4148 = CARTESIAN_POINT('',(4.701385697499,3.867501588827,
    14.962575931818));
#4149 = CARTESIAN_POINT('',(2.233017812934,6.063294964215,
    15.199935563968));
#4150 = CARTESIAN_POINT('',(-1.292369451689,6.49717495989,
    15.437514991707));
#4151 = CARTESIAN_POINT('',(-4.383358813878,4.747215739156,
    15.675044386682));
#4152 = CARTESIAN_POINT('',(-5.823544801277,1.773964156849,
    15.91244803269));
#4153 = CARTESIAN_POINT('',(-5.468517002526,-1.195347633658,
    16.150032115855));
#4154 = CARTESIAN_POINT('',(-3.844484899823,-3.2783268233,
    16.387495940177));
#4155 = CARTESIAN_POINT('',(-1.722075445644,-4.1574578963,
    16.625000000014));
#4156 = CARTESIAN_POINT('',(0.400332680741,-5.036588127141,
    16.862516212867));
#4157 = CARTESIAN_POINT('',(3.021587926478,-4.712064825932,
    17.099959784185));
#4158 = CARTESIAN_POINT('',(5.372247975451,-2.863485823151,
    17.337571338319));
#4159 = CARTESIAN_POINT('',(6.456293038227,0.257284183897,
    17.574944262137));
#4160 = CARTESIAN_POINT('',(5.508038586893,3.680353252802,
    17.812502074634));
#4161 = CARTESIAN_POINT('',(2.708416661685,5.86637828069,18.050059887154
    ));
#4162 = CARTESIAN_POINT('',(-0.589644937207,6.059118600866,
    18.287432810946));
#4163 = CARTESIAN_POINT('',(-3.197068069413,4.594812757772,
    18.525044365104));
#4164 = CARTESIAN_POINT('',(-4.49999973009,2.297278530695,
    18.762487936406));
#4165 = CARTESIAN_POINT('',(-4.49999999999,5.288575176399E-07,
    19.000004149266));
#4166 = PCURVE('',#185,#4167);
#4167 = DEFINITIONAL_REPRESENTATION('',(#4168),#4172);
#4168 = LINE('',#4169,#4170);
#4169 = CARTESIAN_POINT('',(0.,0.));
#4170 = VECTOR('',#4171,1.);
#4171 = DIRECTION('',(0.,1.));
#4172 = ( GEOMETRIC_REPRESENTATION_CONTEXT(2) 
PARAMETRIC_REPRESENTATION_CONTEXT() REPRESENTATION_CONTEXT('2D SPACE',''
  ) );
#4173 = PCURVE('',#2508,#4174);
#4174 = DEFINITIONAL_REPRESENTATION('',(#4175),#4182);
#4175 = B_SPLINE_CURVE_WITH_KNOTS('',5,(#4176,#4177,#4178,#4179,#4180,
    #4181),.UNSPECIFIED.,.F.,.F.,(6,6),(2.015122137972,2.01521693145),
  .PIECEWISE_BEZIER_KNOTS.);
#4176 = CARTESIAN_POINT('',(1.827079856228,-1.570388263872E-11));
#4177 = CARTESIAN_POINT('',(1.827097045836,9.408151503187E-06));
#4178 = CARTESIAN_POINT('',(1.827114235439,1.881630578993E-05));
#4179 = CARTESIAN_POINT('',(1.827131425052,2.82244854688E-05));
#4180 = CARTESIAN_POINT('',(1.827148614655,3.763263973777E-05));
#4181 = CARTESIAN_POINT('',(1.827165804263,4.704080694751E-05));
#4182 = ( GEOMETRIC_REPRESENTATION_CONTEXT(2) 
PARAMETRIC_REPRESENTATION_CONTEXT() REPRESENTATION_CONTEXT('2D SPACE',''
  ) );
#4183 = FACE_BOUND('',#4184,.F.);
#4184 = EDGE_LOOP('',(#4185,#4300,#4745));
#4185 = ORIENTED_EDGE('',*,*,#4186,.T.);
#4186 = EDGE_CURVE('',#4187,#2877,#4189,.T.);
#4187 = VERTEX_POINT('',#4188);
#4188 = CARTESIAN_POINT('',(4.443097914538,-1.088245127867E-15,
    17.844229337647));
#4189 = SURFACE_CURVE('',#4190,(#4223,#4259),.PCURVE_S1.);
#4190 = B_SPLINE_CURVE_WITH_KNOTS('',7,(#4191,#4192,#4193,#4194,#4195,
    #4196,#4197,#4198,#4199,#4200,#4201,#4202,#4203,#4204,#4205,#4206,
    #4207,#4208,#4209,#4210,#4211,#4212,#4213,#4214,#4215,#4216,#4217,
    #4218,#4219,#4220,#4221,#4222),.UNSPECIFIED.,.F.,.F.,(8,6,6,6,6,8),(
    0.,0.283467648176,0.494343846672,0.768198376237,0.905285979475,1.),
  .UNSPECIFIED.);
#4191 = CARTESIAN_POINT('',(4.443097888574,4.07034067149E-15,
    17.844229270304));
#4192 = CARTESIAN_POINT('',(4.447905359425,0.238189677452,
    17.856698727353));
#4193 = CARTESIAN_POINT('',(4.437547992786,0.476738877785,
    17.869155654888));
#4194 = CARTESIAN_POINT('',(4.41202031298,0.71447012826,17.881600224552)
  );
#4195 = CARTESIAN_POINT('',(4.37143173942,0.950228533889,17.894033432912
    ));
#4196 = CARTESIAN_POINT('',(4.31599452179,1.182881599754,17.906456484008
    ));
#4197 = CARTESIAN_POINT('',(4.246022182691,1.411320777962,
    17.918870210083));
#4198 = CARTESIAN_POINT('',(4.099387223331,1.800465164976,17.94050230638
    ));
#4199 = CARTESIAN_POINT('',(4.029024094817,1.963541392639,17.94972522425
    ));
#4200 = CARTESIAN_POINT('',(3.951021861463,2.123250940013,
    17.958943402671));
#4201 = CARTESIAN_POINT('',(3.865582000425,2.279167602141,
    17.968157142159));
#4202 = CARTESIAN_POINT('',(3.772934301303,2.430881735958,
    17.977366801432));
#4203 = CARTESIAN_POINT('',(3.673336480652,2.578000544893,
    17.986572673688));
#4204 = CARTESIAN_POINT('',(3.429075683905,2.904748732166,
    18.007725292575));
#4205 = CARTESIAN_POINT('',(3.279831394677,3.080973840377,
    18.019670036904));
#4206 = CARTESIAN_POINT('',(3.119967984564,3.247996034104,
    18.031609069003));
#4207 = CARTESIAN_POINT('',(2.950179539671,3.405059628769,
    18.043543107969));
#4208 = CARTESIAN_POINT('',(2.77122007713,3.55147540279,18.055473147013)
  );
#4209 = CARTESIAN_POINT('',(2.583902193155,3.686621265523,
    18.067399972198));
#4210 = CARTESIAN_POINT('',(2.291587037714,3.871685223548,
    18.085292502697));
#4211 = CARTESIAN_POINT('',(2.192179545068,3.930471081831,
    18.091261633855));
#4212 = CARTESIAN_POINT('',(2.090990621713,3.986234582256,
    18.097230927096));
#4213 = CARTESIAN_POINT('',(1.988133761922,4.038909600015,18.1032003041)
  );
#4214 = CARTESIAN_POINT('',(1.883724313068,4.088435977664,
    18.109169746345));
#4215 = CARTESIAN_POINT('',(1.777879475627,4.134759525132,
    18.115139295113));
#4216 = CARTESIAN_POINT('',(1.596680496355,4.207590867629,18.12523356467
    ));
#4217 = CARTESIAN_POINT('',(1.522017589805,4.235796163928,
    18.129312621261));
#4218 = CARTESIAN_POINT('',(1.446781327442,4.262429249062,
    18.133640219404));
#4219 = CARTESIAN_POINT('',(1.370968466771,4.287487248749,18.13735622499
    ));
#4220 = CARTESIAN_POINT('',(1.294689929616,4.310937768723,18.14194882088
    ));
#4221 = CARTESIAN_POINT('',(1.217910454749,4.332788822899,
    18.145750738751));
#4222 = CARTESIAN_POINT('',(1.140731838518,4.353013998667,
    18.149999999903));
#4223 = PCURVE('',#185,#4224);
#4224 = DEFINITIONAL_REPRESENTATION('',(#4225),#4258);
#4225 = B_SPLINE_CURVE_WITH_KNOTS('',7,(#4226,#4227,#4228,#4229,#4230,
    #4231,#4232,#4233,#4234,#4235,#4236,#4237,#4238,#4239,#4240,#4241,
    #4242,#4243,#4244,#4245,#4246,#4247,#4248,#4249,#4250,#4251,#4252,
    #4253,#4254,#4255,#4256,#4257),.UNSPECIFIED.,.F.,.F.,(8,6,6,6,6,8),(
    0.,0.283467648176,0.494343846672,0.768198376237,0.905285979475,1.),
  .UNSPECIFIED.);
#4226 = CARTESIAN_POINT('',(0.370928507082,41.579088856487));
#4227 = CARTESIAN_POINT('',(0.355160362039,41.638215021202));
#4228 = CARTESIAN_POINT('',(0.33951375334,41.697281161286));
#4229 = CARTESIAN_POINT('',(0.323978807516,41.756287881181));
#4230 = CARTESIAN_POINT('',(0.308545380577,41.815239832521));
#4231 = CARTESIAN_POINT('',(0.293203683783,41.874142847795));
#4232 = CARTESIAN_POINT('',(0.277944876892,41.933001172326));
#4233 = CARTESIAN_POINT('',(0.2514665635,42.035567205665));
#4234 = CARTESIAN_POINT('',(0.240212888793,42.079296524259));
#4235 = CARTESIAN_POINT('',(0.228997405074,42.12300346536));
#4236 = CARTESIAN_POINT('',(0.217816816771,42.166689630814));
#4237 = CARTESIAN_POINT('',(0.206667875403,42.210356898365));
#4238 = CARTESIAN_POINT('',(0.195547522553,42.254006810725));
#4239 = CARTESIAN_POINT('',(0.170045165663,42.354304191901));
#4240 = CARTESIAN_POINT('',(0.155680281878,42.410942651136));
#4241 = CARTESIAN_POINT('',(0.141352721429,42.467555443015));
#4242 = CARTESIAN_POINT('',(0.127056212362,42.524146076041));
#4243 = CARTESIAN_POINT('',(0.112784436053,42.580719145482));
#4244 = CARTESIAN_POINT('',(9.853155672609E-02,42.63727804432));
#4245 = CARTESIAN_POINT('',(7.716495788878E-02,42.722128143346));
#4246 = CARTESIAN_POINT('',(7.003942322284E-02,42.750435152428));
#4247 = CARTESIAN_POINT('',(6.291568457279E-02,42.778743014155));
#4248 = CARTESIAN_POINT('',(5.579324843928E-02,42.807051287705));
#4249 = CARTESIAN_POINT('',(4.86715545317E-02,42.835359810726));
#4250 = CARTESIAN_POINT('',(4.15499757682E-02,42.863668699337));
#4251 = CARTESIAN_POINT('',(2.950710950994E-02,42.911537524833));
#4252 = CARTESIAN_POINT('',(2.453220135704E-02,42.931096152741));
#4253 = CARTESIAN_POINT('',(1.98553711545E-02,42.950651206187));
#4254 = CARTESIAN_POINT('',(1.444408947609E-02,42.970213707855));
#4255 = CARTESIAN_POINT('',(1.008364936567E-02,42.989765796087));
#4256 = CARTESIAN_POINT('',(4.773826364933E-03,43.009326807699));
#4257 = CARTESIAN_POINT('',(0.,43.028881434249));
#4258 = ( GEOMETRIC_REPRESENTATION_CONTEXT(2) 
PARAMETRIC_REPRESENTATION_CONTEXT() REPRESENTATION_CONTEXT('2D SPACE',''
  ) );
#4259 = PCURVE('',#4260,#4265);
#4260 = TOROIDAL_SURFACE('',#4261,3.65,0.85);
#4261 = AXIS2_PLACEMENT_3D('',#4262,#4263,#4264);
#4262 = CARTESIAN_POINT('',(0.,0.,18.15));
#4263 = DIRECTION('',(0.,0.,1.));
#4264 = DIRECTION('',(1.,0.,-0.));
#4265 = DEFINITIONAL_REPRESENTATION('',(#4266),#4299);
#4266 = B_SPLINE_CURVE_WITH_KNOTS('',7,(#4267,#4268,#4269,#4270,#4271,
    #4272,#4273,#4274,#4275,#4276,#4277,#4278,#4279,#4280,#4281,#4282,
    #4283,#4284,#4285,#4286,#4287,#4288,#4289,#4290,#4291,#4292,#4293,
    #4294,#4295,#4296,#4297,#4298),.UNSPECIFIED.,.F.,.F.,(8,6,6,6,6,8),(
    0.,0.283467648176,0.494343846672,0.768198376237,0.905285979475,1.),
  .UNSPECIFIED.);
#4267 = CARTESIAN_POINT('',(0.,5.915206511833));
#4268 = CARTESIAN_POINT('',(5.360891959281E-02,5.930928980936));
#4269 = CARTESIAN_POINT('',(0.107163393563,5.946524463573));
#4270 = CARTESIAN_POINT('',(0.160663954163,5.962002759383));
#4271 = CARTESIAN_POINT('',(0.214114805828,5.977373851154));
#4272 = CARTESIAN_POINT('',(0.267521231298,5.992647251841));
#4273 = CARTESIAN_POINT('',(0.320887083162,6.007831427928));
#4274 = CARTESIAN_POINT('',(0.413881903035,6.034167826978));
#4275 = CARTESIAN_POINT('',(0.453530483666,6.045357228454));
#4276 = CARTESIAN_POINT('',(0.493158754981,6.056504532423));
#4277 = CARTESIAN_POINT('',(0.532768175475,6.067612847254));
#4278 = CARTESIAN_POINT('',(0.572360455028,6.078685230105));
#4279 = CARTESIAN_POINT('',(0.611937000057,6.089724556231));
#4280 = CARTESIAN_POINT('',(0.702874746003,6.115030016062));
#4281 = CARTESIAN_POINT('',(0.754227783694,6.129275845411));
#4282 = CARTESIAN_POINT('',(0.805557578338,6.143476181184));
#4283 = CARTESIAN_POINT('',(0.856867324633,6.157636984407));
#4284 = CARTESIAN_POINT('',(0.908161196765,6.171764343229));
#4285 = CARTESIAN_POINT('',(0.959442271484,6.185863948752));
#4286 = CARTESIAN_POINT('',(1.036374605483,6.206987130881));
#4287 = CARTESIAN_POINT('',(1.062040164688,6.214029207272));
#4288 = CARTESIAN_POINT('',(1.087706507519,6.221067223661));
#4289 = CARTESIAN_POINT('',(1.113373233214,6.228101665775));
#4290 = CARTESIAN_POINT('',(1.139040193219,6.235133086299));
#4291 = CARTESIAN_POINT('',(1.164707491194,6.242162104866));
#4292 = CARTESIAN_POINT('',(1.208109535148,6.254044581864));
#4293 = CARTESIAN_POINT('',(1.225843092014,6.25884534193));
#4294 = CARTESIAN_POINT('',(1.243573409035,6.263937755907));
#4295 = CARTESIAN_POINT('',(1.261310481634,6.268310089484));
#4296 = CARTESIAN_POINT('',(1.27903811094,6.273713330792));
#4297 = CARTESIAN_POINT('',(1.296773832481,6.278186176424));
#4298 = CARTESIAN_POINT('',(1.31450376295,6.28318530704));
#4299 = ( GEOMETRIC_REPRESENTATION_CONTEXT(2) 
PARAMETRIC_REPRESENTATION_CONTEXT() REPRESENTATION_CONTEXT('2D SPACE',''
  ) );
#4300 = ORIENTED_EDGE('',*,*,#4301,.T.);
#4301 = EDGE_CURVE('',#2877,#4302,#4304,.T.);
#4302 = VERTEX_POINT('',#4303);
#4303 = CARTESIAN_POINT('',(2.856901165119,-6.997389734687E-16,
    17.844231724813));
#4304 = SURFACE_CURVE('',#4305,(#4448,#4594),.PCURVE_S1.);
#4305 = B_SPLINE_CURVE_WITH_KNOTS('',8,(#4306,#4307,#4308,#4309,#4310,
    #4311,#4312,#4313,#4314,#4315,#4316,#4317,#4318,#4319,#4320,#4321,
    #4322,#4323,#4324,#4325,#4326,#4327,#4328,#4329,#4330,#4331,#4332,
    #4333,#4334,#4335,#4336,#4337,#4338,#4339,#4340,#4341,#4342,#4343,
    #4344,#4345,#4346,#4347,#4348,#4349,#4350,#4351,#4352,#4353,#4354,
    #4355,#4356,#4357,#4358,#4359,#4360,#4361,#4362,#4363,#4364,#4365,
    #4366,#4367,#4368,#4369,#4370,#4371,#4372,#4373,#4374,#4375,#4376,
    #4377,#4378,#4379,#4380,#4381,#4382,#4383,#4384,#4385,#4386,#4387,
    #4388,#4389,#4390,#4391,#4392,#4393,#4394,#4395,#4396,#4397,#4398,
    #4399,#4400,#4401,#4402,#4403,#4404,#4405,#4406,#4407,#4408,#4409,
    #4410,#4411,#4412,#4413,#4414,#4415,#4416,#4417,#4418,#4419,#4420,
    #4421,#4422,#4423,#4424,#4425,#4426,#4427,#4428,#4429,#4430,#4431,
    #4432,#4433,#4434,#4435,#4436,#4437,#4438,#4439,#4440,#4441,#4442,
    #4443,#4444,#4445,#4446,#4447),.UNSPECIFIED.,.F.,.F.,(9,7,7,7,7,7,7,
    7,7,7,7,7,7,7,7,7,7,7,7,7,9),(0.,2.229376558211E-03,
    6.061672813206E-02,0.106801476357,0.142980504286,0.170851691877,
    0.248508192392,0.494535080043,0.617343531406,0.678443656012,
    0.709056083829,0.734915731391,0.738466227006,0.739921884149,
    0.741292827692,0.743985587702,0.747681662595,0.771488470257,
    0.843080227077,0.913900858628,1.),.UNSPECIFIED.);
#4306 = CARTESIAN_POINT('',(1.140731838782,4.353013998598,
    18.149999999874));
#4307 = CARTESIAN_POINT('',(1.140703214381,4.353021500305,
    18.150998133817));
#4308 = CARTESIAN_POINT('',(1.140699326059,4.353021134145,
    18.151996099933));
#4309 = CARTESIAN_POINT('',(1.140705962248,4.353016625937,
    18.152993933997));
#4310 = CARTESIAN_POINT('',(1.140713240857,4.353010566212,
    18.153991682285));
#4311 = CARTESIAN_POINT('',(1.140715609269,4.353004410209,
    18.154989401569));
#4312 = CARTESIAN_POINT('',(1.140711844344,4.352998477882,18.15598715912
    ));
#4313 = CARTESIAN_POINT('',(1.140705052418,4.35299195389,18.156985032706
    ));
#4314 = CARTESIAN_POINT('',(1.140640255538,4.35274544174,18.184122761299
    ));
#4315 = CARTESIAN_POINT('',(1.140345196574,4.351619055231,
    18.210268743279));
#4316 = CARTESIAN_POINT('',(1.139816804174,4.349602384736,
    18.236382246054));
#4317 = CARTESIAN_POINT('',(1.139055151851,4.34669602687,18.262424414039
    ));
#4318 = CARTESIAN_POINT('',(1.138060971341,4.342902531677,
    18.288356455109));
#4319 = CARTESIAN_POINT('',(1.136835549064,4.33822641609,18.314139749164
    ));
#4320 = CARTESIAN_POINT('',(1.135380622593,4.332674177396,
    18.339735956692));
#4321 = CARTESIAN_POINT('',(1.132367531668,4.321176150153,
    18.385175876763));
#4322 = CARTESIAN_POINT('',(1.130894518302,4.315555092114,
    18.405103900091));
#4323 = CARTESIAN_POINT('',(1.129280338373,4.309395335365,
    18.424872367913));
#4324 = CARTESIAN_POINT('',(1.12752628353,4.302701808857,18.444462708007
    ));
#4325 = CARTESIAN_POINT('',(1.125633835721,4.295480167712,
    18.463856605328));
#4326 = CARTESIAN_POINT('',(1.123604667189,4.287736793221,
    18.483036002015));
#4327 = CARTESIAN_POINT('',(1.121440640473,4.279478792847,
    18.501983097386));
#4328 = CARTESIAN_POINT('',(1.117344574791,4.26384806094,18.535326922322
    ));
#4329 = CARTESIAN_POINT('',(1.115463841141,4.25667111321,18.549820219799
    ));
#4330 = CARTESIAN_POINT('',(1.113502593251,4.249186918837,
    18.564151824112));
#4331 = CARTESIAN_POINT('',(1.111461881991,4.241399487959,
    18.578313465732));
#4332 = CARTESIAN_POINT('',(1.109342823307,4.233313079042,
    18.592297021863));
#4333 = CARTESIAN_POINT('',(1.10714659822,4.224932198885,18.606094516444
    ));
#4334 = CARTESIAN_POINT('',(1.104874452826,4.216261602615,
    18.619698120145));
#4335 = CARTESIAN_POINT('',(1.100719832263,4.200407404775,
    18.643424653816));
#4336 = CARTESIAN_POINT('',(1.098867686348,4.193339541339,
    18.653629539499));
#4337 = CARTESIAN_POINT('',(1.096971859446,4.186104988781,
    18.663711299358));
#4338 = CARTESIAN_POINT('',(1.095032971065,4.178706111163,
    18.673666488957));
#4339 = CARTESIAN_POINT('',(1.093051661331,4.171145351215,
    18.683491727483));
#4340 = CARTESIAN_POINT('',(1.091028590983,4.163425230336,18.69318369775
    ));
#4341 = CARTESIAN_POINT('',(1.088964441375,4.155548348592,
    18.702739146192));
#4342 = CARTESIAN_POINT('',(1.08099614589,4.125140995181,18.738389615708
    ));
#4343 = CARTESIAN_POINT('',(1.074818876347,4.101568267447,
    18.763539899817));
#4344 = CARTESIAN_POINT('',(1.068343315705,4.076857242751,18.78753660283
    ));
#4345 = CARTESIAN_POINT('',(1.06158580531,4.051070280182,18.810314955361
    ));
#4346 = CARTESIAN_POINT('',(1.054563737162,4.024273748188,
    18.831814764855));
#4347 = CARTESIAN_POINT('',(1.047295473074,3.996537716093,
    18.851980629448));
#4348 = CARTESIAN_POINT('',(1.039800263832,3.967935645608,
    18.870762151817));
#4349 = CARTESIAN_POINT('',(1.007696829554,3.845427411043,
    18.943087771817));
#4350 = CARTESIAN_POINT('',(0.981205144235,3.744333827285,
    18.983744438796));
#4351 = CARTESIAN_POINT('',(0.953275685763,3.637753575759,
    19.008576581646));
#4352 = CARTESIAN_POINT('',(0.924627002658,3.528428669914,
    19.016727128542));
#4353 = CARTESIAN_POINT('',(0.895996416631,3.419172761,19.007931352477)
  );
#4354 = CARTESIAN_POINT('',(0.868118754777,3.312789981596,
    18.982494570586));
#4355 = CARTESIAN_POINT('',(0.841705833328,3.211996649815,
    18.941304150199));
#4356 = CARTESIAN_POINT('',(0.805269599504,3.072953533488,18.85820551967
    ));
#4357 = CARTESIAN_POINT('',(0.7936592101,3.028647472207,18.826979754549)
  );
#4358 = CARTESIAN_POINT('',(0.782648961209,2.986631538627,
    18.792376925417));
#4359 = CARTESIAN_POINT('',(0.772312144621,2.947185413948,
    18.754607990385));
#4360 = CARTESIAN_POINT('',(0.762716091006,2.910566029411,
    18.713912442478));
#4361 = CARTESIAN_POINT('',(0.753921536079,2.877005137227,
    18.670555833922));
#4362 = CARTESIAN_POINT('',(0.745981986754,2.846706881503,
    18.624827300428));
#4363 = CARTESIAN_POINT('',(0.735441067476,2.806481128095,
    18.553260317219));
#4364 = CARTESIAN_POINT('',(0.732161906506,2.793967267133,
    18.528972685537));
#4365 = CARTESIAN_POINT('',(0.729111213023,2.7823252028,18.504212367156)
  );
#4366 = CARTESIAN_POINT('',(0.726294071826,2.7715743299,18.479018417101)
  );
#4367 = CARTESIAN_POINT('',(0.723715043894,2.761732021521,18.4534307687)
  );
#4368 = CARTESIAN_POINT('',(0.721378166386,2.752813629041,
    18.427490233583));
#4369 = CARTESIAN_POINT('',(0.71928695264,2.744832482124,18.401238501679
    ));
#4370 = CARTESIAN_POINT('',(0.71652123122,2.734276413781,18.361430891392
    ));
#4371 = CARTESIAN_POINT('',(0.715660491469,2.730991028699,
    18.348076165502));
#4372 = CARTESIAN_POINT('',(0.71486253731,2.727945147158,18.334659291763
    ));
#4373 = CARTESIAN_POINT('',(0.714127707689,2.725140044761,
    18.321185626662));
#4374 = CARTESIAN_POINT('',(0.713456316103,2.722576859042,
    18.307660554968));
#4375 = CARTESIAN_POINT('',(0.712848650606,2.720256589457,
    18.294089489728));
#4376 = CARTESIAN_POINT('',(0.712304973803,2.718180097391,18.28047787227
    ));
#4377 = CARTESIAN_POINT('',(0.711420509813,2.714800543574,
    18.255303211843));
#4378 = CARTESIAN_POINT('',(0.711061009098,2.71342753758,18.243750233729
    ));
#4379 = CARTESIAN_POINT('',(0.710748981119,2.712229046824,
    18.232175415747));
#4380 = CARTESIAN_POINT('',(0.710480583706,2.711206475787,
    18.220582306888));
#4381 = CARTESIAN_POINT('',(0.710259933821,2.710359068495,
    18.208973964235));
#4382 = CARTESIAN_POINT('',(0.710088138661,2.709686782837,
    18.197353639653));
#4383 = CARTESIAN_POINT('',(0.709958168068,2.709191633964,
    18.185725099232));
#4384 = CARTESIAN_POINT('',(0.709876250815,2.708825266017,
    18.172493265199));
#4385 = CARTESIAN_POINT('',(0.709867431391,2.708784304071,
    18.170895762397));
#4386 = CARTESIAN_POINT('',(0.709859863393,2.708746562063,
    18.169298147091));
#4387 = CARTESIAN_POINT('',(0.709853582467,2.708712030875,
    18.167700425372));
#4388 = CARTESIAN_POINT('',(0.709848636431,2.70868069818,18.166102602786
    ));
#4389 = CARTESIAN_POINT('',(0.709845243301,2.708652507022,
    18.164504674597));
#4390 = CARTESIAN_POINT('',(0.709843949328,2.70862731439,18.162906616045
    ));
#4391 = CARTESIAN_POINT('',(0.709846540461,2.708595639612,18.16065311353
    ));
#4392 = CARTESIAN_POINT('',(0.7098478171,2.708586725741,18.159986898981)
  );
#4393 = CARTESIAN_POINT('',(0.709849779335,2.708578188004,
    18.159314125426));
#4394 = CARTESIAN_POINT('',(0.709852587582,2.708570081723,
    18.158641065783));
#4395 = CARTESIAN_POINT('',(0.709856400288,2.708562437728,
    18.157975869425));
#4396 = CARTESIAN_POINT('',(0.70986137393,2.70855526236,18.157328562181)
  );
#4397 = CARTESIAN_POINT('',(0.709867663014,2.708548537467,
    18.156711046329));
#4398 = CARTESIAN_POINT('',(0.709882725707,2.708536270979,
    18.155596556299));
#4399 = CARTESIAN_POINT('',(0.709897105482,2.708528877432,18.15505683318
    ));
#4400 = CARTESIAN_POINT('',(0.709910668198,2.708522104739,18.1545172229)
  );
#4401 = CARTESIAN_POINT('',(0.709921276273,2.708516510788,
    18.153977232157));
#4402 = CARTESIAN_POINT('',(0.709932545739,2.708511146383,
    18.153436582697));
#4403 = CARTESIAN_POINT('',(0.709953846251,2.708503555244,
    18.152895211315));
#4404 = CARTESIAN_POINT('',(0.710000301082,2.70848977401,18.152353269852
    ));
#4405 = CARTESIAN_POINT('',(0.71027444501,2.708414360371,18.15074626338)
  );
#4406 = CARTESIAN_POINT('',(0.711136283731,2.708188067534,
    18.150122513054));
#4407 = CARTESIAN_POINT('',(0.712404271873,2.707855613075,
    18.149788703057));
#4408 = CARTESIAN_POINT('',(0.713864883105,2.707471835006,
    18.149623130871));
#4409 = CARTESIAN_POINT('',(0.715365096176,2.707076249996,
    18.149533562625));
#4410 = CARTESIAN_POINT('',(0.716812394919,2.706693053371,
    18.149457233096));
#4411 = CARTESIAN_POINT('',(0.718174768247,2.706331119114,
    18.149360845706));
#4412 = CARTESIAN_POINT('',(0.721273242386,2.705507544952,18.14907548589
    ));
#4413 = CARTESIAN_POINT('',(0.725312344913,2.70443124475,18.14871592168)
  );
#4414 = CARTESIAN_POINT('',(0.730670667792,2.702994777273,
    18.148244198531));
#4415 = CARTESIAN_POINT('',(0.736660387107,2.701375776446,
    18.147720963257));
#4416 = CARTESIAN_POINT('',(0.742833204972,2.699689832107,
    18.147185190842));
#4417 = CARTESIAN_POINT('',(0.74898034953,2.697990490003,18.146654184447
    ));
#4418 = CARTESIAN_POINT('',(0.755132574958,2.696269251794,
    18.146123575406));
#4419 = CARTESIAN_POINT('',(0.802960923089,2.682773492132,
    18.141984444332));
#4420 = CARTESIAN_POINT('',(0.844162191264,2.670380750535,
    18.138415839173));
#4421 = CARTESIAN_POINT('',(0.885147991225,2.657281824161,
    18.134832603928));
#4422 = CARTESIAN_POINT('',(0.925906235102,2.64348054302,18.131266448814
    ));
#4423 = CARTESIAN_POINT('',(0.966421075541,2.628982088585,
    18.127686759557));
#4424 = CARTESIAN_POINT('',(1.006680022099,2.613791133174,
    18.124114984157));
#4425 = CARTESIAN_POINT('',(1.046668727017,2.597913202665,
    18.120540733732));
#4426 = CARTESIAN_POINT('',(1.205774797088,2.531556983182,
    18.106220522375));
#4427 = CARTESIAN_POINT('',(1.322613403568,2.475597243494,
    18.095475426436));
#4428 = CARTESIAN_POINT('',(1.436516990229,2.413631271959,
    18.084732692608));
#4429 = CARTESIAN_POINT('',(1.547128059629,2.345840885097,
    18.073992985134));
#4430 = CARTESIAN_POINT('',(1.654104860408,2.272432667276,
    18.063256877001));
#4431 = CARTESIAN_POINT('',(1.75712199486,2.193637471658,18.052524964281
    ));
#4432 = CARTESIAN_POINT('',(1.855871026512,2.109709921157,
    18.041797980477));
#4433 = CARTESIAN_POINT('',(2.043236613982,1.93310218165,18.020471319442
    ));
#4434 = CARTESIAN_POINT('',(2.131955036927,1.840522076504,
    18.009871055092));
#4435 = CARTESIAN_POINT('',(2.215935234145,1.743456819688,
    17.999277104936));
#4436 = CARTESIAN_POINT('',(2.294918431745,1.642192679324,
    17.988690128568));
#4437 = CARTESIAN_POINT('',(2.368668493914,1.537032273137,
    17.978110620371));
#4438 = CARTESIAN_POINT('',(2.436972212501,1.428293875666,
    17.967539071837));
#4439 = CARTESIAN_POINT('',(2.499639596597,1.316310725478,
    17.956976133891));
#4440 = CARTESIAN_POINT('',(2.625636421437,1.061766183828,
    17.933592693461));
#4441 = CARTESIAN_POINT('',(2.686197577787,0.917809413556,
    17.920775800954));
#4442 = CARTESIAN_POINT('',(2.737885674617,0.770187469108,
    17.907974139885));
#4443 = CARTESIAN_POINT('',(2.780462117707,0.619543442327,
    17.895188905335));
#4444 = CARTESIAN_POINT('',(2.81374659305,0.466532847351,17.88242091122)
  );
#4445 = CARTESIAN_POINT('',(2.83761514815,0.311821274785,17.869671028293
    ));
#4446 = CARTESIAN_POINT('',(2.852001436762,0.156082922065,17.85694059819
    ));
#4447 = CARTESIAN_POINT('',(2.856901127061,-1.211247061203E-15,
    17.844231823529));
#4448 = PCURVE('',#185,#4449);
#4449 = DEFINITIONAL_REPRESENTATION('',(#4450),#4593);
#4450 = B_SPLINE_CURVE_WITH_KNOTS('',8,(#4451,#4452,#4453,#4454,#4455,
    #4456,#4457,#4458,#4459,#4460,#4461,#4462,#4463,#4464,#4465,#4466,
    #4467,#4468,#4469,#4470,#4471,#4472,#4473,#4474,#4475,#4476,#4477,
    #4478,#4479,#4480,#4481,#4482,#4483,#4484,#4485,#4486,#4487,#4488,
    #4489,#4490,#4491,#4492,#4493,#4494,#4495,#4496,#4497,#4498,#4499,
    #4500,#4501,#4502,#4503,#4504,#4505,#4506,#4507,#4508,#4509,#4510,
    #4511,#4512,#4513,#4514,#4515,#4516,#4517,#4518,#4519,#4520,#4521,
    #4522,#4523,#4524,#4525,#4526,#4527,#4528,#4529,#4530,#4531,#4532,
    #4533,#4534,#4535,#4536,#4537,#4538,#4539,#4540,#4541,#4542,#4543,
    #4544,#4545,#4546,#4547,#4548,#4549,#4550,#4551,#4552,#4553,#4554,
    #4555,#4556,#4557,#4558,#4559,#4560,#4561,#4562,#4563,#4564,#4565,
    #4566,#4567,#4568,#4569,#4570,#4571,#4572,#4573,#4574,#4575,#4576,
    #4577,#4578,#4579,#4580,#4581,#4582,#4583,#4584,#4585,#4586,#4587,
    #4588,#4589,#4590,#4591,#4592),.UNSPECIFIED.,.F.,.F.,(9,7,7,7,7,7,7,
    7,7,7,7,7,7,7,7,7,7,7,7,7,9),(0.,2.229376558211E-03,
    6.061672813206E-02,0.106801476357,0.142980504286,0.170851691877,
    0.248508192392,0.494535080043,0.617343531406,0.678443656012,
    0.709056083829,0.734915731391,0.738466227006,0.739921884149,
    0.741292827692,0.743985587702,0.747681662595,0.771488470257,
    0.843080227077,0.913900858628,1.),.UNSPECIFIED.);
#4451 = CARTESIAN_POINT('',(0.,43.028881434182));
#4452 = CARTESIAN_POINT('',(1.187859557449E-03,43.028888686726));
#4453 = CARTESIAN_POINT('',(2.378647337767E-03,43.02888958584));
#4454 = CARTESIAN_POINT('',(3.570595672073E-03,43.028887732388));
#4455 = CARTESIAN_POINT('',(4.762501761085E-03,43.028885630232));
#4456 = CARTESIAN_POINT('',(5.953727675119E-03,43.028884686239));
#4457 = CARTESIAN_POINT('',(7.144200354088E-03,43.028885210278));
#4458 = CARTESIAN_POINT('',(8.334411607505E-03,43.02888641522));
#4459 = CARTESIAN_POINT('',(4.071786758816E-02,43.028886461994));
#4460 = CARTESIAN_POINT('',(7.188060269872E-02,43.028886435282));
#4461 = CARTESIAN_POINT('',(0.103015550278,43.028886416518));
#4462 = CARTESIAN_POINT('',(0.134124659575,43.028886425343));
#4463 = CARTESIAN_POINT('',(0.165209849644,43.028886446704));
#4464 = CARTESIAN_POINT('',(0.196272956736,43.028886456243));
#4465 = CARTESIAN_POINT('',(0.227315681684,43.028886445676));
#4466 = CARTESIAN_POINT('',(0.282879594718,43.028886450156));
#4467 = CARTESIAN_POINT('',(0.307407896236,43.028886452136));
#4468 = CARTESIAN_POINT('',(0.331925240771,43.028886454116));
#4469 = CARTESIAN_POINT('',(0.356432393766,43.028886456094));
#4470 = CARTESIAN_POINT('',(0.380930087187,43.028886458068));
#4471 = CARTESIAN_POINT('',(0.405419019523,43.028886460033));
#4472 = CARTESIAN_POINT('',(0.429899855783,43.028886461986));
#4473 = CARTESIAN_POINT('',(0.473544552079,43.02888646544));
#4474 = CARTESIAN_POINT('',(0.492711302447,43.028886466947));
#4475 = CARTESIAN_POINT('',(0.511873782773,43.028886468442));
#4476 = CARTESIAN_POINT('',(0.531032285179,43.028886469924));
#4477 = CARTESIAN_POINT('',(0.550187089738,43.028886471389));
#4478 = CARTESIAN_POINT('',(0.569338464475,43.028886472837));
#4479 = CARTESIAN_POINT('',(0.588486665367,43.028886474265));
#4480 = CARTESIAN_POINT('',(0.622380852204,43.028886476754));
#4481 = CARTESIAN_POINT('',(0.637128031086,43.028886477824));
#4482 = CARTESIAN_POINT('',(0.651873584729,43.02888647888));
#4483 = CARTESIAN_POINT('',(0.666617620879,43.028886479921));
#4484 = CARTESIAN_POINT('',(0.681360243294,43.028886480946));
#4485 = CARTESIAN_POINT('',(0.696101551738,43.028886481954));
#4486 = CARTESIAN_POINT('',(0.710841641983,43.028886482944));
#4487 = CARTESIAN_POINT('',(0.766647257476,43.028886486622));
#4488 = CARTESIAN_POINT('',(0.807705408677,43.028886489183));
#4489 = CARTESIAN_POINT('',(0.848756702238,43.028886491576));
#4490 = CARTESIAN_POINT('',(0.889802872572,43.02888649378));
#4491 = CARTESIAN_POINT('',(0.930845596119,43.028886495773));
#4492 = CARTESIAN_POINT('',(0.971886341783,43.028886497534));
#4493 = CARTESIAN_POINT('',(1.012926221366,43.028886499039));
#4494 = CARTESIAN_POINT('',(1.183985214798,43.028886504156));
#4495 = CARTESIAN_POINT('',(1.314075525518,43.028886505269));
#4496 = CARTESIAN_POINT('',(1.444157066763,43.028886502814));
#4497 = CARTESIAN_POINT('',(1.574246703728,43.028886496159));
#4498 = CARTESIAN_POINT('',(1.704381927757,43.028886484267));
#4499 = CARTESIAN_POINT('',(1.834591851972,43.028886466063));
#4500 = CARTESIAN_POINT('',(1.964868537628,43.028886440114));
#4501 = CARTESIAN_POINT('',(2.160095290202,43.028886382932));
#4502 = CARTESIAN_POINT('',(2.225106131193,43.028886361089));
#4503 = CARTESIAN_POINT('',(2.290120380783,43.028886335162));
#4504 = CARTESIAN_POINT('',(2.355136859413,43.028886304709));
#4505 = CARTESIAN_POINT('',(2.420155950103,43.028886269098));
#4506 = CARTESIAN_POINT('',(2.485178156568,43.028886226478));
#4507 = CARTESIAN_POINT('',(2.550202661324,43.02888617275));
#4508 = CARTESIAN_POINT('',(2.647576483063,43.028886064616));
#4509 = CARTESIAN_POINT('',(2.67992732627,43.028886022566));
#4510 = CARTESIAN_POINT('',(2.712278355617,43.028885975767));
#4511 = CARTESIAN_POINT('',(2.744629520142,43.028885923315));
#4512 = CARTESIAN_POINT('',(2.776980775721,43.028885862035));
#4513 = CARTESIAN_POINT('',(2.809332085073,43.028885786478));
#4514 = CARTESIAN_POINT('',(2.841683417758,43.028885688917));
#4515 = CARTESIAN_POINT('',(2.890243437722,43.028885494439));
#4516 = CARTESIAN_POINT('',(2.906452130254,43.028885418268));
#4517 = CARTESIAN_POINT('',(2.922660826472,43.028885333152));
#4518 = CARTESIAN_POINT('',(2.938869524061,43.028885237312));
#4519 = CARTESIAN_POINT('',(2.955078219687,43.028885124879));
#4520 = CARTESIAN_POINT('',(2.971286909001,43.02888498589));
#4521 = CARTESIAN_POINT('',(2.987495586638,43.028884806296));
#4522 = CARTESIAN_POINT('',(3.017396405059,43.028884366614));
#4523 = CARTESIAN_POINT('',(3.031088591647,43.028884253062));
#4524 = CARTESIAN_POINT('',(3.044780568528,43.028883476188));
#4525 = CARTESIAN_POINT('',(3.058472842441,43.028883640223));
#4526 = CARTESIAN_POINT('',(3.072164896369,43.028883100986));
#4527 = CARTESIAN_POINT('',(3.085856595825,43.028881432394));
#4528 = CARTESIAN_POINT('',(3.099548846813,43.028881514382));
#4529 = CARTESIAN_POINT('',(3.115119302917,43.028876145189));
#4530 = CARTESIAN_POINT('',(3.11699899679,43.028875415566));
#4531 = CARTESIAN_POINT('',(3.118878641582,43.028874530621));
#4532 = CARTESIAN_POINT('',(3.120758233057,43.028873475858));
#4533 = CARTESIAN_POINT('',(3.122637765156,43.028872231829));
#4534 = CARTESIAN_POINT('',(3.12451720953,43.028870709774));
#4535 = CARTESIAN_POINT('',(3.126396495055,43.028868687274));
#4536 = CARTESIAN_POINT('',(3.129045849832,43.028864537154));
#4537 = CARTESIAN_POINT('',(3.129829008925,43.028863160637));
#4538 = CARTESIAN_POINT('',(3.130619765295,43.028861560442));
#4539 = CARTESIAN_POINT('',(3.131410711469,43.02885968097));
#4540 = CARTESIAN_POINT('',(3.13219223185,43.028857464925));
#4541 = CARTESIAN_POINT('',(3.132952502709,43.028854853319));
#4542 = CARTESIAN_POINT('',(3.133677492194,43.028851785467));
#4543 = CARTESIAN_POINT('',(3.134985235218,43.028844821235));
#4544 = CARTESIAN_POINT('',(3.135617131474,43.028838603802));
#4545 = CARTESIAN_POINT('',(3.136249077292,43.028832759688));
#4546 = CARTESIAN_POINT('',(3.136882085259,43.028828159087));
#4547 = CARTESIAN_POINT('',(3.137515752351,43.028823329394));
#4548 = CARTESIAN_POINT('',(3.138148259929,43.028814455204));
#4549 = CARTESIAN_POINT('',(3.138776373744,43.028795378311));
#4550 = CARTESIAN_POINT('',(3.140611400235,43.028683390361));
#4551 = CARTESIAN_POINT('',(3.141171048615,43.028332406263));
#4552 = CARTESIAN_POINT('',(3.141307531738,43.027816065568));
#4553 = CARTESIAN_POINT('',(3.141207122651,43.027221204187));
#4554 = CARTESIAN_POINT('',(3.141009224775,43.026610073791));
#4555 = CARTESIAN_POINT('',(3.14080637191,43.026020341816));
#4556 = CARTESIAN_POINT('',(3.140644228232,43.025465091457));
#4557 = CARTESIAN_POINT('',(3.140353253065,43.024202229643));
#4558 = CARTESIAN_POINT('',(3.139959193027,43.02255572059));
#4559 = CARTESIAN_POINT('',(3.139429781215,43.020370563185));
#4560 = CARTESIAN_POINT('',(3.138832519735,43.017926560437));
#4561 = CARTESIAN_POINT('',(3.138212039765,43.015406049689));
#4562 = CARTESIAN_POINT('',(3.137590101563,43.012893902619));
#4563 = CARTESIAN_POINT('',(3.136965594456,43.010377525241));
#4564 = CARTESIAN_POINT('',(3.132121006246,42.990802452507));
#4565 = CARTESIAN_POINT('',(3.127910448774,42.973857788127));
#4566 = CARTESIAN_POINT('',(3.123717180281,42.956913720131));
#4567 = CARTESIAN_POINT('',(3.11950344048,42.939969561365));
#4568 = CARTESIAN_POINT('',(3.115305573408,42.923026199416));
#4569 = CARTESIAN_POINT('',(3.111098019101,42.906083203675));
#4570 = CARTESIAN_POINT('',(3.106893074106,42.889140952642));
#4571 = CARTESIAN_POINT('',(3.090038493893,42.821253177373));
#4572 = CARTESIAN_POINT('',(3.077384111782,42.770312875084));
#4573 = CARTESIAN_POINT('',(3.064722135349,42.719383417515));
#4574 = CARTESIAN_POINT('',(3.052050287056,42.668468054378));
#4575 = CARTESIAN_POINT('',(3.039365979084,42.617569250604));
#4576 = CARTESIAN_POINT('',(3.026666565604,42.566689486155));
#4577 = CARTESIAN_POINT('',(3.013949595056,42.51583205583));
#4578 = CARTESIAN_POINT('',(2.988613716826,42.414719181682));
#4579 = CARTESIAN_POINT('',(2.975994638498,42.364460885751));
#4580 = CARTESIAN_POINT('',(2.963353805468,42.31423164522));
#4581 = CARTESIAN_POINT('',(2.950688789297,42.264034656704));
#4582 = CARTESIAN_POINT('',(2.937996925002,42.213872396591));
#4583 = CARTESIAN_POINT('',(2.92527548099,42.163747368144));
#4584 = CARTESIAN_POINT('',(2.912521828992,42.113662848598));
#4585 = CARTESIAN_POINT('',(2.884186529673,42.002789199703));
#4586 = CARTESIAN_POINT('',(2.868587186324,41.942017122268));
#4587 = CARTESIAN_POINT('',(2.852931686937,41.881317393993));
#4588 = CARTESIAN_POINT('',(2.837214889148,41.820695990636));
#4589 = CARTESIAN_POINT('',(2.821430830872,41.760156983104));
#4590 = CARTESIAN_POINT('',(2.805573174176,41.699704574015));
#4591 = CARTESIAN_POINT('',(2.789635667398,41.639345061388));
#4592 = CARTESIAN_POINT('',(2.773612625522,41.579088729465));
#4593 = ( GEOMETRIC_REPRESENTATION_CONTEXT(2) 
PARAMETRIC_REPRESENTATION_CONTEXT() REPRESENTATION_CONTEXT('2D SPACE',''
  ) );
#4594 = PCURVE('',#4595,#4600);
#4595 = TOROIDAL_SURFACE('',#4596,3.65,0.85);
#4596 = AXIS2_PLACEMENT_3D('',#4597,#4598,#4599);
#4597 = CARTESIAN_POINT('',(0.,0.,18.15));
#4598 = DIRECTION('',(0.,0.,1.));
#4599 = DIRECTION('',(1.,0.,-0.));
#4600 = DEFINITIONAL_REPRESENTATION('',(#4601),#4744);
#4601 = B_SPLINE_CURVE_WITH_KNOTS('',8,(#4602,#4603,#4604,#4605,#4606,
    #4607,#4608,#4609,#4610,#4611,#4612,#4613,#4614,#4615,#4616,#4617,
    #4618,#4619,#4620,#4621,#4622,#4623,#4624,#4625,#4626,#4627,#4628,
    #4629,#4630,#4631,#4632,#4633,#4634,#4635,#4636,#4637,#4638,#4639,
    #4640,#4641,#4642,#4643,#4644,#4645,#4646,#4647,#4648,#4649,#4650,
    #4651,#4652,#4653,#4654,#4655,#4656,#4657,#4658,#4659,#4660,#4661,
    #4662,#4663,#4664,#4665,#4666,#4667,#4668,#4669,#4670,#4671,#4672,
    #4673,#4674,#4675,#4676,#4677,#4678,#4679,#4680,#4681,#4682,#4683,
    #4684,#4685,#4686,#4687,#4688,#4689,#4690,#4691,#4692,#4693,#4694,
    #4695,#4696,#4697,#4698,#4699,#4700,#4701,#4702,#4703,#4704,#4705,
    #4706,#4707,#4708,#4709,#4710,#4711,#4712,#4713,#4714,#4715,#4716,
    #4717,#4718,#4719,#4720,#4721,#4722,#4723,#4724,#4725,#4726,#4727,
    #4728,#4729,#4730,#4731,#4732,#4733,#4734,#4735,#4736,#4737,#4738,
    #4739,#4740,#4741,#4742,#4743),.UNSPECIFIED.,.F.,.F.,(9,7,7,7,7,7,7,
    7,7,7,7,7,7,7,7,7,7,7,7,7,9),(0.,2.229376558211E-03,
    6.061672813206E-02,0.106801476357,0.142980504286,0.170851691877,
    0.248508192392,0.494535080043,0.617343531406,0.678443656012,
    0.709056083829,0.734915731391,0.738466227006,0.739921884149,
    0.741292827692,0.743985587702,0.747681662595,0.771488470257,
    0.843080227077,0.913900858628,1.),.UNSPECIFIED.);
#4602 = CARTESIAN_POINT('',(1.314503763391,1.011719892936E-11));
#4603 = CARTESIAN_POINT('',(1.314510338497,1.174274992851E-03));
#4604 = CARTESIAN_POINT('',(1.314511153642,2.348352754046E-03));
#4605 = CARTESIAN_POINT('',(1.314509473332,3.522277718684E-03));
#4606 = CARTESIAN_POINT('',(1.314507567546,4.696106703561E-03));
#4607 = CARTESIAN_POINT('',(1.314506711738,5.869908917289E-03));
#4608 = CARTESIAN_POINT('',(1.314507186832,7.043765960294E-03));
#4609 = CARTESIAN_POINT('',(1.314508279227,8.217771824817E-03));
#4610 = CARTESIAN_POINT('',(1.314508321827,4.014591953058E-02));
#4611 = CARTESIAN_POINT('',(1.314508297856,7.091740690081E-02));
#4612 = CARTESIAN_POINT('',(1.314508281155,0.101705178777));
#4613 = CARTESIAN_POINT('',(1.314508289532,0.13250805237));
#4614 = CARTESIAN_POINT('',(1.314508309341,0.163324938648));
#4615 = CARTESIAN_POINT('',(1.314508318494,0.194154802664));
#4616 = CARTESIAN_POINT('',(1.314508309482,0.224996623876));
#4617 = CARTESIAN_POINT('',(1.314508314677,0.280254054552));
#4618 = CARTESIAN_POINT('',(1.314508317013,0.304665625114));
#4619 = CARTESIAN_POINT('',(1.31450831939,0.329083593043));
#4620 = CARTESIAN_POINT('',(1.314508321805,0.353507503651));
#4621 = CARTESIAN_POINT('',(1.314508324255,0.377936922671));
#4622 = CARTESIAN_POINT('',(1.314508326738,0.402371436263));
#4623 = CARTESIAN_POINT('',(1.314508329251,0.426810651009));
#4624 = CARTESIAN_POINT('',(1.314508333777,0.470402151965));
#4625 = CARTESIAN_POINT('',(1.314508335781,0.489552771625));
#4626 = CARTESIAN_POINT('',(1.314508337798,0.508705874135));
#4627 = CARTESIAN_POINT('',(1.314508339828,0.527861287879));
#4628 = CARTESIAN_POINT('',(1.314508341868,0.547018848391));
#4629 = CARTESIAN_POINT('',(1.314508343917,0.566178398354));
#4630 = CARTESIAN_POINT('',(1.314508345972,0.585339787599));
#4631 = CARTESIAN_POINT('',(1.314508349619,0.619265512723));
#4632 = CARTESIAN_POINT('',(1.314508351209,0.634029160563));
#4633 = CARTESIAN_POINT('',(1.3145083528,0.648793751376));
#4634 = CARTESIAN_POINT('',(1.314508354393,0.66355922225));
#4635 = CARTESIAN_POINT('',(1.314508355986,0.678325512614));
#4636 = CARTESIAN_POINT('',(1.314508357578,0.693092564235));
#4637 = CARTESIAN_POINT('',(1.314508359168,0.707860321219));
#4638 = CARTESIAN_POINT('',(1.314508365181,0.763777423122));
#4639 = CARTESIAN_POINT('',(1.314508369585,0.804931420868));
#4640 = CARTESIAN_POINT('',(1.31450837395,0.846089215258));
#4641 = CARTESIAN_POINT('',(1.314508378256,0.887249761976));
#4642 = CARTESIAN_POINT('',(1.314508382482,0.928412307568));
#4643 = CARTESIAN_POINT('',(1.314508386608,0.969576216629));
#4644 = CARTESIAN_POINT('',(1.314508390611,1.010740798989));
#4645 = CARTESIAN_POINT('',(1.314508406692,1.182319640157));
#4646 = CARTESIAN_POINT('',(1.314508417479,1.312805481014));
#4647 = CARTESIAN_POINT('',(1.314508426052,1.443234064587));
#4648 = CARTESIAN_POINT('',(1.314508431738,1.573601917686));
#4649 = CARTESIAN_POINT('',(1.314508433442,1.703946009687));
#4650 = CARTESIAN_POINT('',(1.314508429937,1.834305342407));
#4651 = CARTESIAN_POINT('',(1.314508419518,1.964684736091));
#4652 = CARTESIAN_POINT('',(1.314508386711,2.160014179137));
#4653 = CARTESIAN_POINT('',(1.314508373145,2.225050684954));
#4654 = CARTESIAN_POINT('',(1.314508355714,2.290083648963));
#4655 = CARTESIAN_POINT('',(1.314508333947,2.355113372001));
#4656 = CARTESIAN_POINT('',(1.314508307197,2.420141575173));
#4657 = CARTESIAN_POINT('',(1.314508273709,2.485169912118));
#4658 = CARTESIAN_POINT('',(1.314508229694,2.550198481288));
#4659 = CARTESIAN_POINT('',(1.314508137903,2.647576248175));
#4660 = CARTESIAN_POINT('',(1.314508101725,2.679928052671));
#4661 = CARTESIAN_POINT('',(1.314508061102,2.712279773009));
#4662 = CARTESIAN_POINT('',(1.314508015209,2.74463142666));
#4663 = CARTESIAN_POINT('',(1.314507961158,2.776983027254));
#4664 = CARTESIAN_POINT('',(1.314507894002,2.809334584586));
#4665 = CARTESIAN_POINT('',(1.314507806731,2.841686104612));
#4666 = CARTESIAN_POINT('',(1.314507631925,2.890246353357));
#4667 = CARTESIAN_POINT('',(1.314507563329,2.906455115487));
#4668 = CARTESIAN_POINT('',(1.314507486578,2.92266387623));
#4669 = CARTESIAN_POINT('',(1.31450740006,2.938872636558));
#4670 = CARTESIAN_POINT('',(1.314507298453,2.955081398027));
#4671 = CARTESIAN_POINT('',(1.314507172724,2.971290162771));
#4672 = CARTESIAN_POINT('',(1.314507010133,2.987498933512));
#4673 = CARTESIAN_POINT('',(1.314506611848,3.017399974145));
#4674 = CARTESIAN_POINT('',(1.314506509028,3.031092217686));
#4675 = CARTESIAN_POINT('',(1.314505804749,3.044784579941));
#4676 = CARTESIAN_POINT('',(1.314505953548,3.058476771885));
#4677 = CARTESIAN_POINT('',(1.314505464667,3.072169092634));
#4678 = CARTESIAN_POINT('',(1.314503951782,3.085861619259));
#4679 = CARTESIAN_POINT('',(1.314504026092,3.099553828655));
#4680 = CARTESIAN_POINT('',(1.314499157843,3.11512694816));
#4681 = CARTESIAN_POINT('',(1.314498496295,3.117007003981));
#4682 = CARTESIAN_POINT('',(1.314497693916,3.118887087798));
#4683 = CARTESIAN_POINT('',(1.314496737566,3.120767202568));
#4684 = CARTESIAN_POINT('',(1.314495609609,3.122647351887));
#4685 = CARTESIAN_POINT('',(1.31449422957,3.124527551449));
#4686 = CARTESIAN_POINT('',(1.314492395783,3.126407840507));
#4687 = CARTESIAN_POINT('',(1.314488632903,3.129059254592));
#4688 = CARTESIAN_POINT('',(1.314487384826,3.129843096725));
#4689 = CARTESIAN_POINT('',(1.314485933944,3.130634647133));
#4690 = CARTESIAN_POINT('',(1.314484229845,3.131426525938));
#4691 = CARTESIAN_POINT('',(1.314482220579,3.132209145973));
#4692 = CARTESIAN_POINT('',(1.314479852663,3.132970712784));
#4693 = CARTESIAN_POINT('',(1.314477071074,3.133697224634));
#4694 = CARTESIAN_POINT('',(1.314470756682,3.135008423553));
#4695 = CARTESIAN_POINT('',(1.314465119409,3.135643405153));
#4696 = CARTESIAN_POINT('',(1.314459820618,3.136278251057));
#4697 = CARTESIAN_POINT('',(1.314455649306,3.136913542019));
#4698 = CARTESIAN_POINT('',(1.314451270278,3.137549605792));
#4699 = CARTESIAN_POINT('',(1.314443224155,3.138186517125));
#4700 = CARTESIAN_POINT('',(1.31442592737,3.138824097763));
#4701 = CARTESIAN_POINT('',(1.314324389279,3.140714697904));
#4702 = CARTESIAN_POINT('',(1.314006156396,3.141448522379));
#4703 = CARTESIAN_POINT('',(1.313537996754,3.141841239482));
#4704 = CARTESIAN_POINT('',(1.312998643377,3.142036029492));
#4705 = CARTESIAN_POINT('',(1.312444539071,3.142141403365));
#4706 = CARTESIAN_POINT('',(1.311909836434,3.142231202728));
#4707 = CARTESIAN_POINT('',(1.311406397845,3.142344599881));
#4708 = CARTESIAN_POINT('',(1.3102613768,3.142680317444));
#4709 = CARTESIAN_POINT('',(1.308768507589,3.143103334336));
#4710 = CARTESIAN_POINT('',(1.306787252628,3.143658303294));
#4711 = CARTESIAN_POINT('',(1.304571305808,3.144273875474));
#4712 = CARTESIAN_POINT('',(1.30228599012,3.144904198361));
#4713 = CARTESIAN_POINT('',(1.300008257655,3.145528915771));
#4714 = CARTESIAN_POINT('',(1.297726689602,3.146153167851));
#4715 = CARTESIAN_POINT('',(1.279978214679,3.151022800036));
#4716 = CARTESIAN_POINT('',(1.264614697668,3.155221322001));
#4717 = CARTESIAN_POINT('',(1.249251721195,3.159437274759));
#4718 = CARTESIAN_POINT('',(1.233888662665,3.163633465493));
#4719 = CARTESIAN_POINT('',(1.218526327275,3.167846024395));
#4720 = CARTESIAN_POINT('',(1.203164325041,3.172049832025));
#4721 = CARTESIAN_POINT('',(1.187802999566,3.176257224258));
#4722 = CARTESIAN_POINT('',(1.126250017187,3.193117268177));
#4723 = CARTESIAN_POINT('',(1.080063110403,3.205775230144));
#4724 = CARTESIAN_POINT('',(1.033886065569,3.218440623047));
#4725 = CARTESIAN_POINT('',(0.98772183814,3.231115777213));
#4726 = CARTESIAN_POINT('',(0.941572668686,3.243803156857));
#4727 = CARTESIAN_POINT('',(0.895440807542,3.256505235625));
#4728 = CARTESIAN_POINT('',(0.84932923945,3.26922437214));
#4729 = CARTESIAN_POINT('',(0.757651984955,3.294563792708));
#4730 = CARTESIAN_POINT('',(0.712083712031,3.307184213452));
#4731 = CARTESIAN_POINT('',(0.6665418118,3.319825958138));
#4732 = CARTESIAN_POINT('',(0.621029172459,3.332491485207));
#4733 = CARTESIAN_POINT('',(0.575548027072,3.345183520928));
#4734 = CARTESIAN_POINT('',(0.530100632605,3.357904879148));
#4735 = CARTESIAN_POINT('',(0.484689948964,3.370658281044));
#4736 = CARTESIAN_POINT('',(0.384162856388,3.398992868745));
#4737 = CARTESIAN_POINT('',(0.329061895447,3.414591715683));
#4738 = CARTESIAN_POINT('',(0.274026477305,3.430246775274));
#4739 = CARTESIAN_POINT('',(0.219062010302,3.44596334936));
#4740 = CARTESIAN_POINT('',(0.164172184964,3.461747516092));
#4741 = CARTESIAN_POINT('',(0.109360820955,3.47760566456));
#4742 = CARTESIAN_POINT('',(5.463364503105E-02,3.493544030008));
#4743 = CARTESIAN_POINT('',(0.,3.509568229631));
#4744 = ( GEOMETRIC_REPRESENTATION_CONTEXT(2) 
PARAMETRIC_REPRESENTATION_CONTEXT() REPRESENTATION_CONTEXT('2D SPACE',''
  ) );
#4745 = ORIENTED_EDGE('',*,*,#4746,.T.);
#4746 = EDGE_CURVE('',#4302,#4187,#4747,.T.);
#4747 = SURFACE_CURVE('',#4748,(#4901,#5057),.PCURVE_S1.);
#4748 = B_SPLINE_CURVE_WITH_KNOTS('',7,(#4749,#4750,#4751,#4752,#4753,
    #4754,#4755,#4756,#4757,#4758,#4759,#4760,#4761,#4762,#4763,#4764,
    #4765,#4766,#4767,#4768,#4769,#4770,#4771,#4772,#4773,#4774,#4775,
    #4776,#4777,#4778,#4779,#4780,#4781,#4782,#4783,#4784,#4785,#4786,
    #4787,#4788,#4789,#4790,#4791,#4792,#4793,#4794,#4795,#4796,#4797,
    #4798,#4799,#4800,#4801,#4802,#4803,#4804,#4805,#4806,#4807,#4808,
    #4809,#4810,#4811,#4812,#4813,#4814,#4815,#4816,#4817,#4818,#4819,
    #4820,#4821,#4822,#4823,#4824,#4825,#4826,#4827,#4828,#4829,#4830,
    #4831,#4832,#4833,#4834,#4835,#4836,#4837,#4838,#4839,#4840,#4841,
    #4842,#4843,#4844,#4845,#4846,#4847,#4848,#4849,#4850,#4851,#4852,
    #4853,#4854,#4855,#4856,#4857,#4858,#4859,#4860,#4861,#4862,#4863,
    #4864,#4865,#4866,#4867,#4868,#4869,#4870,#4871,#4872,#4873,#4874,
    #4875,#4876,#4877,#4878,#4879,#4880,#4881,#4882,#4883,#4884,#4885,
    #4886,#4887,#4888,#4889,#4890,#4891,#4892,#4893,#4894,#4895,#4896,
    #4897,#4898,#4899,#4900),.UNSPECIFIED.,.F.,.F.,(8,6,6,6,6,6,6,6,6,6,
    6,6,6,6,6,6,6,6,6,6,6,6,6,6,6,8),(0.,8.370555824527E-02,
    0.140721644463,0.216654452626,0.297341495381,0.335239415671,
    0.354593965945,0.374941378571,0.394440151016,0.41290227823,
    0.424827015313,0.430753231348,0.436372416517,0.440855030088,
    0.450525973614,0.458237411927,0.469045724507,0.484520165585,
    0.508132441438,0.52817708038,0.548267611901,0.61675769652,
    0.712989395685,0.810734355902,0.886525548005,1.),.UNSPECIFIED.);
#4749 = CARTESIAN_POINT('',(2.856901127061,-8.881784197001E-16,
    17.844231823529));
#4750 = CARTESIAN_POINT('',(2.86321423341,-0.201108238755,
    17.827856942441));
#4751 = CARTESIAN_POINT('',(2.85345089856,-0.40283048831,17.811516345359
    ));
#4752 = CARTESIAN_POINT('',(2.827592786978,-0.60359746951,
    17.795215501648));
#4753 = CARTESIAN_POINT('',(2.785826061271,-0.801888668558,
    17.778957040434));
#4754 = CARTESIAN_POINT('',(2.728509243063,-0.996234892832,
    17.762742820751));
#4755 = CARTESIAN_POINT('',(2.656166554267,-1.185225452712,
    17.746575861358));
#4756 = CARTESIAN_POINT('',(2.510478358616,-1.491689977996,
    17.719486253564));
#4757 = CARTESIAN_POINT('',(2.444802170686,-1.612763647818,
    17.708534155903));
#4758 = CARTESIAN_POINT('',(2.372698088245,-1.730322559552,
    17.697607250766));
#4759 = CARTESIAN_POINT('',(2.294416648693,-1.843974345543,
    17.686706557098));
#4760 = CARTESIAN_POINT('',(2.210237538841,-1.953353135522,
    17.675832990352));
#4761 = CARTESIAN_POINT('',(2.120468120196,-2.058120002299,
    17.66498765358));
#4762 = CARTESIAN_POINT('',(1.898888132184,-2.290932725967,
    17.639768242792));
#4763 = CARTESIAN_POINT('',(1.763000220711,-2.415181164299,
    17.625416011677));
#4764 = CARTESIAN_POINT('',(1.618570639273,-2.529964980548,
    17.611119811074));
#4765 = CARTESIAN_POINT('',(1.466452157817,-2.634661749411,
    17.596882411698));
#4766 = CARTESIAN_POINT('',(1.307542718254,-2.72875716397,
    17.582706358024));
#4767 = CARTESIAN_POINT('',(1.142779389735,-2.811844692655,
    17.568595319573));
#4768 = CARTESIAN_POINT('',(0.792882312801,-2.959926551748,
    17.539636455953));
#4769 = CARTESIAN_POINT('',(0.607086037638,-3.023476573374,
    17.524795125668));
#4770 = CARTESIAN_POINT('',(0.41693312244,-3.073931371015,
    17.510039463981));
#4771 = CARTESIAN_POINT('',(0.223591553851,-3.111124864659,
    17.495375592527));
#4772 = CARTESIAN_POINT('',(2.820370266558E-02,-3.13504378366,
    17.480809353106));
#4773 = CARTESIAN_POINT('',(-0.168118878659,-3.14583758764,
    17.466349210753));
#4774 = CARTESIAN_POINT('',(-0.456433710057,-3.142954961351,
    17.445275630815));
#4775 = CARTESIAN_POINT('',(-0.548547368292,-3.139219641963,
    17.43856720805));
#4776 = CARTESIAN_POINT('',(-0.640524020617,-3.13270891074,
    17.431886606059));
#4777 = CARTESIAN_POINT('',(-0.732259209332,-3.123470570716,
    17.425235289543));
#4778 = CARTESIAN_POINT('',(-0.823653934836,-3.111564386342,
    17.418614953417));
#4779 = CARTESIAN_POINT('',(-0.914614868655,-3.097064906639,
    17.412027741614));
#4780 = CARTESIAN_POINT('',(-1.051242316728,-3.07138203563,
    17.402130715126));
#4781 = CARTESIAN_POINT('',(-1.097294342693,-3.062047466529,
    17.398794323079));
#4782 = CARTESIAN_POINT('',(-1.143198997156,-3.052072972997,
    17.395467673582));
#4783 = CARTESIAN_POINT('',(-1.188945501316,-3.041472207529,
    17.392151166429));
#4784 = CARTESIAN_POINT('',(-1.234523446452,-3.030260409221,
    17.388845265091));
#4785 = CARTESIAN_POINT('',(-1.27992288571,-3.018454737491,
    17.385550527837));
#4786 = CARTESIAN_POINT('',(-1.372666467627,-2.993059405718,
    17.378816308027));
#4787 = CARTESIAN_POINT('',(-1.419990815929,-2.979409262058,
    17.375378064997));
#4788 = CARTESIAN_POINT('',(-1.467097679152,-2.965147142311,
    17.371953662823));
#4789 = CARTESIAN_POINT('',(-1.513977457298,-2.950298487144,
    17.368543974229));
#4790 = CARTESIAN_POINT('',(-1.560621514307,-2.934892809226,
    17.36515005066));
#4791 = CARTESIAN_POINT('',(-1.607022360265,-2.91896528441,
    17.361773197956));
#4792 = CARTESIAN_POINT('',(-1.697400443302,-2.886835694305,
    17.355196966027));
#4793 = CARTESIAN_POINT('',(-1.741397059315,-2.870672873872,
    17.351996118126));
#4794 = CARTESIAN_POINT('',(-1.785159511918,-2.854108412365,
    17.34881393525));
#4795 = CARTESIAN_POINT('',(-1.828683173809,-2.837185590305,
    17.345652147812));
#4796 = CARTESIAN_POINT('',(-1.871963567985,-2.819958431196,
    17.342513049593));
#4797 = CARTESIAN_POINT('',(-1.914996975598,-2.802497694733,
    17.339399757632));
#4798 = CARTESIAN_POINT('',(-1.998290512458,-2.768231786808,
    17.333397108357));
#4799 = CARTESIAN_POINT('',(-2.038562982063,-2.751447646176,
    17.330505661524));
#4800 = CARTESIAN_POINT('',(-2.078612346688,-2.734616094022,
    17.327644480364));
#4801 = CARTESIAN_POINT('',(-2.118436117626,-2.717846510103,
    17.324818651558));
#4802 = CARTESIAN_POINT('',(-2.158017881923,-2.701276905548,
    17.322035414561));
#4803 = CARTESIAN_POINT('',(-2.197328331996,-2.685111148555,
    17.319305759768));
#4804 = CARTESIAN_POINT('',(-2.261512831716,-2.659750042939,
    17.314931691495));
#4805 = CARTESIAN_POINT('',(-2.286534970615,-2.650127406389,
    17.313247639665));
#4806 = CARTESIAN_POINT('',(-2.311413806678,-2.640917371709,
    17.311598723539));
#4807 = CARTESIAN_POINT('',(-2.336127416979,-2.632245259572,
    17.309991876278));
#4808 = CARTESIAN_POINT('',(-2.360603735679,-2.624310552115,
    17.308439798408));
#4809 = CARTESIAN_POINT('',(-2.384727588361,-2.617375318628,
    17.306959997782));
#4810 = CARTESIAN_POINT('',(-2.420031102104,-2.609185429937,
    17.304897226763));
#4811 = CARTESIAN_POINT('',(-2.431604473343,-2.606831509279,
    17.304238361975));
#4812 = CARTESIAN_POINT('',(-2.44301140039,-2.604896921148,
    17.303608766801));
#4813 = CARTESIAN_POINT('',(-2.454208865478,-2.603454793405,
    17.303013709368));
#4814 = CARTESIAN_POINT('',(-2.46513158318,-2.602594851497,
    17.302460181505));
#4815 = CARTESIAN_POINT('',(-2.475693107568,-2.602421236137,
    17.301956683443));
#4816 = CARTESIAN_POINT('',(-2.49535782059,-2.603646813636,
    17.30109231993));
#4817 = CARTESIAN_POINT('',(-2.50451645422,-2.604965258954,
    17.300725043963));
#4818 = CARTESIAN_POINT('',(-2.513145119096,-2.607104474389,
    17.300420770273));
#4819 = CARTESIAN_POINT('',(-2.521108311297,-2.610159547446,
    17.300189581977));
#4820 = CARTESIAN_POINT('',(-2.528265764133,-2.614203369716,
    17.300040527807));
#4821 = CARTESIAN_POINT('',(-2.534496418499,-2.619254821432,
    17.299979174022));
#4822 = CARTESIAN_POINT('',(-2.543911015367,-2.630003085108,
    17.300024228926));
#4823 = CARTESIAN_POINT('',(-2.547458829286,-2.635366009416,
    17.30009925013));
#4824 = CARTESIAN_POINT('',(-2.550343370733,-2.641283942177,
    17.300228711603));
#4825 = CARTESIAN_POINT('',(-2.552566379317,-2.64769916946,
    17.30040960768));
#4826 = CARTESIAN_POINT('',(-2.554154462597,-2.654543000415,
    17.30063737542));
#4827 = CARTESIAN_POINT('',(-2.555148809837,-2.661744067001,
    17.300906754913));
#4828 = CARTESIAN_POINT('',(-2.556557328292,-2.685401321323,
    17.301872597164));
#4829 = CARTESIAN_POINT('',(-2.554965785403,-2.702873995688,
    17.302700461535));
#4830 = CARTESIAN_POINT('',(-2.551327246251,-2.721167053963,
    17.30365020783));
#4831 = CARTESIAN_POINT('',(-2.546074029333,-2.739907835102,
    17.304685716656));
#4832 = CARTESIAN_POINT('',(-2.539541238073,-2.758853590764,
    17.305781595606));
#4833 = CARTESIAN_POINT('',(-2.531954371127,-2.777893847865,
    17.306923242203));
#4834 = CARTESIAN_POINT('',(-2.516627618993,-2.812307075727,
    17.309049394509));
#4835 = CARTESIAN_POINT('',(-2.509246593575,-2.827605065738,
    17.310016614972));
#4836 = CARTESIAN_POINT('',(-2.501362234302,-2.842901325136,
    17.311003033051));
#4837 = CARTESIAN_POINT('',(-2.49303532308,-2.858170913922,
    17.312005009094));
#4838 = CARTESIAN_POINT('',(-2.484312520453,-2.873396171204,
    17.313019860627));
#4839 = CARTESIAN_POINT('',(-2.475229665499,-2.888566136599,
    17.31404567257));
#4840 = CARTESIAN_POINT('',(-2.452619634748,-2.924853839305,
    17.316532367686));
#4841 = CARTESIAN_POINT('',(-2.438776815932,-2.945906555667,
    17.31800205475));
#4842 = CARTESIAN_POINT('',(-2.424365563898,-2.966814710764,
    17.319486209665));
#4843 = CARTESIAN_POINT('',(-2.409446389546,-2.98756331067,
    17.320981874655));
#4844 = CARTESIAN_POINT('',(-2.394065219402,-3.008141759793,
    17.322486912891));
#4845 = CARTESIAN_POINT('',(-2.378257244966,-3.028543843169,
    17.32399982824));
#4846 = CARTESIAN_POINT('',(-2.338847694965,-3.077722553851,
    17.327695446108));
#4847 = CARTESIAN_POINT('',(-2.314832408955,-3.106306102877,
    17.329884889201));
#4848 = CARTESIAN_POINT('',(-2.290088523698,-3.134507256466,
    17.33208463457));
#4849 = CARTESIAN_POINT('',(-2.264680898709,-3.162316491591,
    17.334292244039));
#4850 = CARTESIAN_POINT('',(-2.238659599029,-3.189726466066,
    17.336505974018));
#4851 = CARTESIAN_POINT('',(-2.21206385091,-3.216732623044,
    17.338724628542));
#4852 = CARTESIAN_POINT('',(-2.14351665173,-3.283924225849,
    17.344339133098));
#4853 = CARTESIAN_POINT('',(-2.100850759173,-3.323565470323,
    17.347739977638));
#4854 = CARTESIAN_POINT('',(-2.057044794791,-3.36224803722,
    17.351146846008));
#4855 = CARTESIAN_POINT('',(-2.012188885771,-3.399959914913,
    17.354557524582));
#4856 = CARTESIAN_POINT('',(-1.966356983648,-3.436690650235,
    17.357970440876));
#4857 = CARTESIAN_POINT('',(-1.919611557023,-3.472432940034,
    17.361384546949));
#4858 = CARTESIAN_POINT('',(-1.831587376331,-3.536680250637,
    17.367698167626));
#4859 = CARTESIAN_POINT('',(-1.790552040892,-3.565461252157,
    17.370597335174));
#4860 = CARTESIAN_POINT('',(-1.748929645936,-3.593520372149,
    17.373496378678));
#4861 = CARTESIAN_POINT('',(-1.706750027169,-3.620853160022,
    17.376394929078));
#4862 = CARTESIAN_POINT('',(-1.664040421141,-3.64745527893,
    17.379292698265));
#4863 = CARTESIAN_POINT('',(-1.620825877763,-3.673322701789,
    17.38218947375));
#4864 = CARTESIAN_POINT('',(-1.533333424619,-3.723638646585,
    17.387987382526));
#4865 = CARTESIAN_POINT('',(-1.489053657068,-3.748083571468,
    17.390888493645));
#4866 = CARTESIAN_POINT('',(-1.444314102691,-3.771782820725,
    17.393788243191));
#4867 = CARTESIAN_POINT('',(-1.399136616468,-3.794732991356,
    17.396686537593));
#4868 = CARTESIAN_POINT('',(-1.353543055758,-3.816930279234,
    17.39958322797));
#4869 = CARTESIAN_POINT('',(-1.307553351514,-3.838371661363,
    17.402478251248));
#4870 = CARTESIAN_POINT('',(-1.103121200831,-3.929562072034,
    17.41523498513));
#4871 = CARTESIAN_POINT('',(-0.940688540025,-3.991246090512,
    17.425077736191));
#4872 = CARTESIAN_POINT('',(-0.774646690421,-4.043995019224,
    17.434898293018));
#4873 = CARTESIAN_POINT('',(-0.605690761576,-4.087713212923,
    17.444695566685));
#4874 = CARTESIAN_POINT('',(-0.43447593089,-4.122342504822,
    17.454469191845));
#4875 = CARTESIAN_POINT('',(-0.261625878883,-4.147866668654,
    17.464219656083));
#4876 = CARTESIAN_POINT('',(0.156608548226,-4.187385644028,
    17.487617367271));
#4877 = CARTESIAN_POINT('',(0.402995607841,-4.192521788995,
    17.501242282102));
#4878 = CARTESIAN_POINT('',(0.649766416212,-4.179745120566,
    17.514824488522));
#4879 = CARTESIAN_POINT('',(0.89533339637,-4.149234149043,
    17.528366033137));
#4880 = CARTESIAN_POINT('',(1.138181251729,-4.101302176044,
    17.541869274832));
#4881 = CARTESIAN_POINT('',(1.376864287725,-4.036392901521,
    17.555336442371));
#4882 = CARTESIAN_POINT('',(1.846819603675,-3.872482459421,
    17.582412765137));
#4883 = CARTESIAN_POINT('',(2.077929214118,-3.772956848133,
    17.596021562926));
#4884 = CARTESIAN_POINT('',(2.30188981839,-3.657098147368,
    17.609596529124));
#4885 = CARTESIAN_POINT('',(2.517360947299,-3.525633835004,
    17.623139681902));
#4886 = CARTESIAN_POINT('',(2.723100582935,-3.379403136604,
    17.636653190418));
#4887 = CARTESIAN_POINT('',(2.917964170795,-3.219351669837,
    17.650138679611));
#4888 = CARTESIAN_POINT('',(3.242768501056,-2.912539638914,
    17.674031766667));
#4889 = CARTESIAN_POINT('',(3.377467966235,-2.770860929574,
    17.684450900731));
#4890 = CARTESIAN_POINT('',(3.504527489137,-2.621992555431,
    17.694854360386));
#4891 = CARTESIAN_POINT('',(3.623510398198,-2.466453464342,
    17.705242838387));
#4892 = CARTESIAN_POINT('',(3.734025424456,-2.304790113633,
    17.71561711278));
#4893 = CARTESIAN_POINT('',(3.835726307359,-2.137575198988,
    17.725977837293));
#4894 = CARTESIAN_POINT('',(4.066929654541,-1.707635507005,
    17.751817583842));
#4895 = CARTESIAN_POINT('',(4.185128462763,-1.4387339565,17.767281741911
    ));
#4896 = CARTESIAN_POINT('',(4.281880147205,-1.160725640872,
    17.782717743182));
#4897 = CARTESIAN_POINT('',(4.356437617843,-0.875696736174,
    17.798128022195));
#4898 = CARTESIAN_POINT('',(4.408294480333,-0.585778951756,
    17.813515719968));
#4899 = CARTESIAN_POINT('',(4.43718128092,-0.293142675787,17.82888297132
    ));
#4900 = CARTESIAN_POINT('',(4.443097888574,4.440892098501E-15,
    17.844229270304));
#4901 = PCURVE('',#185,#4902);
#4902 = DEFINITIONAL_REPRESENTATION('',(#4903),#5056);
#4903 = B_SPLINE_CURVE_WITH_KNOTS('',7,(#4904,#4905,#4906,#4907,#4908,
    #4909,#4910,#4911,#4912,#4913,#4914,#4915,#4916,#4917,#4918,#4919,
    #4920,#4921,#4922,#4923,#4924,#4925,#4926,#4927,#4928,#4929,#4930,
    #4931,#4932,#4933,#4934,#4935,#4936,#4937,#4938,#4939,#4940,#4941,
    #4942,#4943,#4944,#4945,#4946,#4947,#4948,#4949,#4950,#4951,#4952,
    #4953,#4954,#4955,#4956,#4957,#4958,#4959,#4960,#4961,#4962,#4963,
    #4964,#4965,#4966,#4967,#4968,#4969,#4970,#4971,#4972,#4973,#4974,
    #4975,#4976,#4977,#4978,#4979,#4980,#4981,#4982,#4983,#4984,#4985,
    #4986,#4987,#4988,#4989,#4990,#4991,#4992,#4993,#4994,#4995,#4996,
    #4997,#4998,#4999,#5000,#5001,#5002,#5003,#5004,#5005,#5006,#5007,
    #5008,#5009,#5010,#5011,#5012,#5013,#5014,#5015,#5016,#5017,#5018,
    #5019,#5020,#5021,#5022,#5023,#5024,#5025,#5026,#5027,#5028,#5029,
    #5030,#5031,#5032,#5033,#5034,#5035,#5036,#5037,#5038,#5039,#5040,
    #5041,#5042,#5043,#5044,#5045,#5046,#5047,#5048,#5049,#5050,#5051,
    #5052,#5053,#5054,#5055),.UNSPECIFIED.,.F.,.F.,(8,6,6,6,6,6,6,6,6,6,
    6,6,6,6,6,6,6,6,6,6,6,6,6,6,6,8),(0.,8.370555824527E-02,
    0.140721644463,0.216654452626,0.297341495381,0.335239415671,
    0.354593965945,0.374941378571,0.394440151016,0.41290227823,
    0.424827015313,0.430753231348,0.436372416517,0.440855030088,
    0.450525973614,0.458237411927,0.469045724507,0.484520165585,
    0.508132441438,0.52817708038,0.548267611901,0.61675769652,
    0.712989395685,0.810734355902,0.886525548005,1.),.UNSPECIFIED.);
#4904 = CARTESIAN_POINT('',(2.773612625522,41.579088729465));
#4905 = CARTESIAN_POINT('',(2.752967408938,41.501450224069));
#4906 = CARTESIAN_POINT('',(2.732174187773,41.42397512342));
#4907 = CARTESIAN_POINT('',(2.711220360952,41.346689014818));
#4908 = CARTESIAN_POINT('',(2.690088113846,41.269603648386));
#4909 = CARTESIAN_POINT('',(2.668756406739,41.192727112951));
#4910 = CARTESIAN_POINT('',(2.647202978203,41.11607326006));
#4911 = CARTESIAN_POINT('',(2.61055958737,40.987628510459));
#4912 = CARTESIAN_POINT('',(2.595598743463,40.935698738413));
#4913 = CARTESIAN_POINT('',(2.580516355688,40.883887743498));
#4914 = CARTESIAN_POINT('',(2.565303706759,40.832200444789));
#4915 = CARTESIAN_POINT('',(2.549950993957,40.780641348158));
#4916 = CARTESIAN_POINT('',(2.534447485036,40.729215897514));
#4917 = CARTESIAN_POINT('',(2.497918281134,40.609632792891));
#4918 = CARTESIAN_POINT('',(2.476765244804,40.541578725718));
#4919 = CARTESIAN_POINT('',(2.455296215952,40.473790893724));
#4920 = CARTESIAN_POINT('',(2.43347779571,40.406283001618));
#4921 = CARTESIAN_POINT('',(2.411269809316,40.339067408842));
#4922 = CARTESIAN_POINT('',(2.38862441058,40.272161417087));
#4923 = CARTESIAN_POINT('',(2.340894778591,40.134857954254));
#4924 = CARTESIAN_POINT('',(2.315741973526,40.064491394122));
#4925 = CARTESIAN_POINT('',(2.289958215019,39.994531621696));
#4926 = CARTESIAN_POINT('',(2.263451875049,39.925006751719));
#4927 = CARTESIAN_POINT('',(2.236108780232,39.855943563478));
#4928 = CARTESIAN_POINT('',(2.20777603273,39.787381715258));
#4929 = CARTESIAN_POINT('',(2.164349511649,39.687460753239));
#4930 = CARTESIAN_POINT('',(2.150202208618,39.655652290181));
#4931 = CARTESIAN_POINT('',(2.135761613687,39.623975483011));
#4932 = CARTESIAN_POINT('',(2.120999865913,39.59243735514));
#4933 = CARTESIAN_POINT('',(2.105883052841,39.561046055253));
#4934 = CARTESIAN_POINT('',(2.090368586507,39.529811883929));
#4935 = CARTESIAN_POINT('',(2.066248704935,39.482884090747));
#4936 = CARTESIAN_POINT('',(2.057977137911,39.46706428889));
#4937 = CARTESIAN_POINT('',(2.049579866815,39.451290769571));
#4938 = CARTESIAN_POINT('',(2.041049896198,39.435565414548));
#4939 = CARTESIAN_POINT('',(2.032377621744,39.419890461631));
#4940 = CARTESIAN_POINT('',(2.023550821342,39.404268614936));
#4941 = CARTESIAN_POINT('',(2.00510439699,39.372338759156));
#4942 = CARTESIAN_POINT('',(1.995467098607,39.356036648469));
#4943 = CARTESIAN_POINT('',(1.98563146214,39.339800213239));
#4944 = CARTESIAN_POINT('',(1.975580711353,39.323633560672));
#4945 = CARTESIAN_POINT('',(1.965294896349,39.307541653433));
#4946 = CARTESIAN_POINT('',(1.954749591182,39.291530666983));
#4947 = CARTESIAN_POINT('',(1.933531492764,39.260350107373));
#4948 = CARTESIAN_POINT('',(1.922882802966,39.245173573063));
#4949 = CARTESIAN_POINT('',(1.911940420132,39.230085500168));
#4950 = CARTESIAN_POINT('',(1.900673168102,39.215094088105));
#4951 = CARTESIAN_POINT('',(1.889042058695,39.200210210869));
#4952 = CARTESIAN_POINT('',(1.8769955539,39.185448648385));
#4953 = CARTESIAN_POINT('',(1.852600293777,39.156987218781));
#4954 = CARTESIAN_POINT('',(1.840304808678,39.143277448687));
#4955 = CARTESIAN_POINT('',(1.827517084867,39.129711146047));
#4956 = CARTESIAN_POINT('',(1.814155663657,39.116312432285));
#4957 = CARTESIAN_POINT('',(1.800128028434,39.103115637076));
#4958 = CARTESIAN_POINT('',(1.785303338468,39.090172875384));
#4959 = CARTESIAN_POINT('',(1.759208284594,39.069433021982));
#4960 = CARTESIAN_POINT('',(1.748552152502,39.061447998723));
#4961 = CARTESIAN_POINT('',(1.737404331687,39.053629562576));
#4962 = CARTESIAN_POINT('',(1.725686070923,39.046010587813));
#4963 = CARTESIAN_POINT('',(1.713299192204,39.038651294479));
#4964 = CARTESIAN_POINT('',(1.70013604283,39.031634696411));
#4965 = CARTESIAN_POINT('',(1.678958234501,39.021853870099));
#4966 = CARTESIAN_POINT('',(1.67169237143,39.018729795094));
#4967 = CARTESIAN_POINT('',(1.664165281916,39.015744499756));
#4968 = CARTESIAN_POINT('',(1.656354921007,39.012922962754));
#4969 = CARTESIAN_POINT('',(1.648244255618,39.010298335647));
#4970 = CARTESIAN_POINT('',(1.639822282001,39.007910922029));
#4971 = CARTESIAN_POINT('',(1.622800471351,39.003812385152));
#4972 = CARTESIAN_POINT('',(1.614225488969,39.002070866686));
#4973 = CARTESIAN_POINT('',(1.605378455776,39.000628070492));
#4974 = CARTESIAN_POINT('',(1.59629646957,38.999531805605));
#4975 = CARTESIAN_POINT('',(1.587037894263,38.998824976552));
#4976 = CARTESIAN_POINT('',(1.577687804893,38.998533975904));
#4977 = CARTESIAN_POINT('',(1.560930310312,38.998747434857));
#4978 = CARTESIAN_POINT('',(1.553507645688,38.99910307148));
#4979 = CARTESIAN_POINT('',(1.546157095083,38.999716835479));
#4980 = CARTESIAN_POINT('',(1.538923277816,39.000574475783));
#4981 = CARTESIAN_POINT('',(1.531838787227,39.001654357483));
#4982 = CARTESIAN_POINT('',(1.524926284711,39.002931540966));
#4983 = CARTESIAN_POINT('',(1.503690358473,39.007510831112));
#4984 = CARTESIAN_POINT('',(1.490092899754,39.011435978735));
#4985 = CARTESIAN_POINT('',(1.477369160059,39.015939030078));
#4986 = CARTESIAN_POINT('',(1.465450233784,39.020848726098));
#4987 = CARTESIAN_POINT('',(1.454250432716,39.02604466962));
#4988 = CARTESIAN_POINT('',(1.443670862949,39.031457623383));
#4989 = CARTESIAN_POINT('',(1.425558013879,39.041538485351));
#4990 = CARTESIAN_POINT('',(1.417860890029,39.046124434888));
#4991 = CARTESIAN_POINT('',(1.410461158162,39.050801412124));
#4992 = CARTESIAN_POINT('',(1.403326922176,39.055552159892));
#4993 = CARTESIAN_POINT('',(1.396432625593,39.060363959506));
#4994 = CARTESIAN_POINT('',(1.389756303758,39.06522773086));
#4995 = CARTESIAN_POINT('',(1.374195247142,39.077018124881));
#4996 = CARTESIAN_POINT('',(1.365503443941,39.083986494308));
#4997 = CARTESIAN_POINT('',(1.357148503155,39.091023470033));
#4998 = CARTESIAN_POINT('',(1.349090579254,39.09811502846));
#4999 = CARTESIAN_POINT('',(1.341299078651,39.105251038503));
#5000 = CARTESIAN_POINT('',(1.333748833886,39.112424406896));
#5001 = CARTESIAN_POINT('',(1.315918135227,39.129946911124));
#5002 = CARTESIAN_POINT('',(1.30586851834,39.140328017473));
#5003 = CARTESIAN_POINT('',(1.296203990265,39.150757993401));
#5004 = CARTESIAN_POINT('',(1.286877310505,39.161225279724));
#5005 = CARTESIAN_POINT('',(1.277852772761,39.171721610272));
#5006 = CARTESIAN_POINT('',(1.269101542721,39.182241314938));
#5007 = CARTESIAN_POINT('',(1.24762000331,39.208862434135));
#5008 = CARTESIAN_POINT('',(1.235219923291,39.224987562447));
#5009 = CARTESIAN_POINT('',(1.223307631186,39.241141309171));
#5010 = CARTESIAN_POINT('',(1.211821745032,39.257313174881));
#5011 = CARTESIAN_POINT('',(1.200715138639,39.27349569574));
#5012 = CARTESIAN_POINT('',(1.189948078525,39.289683889651));
#5013 = CARTESIAN_POINT('',(1.170608332169,39.319620332623));
#5014 = CARTESIAN_POINT('',(1.161950291106,39.333366932723));
#5015 = CARTESIAN_POINT('',(1.153494255268,39.347112941351));
#5016 = CARTESIAN_POINT('',(1.145223941227,39.360856593235));
#5017 = CARTESIAN_POINT('',(1.137125670452,39.374596503215));
#5018 = CARTESIAN_POINT('',(1.129187651408,39.388331640608));
#5019 = CARTESIAN_POINT('',(1.113593040251,39.415822400833));
#5020 = CARTESIAN_POINT('',(1.105937217228,39.429577918624));
#5021 = CARTESIAN_POINT('',(1.098419951441,39.443326858372));
#5022 = CARTESIAN_POINT('',(1.091035994123,39.457068821592));
#5023 = CARTESIAN_POINT('',(1.083773051371,39.470803099932));
#5024 = CARTESIAN_POINT('',(1.076626894451,39.484529412837));
#5025 = CARTESIAN_POINT('',(1.045601276799,39.545013314929));
#5026 = CARTESIAN_POINT('',(1.02288667082,39.591680496393));
#5027 = CARTESIAN_POINT('',(1.001194827506,39.63824242594));
#5028 = CARTESIAN_POINT('',(0.980369496664,39.684694430275));
#5029 = CARTESIAN_POINT('',(0.960297352465,39.73103505692));
#5030 = CARTESIAN_POINT('',(0.94088355008,39.77726666489));
#5031 = CARTESIAN_POINT('',(0.89560037891,39.888208135731));
#5032 = CARTESIAN_POINT('',(0.870302460353,39.952812814078));
#5033 = CARTESIAN_POINT('',(0.845959620597,40.017216221281));
#5034 = CARTESIAN_POINT('',(0.822435754639,40.081427264583));
#5035 = CARTESIAN_POINT('',(0.799628233328,40.145456276864));
#5036 = CARTESIAN_POINT('',(0.777452156682,40.209313237129));
#5037 = CARTESIAN_POINT('',(0.733890104548,40.337697934112));
#5038 = CARTESIAN_POINT('',(0.712520667326,40.402223937));
#5039 = CARTESIAN_POINT('',(0.691663020793,40.466587985851));
#5040 = CARTESIAN_POINT('',(0.671261068914,40.530799774051));
#5041 = CARTESIAN_POINT('',(0.651268236911,40.594870039918));
#5042 = CARTESIAN_POINT('',(0.631645314368,40.658807106128));
#5043 = CARTESIAN_POINT('',(0.597406645577,40.772088698624));
#5044 = CARTESIAN_POINT('',(0.582655410221,40.821487855491));
#5045 = CARTESIAN_POINT('',(0.568091307819,40.870813045614));
#5046 = CARTESIAN_POINT('',(0.553700526857,40.920067763025));
#5047 = CARTESIAN_POINT('',(0.539470666421,40.969255841791));
#5048 = CARTESIAN_POINT('',(0.525390730569,41.018380442332));
#5049 = CARTESIAN_POINT('',(0.490580764012,41.140899477403));
#5050 = CARTESIAN_POINT('',(0.470022871345,41.214224337805));
#5051 = CARTESIAN_POINT('',(0.449746901965,41.287417226456));
#5052 = CARTESIAN_POINT('',(0.429723781025,41.36048912195));
#5053 = CARTESIAN_POINT('',(0.409927147544,41.433454127989));
#5054 = CARTESIAN_POINT('',(0.390334537937,41.506321630305));
#5055 = CARTESIAN_POINT('',(0.370928507082,41.579088856487));
#5056 = ( GEOMETRIC_REPRESENTATION_CONTEXT(2) 
PARAMETRIC_REPRESENTATION_CONTEXT() REPRESENTATION_CONTEXT('2D SPACE',''
  ) );
#5057 = PCURVE('',#3242,#5058);
#5058 = DEFINITIONAL_REPRESENTATION('',(#5059),#5212);
#5059 = B_SPLINE_CURVE_WITH_KNOTS('',7,(#5060,#5061,#5062,#5063,#5064,
    #5065,#5066,#5067,#5068,#5069,#5070,#5071,#5072,#5073,#5074,#5075,
    #5076,#5077,#5078,#5079,#5080,#5081,#5082,#5083,#5084,#5085,#5086,
    #5087,#5088,#5089,#5090,#5091,#5092,#5093,#5094,#5095,#5096,#5097,
    #5098,#5099,#5100,#5101,#5102,#5103,#5104,#5105,#5106,#5107,#5108,
    #5109,#5110,#5111,#5112,#5113,#5114,#5115,#5116,#5117,#5118,#5119,
    #5120,#5121,#5122,#5123,#5124,#5125,#5126,#5127,#5128,#5129,#5130,
    #5131,#5132,#5133,#5134,#5135,#5136,#5137,#5138,#5139,#5140,#5141,
    #5142,#5143,#5144,#5145,#5146,#5147,#5148,#5149,#5150,#5151,#5152,
    #5153,#5154,#5155,#5156,#5157,#5158,#5159,#5160,#5161,#5162,#5163,
    #5164,#5165,#5166,#5167,#5168,#5169,#5170,#5171,#5172,#5173,#5174,
    #5175,#5176,#5177,#5178,#5179,#5180,#5181,#5182,#5183,#5184,#5185,
    #5186,#5187,#5188,#5189,#5190,#5191,#5192,#5193,#5194,#5195,#5196,
    #5197,#5198,#5199,#5200,#5201,#5202,#5203,#5204,#5205,#5206,#5207,
    #5208,#5209,#5210,#5211),.UNSPECIFIED.,.F.,.F.,(8,6,6,6,6,6,6,6,6,6,
    6,6,6,6,6,6,6,6,6,6,6,6,6,6,6,8),(0.,8.370555824527E-02,
    0.140721644463,0.216654452626,0.297341495381,0.335239415671,
    0.354593965945,0.374941378571,0.394440151016,0.41290227823,
    0.424827015313,0.430753231348,0.436372416517,0.440855030088,
    0.450525973614,0.458237411927,0.469045724507,0.484520165585,
    0.508132441438,0.52817708038,0.548267611901,0.61675769652,
    0.712989395685,0.810734355902,0.886525548005,1.),.UNSPECIFIED.);
#5060 = CARTESIAN_POINT('',(6.28318530718,3.509568229631));
#5061 = CARTESIAN_POINT('',(6.212791467907,3.530214937939));
#5062 = CARTESIAN_POINT('',(6.142545749059,3.551010156492));
#5063 = CARTESIAN_POINT('',(6.072471391204,3.57196634125));
#5064 = CARTESIAN_POINT('',(6.002579100395,3.593100969629));
#5065 = CARTESIAN_POINT('',(5.932876241431,3.614434714309));
#5066 = CARTESIAN_POINT('',(5.863375371011,3.63598958545));
#5067 = CARTESIAN_POINT('',(5.746916592114,3.672634390191));
#5068 = CARTESIAN_POINT('',(5.699832735119,3.687595528574));
#5069 = CARTESIAN_POINT('',(5.652856592136,3.702677921919));
#5070 = CARTESIAN_POINT('',(5.605992610694,3.717890335407));
#5071 = CARTESIAN_POINT('',(5.559244862326,3.7332426665));
#5072 = CARTESIAN_POINT('',(5.512618271397,3.748745777459));
#5073 = CARTESIAN_POINT('',(5.404194229503,3.785274373947));
#5074 = CARTESIAN_POINT('',(5.342490681438,3.806427306107));
#5075 = CARTESIAN_POINT('',(5.281028471053,3.827896816967));
#5076 = CARTESIAN_POINT('',(5.219820028586,3.849716714257));
#5077 = CARTESIAN_POINT('',(5.158876595314,3.871927467753));
#5078 = CARTESIAN_POINT('',(5.098213911144,3.894577013924));
#5079 = CARTESIAN_POINT('',(4.973723012002,3.942317806283));
#5080 = CARTESIAN_POINT('',(4.909922833805,3.967477788336));
#5081 = CARTESIAN_POINT('',(4.846491594033,3.993270029483));
#5082 = CARTESIAN_POINT('',(4.783454812015,4.019785779335));
#5083 = CARTESIAN_POINT('',(4.720836692855,4.047138719603));
#5084 = CARTESIAN_POINT('',(4.65867303479,4.075481546281));
#5085 = CARTESIAN_POINT('',(4.568076404566,4.118924327549));
#5086 = CARTESIAN_POINT('',(4.539236170379,4.1330770443));
#5087 = CARTESIAN_POINT('',(4.510515253201,4.14752334565));
#5088 = CARTESIAN_POINT('',(4.481920013938,4.162291214174));
#5089 = CARTESIAN_POINT('',(4.453457843042,4.177414739098));
#5090 = CARTESIAN_POINT('',(4.425138098401,4.192936749278));
#5091 = CARTESIAN_POINT('',(4.382589088305,4.217069758615));
#5092 = CARTESIAN_POINT('',(4.368245422983,4.225346223864));
#5093 = CARTESIAN_POINT('',(4.353943705908,4.233748136122));
#5094 = CARTESIAN_POINT('',(4.339685684406,4.242283780392));
#5095 = CARTESIAN_POINT('',(4.325473409653,4.25096251063));
#5096 = CARTESIAN_POINT('',(4.311309306041,4.259795043451));
#5097 = CARTESIAN_POINT('',(4.282358894687,4.278254524031));
#5098 = CARTESIAN_POINT('',(4.267577954459,4.287898928876));
#5099 = CARTESIAN_POINT('',(4.252856554834,4.297742086069));
#5100 = CARTESIAN_POINT('',(4.238198425767,4.307800780958));
#5101 = CARTESIAN_POINT('',(4.223608070875,4.318094984583));
#5102 = CARTESIAN_POINT('',(4.209091091924,4.328649158142));
#5103 = CARTESIAN_POINT('',(4.180820048673,4.349885663757));
#5104 = CARTESIAN_POINT('',(4.167059672156,4.360543848314));
#5105 = CARTESIAN_POINT('',(4.15337951086,4.371496261255));
#5106 = CARTESIAN_POINT('',(4.139786999589,4.382774137131));
#5107 = CARTESIAN_POINT('',(4.126291997515,4.394416542234));
#5108 = CARTESIAN_POINT('',(4.112907904841,4.406475121918));
#5109 = CARTESIAN_POINT('',(4.087102358032,4.430895691207));
#5110 = CARTESIAN_POINT('',(4.074671924216,4.443204312406));
#5111 = CARTESIAN_POINT('',(4.062371576428,4.456006124688));
#5112 = CARTESIAN_POINT('',(4.050223184345,4.469382761618));
#5113 = CARTESIAN_POINT('',(4.038257873195,4.483426944858));
#5114 = CARTESIAN_POINT('',(4.026522893778,4.49826980836));
#5115 = CARTESIAN_POINT('',(4.007718430284,4.524398300193));
#5116 = CARTESIAN_POINT('',(4.000478550176,4.535068430302));
#5117 = CARTESIAN_POINT('',(3.993389712709,4.546231281259));
#5118 = CARTESIAN_POINT('',(3.986481724164,4.557965781395));
#5119 = CARTESIAN_POINT('',(3.979809184745,4.57037034487));
#5120 = CARTESIAN_POINT('',(3.973447361375,4.583552897667));
#5121 = CARTESIAN_POINT('',(3.964579262207,4.604763088937));
#5122 = CARTESIAN_POINT('',(3.961746719679,4.612040241223));
#5123 = CARTESIAN_POINT('',(3.9590400062,4.619579221103));
#5124 = CARTESIAN_POINT('',(3.95648176945,4.627402135954));
#5125 = CARTESIAN_POINT('',(3.954102067325,4.635526078462));
#5126 = CARTESIAN_POINT('',(3.951937442344,4.643962106442));
#5127 = CARTESIAN_POINT('',(3.948221372529,4.661012901153));
#5128 = CARTESIAN_POINT('',(3.946642368915,4.669602741945));
#5129 = CARTESIAN_POINT('',(3.945334211324,4.678465387841));
#5130 = CARTESIAN_POINT('',(3.944340247334,4.687563710096));
#5131 = CARTESIAN_POINT('',(3.94369937771,4.696839269545));
#5132 = CARTESIAN_POINT('',(3.943435532135,4.706206851688));
#5133 = CARTESIAN_POINT('',(3.943629070495,4.72299628979));
#5134 = CARTESIAN_POINT('',(3.943951519331,4.730433314127));
#5135 = CARTESIAN_POINT('',(3.944508007595,4.737798295855));
#5136 = CARTESIAN_POINT('',(3.945285614119,4.745046519428));
#5137 = CARTESIAN_POINT('',(3.946264722937,4.752145311987));
#5138 = CARTESIAN_POINT('',(3.947422721771,4.759071948713));
#5139 = CARTESIAN_POINT('',(3.951574680505,4.78035182169));
#5140 = CARTESIAN_POINT('',(3.955133540637,4.793978214819));
#5141 = CARTESIAN_POINT('',(3.959216376083,4.806729689476));
#5142 = CARTESIAN_POINT('',(3.963667909474,4.818675140019));
#5143 = CARTESIAN_POINT('',(3.968378978944,4.829900317446));
#5144 = CARTESIAN_POINT('',(3.973286808387,4.840504245733));
#5145 = CARTESIAN_POINT('',(3.982426948954,4.858659413958));
#5146 = CARTESIAN_POINT('',(3.986584949337,4.86637475017));
#5147 = CARTESIAN_POINT('',(3.990825483435,4.873792190999));
#5148 = CARTESIAN_POINT('',(3.995132904526,4.880943678381));
#5149 = CARTESIAN_POINT('',(3.999495680844,4.887854806378));
#5150 = CARTESIAN_POINT('',(4.003905579658,4.894547573417));
#5151 = CARTESIAN_POINT('',(4.014595731064,4.910147279811));
#5152 = CARTESIAN_POINT('',(4.020913835356,4.918860940683));
#5153 = CARTESIAN_POINT('',(4.027294145206,4.927237124209));
#5154 = CARTESIAN_POINT('',(4.033723945769,4.935315739008));
#5155 = CARTESIAN_POINT('',(4.04019405146,4.943127427551));
#5156 = CARTESIAN_POINT('',(4.046698031023,4.950697398462));
#5157 = CARTESIAN_POINT('',(4.062585412423,4.968575039711));
#5158 = CARTESIAN_POINT('',(4.071997803237,4.978651424245));
#5159 = CARTESIAN_POINT('',(4.081454507112,4.988341954939));
#5160 = CARTESIAN_POINT('',(4.090945043696,4.997693951054));
#5161 = CARTESIAN_POINT('',(4.100461918281,5.006743179034));
#5162 = CARTESIAN_POINT('',(4.109999989873,5.015518522935));
#5163 = CARTESIAN_POINT('',(4.134137002509,5.037059635575));
#5164 = CARTESIAN_POINT('',(4.148757449697,5.049494466059));
#5165 = CARTESIAN_POINT('',(4.163403853496,5.061440428797));
#5166 = CARTESIAN_POINT('',(4.178066693141,5.072959017909));
#5167 = CARTESIAN_POINT('',(4.192739199299,5.084097450979));
#5168 = CARTESIAN_POINT('',(4.207416851627,5.094895544924));
#5169 = CARTESIAN_POINT('',(4.234559881844,5.114291344848));
#5170 = CARTESIAN_POINT('',(4.247023765251,5.122974604629));
#5171 = CARTESIAN_POINT('',(4.259487107945,5.131455386984));
#5172 = CARTESIAN_POINT('',(4.271948305733,5.139750017297));
#5173 = CARTESIAN_POINT('',(4.284406098111,5.147872213872));
#5174 = CARTESIAN_POINT('',(4.296859544824,5.15583380722));
#5175 = CARTESIAN_POINT('',(4.321784961022,5.171474996372));
#5176 = CARTESIAN_POINT('',(4.3342568044,5.179153828004));
#5177 = CARTESIAN_POINT('',(4.346722779235,5.186692417364));
#5178 = CARTESIAN_POINT('',(4.359182430351,5.194099923626));
#5179 = CARTESIAN_POINT('',(4.371635121924,5.201384179664));
#5180 = CARTESIAN_POINT('',(4.384080610012,5.208552298895));
#5181 = CARTESIAN_POINT('',(4.438920678563,5.239672906741));
#5182 = CARTESIAN_POINT('',(4.481233357284,5.262458077318));
#5183 = CARTESIAN_POINT('',(4.523450520687,5.284217266099));
#5184 = CARTESIAN_POINT('',(4.565567904195,5.305106501322));
#5185 = CARTESIAN_POINT('',(4.607584212422,5.325239074304));
#5186 = CARTESIAN_POINT('',(4.649501611404,5.344709960362));
#5187 = CARTESIAN_POINT('',(4.750090238462,5.390122805776));
#5188 = CARTESIAN_POINT('',(4.808666062002,5.415490227931));
#5189 = CARTESIAN_POINT('',(4.867059406799,5.439896820144));
#5190 = CARTESIAN_POINT('',(4.925278406243,5.463479467624));
#5191 = CARTESIAN_POINT('',(4.983332438127,5.486341457629));
#5192 = CARTESIAN_POINT('',(5.041230521811,5.50856804992));
#5193 = CARTESIAN_POINT('',(5.157634928225,5.552224179992));
#5194 = CARTESIAN_POINT('',(5.216139679197,5.573637058996));
#5195 = CARTESIAN_POINT('',(5.274497592042,5.594534302002));
#5196 = CARTESIAN_POINT('',(5.332717427639,5.614971836452));
#5197 = CARTESIAN_POINT('',(5.39080891075,5.634995872473));
#5198 = CARTESIAN_POINT('',(5.448779595062,5.654645176973));
#5199 = CARTESIAN_POINT('',(5.551490120426,5.688921449725));
#5200 = CARTESIAN_POINT('',(5.596279500363,5.703685982695));
#5201 = CARTESIAN_POINT('',(5.641001813061,5.718260071908));
#5202 = CARTESIAN_POINT('',(5.685660235432,5.732657372225));
#5203 = CARTESIAN_POINT('',(5.730258252856,5.746890163201));
#5204 = CARTESIAN_POINT('',(5.774798737928,5.760969361624));
#5205 = CARTESIAN_POINT('',(5.885884839203,5.795768252001));
#5206 = CARTESIAN_POINT('',(5.952367405079,5.816311212334));
#5207 = CARTESIAN_POINT('',(6.018730382584,5.836563829214));
#5208 = CARTESIAN_POINT('',(6.084983718177,5.856555271188));
#5209 = CARTESIAN_POINT('',(6.151140171907,5.876312050017));
#5210 = CARTESIAN_POINT('',(6.217208215714,5.895856694862));
#5211 = CARTESIAN_POINT('',(6.28318530718,5.915206511833));
#5212 = ( GEOMETRIC_REPRESENTATION_CONTEXT(2) 
PARAMETRIC_REPRESENTATION_CONTEXT() REPRESENTATION_CONTEXT('2D SPACE',''
  ) );
#5213 = ADVANCED_FACE('',(#5214),#913,.T.);
#5214 = FACE_BOUND('',#5215,.T.);
#5215 = EDGE_LOOP('',(#5216,#5240,#5267));
#5216 = ORIENTED_EDGE('',*,*,#5217,.F.);
#5217 = EDGE_CURVE('',#5218,#24,#5220,.T.);
#5218 = VERTEX_POINT('',#5219);
#5219 = CARTESIAN_POINT('',(4.5,-1.102182119233E-15,0.85));
#5220 = SURFACE_CURVE('',#5221,(#5226,#5233),.PCURVE_S1.);
#5221 = CIRCLE('',#5222,0.85);
#5222 = AXIS2_PLACEMENT_3D('',#5223,#5224,#5225);
#5223 = CARTESIAN_POINT('',(3.65,-8.939921633776E-16,0.85));
#5224 = DIRECTION('',(-2.449293598295E-16,-1.,0.));
#5225 = DIRECTION('',(1.,-2.449293598295E-16,0.));
#5226 = PCURVE('',#913,#5227);
#5227 = DEFINITIONAL_REPRESENTATION('',(#5228),#5232);
#5228 = LINE('',#5229,#5230);
#5229 = CARTESIAN_POINT('',(0.,-0.));
#5230 = VECTOR('',#5231,1.);
#5231 = DIRECTION('',(0.,1.));
#5232 = ( GEOMETRIC_REPRESENTATION_CONTEXT(2) 
PARAMETRIC_REPRESENTATION_CONTEXT() REPRESENTATION_CONTEXT('2D SPACE',''
  ) );
#5233 = PCURVE('',#2508,#5234);
#5234 = DEFINITIONAL_REPRESENTATION('',(#5235),#5239);
#5235 = LINE('',#5236,#5237);
#5236 = CARTESIAN_POINT('',(6.28318530718,-0.));
#5237 = VECTOR('',#5238,1.);
#5238 = DIRECTION('',(0.,1.));
#5239 = ( GEOMETRIC_REPRESENTATION_CONTEXT(2) 
PARAMETRIC_REPRESENTATION_CONTEXT() REPRESENTATION_CONTEXT('2D SPACE',''
  ) );
#5240 = ORIENTED_EDGE('',*,*,#5241,.T.);
#5241 = EDGE_CURVE('',#5218,#22,#5242,.T.);
#5242 = SURFACE_CURVE('',#5243,(#5248,#5255),.PCURVE_S1.);
#5243 = CIRCLE('',#5244,4.5);
#5244 = AXIS2_PLACEMENT_3D('',#5245,#5246,#5247);
#5245 = CARTESIAN_POINT('',(0.,0.,0.85));
#5246 = DIRECTION('',(0.,0.,1.));
#5247 = DIRECTION('',(1.,0.,-0.));
#5248 = PCURVE('',#913,#5249);
#5249 = DEFINITIONAL_REPRESENTATION('',(#5250),#5254);
#5250 = LINE('',#5251,#5252);
#5251 = CARTESIAN_POINT('',(0.,0.));
#5252 = VECTOR('',#5253,1.);
#5253 = DIRECTION('',(1.,0.));
#5254 = ( GEOMETRIC_REPRESENTATION_CONTEXT(2) 
PARAMETRIC_REPRESENTATION_CONTEXT() REPRESENTATION_CONTEXT('2D SPACE',''
  ) );
#5255 = PCURVE('',#5256,#5261);
#5256 = TOROIDAL_SURFACE('',#5257,3.65,0.85);
#5257 = AXIS2_PLACEMENT_3D('',#5258,#5259,#5260);
#5258 = CARTESIAN_POINT('',(0.,0.,0.85));
#5259 = DIRECTION('',(0.,0.,1.));
#5260 = DIRECTION('',(1.,0.,-0.));
#5261 = DEFINITIONAL_REPRESENTATION('',(#5262),#5266);
#5262 = LINE('',#5263,#5264);
#5263 = CARTESIAN_POINT('',(0.,6.28318530718));
#5264 = VECTOR('',#5265,1.);
#5265 = DIRECTION('',(1.,0.));
#5266 = ( GEOMETRIC_REPRESENTATION_CONTEXT(2) 
PARAMETRIC_REPRESENTATION_CONTEXT() REPRESENTATION_CONTEXT('2D SPACE',''
  ) );
#5267 = ORIENTED_EDGE('',*,*,#21,.T.);
#5268 = ADVANCED_FACE('',(#5269),#2508,.T.);
#5269 = FACE_BOUND('',#5270,.T.);
#5270 = EDGE_LOOP('',(#5271,#5295,#5317,#5318,#5319,#5320,#5321));
#5271 = ORIENTED_EDGE('',*,*,#5272,.T.);
#5272 = EDGE_CURVE('',#5273,#5218,#5275,.T.);
#5273 = VERTEX_POINT('',#5274);
#5274 = CARTESIAN_POINT('',(4.386121593217,-1.093355776205E-15,0.425));
#5275 = SURFACE_CURVE('',#5276,(#5281,#5288),.PCURVE_S1.);
#5276 = CIRCLE('',#5277,0.85);
#5277 = AXIS2_PLACEMENT_3D('',#5278,#5279,#5280);
#5278 = CARTESIAN_POINT('',(3.65,-8.939921633776E-16,0.85));
#5279 = DIRECTION('',(-2.449293598295E-16,-1.,0.));
#5280 = DIRECTION('',(1.,-2.449293598295E-16,0.));
#5281 = PCURVE('',#2508,#5282);
#5282 = DEFINITIONAL_REPRESENTATION('',(#5283),#5287);
#5283 = LINE('',#5284,#5285);
#5284 = CARTESIAN_POINT('',(6.28318530718,-0.));
#5285 = VECTOR('',#5286,1.);
#5286 = DIRECTION('',(0.,1.));
#5287 = ( GEOMETRIC_REPRESENTATION_CONTEXT(2) 
PARAMETRIC_REPRESENTATION_CONTEXT() REPRESENTATION_CONTEXT('2D SPACE',''
  ) );
#5288 = PCURVE('',#5256,#5289);
#5289 = DEFINITIONAL_REPRESENTATION('',(#5290),#5294);
#5290 = LINE('',#5291,#5292);
#5291 = CARTESIAN_POINT('',(0.,-0.));
#5292 = VECTOR('',#5293,1.);
#5293 = DIRECTION('',(0.,1.));
#5294 = ( GEOMETRIC_REPRESENTATION_CONTEXT(2) 
PARAMETRIC_REPRESENTATION_CONTEXT() REPRESENTATION_CONTEXT('2D SPACE',''
  ) );
#5295 = ORIENTED_EDGE('',*,*,#5296,.F.);
#5296 = EDGE_CURVE('',#22,#5218,#5297,.T.);
#5297 = SEAM_CURVE('',#5298,(#5303,#5310),.PCURVE_S1.);
#5298 = CIRCLE('',#5299,4.5);
#5299 = AXIS2_PLACEMENT_3D('',#5300,#5301,#5302);
#5300 = CARTESIAN_POINT('',(0.,0.,0.85));
#5301 = DIRECTION('',(0.,0.,1.));
#5302 = DIRECTION('',(1.,0.,-0.));
#5303 = PCURVE('',#2508,#5304);
#5304 = DEFINITIONAL_REPRESENTATION('',(#5305),#5309);
#5305 = LINE('',#5306,#5307);
#5306 = CARTESIAN_POINT('',(0.,0.));
#5307 = VECTOR('',#5308,1.);
#5308 = DIRECTION('',(1.,0.));
#5309 = ( GEOMETRIC_REPRESENTATION_CONTEXT(2) 
PARAMETRIC_REPRESENTATION_CONTEXT() REPRESENTATION_CONTEXT('2D SPACE',''
  ) );
#5310 = PCURVE('',#2508,#5311);
#5311 = DEFINITIONAL_REPRESENTATION('',(#5312),#5316);
#5312 = LINE('',#5313,#5314);
#5313 = CARTESIAN_POINT('',(0.,6.28318530718));
#5314 = VECTOR('',#5315,1.);
#5315 = DIRECTION('',(1.,0.));
#5316 = ( GEOMETRIC_REPRESENTATION_CONTEXT(2) 
PARAMETRIC_REPRESENTATION_CONTEXT() REPRESENTATION_CONTEXT('2D SPACE',''
  ) );
#5317 = ORIENTED_EDGE('',*,*,#1780,.T.);
#5318 = ORIENTED_EDGE('',*,*,#4082,.F.);
#5319 = ORIENTED_EDGE('',*,*,#5296,.T.);
#5320 = ORIENTED_EDGE('',*,*,#5217,.T.);
#5321 = ORIENTED_EDGE('',*,*,#5322,.T.);
#5322 = EDGE_CURVE('',#24,#5273,#5323,.T.);
#5323 = SURFACE_CURVE('',#5324,(#5329,#5336),.PCURVE_S1.);
#5324 = CIRCLE('',#5325,0.85);
#5325 = AXIS2_PLACEMENT_3D('',#5326,#5327,#5328);
#5326 = CARTESIAN_POINT('',(3.65,-8.939921633776E-16,0.85));
#5327 = DIRECTION('',(-2.449293598295E-16,-1.,0.));
#5328 = DIRECTION('',(1.,-2.449293598295E-16,0.));
#5329 = PCURVE('',#2508,#5330);
#5330 = DEFINITIONAL_REPRESENTATION('',(#5331),#5335);
#5331 = LINE('',#5332,#5333);
#5332 = CARTESIAN_POINT('',(6.28318530718,-0.));
#5333 = VECTOR('',#5334,1.);
#5334 = DIRECTION('',(0.,1.));
#5335 = ( GEOMETRIC_REPRESENTATION_CONTEXT(2) 
PARAMETRIC_REPRESENTATION_CONTEXT() REPRESENTATION_CONTEXT('2D SPACE',''
  ) );
#5336 = PCURVE('',#1098,#5337);
#5337 = DEFINITIONAL_REPRESENTATION('',(#5338),#5342);
#5338 = CIRCLE('',#5339,0.85);
#5339 = AXIS2_PLACEMENT_2D('',#5340,#5341);
#5340 = CARTESIAN_POINT('',(-0.85,-1.346597496381E-04));
#5341 = DIRECTION('',(-1.835241137215E-31,1.));
#5342 = ( GEOMETRIC_REPRESENTATION_CONTEXT(2) 
PARAMETRIC_REPRESENTATION_CONTEXT() REPRESENTATION_CONTEXT('2D SPACE',''
  ) );
#5343 = ADVANCED_FACE('',(#5344),#3507,.F.);
#5344 = FACE_BOUND('',#5345,.F.);
#5345 = EDGE_LOOP('',(#5346,#5471,#5472));
#5346 = ORIENTED_EDGE('',*,*,#5347,.T.);
#5347 = EDGE_CURVE('',#5348,#2877,#5350,.T.);
#5348 = VERTEX_POINT('',#5349);
#5349 = CARTESIAN_POINT('',(-4.386121593217,4.580028886865E-07,18.575));
#5350 = SURFACE_CURVE('',#5351,(#5389,#5430),.PCURVE_S1.);
#5351 = B_SPLINE_CURVE_WITH_KNOTS('',6,(#5352,#5353,#5354,#5355,#5356,
    #5357,#5358,#5359,#5360,#5361,#5362,#5363,#5364,#5365,#5366,#5367,
    #5368,#5369,#5370,#5371,#5372,#5373,#5374,#5375,#5376,#5377,#5378,
    #5379,#5380,#5381,#5382,#5383,#5384,#5385,#5386,#5387,#5388),
  .UNSPECIFIED.,.F.,.F.,(7,5,5,5,5,5,5,7),(0.,0.265183797009,
    0.470447914916,0.62284863825,0.820602884138,0.919580008374,
    0.973567296653,1.),.UNSPECIFIED.);
#5352 = CARTESIAN_POINT('',(-4.386121623906,2.237102488159E-07,
    18.574999946845));
#5353 = CARTESIAN_POINT('',(-4.397122866072,0.359295651682,
    18.555945201548));
#5354 = CARTESIAN_POINT('',(-4.371992415128,0.71991726974,
    18.536931607636));
#5355 = CARTESIAN_POINT('',(-4.310698176375,1.077200640596,
    18.517963176081));
#5356 = CARTESIAN_POINT('',(-4.214018548617,1.426694372219,
    18.499035866935));
#5357 = CARTESIAN_POINT('',(-4.083336878053,1.764142220683,
    18.480142672906));
#5358 = CARTESIAN_POINT('',(-3.794963093087,2.334317702062,
    18.446687142847));
#5359 = CARTESIAN_POINT('',(-3.65002819176,2.573514368496,18.43210875962
    ));
#5360 = CARTESIAN_POINT('',(-3.486950025217,2.80128795735,18.41754846055
    ));
#5361 = CARTESIAN_POINT('',(-3.306912805338,3.0159708134,18.403003297458
    ));
#5362 = CARTESIAN_POINT('',(-3.111277591789,3.216049557779,
    18.388470773523));
#5363 = CARTESIAN_POINT('',(-2.745931095244,3.536907822969,
    18.363170289574));
#5364 = CARTESIAN_POINT('',(-2.582511860097,3.664845637018,
    18.352396203937));
#5365 = CARTESIAN_POINT('',(-2.411981109907,3.783460698191,
    18.341628244043));
#5366 = CARTESIAN_POINT('',(-2.235014055526,3.892275312872,
    18.330865763723));
#5367 = CARTESIAN_POINT('',(-2.052325596579,3.99087743387,
    18.320108196838));
#5368 = CARTESIAN_POINT('',(-1.621166141223,4.193165567727,
    18.295402814551));
#5369 = CARTESIAN_POINT('',(-1.36928512629,4.289638446846,
    18.281457573891));
#5370 = CARTESIAN_POINT('',(-1.110678165788,4.367577582355,
    18.267520051053));
#5371 = CARTESIAN_POINT('',(-0.847056672836,4.426443334485,
    18.253588939564));
#5372 = CARTESIAN_POINT('',(-0.580178027294,4.465889569672,
    18.23966285865));
#5373 = CARTESIAN_POINT('',(-0.177547098588,4.495753345738,
    18.218774503522));
#5374 = CARTESIAN_POINT('',(-4.285962629632E-02,4.500820486313,
    18.211807146135));
#5375 = CARTESIAN_POINT('',(9.198704056634E-02,4.500974813398,
    18.204839963963));
#5376 = CARTESIAN_POINT('',(0.226765869515,4.49621181024,18.197872984829
    ));
#5377 = CARTESIAN_POINT('',(0.361250303433,4.486541095793,
    18.190906209865));
#5378 = CARTESIAN_POINT('',(0.568285193162,4.464047547635,18.18013966835
    ));
#5379 = CARTESIAN_POINT('',(0.641201904894,4.454655516579,
    18.176339748207));
#5380 = CARTESIAN_POINT('',(0.713927145349,4.443814252234,
    18.172539882995));
#5381 = CARTESIAN_POINT('',(0.786424187023,4.431528870238,
    18.168740084668));
#5382 = CARTESIAN_POINT('',(0.858656825328,4.417805681179,
    18.164940347231));
#5383 = CARTESIAN_POINT('',(0.96580825885,4.395232893689,18.159280276284
    ));
#5384 = CARTESIAN_POINT('',(1.000954141411,4.38747093793,18.157432247544
    ));
#5385 = CARTESIAN_POINT('',(1.036023025392,4.379367225839,
    18.155568784319));
#5386 = CARTESIAN_POINT('',(1.071011187245,4.370922621419,
    18.153688242032));
#5387 = CARTESIAN_POINT('',(1.10591518076,4.362137950163,18.151815107725
    ));
#5388 = CARTESIAN_POINT('',(1.140731837065,4.353013999048,
    18.150000000058));
#5389 = PCURVE('',#3507,#5390);
#5390 = DEFINITIONAL_REPRESENTATION('',(#5391),#5429);
#5391 = B_SPLINE_CURVE_WITH_KNOTS('',6,(#5392,#5393,#5394,#5395,#5396,
    #5397,#5398,#5399,#5400,#5401,#5402,#5403,#5404,#5405,#5406,#5407,
    #5408,#5409,#5410,#5411,#5412,#5413,#5414,#5415,#5416,#5417,#5418,
    #5419,#5420,#5421,#5422,#5423,#5424,#5425,#5426,#5427,#5428),
  .UNSPECIFIED.,.F.,.F.,(7,5,5,5,5,5,5,7),(0.,0.265183797009,
    0.470447914916,0.62284863825,0.820602884138,0.919580008374,
    0.973567296653,1.),.UNSPECIFIED.);
#5392 = CARTESIAN_POINT('',(5.756414171979,45.044013406713));
#5393 = CARTESIAN_POINT('',(5.782304809433,44.953665742708));
#5394 = CARTESIAN_POINT('',(5.807674412922,44.863530387057));
#5395 = CARTESIAN_POINT('',(5.832597370705,44.773607139799));
#5396 = CARTESIAN_POINT('',(5.857138629814,44.683864785056));
#5397 = CARTESIAN_POINT('',(5.881348468107,44.594274742334));
#5398 = CARTESIAN_POINT('',(5.923771550673,44.435622889516));
#5399 = CARTESIAN_POINT('',(5.942106307442,44.366486919844));
#5400 = CARTESIAN_POINT('',(5.960283214559,44.297436367716));
#5401 = CARTESIAN_POINT('',(5.978319803502,44.228460576432));
#5402 = CARTESIAN_POINT('',(5.996232281233,44.159549443482));
#5403 = CARTESIAN_POINT('',(6.027250297575,44.039587067348));
#5404 = CARTESIAN_POINT('',(6.040406346195,43.988504490028));
#5405 = CARTESIAN_POINT('',(6.053507287437,43.937453927984));
#5406 = CARTESIAN_POINT('',(6.066559037645,43.886432014902));
#5407 = CARTESIAN_POINT('',(6.079567307354,43.835435458956));
#5408 = CARTESIAN_POINT('',(6.109366570451,43.718321901349));
#5409 = CARTESIAN_POINT('',(6.12613213035,43.652218006928));
#5410 = CARTESIAN_POINT('',(6.142844088795,43.586151303524));
#5411 = CARTESIAN_POINT('',(6.159514344432,43.520113627669));
#5412 = CARTESIAN_POINT('',(6.176154224874,43.454097007376));
#5413 = CARTESIAN_POINT('',(6.201090279733,43.355070478385));
#5414 = CARTESIAN_POINT('',(6.209403941099,43.322039084904));
#5415 = CARTESIAN_POINT('',(6.217714718248,43.289007560492));
#5416 = CARTESIAN_POINT('',(6.226023689806,43.255975994376));
#5417 = CARTESIAN_POINT('',(6.234331937857,43.222944394045));
#5418 = CARTESIAN_POINT('',(6.247172497441,43.171895467645));
#5419 = CARTESIAN_POINT('',(6.251704588503,43.15387808436));
#5420 = CARTESIAN_POINT('',(6.256236957264,43.135860684182));
#5421 = CARTESIAN_POINT('',(6.260769759463,43.117843334396));
#5422 = CARTESIAN_POINT('',(6.26530317045,43.099826020779));
#5423 = CARTESIAN_POINT('',(6.272057380969,43.072987165817));
#5424 = CARTESIAN_POINT('',(6.274292157734,43.064165935775));
#5425 = CARTESIAN_POINT('',(6.276508605543,43.055344903795));
#5426 = CARTESIAN_POINT('',(6.278704843216,43.046523947874));
#5427 = CARTESIAN_POINT('',(6.280910218322,43.037702877694));
#5428 = CARTESIAN_POINT('',(6.28318530718,43.028881434617));
#5429 = ( GEOMETRIC_REPRESENTATION_CONTEXT(2) 
PARAMETRIC_REPRESENTATION_CONTEXT() REPRESENTATION_CONTEXT('2D SPACE',''
  ) );
#5430 = PCURVE('',#3242,#5431);
#5431 = DEFINITIONAL_REPRESENTATION('',(#5432),#5470);
#5432 = B_SPLINE_CURVE_WITH_KNOTS('',6,(#5433,#5434,#5435,#5436,#5437,
    #5438,#5439,#5440,#5441,#5442,#5443,#5444,#5445,#5446,#5447,#5448,
    #5449,#5450,#5451,#5452,#5453,#5454,#5455,#5456,#5457,#5458,#5459,
    #5460,#5461,#5462,#5463,#5464,#5465,#5466,#5467,#5468,#5469),
  .UNSPECIFIED.,.F.,.F.,(7,5,5,5,5,5,5,7),(0.,0.265183797009,
    0.470447914916,0.62284863825,0.820602884138,0.919580008374,
    0.973567296653,1.),.UNSPECIFIED.);
#5433 = CARTESIAN_POINT('',(3.141592602585,0.523598703388));
#5434 = CARTESIAN_POINT('',(3.05967617203,0.497713381347));
#5435 = CARTESIAN_POINT('',(2.977950640721,0.472348185222));
#5436 = CARTESIAN_POINT('',(2.896418515568,0.447442372481));
#5437 = CARTESIAN_POINT('',(2.815050652621,0.422937998275));
#5438 = CARTESIAN_POINT('',(2.733821032192,0.398782818435));
#5439 = CARTESIAN_POINT('',(2.589974287285,0.356484916143));
#5440 = CARTESIAN_POINT('',(2.527289944558,0.338214287401));
#5441 = CARTESIAN_POINT('',(2.464682967341,0.320110021773));
#5442 = CARTESIAN_POINT('',(2.402143700692,0.302153193087));
#5443 = CARTESIAN_POINT('',(2.339663030987,0.284327120233));
#5444 = CARTESIAN_POINT('',(2.230894979196,0.253471633325));
#5445 = CARTESIAN_POINT('',(2.18457918721,0.240388630771));
#5446 = CARTESIAN_POINT('',(2.138292435343,0.227364617353));
#5447 = CARTESIAN_POINT('',(2.092031678345,0.214394014968));
#5448 = CARTESIAN_POINT('',(2.045793932112,0.201471612714));
#5449 = CARTESIAN_POINT('',(1.939609008736,0.171881799716));
#5450 = CARTESIAN_POINT('',(1.879673725093,0.155243446466));
#5451 = CARTESIAN_POINT('',(1.819772172596,0.138668849937));
#5452 = CARTESIAN_POINT('',(1.759896921623,0.122147559549));
#5453 = CARTESIAN_POINT('',(1.70004072093,0.105669474072));
#5454 = CARTESIAN_POINT('',(1.610254898009,8.099678947078E-02));
#5455 = CARTESIAN_POINT('',(1.580305832075,7.277443105728E-02));
#5456 = CARTESIAN_POINT('',(1.550356634266,6.45585242956E-02));
#5457 = CARTESIAN_POINT('',(1.520407385377,5.634808609282E-02));
#5458 = CARTESIAN_POINT('',(1.490458093031,4.814211168455E-02));
#5459 = CARTESIAN_POINT('',(1.444172725397,3.546548291191E-02));
#5460 = CARTESIAN_POINT('',(1.427836605712,3.099238053036E-02));
#5461 = CARTESIAN_POINT('',(1.411500467821,2.652014076662E-02));
#5462 = CARTESIAN_POINT('',(1.395164373078,2.204861613406E-02));
#5463 = CARTESIAN_POINT('',(1.378828308994,1.757763838308E-02));
#5464 = CARTESIAN_POINT('',(1.354493865543,1.091815936613E-02));
#5465 = CARTESIAN_POINT('',(1.346495769947,8.743895378751E-03));
#5466 = CARTESIAN_POINT('',(1.338497853269,6.551529496812E-03));
#5467 = CARTESIAN_POINT('',(1.330500004916,4.339108025513E-03));
#5468 = CARTESIAN_POINT('',(1.322502052883,2.135420617403E-03));
#5469 = CARTESIAN_POINT('',(1.314503763759,2.723744282291E-10));
#5470 = ( GEOMETRIC_REPRESENTATION_CONTEXT(2) 
PARAMETRIC_REPRESENTATION_CONTEXT() REPRESENTATION_CONTEXT('2D SPACE',''
  ) );
#5471 = ORIENTED_EDGE('',*,*,#3415,.T.);
#5472 = ORIENTED_EDGE('',*,*,#5473,.F.);
#5473 = EDGE_CURVE('',#5348,#3380,#5474,.T.);
#5474 = SURFACE_CURVE('',#5475,(#5483,#5490),.PCURVE_S1.);
#5475 = ( BOUNDED_CURVE() B_SPLINE_CURVE(6,(#5476,#5477,#5478,#5479,
#5480,#5481,#5482),.UNSPECIFIED.,.T.,.F.) B_SPLINE_CURVE_WITH_KNOTS((1,6
    ,6,1),(-6.28318530718,0.,6.28318530718,12.566370614359),
.UNSPECIFIED.) CURVE() GEOMETRIC_REPRESENTATION_ITEM() 
RATIONAL_B_SPLINE_CURVE((1.669078461068,1.03672962321,1.038346699848,
    0.853534330196,1.038346699848,1.03672962321,1.669078461068)) 
REPRESENTATION_ITEM('') );
#5476 = CARTESIAN_POINT('',(-4.49999999999,5.288575176399E-07,
    19.000004149266));
#5477 = CARTESIAN_POINT('',(-4.499993105805,5.288570707473E-07,
    20.412315763485));
#5478 = CARTESIAN_POINT('',(-2.753626153973,-5.577062323903E-07,
    20.615091150138));
#5479 = CARTESIAN_POINT('',(-1.313250617171,-1.453891120606E-06,
    18.999988593182));
#5480 = CARTESIAN_POINT('',(-2.753641922117,-5.5770521179E-07,
    17.384900098659));
#5481 = CARTESIAN_POINT('',(-4.500006894174,5.288579592588E-07,
    17.587692535048));
#5482 = CARTESIAN_POINT('',(-4.49999999999,5.288575176399E-07,
    19.000004149266));
#5483 = PCURVE('',#3507,#5484);
#5484 = DEFINITIONAL_REPRESENTATION('',(#5485),#5489);
#5485 = LINE('',#5486,#5487);
#5486 = CARTESIAN_POINT('',(0.,45.044013406713));
#5487 = VECTOR('',#5488,1.);
#5488 = DIRECTION('',(1.,0.));
#5489 = ( GEOMETRIC_REPRESENTATION_CONTEXT(2) 
PARAMETRIC_REPRESENTATION_CONTEXT() REPRESENTATION_CONTEXT('2D SPACE',''
  ) );
#5490 = PCURVE('',#3399,#5491);
#5491 = DEFINITIONAL_REPRESENTATION('',(#5492),#5500);
#5492 = ( BOUNDED_CURVE() B_SPLINE_CURVE(6,(#5493,#5494,#5495,#5496,
#5497,#5498,#5499),.UNSPECIFIED.,.T.,.F.) B_SPLINE_CURVE_WITH_KNOTS((1,6
    ,6,1),(-6.28318530718,0.,6.28318530718,12.566370614359),
.UNSPECIFIED.) CURVE() GEOMETRIC_REPRESENTATION_ITEM() 
RATIONAL_B_SPLINE_CURVE((1.669078461068,1.03672962321,1.038346699848,
    0.853534330196,1.038346699848,1.03672962321,1.669078461068)) 
REPRESENTATION_ITEM('') );
#5493 = CARTESIAN_POINT('',(-0.84986534024,-4.148608741872E-06));
#5494 = CARTESIAN_POINT('',(-0.849858446056,-1.412315762827));
#5495 = CARTESIAN_POINT('',(0.896508505777,-1.615091149481));
#5496 = CARTESIAN_POINT('',(2.336884042579,1.140747491846E-05));
#5497 = CARTESIAN_POINT('',(0.896492737633,1.615099901998));
#5498 = CARTESIAN_POINT('',(-0.849872234425,1.41230746561));
#5499 = CARTESIAN_POINT('',(-0.84986534024,-4.148608741872E-06));
#5500 = ( GEOMETRIC_REPRESENTATION_CONTEXT(2) 
PARAMETRIC_REPRESENTATION_CONTEXT() REPRESENTATION_CONTEXT('2D SPACE',''
  ) );
#5501 = ADVANCED_FACE('',(#5502),#3399,.F.);
#5502 = FACE_BOUND('',#5503,.F.);
#5503 = EDGE_LOOP('',(#5504,#5505,#5506));
#5504 = ORIENTED_EDGE('',*,*,#5473,.T.);
#5505 = ORIENTED_EDGE('',*,*,#3379,.T.);
#5506 = ORIENTED_EDGE('',*,*,#5507,.F.);
#5507 = EDGE_CURVE('',#5348,#2977,#5508,.T.);
#5508 = SURFACE_CURVE('',#5509,(#5698,#5890),.PCURVE_S1.);
#5509 = B_SPLINE_CURVE_WITH_KNOTS('',7,(#5510,#5511,#5512,#5513,#5514,
    #5515,#5516,#5517,#5518,#5519,#5520,#5521,#5522,#5523,#5524,#5525,
    #5526,#5527,#5528,#5529,#5530,#5531,#5532,#5533,#5534,#5535,#5536,
    #5537,#5538,#5539,#5540,#5541,#5542,#5543,#5544,#5545,#5546,#5547,
    #5548,#5549,#5550,#5551,#5552,#5553,#5554,#5555,#5556,#5557,#5558,
    #5559,#5560,#5561,#5562,#5563,#5564,#5565,#5566,#5567,#5568,#5569,
    #5570,#5571,#5572,#5573,#5574,#5575,#5576,#5577,#5578,#5579,#5580,
    #5581,#5582,#5583,#5584,#5585,#5586,#5587,#5588,#5589,#5590,#5591,
    #5592,#5593,#5594,#5595,#5596,#5597,#5598,#5599,#5600,#5601,#5602,
    #5603,#5604,#5605,#5606,#5607,#5608,#5609,#5610,#5611,#5612,#5613,
    #5614,#5615,#5616,#5617,#5618,#5619,#5620,#5621,#5622,#5623,#5624,
    #5625,#5626,#5627,#5628,#5629,#5630,#5631,#5632,#5633,#5634,#5635,
    #5636,#5637,#5638,#5639,#5640,#5641,#5642,#5643,#5644,#5645,#5646,
    #5647,#5648,#5649,#5650,#5651,#5652,#5653,#5654,#5655,#5656,#5657,
    #5658,#5659,#5660,#5661,#5662,#5663,#5664,#5665,#5666,#5667,#5668,
    #5669,#5670,#5671,#5672,#5673,#5674,#5675,#5676,#5677,#5678,#5679,
    #5680,#5681,#5682,#5683,#5684,#5685,#5686,#5687,#5688,#5689,#5690,
    #5691,#5692,#5693,#5694,#5695,#5696,#5697),.UNSPECIFIED.,.T.,.F.,(8,
    6,6,6,6,6,6,6,6,6,6,6,6,6,6,6,6,6,6,6,6,6,6,6,6,6,6,6,6,6,6,8),(0.,
    2.900115457253E-02,5.800230914506E-02,8.700346371759E-02,
    0.11600461829,0.145005772863,0.174006927435,0.203008082008,
    0.23200923658,0.261010391153,0.290011545725,0.318012661657,
    0.347013816229,0.376014970802,0.405016125374,0.434017279947,
    0.456018160534,0.482019198609,0.503020039547,0.529021077622,
    0.556022154714,0.585023309286,0.613024425218,0.64202557979,
    0.671026734363,0.700027888935,0.729029043508,0.75803019808,
    0.787031352653,0.816032507226,0.843033584317,1.),.UNSPECIFIED.);
#5510 = CARTESIAN_POINT('',(-4.5,5.288552034109E-07,18.15));
#5511 = CARTESIAN_POINT('',(-4.5,5.288552636375E-07,18.17212578118));
#5512 = CARTESIAN_POINT('',(-4.499328065863,5.284372563175E-07,
    18.194251603247));
#5513 = CARTESIAN_POINT('',(-4.497984202281,5.276011843045E-07,
    18.216352895356));
#5514 = CARTESIAN_POINT('',(-4.495969524717,5.263477415551E-07,
    18.238405188142));
#5515 = CARTESIAN_POINT('',(-4.493286259399,5.246783131294E-07,
    18.260384113718));
#5516 = CARTESIAN_POINT('',(-4.489937743321,5.225949751909E-07,
    18.282265405675));
#5517 = CARTESIAN_POINT('',(-4.481919105171,5.176060148222E-07,
    18.325784392491));
#5518 = CARTESIAN_POINT('',(-4.477248968282,5.147003831727E-07,
    18.347422167771));
#5519 = CARTESIAN_POINT('',(-4.471922470574,5.113863730687E-07,
    18.368914061694));
#5520 = CARTESIAN_POINT('',(-4.46594514303,5.076674257428E-07,
    18.390236212107));
#5521 = CARTESIAN_POINT('',(-4.459323590626,5.035476506492E-07,
    18.411365057934));
#5522 = CARTESIAN_POINT('',(-4.452065492327,4.99031825464E-07,
    18.432277339175));
#5523 = CARTESIAN_POINT('',(-4.43629370985,4.892189667056E-07,
    18.473622854637));
#5524 = CARTESIAN_POINT('',(-4.427779996527,4.839219149991E-07,
    18.494056165262));
#5525 = CARTESIAN_POINT('',(-4.418647222846,4.782396923201E-07,
    18.514227073202));
#5526 = CARTESIAN_POINT('',(-4.408905152186,4.72178373239E-07,
    18.534113113583));
#5527 = CARTESIAN_POINT('',(-4.398564549582,4.657446555418E-07,
    18.553692312239));
#5528 = CARTESIAN_POINT('',(-4.387637181721,4.589458602301E-07,
    18.572943185707));
#5529 = CARTESIAN_POINT('',(-4.364634452168,4.446340028125E-07,
    18.610746296749));
#5530 = CARTESIAN_POINT('',(-4.352559047969,4.371209142594E-07,
    18.62929860418));
#5531 = CARTESIAN_POINT('',(-4.339922380707,4.292586150685E-07,
    18.647480675645));
#5532 = CARTESIAN_POINT('',(-4.326738122897,4.210556120218E-07,
    18.665272187352));
#5533 = CARTESIAN_POINT('',(-4.313020843206,4.125209694762E-07,
    18.682653479596));
#5534 = CARTESIAN_POINT('',(-4.298786006453,4.036643093635E-07,
    18.699605556762));
#5535 = CARTESIAN_POINT('',(-4.269313940768,3.85327313018E-07,
    18.732614617876));
#5536 = CARTESIAN_POINT('',(-4.254076657375,3.758469428998E-07,
    18.748671662823));
#5537 = CARTESIAN_POINT('',(-4.238354491405,3.660648846999E-07,
    18.764262896881));
#5538 = CARTESIAN_POINT('',(-4.222164571816,3.559917957554E-07,
    18.779370810254));
#5539 = CARTESIAN_POINT('',(-4.205524788544,3.456388068769E-07,
    18.793978708627));
#5540 = CARTESIAN_POINT('',(-4.188453792507,3.350175223483E-07,
    18.808070713166));
#5541 = CARTESIAN_POINT('',(-4.153488198703,3.132625175059E-07,
    18.835192807872));
#5542 = CARTESIAN_POINT('',(-4.135593536321,3.021287569904E-07,
    18.848222948158));
#5543 = CARTESIAN_POINT('',(-4.117306426113,2.907508197179E-07,
    18.860707125442));
#5544 = CARTESIAN_POINT('',(-4.098646886344,2.791411607206E-07,
    18.872631223665));
#5545 = CARTESIAN_POINT('',(-4.079635535893,2.673126087264E-07,
    18.88398206664));
#5546 = CARTESIAN_POINT('',(-4.060293594253,2.552783661581E-07,
    18.894747418061));
#5547 = CARTESIAN_POINT('',(-4.020992168804,2.308256521097E-07,
    18.915084544922));
#5548 = CARTESIAN_POINT('',(-4.001032612369,2.18407135443E-07,
    18.924656357946));
#5549 = CARTESIAN_POINT('',(-3.980786036643,2.05810037936E-07,
    18.933620132464));
#5550 = CARTESIAN_POINT('',(-3.960274686406,1.930481999356E-07,
    18.941965613532));
#5551 = CARTESIAN_POINT('',(-3.939521226796,1.801357233325E-07,
    18.949683579353));
#5552 = CARTESIAN_POINT('',(-3.918548743309,1.67086971562E-07,
    18.956765841282));
#5553 = CARTESIAN_POINT('',(-3.876212740299,1.407461676445E-07,
    18.969644646368));
#5554 = CARTESIAN_POINT('',(-3.854849142541,1.274540668217E-07,
    18.975441213323));
#5555 = CARTESIAN_POINT('',(-3.83331345712,1.140548938142E-07,
    18.980587798177));
#5556 = CARTESIAN_POINT('',(-3.811629418811,1.005634160345E-07,
    18.985078346633));
#5557 = CARTESIAN_POINT('',(-3.78982098858,8.699454162895E-08,
    18.988907896616));
#5558 = CARTESIAN_POINT('',(-3.767912353577,7.33633194774E-08,
    18.992072578266));
#5559 = CARTESIAN_POINT('',(-3.723943500708,4.600655890898E-08,
    18.997066649618));
#5560 = CARTESIAN_POINT('',(-3.70188320159,3.228096993888E-08,
    18.998896048551));
#5561 = CARTESIAN_POINT('',(-3.679771444187,1.852336255543E-08,
    19.000055042425));
#5562 = CARTESIAN_POINT('',(-3.657632667426,4.748942294415E-09,
    19.000541978052));
#5563 = CARTESIAN_POINT('',(-3.635491334757,-9.027070045126E-09,
    19.000356317366));
#5564 = CARTESIAN_POINT('',(-3.613371934161,-2.27894384009E-08,
    18.999498637424));
#5565 = CARTESIAN_POINT('',(-3.569226022124,-5.025638449386E-08,
    18.99644262339));
#5566 = CARTESIAN_POINT('',(-3.547199429106,-6.396101298788E-08,
    18.99424428365));
#5567 = CARTESIAN_POINT('',(-3.525243710944,-7.762154600724E-08,
    18.991377312733));
#5568 = CARTESIAN_POINT('',(-3.503383201551,-9.122284334213E-08,
    18.987844513292));
#5569 = CARTESIAN_POINT('',(-3.481642056893,-1.047498754952E-07,
    18.983649789087));
#5570 = CARTESIAN_POINT('',(-3.460044254988,-1.181877236813E-07,
    18.978798144984));
#5571 = CARTESIAN_POINT('',(-3.41792192421,-1.443956483705E-07,
    18.967982968644));
#5572 = CARTESIAN_POINT('',(-3.397385996774,-1.571728167725E-07,
    18.9620635285));
#5573 = CARTESIAN_POINT('',(-3.377027228572,-1.698397609387E-07,
    18.955542868883));
#5574 = CARTESIAN_POINT('',(-3.356866711964,-1.82383357495E-07,
    18.948427406215));
#5575 = CARTESIAN_POINT('',(-3.336925216701,-1.947906837881E-07,
    18.940724470981));
#5576 = CARTESIAN_POINT('',(-3.317223189922,-2.07049017886E-07,
    18.932442307731));
#5577 = CARTESIAN_POINT('',(-3.277643950598,-2.316746880553E-07,
    18.914421691651));
#5578 = CARTESIAN_POINT('',(-3.257785540927,-2.440303253675E-07,
    18.904641760007));
#5579 = CARTESIAN_POINT('',(-3.23822788727,-2.561988383438E-07,
    18.894260465979));
#5580 = CARTESIAN_POINT('',(-3.218992797125,-2.681666586501E-07,
    18.883288964264));
#5581 = CARTESIAN_POINT('',(-3.200101525355,-2.799205617889E-07,
    18.871739378421));
#5582 = CARTESIAN_POINT('',(-3.181574774194,-2.914476670989E-07,
    18.859624800878));
#5583 = CARTESIAN_POINT('',(-3.145290612295,-3.140232084117E-07,
    18.834293784975));
#5584 = CARTESIAN_POINT('',(-3.127533134508,-3.250716861324E-07,
    18.821077299806));
#5585 = CARTESIAN_POINT('',(-3.11018040411,-3.358683374358E-07,
    18.807323906407));
#5586 = CARTESIAN_POINT('',(-3.093251846285,-3.464010762184E-07,
    18.793048526455));
#5587 = CARTESIAN_POINT('',(-3.076766167169,-3.566582637541E-07,
    18.778266934312));
#5588 = CARTESIAN_POINT('',(-3.06074135385,-3.666287086953E-07,
    18.762995757025));
#5589 = CARTESIAN_POINT('',(-3.029647994894,-3.859746254483E-07,
    18.731509191633));
#5590 = CARTESIAN_POINT('',(-3.014579391798,-3.9535013301E-07,
    18.715293745344));
#5591 = CARTESIAN_POINT('',(-3.000006126449,-4.044174499424E-07,
    18.698623621791));
#5592 = CARTESIAN_POINT('',(-2.985944598553,-4.131663725384E-07,
    18.68151701558));
#5593 = CARTESIAN_POINT('',(-2.972410346167,-4.215872331972E-07,
    18.663992829591));
#5594 = CARTESIAN_POINT('',(-2.95941804569,-4.296709004253E-07,
    18.646070674979));
#5595 = CARTESIAN_POINT('',(-2.934544978043,-4.451466572465E-07,
    18.60947106737));
#5596 = CARTESIAN_POINT('',(-2.92266416491,-4.525387754375E-07,
    18.590793546738));
#5597 = CARTESIAN_POINT('',(-2.911352879449,-4.595765428529E-07,
    18.571758633987));
#5598 = CARTESIAN_POINT('',(-2.900623952907,-4.662519760221E-07,
    18.552387194236));
#5599 = CARTESIAN_POINT('',(-2.890489240799,-4.725576985601E-07,
    18.532700633015));
#5600 = CARTESIAN_POINT('',(-2.880959622905,-4.784869411674E-07,
    18.512720896269));
#5601 = CARTESIAN_POINT('',(-2.865282186932,-4.882413083985E-07,
    18.477108075));
#5602 = CARTESIAN_POINT('',(-2.858873291029,-4.922288714956E-07,
    18.461589865952));
#5603 = CARTESIAN_POINT('',(-2.852822630616,-4.959935461324E-07,
    18.445925647497));
#5604 = CARTESIAN_POINT('',(-2.847134173152,-4.99532863787E-07,
    18.430125349057));
#5605 = CARTESIAN_POINT('',(-2.841811538504,-5.028445722043E-07,
    18.414199025198));
#5606 = CARTESIAN_POINT('',(-2.836857998944,-5.059266353965E-07,
    18.398156855626));
#5607 = CARTESIAN_POINT('',(-2.826861956307,-5.121461221402E-07,
    18.362925489324));
#5608 = CARTESIAN_POINT('',(-2.821967021436,-5.151917310364E-07,
    18.343694388387));
#5609 = CARTESIAN_POINT('',(-2.817596502131,-5.179110566283E-07,
    18.324332866309));
#5610 = CARTESIAN_POINT('',(-2.813754518945,-5.203015351215E-07,
    18.304858086505));
#5611 = CARTESIAN_POINT('',(-2.810444485394,-5.223610426303E-07,
    18.285287351873));
#5612 = CARTESIAN_POINT('',(-2.807669107952,-5.240878951776E-07,
    18.265638104796));
#5613 = CARTESIAN_POINT('',(-2.80362218739,-5.266059266695E-07,
    18.230008166378));
#5614 = CARTESIAN_POINT('',(-2.802164081954,-5.275131818878E-07,
    18.214048633113));
#5615 = CARTESIAN_POINT('',(-2.801057120324,-5.282019606734E-07,
    18.198058582812));
#5616 = CARTESIAN_POINT('',(-2.800302046705,-5.286717999668E-07,
    18.18204728539));
#5617 = CARTESIAN_POINT('',(-2.799899298937,-5.289224273253E-07,
    18.166024025206));
#5618 = CARTESIAN_POINT('',(-2.799849008492,-5.289537609237E-07,
    18.149998101071));
#5619 = CARTESIAN_POINT('',(-2.800524895269,-5.28533331694E-07,
    18.114145440713));
#5620 = CARTESIAN_POINT('',(-2.801438797987,-5.279647688112E-07,
    18.094322211601));
#5621 = CARTESIAN_POINT('',(-2.802892372666,-5.270604298886E-07,
    18.074526830907));
#5622 = CARTESIAN_POINT('',(-2.804884566315,-5.258209700338E-07,
    18.054776918307));
#5623 = CARTESIAN_POINT('',(-2.807413608914,-5.242474904789E-07,
    18.035090021149));
#5624 = CARTESIAN_POINT('',(-2.810477013418,-5.223415385799E-07,
    18.015483614455));
#5625 = CARTESIAN_POINT('',(-2.817804390361,-5.177826605641E-07,
    17.975716260617));
#5626 = CARTESIAN_POINT('',(-2.822110016832,-5.151038179001E-07,
    17.955562935295));
#5627 = CARTESIAN_POINT('',(-2.826984860525,-5.120708163038E-07,
    17.935534617015));
#5628 = CARTESIAN_POINT('',(-2.83242451841,-5.086863952249E-07,
    17.91565057669));
#5629 = CARTESIAN_POINT('',(-2.83842377906,-5.049537970835E-07,
    17.895929864081));
#5630 = CARTESIAN_POINT('',(-2.844976622658,-5.008767672705E-07,
    17.876391307799));
#5631 = CARTESIAN_POINT('',(-2.859701714898,-4.917151404289E-07,
    17.836283295381));
#5632 = CARTESIAN_POINT('',(-2.867957990217,-4.86578263152E-07,
    17.815744614423));
#5633 = CARTESIAN_POINT('',(-2.876836574379,-4.810541937646E-07,
    17.795460536295));
#5634 = CARTESIAN_POINT('',(-2.88632798707,-4.751488307178E-07,
    17.775453646783));
#5635 = CARTESIAN_POINT('',(-2.896421740232,-4.688686994654E-07,
    17.755746053594));
#5636 = CARTESIAN_POINT('',(-2.90710633807,-4.622209524643E-07,
    17.736359386354));
#5637 = CARTESIAN_POINT('',(-2.929243839272,-4.484474264038E-07,
    17.698926916092));
#5638 = CARTESIAN_POINT('',(-2.940657581374,-4.413460129695E-07,
    17.680857865798));
#5639 = CARTESIAN_POINT('',(-2.952599244889,-4.3391613367E-07,
    17.663126675284));
#5640 = CARTESIAN_POINT('',(-2.965056783586,-4.261652834421E-07,
    17.645751809285));
#5641 = CARTESIAN_POINT('',(-2.978017363473,-4.181014473599E-07,
    17.628751167722));
#5642 = CARTESIAN_POINT('',(-2.991467362787,-4.097331006352E-07,
    17.612142085696));
#5643 = CARTESIAN_POINT('',(-3.019814702376,-3.920958922602E-07,
    17.579161983701));
#5644 = CARTESIAN_POINT('',(-3.034746628659,-3.828055116233E-07,
    17.562820592233));
#5645 = CARTESIAN_POINT('',(-3.050172131188,-3.73208033856E-07,
    17.546935789623));
#5646 = CARTESIAN_POINT('',(-3.066074414082,-3.633139090598E-07,
    17.531525405411));
#5647 = CARTESIAN_POINT('',(-3.082435905245,-3.531340702893E-07,
    17.516606468145));
#5648 = CARTESIAN_POINT('',(-3.099238256361,-3.426799335514E-07,
    17.502195205377));
#5649 = CARTESIAN_POINT('',(-3.133686429444,-3.212468620595E-07,
    17.474418881959));
#5650 = CARTESIAN_POINT('',(-3.151332315068,-3.10267887699E-07,
    17.461053769982));
#5651 = CARTESIAN_POINT('',(-3.169380869352,-2.990383773495E-07,
    17.448227126988));
#5652 = CARTESIAN_POINT('',(-3.187812343651,-2.875706182875E-07,
    17.435953443843));
#5653 = CARTESIAN_POINT('',(-3.206606371102,-2.758772824408E-07,
    17.424246283024));
#5654 = CARTESIAN_POINT('',(-3.225741966615,-2.639714263878E-07,
    17.413118278622));
#5655 = CARTESIAN_POINT('',(-3.26465308715,-2.397615563284E-07,
    17.392043994054));
#5656 = CARTESIAN_POINT('',(-3.284428684076,-2.27457497584E-07,
    17.382097674945));
#5657 = CARTESIAN_POINT('',(-3.304502709882,-2.14967759136E-07,
    17.372753876457));
#5658 = CARTESIAN_POINT('',(-3.32485311703,-2.023060586091E-07,
    17.364023270996));
#5659 = CARTESIAN_POINT('',(-3.345457418224,-1.894863872419E-07,
    17.355915505921));
#5660 = CARTESIAN_POINT('',(-3.366292686412,-1.765230098865E-07,
    17.348439203548));
#5661 = CARTESIAN_POINT('',(-3.408378423151,-1.503379201314E-07,
    17.334764718751));
#5662 = CARTESIAN_POINT('',(-3.429628969474,-1.371161593437E-07,
    17.328566511057));
#5663 = CARTESIAN_POINT('',(-3.451063824037,-1.237797229165E-07,
    17.323014926414));
#5664 = CARTESIAN_POINT('',(-3.472659370396,-1.103433046379E-07,
    17.318116465403));
#5665 = CARTESIAN_POINT('',(-3.49439174537,-9.682175181313E-08,
    17.313876540849));
#5666 = CARTESIAN_POINT('',(-3.516236839044,-8.323006526475E-08,
    17.310299477811));
#5667 = CARTESIAN_POINT('',(-3.560103750499,-5.593673340014E-08,
    17.304477549371));
#5668 = CARTESIAN_POINT('',(-3.582125649342,-4.223503764787E-08,
    17.302232673209));
#5669 = CARTESIAN_POINT('',(-3.604211633417,-2.84934671838E-08,
    17.3006571131));
#5670 = CARTESIAN_POINT('',(-3.626337299301,-1.472720545391E-08,
    17.299752982577));
#5671 = CARTESIAN_POINT('',(-3.648478198028,-9.514642420155E-10,
    17.299521280707));
#5672 = CARTESIAN_POINT('',(-3.670609835094,1.281851633022E-08,
    17.299961892095));
#5673 = CARTESIAN_POINT('',(-3.714805505811,4.031641927636E-08,
    17.302185281674));
#5674 = CARTESIAN_POINT('',(-3.736869621132,5.404439246433E-08,
    17.303968063974));
#5675 = CARTESIAN_POINT('',(-3.758875476841,6.773611920112E-08,
    17.30642069455));
#5676 = CARTESIAN_POINT('',(-3.780798690524,8.137642910047E-08,
    17.309540829904));
#5677 = CARTESIAN_POINT('',(-3.802615036926,9.495024955593E-08,
    17.313325022272));
#5678 = CARTESIAN_POINT('',(-3.824300447954,1.084426057408E-07,
    17.317768719624));
#5679 = CARTESIAN_POINT('',(-3.867361577396,1.352346354758E-07,
    17.327963811706));
#5680 = CARTESIAN_POINT('',(-3.888737375383,1.485343585356E-07,
    17.333715225275));
#5681 = CARTESIAN_POINT('',(-3.909934497865,1.617229140863E-07,
    17.340114840943));
#5682 = CARTESIAN_POINT('',(-3.93092939073,1.747856470868E-07,
    17.347155935773));
#5683 = CARTESIAN_POINT('',(-3.951698854522,1.877081231557E-07,
    17.354830729321));
#5684 = CARTESIAN_POINT('',(-3.972220044444,2.004761285717E-07,
    17.36313038364));
#5685 = CARTESIAN_POINT('',(-4.011324316669,2.248062789969E-07,
    17.38034482221));
#5686 = CARTESIAN_POINT('',(-4.029943516717,2.363908957133E-07,
    17.389177733984));
#5687 = CARTESIAN_POINT('',(-4.048309930969,2.478182342512E-07,
    17.398535749889));
#5688 = CARTESIAN_POINT('',(-4.066405821341,2.590772582115E-07,
    17.408410145527));
#5689 = CARTESIAN_POINT('',(-4.084213851194,2.701571809673E-07,
    17.418791460805));
#5690 = CARTESIAN_POINT('',(-4.10171708534,2.810474656645E-07,
    17.429669499933));
#5691 = CARTESIAN_POINT('',(-4.21878322744,3.538845098233E-07,
    17.507095136752));
#5692 = CARTESIAN_POINT('',(-4.307889972884,4.093256421309E-07,
    17.58962841496));
#5693 = CARTESIAN_POINT('',(-4.382800043803,4.559338510243E-07,
    17.686439726814));
#5694 = CARTESIAN_POINT('',(-4.440891744704,4.920779478706E-07,
    17.794508397804));
#5695 = CARTESIAN_POINT('',(-4.480316140761,5.166075432257E-07,
    17.910394832832));
#5696 = CARTESIAN_POINT('',(-4.5,5.288548774392E-07,18.030245989609));
#5697 = CARTESIAN_POINT('',(-4.5,5.288552034109E-07,18.15));
#5698 = PCURVE('',#3399,#5699);
#5699 = DEFINITIONAL_REPRESENTATION('',(#5700),#5889);
#5700 = B_SPLINE_CURVE_WITH_KNOTS('',7,(#5701,#5702,#5703,#5704,#5705,
    #5706,#5707,#5708,#5709,#5710,#5711,#5712,#5713,#5714,#5715,#5716,
    #5717,#5718,#5719,#5720,#5721,#5722,#5723,#5724,#5725,#5726,#5727,
    #5728,#5729,#5730,#5731,#5732,#5733,#5734,#5735,#5736,#5737,#5738,
    #5739,#5740,#5741,#5742,#5743,#5744,#5745,#5746,#5747,#5748,#5749,
    #5750,#5751,#5752,#5753,#5754,#5755,#5756,#5757,#5758,#5759,#5760,
    #5761,#5762,#5763,#5764,#5765,#5766,#5767,#5768,#5769,#5770,#5771,
    #5772,#5773,#5774,#5775,#5776,#5777,#5778,#5779,#5780,#5781,#5782,
    #5783,#5784,#5785,#5786,#5787,#5788,#5789,#5790,#5791,#5792,#5793,
    #5794,#5795,#5796,#5797,#5798,#5799,#5800,#5801,#5802,#5803,#5804,
    #5805,#5806,#5807,#5808,#5809,#5810,#5811,#5812,#5813,#5814,#5815,
    #5816,#5817,#5818,#5819,#5820,#5821,#5822,#5823,#5824,#5825,#5826,
    #5827,#5828,#5829,#5830,#5831,#5832,#5833,#5834,#5835,#5836,#5837,
    #5838,#5839,#5840,#5841,#5842,#5843,#5844,#5845,#5846,#5847,#5848,
    #5849,#5850,#5851,#5852,#5853,#5854,#5855,#5856,#5857,#5858,#5859,
    #5860,#5861,#5862,#5863,#5864,#5865,#5866,#5867,#5868,#5869,#5870,
    #5871,#5872,#5873,#5874,#5875,#5876,#5877,#5878,#5879,#5880,#5881,
    #5882,#5883,#5884,#5885,#5886,#5887,#5888),.UNSPECIFIED.,.T.,.F.,(8,
    6,6,6,6,6,6,6,6,6,6,6,6,6,6,6,6,6,6,6,6,6,6,6,6,6,6,6,6,6,6,8),(0.,
    2.900115457253E-02,5.800230914506E-02,8.700346371759E-02,
    0.11600461829,0.145005772863,0.174006927435,0.203008082008,
    0.23200923658,0.261010391153,0.290011545725,0.318012661657,
    0.347013816229,0.376014970802,0.405016125374,0.434017279947,
    0.456018160534,0.482019198609,0.503020039547,0.529021077622,
    0.556022154714,0.585023309286,0.613024425218,0.64202557979,
    0.671026734363,0.700027888935,0.729029043508,0.75803019808,
    0.787031352653,0.816032507226,0.843033584317,1.),.UNSPECIFIED.);
#5701 = CARTESIAN_POINT('',(-0.84986534025,0.850000000657));
#5702 = CARTESIAN_POINT('',(-0.84986534025,0.827874219477));
#5703 = CARTESIAN_POINT('',(-0.849193406113,0.80574839741));
#5704 = CARTESIAN_POINT('',(-0.847849542532,0.783647105301));
#5705 = CARTESIAN_POINT('',(-0.845834864968,0.761594812515));
#5706 = CARTESIAN_POINT('',(-0.843151599649,0.739615886939));
#5707 = CARTESIAN_POINT('',(-0.839803083571,0.717734594983));
#5708 = CARTESIAN_POINT('',(-0.831784445422,0.674215608166));
#5709 = CARTESIAN_POINT('',(-0.827114308533,0.652577832886));
#5710 = CARTESIAN_POINT('',(-0.821787810824,0.631085938963));
#5711 = CARTESIAN_POINT('',(-0.81581048328,0.60976378855));
#5712 = CARTESIAN_POINT('',(-0.809188930876,0.588634942723));
#5713 = CARTESIAN_POINT('',(-0.801930832577,0.567722661482));
#5714 = CARTESIAN_POINT('',(-0.7861590501,0.52637714602));
#5715 = CARTESIAN_POINT('',(-0.777645336777,0.505943835395));
#5716 = CARTESIAN_POINT('',(-0.768512563096,0.485772927456));
#5717 = CARTESIAN_POINT('',(-0.758770492436,0.465886887074));
#5718 = CARTESIAN_POINT('',(-0.748429889832,0.446307688418));
#5719 = CARTESIAN_POINT('',(-0.737502521971,0.427056814951));
#5720 = CARTESIAN_POINT('',(-0.714499792418,0.389253703909));
#5721 = CARTESIAN_POINT('',(-0.702424388219,0.370701396477));
#5722 = CARTESIAN_POINT('',(-0.689787720958,0.352519325012));
#5723 = CARTESIAN_POINT('',(-0.676603463148,0.334727813305));
#5724 = CARTESIAN_POINT('',(-0.662886183457,0.317346521061));
#5725 = CARTESIAN_POINT('',(-0.648651346703,0.300394443895));
#5726 = CARTESIAN_POINT('',(-0.619179281019,0.267385382781));
#5727 = CARTESIAN_POINT('',(-0.603941997625,0.251328337835));
#5728 = CARTESIAN_POINT('',(-0.588219831656,0.235737103777));
#5729 = CARTESIAN_POINT('',(-0.572029912067,0.220629190403));
#5730 = CARTESIAN_POINT('',(-0.555390128794,0.20602129203));
#5731 = CARTESIAN_POINT('',(-0.538319132758,0.191929287491));
#5732 = CARTESIAN_POINT('',(-0.503353538953,0.164807192785));
#5733 = CARTESIAN_POINT('',(-0.485458876572,0.151777052499));
#5734 = CARTESIAN_POINT('',(-0.467171766364,0.139292875215));
#5735 = CARTESIAN_POINT('',(-0.448512226595,0.127368776993));
#5736 = CARTESIAN_POINT('',(-0.429500876144,0.116017934017));
#5737 = CARTESIAN_POINT('',(-0.410158934503,0.105252582597));
#5738 = CARTESIAN_POINT('',(-0.370857509054,8.49154557349E-02));
#5739 = CARTESIAN_POINT('',(-0.350897952619,7.534364271183E-02));
#5740 = CARTESIAN_POINT('',(-0.330651376894,6.637986819333E-02));
#5741 = CARTESIAN_POINT('',(-0.310140026657,5.803438712562E-02));
#5742 = CARTESIAN_POINT('',(-0.289386567046,5.031642130445E-02));
#5743 = CARTESIAN_POINT('',(-0.26841408356,4.323415937509E-02));
#5744 = CARTESIAN_POINT('',(-0.226078080549,3.035535428957E-02));
#5745 = CARTESIAN_POINT('',(-0.204714482791,2.455878733435E-02));
#5746 = CARTESIAN_POINT('',(-0.18317879737,1.941220248064E-02));
#5747 = CARTESIAN_POINT('',(-0.161494759062,1.492165402397E-02));
#5748 = CARTESIAN_POINT('',(-0.13968632883,1.109210404146E-02));
#5749 = CARTESIAN_POINT('',(-0.117777693828,7.927422391824E-03));
#5750 = CARTESIAN_POINT('',(-7.380884095812E-02,2.933351038833E-03));
#5751 = CARTESIAN_POINT('',(-5.174854184023E-02,1.103952106814E-03));
#5752 = CARTESIAN_POINT('',(-2.963678443779E-02,-5.504176765799E-05));
#5753 = CARTESIAN_POINT('',(-7.498007676227E-03,-5.419773949701E-04));
#5754 = CARTESIAN_POINT('',(1.464332499223E-02,-3.563167089688E-04));
#5755 = CARTESIAN_POINT('',(3.676272558855E-02,5.013632330407E-04));
#5756 = CARTESIAN_POINT('',(8.090863762525E-02,3.557377267549E-03));
#5757 = CARTESIAN_POINT('',(0.102935230644,5.755717007331E-03));
#5758 = CARTESIAN_POINT('',(0.124890948805,8.62268792411E-03));
#5759 = CARTESIAN_POINT('',(0.146751458198,1.215548736514E-02));
#5760 = CARTESIAN_POINT('',(0.168492602857,1.635021157045E-02));
#5761 = CARTESIAN_POINT('',(0.190090404762,2.120185567287E-02));
#5762 = CARTESIAN_POINT('',(0.232212735539,3.20170320135E-02));
#5763 = CARTESIAN_POINT('',(0.252748662976,3.793647215741E-02));
#5764 = CARTESIAN_POINT('',(0.273107431178,4.445713177392E-02));
#5765 = CARTESIAN_POINT('',(0.293267947786,5.157259444222E-02));
#5766 = CARTESIAN_POINT('',(0.313209443049,5.927552967653E-02));
#5767 = CARTESIAN_POINT('',(0.332911469828,6.755769292608E-02));
#5768 = CARTESIAN_POINT('',(0.372490709152,8.557830900656E-02));
#5769 = CARTESIAN_POINT('',(0.392349118823,9.535824065083E-02));
#5770 = CARTESIAN_POINT('',(0.411906772479,0.105739534678));
#5771 = CARTESIAN_POINT('',(0.431141862625,0.116711036394));
#5772 = CARTESIAN_POINT('',(0.450033134395,0.128260622236));
#5773 = CARTESIAN_POINT('',(0.468559885556,0.140375199779));
#5774 = CARTESIAN_POINT('',(0.504844047454,0.165706215682));
#5775 = CARTESIAN_POINT('',(0.522601525242,0.178922700852));
#5776 = CARTESIAN_POINT('',(0.53995425564,0.19267609425));
#5777 = CARTESIAN_POINT('',(0.556882813465,0.206951474202));
#5778 = CARTESIAN_POINT('',(0.573368492581,0.221733066346));
#5779 = CARTESIAN_POINT('',(0.5893933059,0.237004243633));
#5780 = CARTESIAN_POINT('',(0.620486664856,0.268490809024));
#5781 = CARTESIAN_POINT('',(0.635555267951,0.284706255314));
#5782 = CARTESIAN_POINT('',(0.650128533301,0.301376378867));
#5783 = CARTESIAN_POINT('',(0.664190061196,0.318482985078));
#5784 = CARTESIAN_POINT('',(0.677724313582,0.336007171066));
#5785 = CARTESIAN_POINT('',(0.69071661406,0.353929325678));
#5786 = CARTESIAN_POINT('',(0.715589681707,0.390528933288));
#5787 = CARTESIAN_POINT('',(0.72747049484,0.409206453919));
#5788 = CARTESIAN_POINT('',(0.738781780301,0.42824136667));
#5789 = CARTESIAN_POINT('',(0.749510706843,0.447612806422));
#5790 = CARTESIAN_POINT('',(0.759645418951,0.467299367643));
#5791 = CARTESIAN_POINT('',(0.769175036845,0.487279104388));
#5792 = CARTESIAN_POINT('',(0.784852472818,0.522891925657));
#5793 = CARTESIAN_POINT('',(0.79126136872,0.538410134705));
#5794 = CARTESIAN_POINT('',(0.797312029134,0.554074353161));
#5795 = CARTESIAN_POINT('',(0.803000486598,0.569874651601));
#5796 = CARTESIAN_POINT('',(0.808323121246,0.58580097546));
#5797 = CARTESIAN_POINT('',(0.813276660806,0.601843145031));
#5798 = CARTESIAN_POINT('',(0.823272703443,0.637074511334));
#5799 = CARTESIAN_POINT('',(0.828167638314,0.65630561227));
#5800 = CARTESIAN_POINT('',(0.832538157619,0.675667134348));
#5801 = CARTESIAN_POINT('',(0.836380140805,0.695141914152));
#5802 = CARTESIAN_POINT('',(0.839690174356,0.714712648785));
#5803 = CARTESIAN_POINT('',(0.842465551798,0.734361895862));
#5804 = CARTESIAN_POINT('',(0.84651247236,0.769991834279));
#5805 = CARTESIAN_POINT('',(0.847970577795,0.785951367544));
#5806 = CARTESIAN_POINT('',(0.849077539426,0.801941417845));
#5807 = CARTESIAN_POINT('',(0.849832613045,0.817952715268));
#5808 = CARTESIAN_POINT('',(0.850235360813,0.833975975451));
#5809 = CARTESIAN_POINT('',(0.850285651258,0.850001899586));
#5810 = CARTESIAN_POINT('',(0.849609764481,0.885854559944));
#5811 = CARTESIAN_POINT('',(0.848695861763,0.905677789057));
#5812 = CARTESIAN_POINT('',(0.847242287084,0.925473169751));
#5813 = CARTESIAN_POINT('',(0.845250093435,0.94522308235));
#5814 = CARTESIAN_POINT('',(0.842721050836,0.964909979508));
#5815 = CARTESIAN_POINT('',(0.839657646331,0.984516386202));
#5816 = CARTESIAN_POINT('',(0.832330269389,1.02428374004));
#5817 = CARTESIAN_POINT('',(0.828024642918,1.044437065362));
#5818 = CARTESIAN_POINT('',(0.823149799225,1.064465383642));
#5819 = CARTESIAN_POINT('',(0.81771014134,1.084349423967));
#5820 = CARTESIAN_POINT('',(0.81171088069,1.104070136576));
#5821 = CARTESIAN_POINT('',(0.805158037092,1.123608692859));
#5822 = CARTESIAN_POINT('',(0.790432944852,1.163716705277));
#5823 = CARTESIAN_POINT('',(0.782176669533,1.184255386234));
#5824 = CARTESIAN_POINT('',(0.77329808537,1.204539464362));
#5825 = CARTESIAN_POINT('',(0.76380667268,1.224546353874));
#5826 = CARTESIAN_POINT('',(0.753712919518,1.244253947063));
#5827 = CARTESIAN_POINT('',(0.74302832168,1.263640614303));
#5828 = CARTESIAN_POINT('',(0.720890820478,1.301073084565));
#5829 = CARTESIAN_POINT('',(0.709477078376,1.319142134859));
#5830 = CARTESIAN_POINT('',(0.697535414861,1.336873325374));
#5831 = CARTESIAN_POINT('',(0.685077876163,1.354248191372));
#5832 = CARTESIAN_POINT('',(0.672117296277,1.371248832935));
#5833 = CARTESIAN_POINT('',(0.658667296963,1.387857914961));
#5834 = CARTESIAN_POINT('',(0.630319957373,1.420838016956));
#5835 = CARTESIAN_POINT('',(0.615388031091,1.437179408424));
#5836 = CARTESIAN_POINT('',(0.599962528562,1.453064211034));
#5837 = CARTESIAN_POINT('',(0.584060245668,1.468474595246));
#5838 = CARTESIAN_POINT('',(0.567698754505,1.483393532513));
#5839 = CARTESIAN_POINT('',(0.550896403388,1.497804795281));
#5840 = CARTESIAN_POINT('',(0.516448230305,1.525581118698));
#5841 = CARTESIAN_POINT('',(0.498802344682,1.538946230676));
#5842 = CARTESIAN_POINT('',(0.480753790398,1.55177287367));
#5843 = CARTESIAN_POINT('',(0.462322316098,1.564046556815));
#5844 = CARTESIAN_POINT('',(0.443528288648,1.575753717633));
#5845 = CARTESIAN_POINT('',(0.424392693135,1.586881722035));
#5846 = CARTESIAN_POINT('',(0.3854815726,1.607956006603));
#5847 = CARTESIAN_POINT('',(0.365705975674,1.617902325713));
#5848 = CARTESIAN_POINT('',(0.345631949868,1.6272461242));
#5849 = CARTESIAN_POINT('',(0.32528154272,1.635976729661));
#5850 = CARTESIAN_POINT('',(0.304677241526,1.644084494737));
#5851 = CARTESIAN_POINT('',(0.283841973338,1.65156079711));
#5852 = CARTESIAN_POINT('',(0.241756236599,1.665235281907));
#5853 = CARTESIAN_POINT('',(0.220505690276,1.6714334896));
#5854 = CARTESIAN_POINT('',(0.199070835712,1.676985074244));
#5855 = CARTESIAN_POINT('',(0.177475289354,1.681883535254));
#5856 = CARTESIAN_POINT('',(0.15574291438,1.686123459808));
#5857 = CARTESIAN_POINT('',(0.133897820705,1.689700522846));
#5858 = CARTESIAN_POINT('',(9.003090925082E-02,1.695522451287));
#5859 = CARTESIAN_POINT('',(6.800901040804E-02,1.697767327448));
#5860 = CARTESIAN_POINT('',(4.592302633283E-02,1.699342887557));
#5861 = CARTESIAN_POINT('',(2.379736044907E-02,1.70024701808));
#5862 = CARTESIAN_POINT('',(1.6564617214E-03,1.700478719951));
#5863 = CARTESIAN_POINT('',(-2.047517534475E-02,1.700038108562));
#5864 = CARTESIAN_POINT('',(-6.467084606158E-02,1.697814718983));
#5865 = CARTESIAN_POINT('',(-8.673496138253E-02,1.696031936684));
#5866 = CARTESIAN_POINT('',(-0.108740817091,1.693579306108));
#5867 = CARTESIAN_POINT('',(-0.130664030774,1.690459170753));
#5868 = CARTESIAN_POINT('',(-0.152480377176,1.686674978385));
#5869 = CARTESIAN_POINT('',(-0.174165788205,1.682231281033));
#5870 = CARTESIAN_POINT('',(-0.217226917646,1.672036188951));
#5871 = CARTESIAN_POINT('',(-0.238602715633,1.666284775382));
#5872 = CARTESIAN_POINT('',(-0.259799838116,1.659885159714));
#5873 = CARTESIAN_POINT('',(-0.28079473098,1.652844064885));
#5874 = CARTESIAN_POINT('',(-0.301564194772,1.645169271336));
#5875 = CARTESIAN_POINT('',(-0.322085384695,1.636869617018));
#5876 = CARTESIAN_POINT('',(-0.36118965692,1.619655178447));
#5877 = CARTESIAN_POINT('',(-0.379808856968,1.610822266673));
#5878 = CARTESIAN_POINT('',(-0.39817527122,1.601464250768));
#5879 = CARTESIAN_POINT('',(-0.416271161591,1.59158985513));
#5880 = CARTESIAN_POINT('',(-0.434079191445,1.581208539853));
#5881 = CARTESIAN_POINT('',(-0.45158242559,1.570330500725));
#5882 = CARTESIAN_POINT('',(-0.56864856769,1.492904863905));
#5883 = CARTESIAN_POINT('',(-0.657755313134,1.410371585697));
#5884 = CARTESIAN_POINT('',(-0.732665384053,1.313560273844));
#5885 = CARTESIAN_POINT('',(-0.790757084955,1.205491602853));
#5886 = CARTESIAN_POINT('',(-0.830181481011,1.089605167826));
#5887 = CARTESIAN_POINT('',(-0.84986534025,0.969754011048));
#5888 = CARTESIAN_POINT('',(-0.84986534025,0.850000000657));
#5889 = ( GEOMETRIC_REPRESENTATION_CONTEXT(2) 
PARAMETRIC_REPRESENTATION_CONTEXT() REPRESENTATION_CONTEXT('2D SPACE',''
  ) );
#5890 = PCURVE('',#3242,#5891);
#5891 = DEFINITIONAL_REPRESENTATION('',(#5892),#6081);
#5892 = B_SPLINE_CURVE_WITH_KNOTS('',7,(#5893,#5894,#5895,#5896,#5897,
    #5898,#5899,#5900,#5901,#5902,#5903,#5904,#5905,#5906,#5907,#5908,
    #5909,#5910,#5911,#5912,#5913,#5914,#5915,#5916,#5917,#5918,#5919,
    #5920,#5921,#5922,#5923,#5924,#5925,#5926,#5927,#5928,#5929,#5930,
    #5931,#5932,#5933,#5934,#5935,#5936,#5937,#5938,#5939,#5940,#5941,
    #5942,#5943,#5944,#5945,#5946,#5947,#5948,#5949,#5950,#5951,#5952,
    #5953,#5954,#5955,#5956,#5957,#5958,#5959,#5960,#5961,#5962,#5963,
    #5964,#5965,#5966,#5967,#5968,#5969,#5970,#5971,#5972,#5973,#5974,
    #5975,#5976,#5977,#5978,#5979,#5980,#5981,#5982,#5983,#5984,#5985,
    #5986,#5987,#5988,#5989,#5990,#5991,#5992,#5993,#5994,#5995,#5996,
    #5997,#5998,#5999,#6000,#6001,#6002,#6003,#6004,#6005,#6006,#6007,
    #6008,#6009,#6010,#6011,#6012,#6013,#6014,#6015,#6016,#6017,#6018,
    #6019,#6020,#6021,#6022,#6023,#6024,#6025,#6026,#6027,#6028,#6029,
    #6030,#6031,#6032,#6033,#6034,#6035,#6036,#6037,#6038,#6039,#6040,
    #6041,#6042,#6043,#6044,#6045,#6046,#6047,#6048,#6049,#6050,#6051,
    #6052,#6053,#6054,#6055,#6056,#6057,#6058,#6059,#6060,#6061,#6062,
    #6063,#6064,#6065,#6066,#6067,#6068,#6069,#6070,#6071,#6072,#6073,
    #6074,#6075,#6076,#6077,#6078,#6079,#6080),.UNSPECIFIED.,.F.,.F.,(8,
    6,6,6,6,6,6,6,6,6,6,6,6,6,6,6,6,6,6,6,6,6,6,6,6,6,6,6,6,6,6,8),(0.,
    2.900115457253E-02,5.800230914506E-02,8.700346371759E-02,
    0.11600461829,0.145005772863,0.174006927435,0.203008082008,
    0.23200923658,0.261010391153,0.290011545725,0.318012661657,
    0.347013816229,0.376014970802,0.405016125374,0.434017279947,
    0.456018160534,0.482019198609,0.503020039547,0.529021077622,
    0.556022154714,0.585023309286,0.613024425218,0.64202557979,
    0.671026734363,0.700027888935,0.729029043508,0.75803019808,
    0.787031352653,0.816032507226,0.843033584317,1.),.UNSPECIFIED.);
#5893 = CARTESIAN_POINT('',(3.141592536066,0.));
#5894 = CARTESIAN_POINT('',(3.141592536066,2.60303308002E-02));
#5895 = CARTESIAN_POINT('',(3.141592536142,5.206066992994E-02));
#5896 = CARTESIAN_POINT('',(3.141592536292,7.809101405741E-02));
#5897 = CARTESIAN_POINT('',(3.141592536519,0.104121359851));
#5898 = CARTESIAN_POINT('',(3.14159253682,0.130151703978));
#5899 = CARTESIAN_POINT('',(3.141592537197,0.156182043108));
#5900 = CARTESIAN_POINT('',(3.141592538102,0.208242704708));
#5901 = CARTESIAN_POINT('',(3.14159253863,0.234273043838));
#5902 = CARTESIAN_POINT('',(3.141592539233,0.260303387966));
#5903 = CARTESIAN_POINT('',(3.141592539913,0.286333733759));
#5904 = CARTESIAN_POINT('',(3.141592540667,0.312364077886));
#5905 = CARTESIAN_POINT('',(3.141592541498,0.338394417016));
#5906 = CARTESIAN_POINT('',(3.141592543312,0.390455078617));
#5907 = CARTESIAN_POINT('',(3.141592544294,0.416485417746));
#5908 = CARTESIAN_POINT('',(3.141592545353,0.442515761874));
#5909 = CARTESIAN_POINT('',(3.141592546488,0.468546107667));
#5910 = CARTESIAN_POINT('',(3.141592547699,0.494576451795));
#5911 = CARTESIAN_POINT('',(3.141592548986,0.520606790924));
#5912 = CARTESIAN_POINT('',(3.141592551714,0.572667452525));
#5913 = CARTESIAN_POINT('',(3.141592553155,0.598697791655));
#5914 = CARTESIAN_POINT('',(3.141592554671,0.624728135782));
#5915 = CARTESIAN_POINT('',(3.141592556265,0.650758481575));
#5916 = CARTESIAN_POINT('',(3.141592557935,0.676788825703));
#5917 = CARTESIAN_POINT('',(3.141592559682,0.702819164833));
#5918 = CARTESIAN_POINT('',(3.141592563328,0.754879826433));
#5919 = CARTESIAN_POINT('',(3.141592565228,0.780910165563));
#5920 = CARTESIAN_POINT('',(3.141592567205,0.80694050969));
#5921 = CARTESIAN_POINT('',(3.141592569258,0.832970855484));
#5922 = CARTESIAN_POINT('',(3.141592571388,0.859001199611));
#5923 = CARTESIAN_POINT('',(3.141592573594,0.885031538741));
#5924 = CARTESIAN_POINT('',(3.141592578159,0.937092200341));
#5925 = CARTESIAN_POINT('',(3.141592580517,0.963122539471));
#5926 = CARTESIAN_POINT('',(3.141592582951,0.989152883598));
#5927 = CARTESIAN_POINT('',(3.141592585461,1.015183229392));
#5928 = CARTESIAN_POINT('',(3.141592588045,1.041213573519));
#5929 = CARTESIAN_POINT('',(3.141592590705,1.067243912649));
#5930 = CARTESIAN_POINT('',(3.141592596171,1.119304574249));
#5931 = CARTESIAN_POINT('',(3.141592598979,1.145334913379));
#5932 = CARTESIAN_POINT('',(3.141592601859,1.171365257507));
#5933 = CARTESIAN_POINT('',(3.141592604812,1.1973956033));
#5934 = CARTESIAN_POINT('',(3.141592607837,1.223425947428));
#5935 = CARTESIAN_POINT('',(3.141592610933,1.249456286557));
#5936 = CARTESIAN_POINT('',(3.141592617262,1.301516948158));
#5937 = CARTESIAN_POINT('',(3.141592620496,1.327547287287));
#5938 = CARTESIAN_POINT('',(3.141592623799,1.353577631415));
#5939 = CARTESIAN_POINT('',(3.141592627168,1.379607977208));
#5940 = CARTESIAN_POINT('',(3.141592630601,1.405638321336));
#5941 = CARTESIAN_POINT('',(3.141592634098,1.431668660465));
#5942 = CARTESIAN_POINT('',(3.141592641215,1.483729322066));
#5943 = CARTESIAN_POINT('',(3.141592644834,1.509759661196));
#5944 = CARTESIAN_POINT('',(3.141592648511,1.535790005323));
#5945 = CARTESIAN_POINT('',(3.141592652246,1.561820351116));
#5946 = CARTESIAN_POINT('',(3.141592656034,1.587850695244));
#5947 = CARTESIAN_POINT('',(3.141592659873,1.613881034374));
#5948 = CARTESIAN_POINT('',(3.141592667646,1.665941695974));
#5949 = CARTESIAN_POINT('',(3.14159267158,1.691972035104));
#5950 = CARTESIAN_POINT('',(3.141592675559,1.718002379231));
#5951 = CARTESIAN_POINT('',(3.141592679578,1.744032725025));
#5952 = CARTESIAN_POINT('',(3.141592683634,1.770063069152));
#5953 = CARTESIAN_POINT('',(3.141592687722,1.796093408282));
#5954 = CARTESIAN_POINT('',(3.141592695812,1.84725647332));
#5955 = CARTESIAN_POINT('',(3.141592699812,1.872389214549));
#5956 = CARTESIAN_POINT('',(3.141592703834,1.897521959972));
#5957 = CARTESIAN_POINT('',(3.141592707873,1.922654706793));
#5958 = CARTESIAN_POINT('',(3.141592711924,1.947787452217));
#5959 = CARTESIAN_POINT('',(3.141592715982,1.972920193445));
#5960 = CARTESIAN_POINT('',(3.141592724247,2.024083258483));
#5961 = CARTESIAN_POINT('',(3.141592728454,2.050113597613));
#5962 = CARTESIAN_POINT('',(3.141592732656,2.076143941741));
#5963 = CARTESIAN_POINT('',(3.141592736848,2.102174287534));
#5964 = CARTESIAN_POINT('',(3.141592741022,2.128204631661));
#5965 = CARTESIAN_POINT('',(3.141592745171,2.154234970791));
#5966 = CARTESIAN_POINT('',(3.141592753405,2.206295632392));
#5967 = CARTESIAN_POINT('',(3.14159275749,2.232325971521));
#5968 = CARTESIAN_POINT('',(3.141592761535,2.258356315649));
#5969 = CARTESIAN_POINT('',(3.141592765533,2.284386661442));
#5970 = CARTESIAN_POINT('',(3.141592769476,2.31041700557));
#5971 = CARTESIAN_POINT('',(3.141592773355,2.336447344699));
#5972 = CARTESIAN_POINT('',(3.141592780969,2.3885080063));
#5973 = CARTESIAN_POINT('',(3.141592784705,2.414538345429));
#5974 = CARTESIAN_POINT('',(3.141592788361,2.440568689557));
#5975 = CARTESIAN_POINT('',(3.141592791928,2.46659903535));
#5976 = CARTESIAN_POINT('',(3.141592795398,2.492629379478));
#5977 = CARTESIAN_POINT('',(3.141592798764,2.518659718608));
#5978 = CARTESIAN_POINT('',(3.141592805268,2.570720380208));
#5979 = CARTESIAN_POINT('',(3.141592808407,2.596750719338));
#5980 = CARTESIAN_POINT('',(3.141592811424,2.622781063465));
#5981 = CARTESIAN_POINT('',(3.141592814312,2.648811409259));
#5982 = CARTESIAN_POINT('',(3.141592817062,2.674841753386));
#5983 = CARTESIAN_POINT('',(3.141592819668,2.700872092516));
#5984 = CARTESIAN_POINT('',(3.141592823984,2.746649575042));
#5985 = CARTESIAN_POINT('',(3.141592825759,2.766396728865));
#5986 = CARTESIAN_POINT('',(3.141592827444,2.786143883945));
#5987 = CARTESIAN_POINT('',(3.141592829035,2.805891039445));
#5988 = CARTESIAN_POINT('',(3.141592830531,2.825638194525));
#5989 = CARTESIAN_POINT('',(3.141592831928,2.845385348348));
#5990 = CARTESIAN_POINT('',(3.141592834758,2.888470040672));
#5991 = CARTESIAN_POINT('',(3.141592836151,2.911807586099));
#5992 = CARTESIAN_POINT('',(3.141592837399,2.935145134423));
#5993 = CARTESIAN_POINT('',(3.141592838501,2.958482683712));
#5994 = CARTESIAN_POINT('',(3.141592839453,2.981820232036));
#5995 = CARTESIAN_POINT('',(3.141592840252,3.005157777462));
#5996 = CARTESIAN_POINT('',(3.14159284142,3.047344872321));
#5997 = CARTESIAN_POINT('',(3.141592841842,3.066194428242));
#5998 = CARTESIAN_POINT('',(3.141592842162,3.085043985161));
#5999 = CARTESIAN_POINT('',(3.141592842381,3.103893542411));
#6000 = CARTESIAN_POINT('',(3.141592842497,3.12274309933));
#6001 = CARTESIAN_POINT('',(3.141592842512,3.141592655251));
#6002 = CARTESIAN_POINT('',(3.141592842316,3.18377975011));
#6003 = CARTESIAN_POINT('',(3.141592842052,3.207117295536));
#6004 = CARTESIAN_POINT('',(3.141592841631,3.23045484386));
#6005 = CARTESIAN_POINT('',(3.141592841055,3.253792393149));
#6006 = CARTESIAN_POINT('',(3.141592840325,3.277129941473));
#6007 = CARTESIAN_POINT('',(3.141592839444,3.3004674869));
#6008 = CARTESIAN_POINT('',(3.141592837342,3.348040164996));
#6009 = CARTESIAN_POINT('',(3.141592836111,3.372275308324));
#6010 = CARTESIAN_POINT('',(3.141592834721,3.396510455149));
#6011 = CARTESIAN_POINT('',(3.141592833177,3.420745603141));
#6012 = CARTESIAN_POINT('',(3.141592831482,3.444980749966));
#6013 = CARTESIAN_POINT('',(3.141592829641,3.469215893294));
#6014 = CARTESIAN_POINT('',(3.14159282553,3.519481361592));
#6015 = CARTESIAN_POINT('',(3.141592823239,3.545511700722));
#6016 = CARTESIAN_POINT('',(3.14159282079,3.571542044849));
#6017 = CARTESIAN_POINT('',(3.141592818192,3.597572390643));
#6018 = CARTESIAN_POINT('',(3.141592815451,3.62360273477));
#6019 = CARTESIAN_POINT('',(3.141592812575,3.6496330739));
#6020 = CARTESIAN_POINT('',(3.141592806672,3.700796138938));
#6021 = CARTESIAN_POINT('',(3.141592803654,3.725928880167));
#6022 = CARTESIAN_POINT('',(3.141592800524,3.75106162559));
#6023 = CARTESIAN_POINT('',(3.141592797291,3.776194372411));
#6024 = CARTESIAN_POINT('',(3.14159279396,3.801327117834));
#6025 = CARTESIAN_POINT('',(3.141592790541,3.826459859063));
#6026 = CARTESIAN_POINT('',(3.141592783414,3.877622924101));
#6027 = CARTESIAN_POINT('',(3.1415927797,3.903653263231));
#6028 = CARTESIAN_POINT('',(3.141592775907,3.929683607359));
#6029 = CARTESIAN_POINT('',(3.141592772043,3.955713953152));
#6030 = CARTESIAN_POINT('',(3.141592768117,3.981744297279));
#6031 = CARTESIAN_POINT('',(3.141592764136,4.007774636409));
#6032 = CARTESIAN_POINT('',(3.141592756082,4.05983529801));
#6033 = CARTESIAN_POINT('',(3.141592752008,4.085865637139));
#6034 = CARTESIAN_POINT('',(3.141592747895,4.111895981267));
#6035 = CARTESIAN_POINT('',(3.141592743751,4.13792632706));
#6036 = CARTESIAN_POINT('',(3.141592739582,4.163956671188));
#6037 = CARTESIAN_POINT('',(3.141592735397,4.189987010317));
#6038 = CARTESIAN_POINT('',(3.141592727006,4.242047671918));
#6039 = CARTESIAN_POINT('',(3.141592722801,4.268078011047));
#6040 = CARTESIAN_POINT('',(3.141592718591,4.294108355175));
#6041 = CARTESIAN_POINT('',(3.141592714385,4.320138700968));
#6042 = CARTESIAN_POINT('',(3.141592710186,4.346169045096));
#6043 = CARTESIAN_POINT('',(3.141592706002,4.372199384226));
#6044 = CARTESIAN_POINT('',(3.141592697672,4.424260045826));
#6045 = CARTESIAN_POINT('',(3.141592693527,4.450290384956));
#6046 = CARTESIAN_POINT('',(3.141592689406,4.476320729083));
#6047 = CARTESIAN_POINT('',(3.141592685314,4.502351074876));
#6048 = CARTESIAN_POINT('',(3.141592681256,4.528381419004));
#6049 = CARTESIAN_POINT('',(3.141592677235,4.554411758134));
#6050 = CARTESIAN_POINT('',(3.141592669277,4.606472419734));
#6051 = CARTESIAN_POINT('',(3.14159266534,4.632502758864));
#6052 = CARTESIAN_POINT('',(3.141592661448,4.658533102991));
#6053 = CARTESIAN_POINT('',(3.141592657604,4.684563448785));
#6054 = CARTESIAN_POINT('',(3.141592653813,4.710593792912));
#6055 = CARTESIAN_POINT('',(3.141592650075,4.736624132042));
#6056 = CARTESIAN_POINT('',(3.141592642715,4.788684793642));
#6057 = CARTESIAN_POINT('',(3.141592639092,4.814715132772));
#6058 = CARTESIAN_POINT('',(3.141592635528,4.8407454769));
#6059 = CARTESIAN_POINT('',(3.141592632026,4.866775822693));
#6060 = CARTESIAN_POINT('',(3.141592628588,4.89280616682));
#6061 = CARTESIAN_POINT('',(3.141592625215,4.91883650595));
#6062 = CARTESIAN_POINT('',(3.141592618603,4.970897167551));
#6063 = CARTESIAN_POINT('',(3.141592615364,4.99692750668));
#6064 = CARTESIAN_POINT('',(3.141592612194,5.022957850808));
#6065 = CARTESIAN_POINT('',(3.141592609093,5.048988196601));
#6066 = CARTESIAN_POINT('',(3.141592606063,5.075018540729));
#6067 = CARTESIAN_POINT('',(3.141592603106,5.101048879858));
#6068 = CARTESIAN_POINT('',(3.141592597534,5.151314348156));
#6069 = CARTESIAN_POINT('',(3.141592594911,5.175549491484));
#6070 = CARTESIAN_POINT('',(3.141592592352,5.19978463831));
#6071 = CARTESIAN_POINT('',(3.141592589857,5.224019786301));
#6072 = CARTESIAN_POINT('',(3.141592587426,5.248254933127));
#6073 = CARTESIAN_POINT('',(3.141592585061,5.272490076455));
#6074 = CARTESIAN_POINT('',(3.14159256939,5.437612285));
#6075 = CARTESIAN_POINT('',(3.141592558219,5.578613598803));
#6076 = CARTESIAN_POINT('',(3.141592549333,5.719518654487));
#6077 = CARTESIAN_POINT('',(3.141592542695,5.860391866645));
#6078 = CARTESIAN_POINT('',(3.141592538274,6.001296922329));
#6079 = CARTESIAN_POINT('',(3.141592536066,6.142298236132));
#6080 = CARTESIAN_POINT('',(3.141592536066,6.28318530718));
#6081 = ( GEOMETRIC_REPRESENTATION_CONTEXT(2) 
PARAMETRIC_REPRESENTATION_CONTEXT() REPRESENTATION_CONTEXT('2D SPACE',''
  ) );
#6082 = ADVANCED_FACE('',(#6083),#3242,.T.);
#6083 = FACE_BOUND('',#6084,.T.);
#6084 = EDGE_LOOP('',(#6085,#6109,#6131,#6132,#6133,#6134,#6135,#6157));
#6085 = ORIENTED_EDGE('',*,*,#6086,.T.);
#6086 = EDGE_CURVE('',#4187,#6087,#6089,.T.);
#6087 = VERTEX_POINT('',#6088);
#6088 = CARTESIAN_POINT('',(4.5,-1.102182119233E-15,18.15));
#6089 = SURFACE_CURVE('',#6090,(#6095,#6102),.PCURVE_S1.);
#6090 = CIRCLE('',#6091,0.85);
#6091 = AXIS2_PLACEMENT_3D('',#6092,#6093,#6094);
#6092 = CARTESIAN_POINT('',(3.65,-8.939921633776E-16,18.15));
#6093 = DIRECTION('',(-2.449293598295E-16,-1.,0.));
#6094 = DIRECTION('',(1.,-2.449293598295E-16,0.));
#6095 = PCURVE('',#3242,#6096);
#6096 = DEFINITIONAL_REPRESENTATION('',(#6097),#6101);
#6097 = LINE('',#6098,#6099);
#6098 = CARTESIAN_POINT('',(6.28318530718,-0.));
#6099 = VECTOR('',#6100,1.);
#6100 = DIRECTION('',(0.,1.));
#6101 = ( GEOMETRIC_REPRESENTATION_CONTEXT(2) 
PARAMETRIC_REPRESENTATION_CONTEXT() REPRESENTATION_CONTEXT('2D SPACE',''
  ) );
#6102 = PCURVE('',#4260,#6103);
#6103 = DEFINITIONAL_REPRESENTATION('',(#6104),#6108);
#6104 = LINE('',#6105,#6106);
#6105 = CARTESIAN_POINT('',(0.,-0.));
#6106 = VECTOR('',#6107,1.);
#6107 = DIRECTION('',(0.,1.));
#6108 = ( GEOMETRIC_REPRESENTATION_CONTEXT(2) 
PARAMETRIC_REPRESENTATION_CONTEXT() REPRESENTATION_CONTEXT('2D SPACE',''
  ) );
#6109 = ORIENTED_EDGE('',*,*,#6110,.F.);
#6110 = EDGE_CURVE('',#2877,#6087,#6111,.T.);
#6111 = SEAM_CURVE('',#6112,(#6117,#6124),.PCURVE_S1.);
#6112 = CIRCLE('',#6113,4.5);
#6113 = AXIS2_PLACEMENT_3D('',#6114,#6115,#6116);
#6114 = CARTESIAN_POINT('',(0.,0.,18.15));
#6115 = DIRECTION('',(0.,0.,1.));
#6116 = DIRECTION('',(1.,0.,-0.));
#6117 = PCURVE('',#3242,#6118);
#6118 = DEFINITIONAL_REPRESENTATION('',(#6119),#6123);
#6119 = LINE('',#6120,#6121);
#6120 = CARTESIAN_POINT('',(0.,0.));
#6121 = VECTOR('',#6122,1.);
#6122 = DIRECTION('',(1.,0.));
#6123 = ( GEOMETRIC_REPRESENTATION_CONTEXT(2) 
PARAMETRIC_REPRESENTATION_CONTEXT() REPRESENTATION_CONTEXT('2D SPACE',''
  ) );
#6124 = PCURVE('',#3242,#6125);
#6125 = DEFINITIONAL_REPRESENTATION('',(#6126),#6130);
#6126 = LINE('',#6127,#6128);
#6127 = CARTESIAN_POINT('',(0.,6.28318530718));
#6128 = VECTOR('',#6129,1.);
#6129 = DIRECTION('',(1.,0.));
#6130 = ( GEOMETRIC_REPRESENTATION_CONTEXT(2) 
PARAMETRIC_REPRESENTATION_CONTEXT() REPRESENTATION_CONTEXT('2D SPACE',''
  ) );
#6131 = ORIENTED_EDGE('',*,*,#2976,.T.);
#6132 = ORIENTED_EDGE('',*,*,#5507,.F.);
#6133 = ORIENTED_EDGE('',*,*,#5347,.T.);
#6134 = ORIENTED_EDGE('',*,*,#6110,.T.);
#6135 = ORIENTED_EDGE('',*,*,#6136,.T.);
#6136 = EDGE_CURVE('',#6087,#4302,#6137,.T.);
#6137 = SURFACE_CURVE('',#6138,(#6143,#6150),.PCURVE_S1.);
#6138 = CIRCLE('',#6139,0.85);
#6139 = AXIS2_PLACEMENT_3D('',#6140,#6141,#6142);
#6140 = CARTESIAN_POINT('',(3.65,-8.939921633776E-16,18.15));
#6141 = DIRECTION('',(-2.449293598295E-16,-1.,0.));
#6142 = DIRECTION('',(1.,-2.449293598295E-16,0.));
#6143 = PCURVE('',#3242,#6144);
#6144 = DEFINITIONAL_REPRESENTATION('',(#6145),#6149);
#6145 = LINE('',#6146,#6147);
#6146 = CARTESIAN_POINT('',(6.28318530718,-0.));
#6147 = VECTOR('',#6148,1.);
#6148 = DIRECTION('',(0.,1.));
#6149 = ( GEOMETRIC_REPRESENTATION_CONTEXT(2) 
PARAMETRIC_REPRESENTATION_CONTEXT() REPRESENTATION_CONTEXT('2D SPACE',''
  ) );
#6150 = PCURVE('',#4595,#6151);
#6151 = DEFINITIONAL_REPRESENTATION('',(#6152),#6156);
#6152 = LINE('',#6153,#6154);
#6153 = CARTESIAN_POINT('',(0.,-0.));
#6154 = VECTOR('',#6155,1.);
#6155 = DIRECTION('',(0.,1.));
#6156 = ( GEOMETRIC_REPRESENTATION_CONTEXT(2) 
PARAMETRIC_REPRESENTATION_CONTEXT() REPRESENTATION_CONTEXT('2D SPACE',''
  ) );
#6157 = ORIENTED_EDGE('',*,*,#4746,.T.);
#6158 = ADVANCED_FACE('',(#6159),#1205,.F.);
#6159 = FACE_BOUND('',#6160,.F.);
#6160 = EDGE_LOOP('',(#6161,#6162,#6191));
#6161 = ORIENTED_EDGE('',*,*,#1114,.F.);
#6162 = ORIENTED_EDGE('',*,*,#6163,.T.);
#6163 = EDGE_CURVE('',#1079,#5273,#6164,.T.);
#6164 = SURFACE_CURVE('',#6165,(#6173,#6180),.PCURVE_S1.);
#6165 = ( BOUNDED_CURVE() B_SPLINE_CURVE(6,(#6166,#6167,#6168,#6169,
#6170,#6171,#6172),.UNSPECIFIED.,.T.,.F.) B_SPLINE_CURVE_WITH_KNOTS((1,6
    ,6,1),(-6.28318530718,0.,6.28318530718,12.566370614359),
.UNSPECIFIED.) CURVE() GEOMETRIC_REPRESENTATION_ITEM() 
RATIONAL_B_SPLINE_CURVE((1.669078461068,1.03672962321,1.038346699848,
    0.853534330196,1.038346699848,1.03672962321,1.669078461068)) 
REPRESENTATION_ITEM('') );
#6166 = CARTESIAN_POINT('',(4.5,-9.992007221626E-16,0.));
#6167 = CARTESIAN_POINT('',(4.5,-1.110223024625E-15,1.412311614235));
#6168 = CARTESIAN_POINT('',(2.753634038034,-2.6645352591E-15,
    1.615095525759));
#6169 = CARTESIAN_POINT('',(1.313250617143,-1.942890293094E-16,
    3.552713678801E-15));
#6170 = CARTESIAN_POINT('',(2.753634038034,-1.026956297778E-15,
    -1.615095525759));
#6171 = CARTESIAN_POINT('',(4.5,1.554312234475E-15,-1.412311614235));
#6172 = CARTESIAN_POINT('',(4.5,-9.992007221626E-16,0.));
#6173 = PCURVE('',#1205,#6174);
#6174 = DEFINITIONAL_REPRESENTATION('',(#6175),#6179);
#6175 = LINE('',#6176,#6177);
#6176 = CARTESIAN_POINT('',(0.,0.));
#6177 = VECTOR('',#6178,1.);
#6178 = DIRECTION('',(1.,0.));
#6179 = ( GEOMETRIC_REPRESENTATION_CONTEXT(2) 
PARAMETRIC_REPRESENTATION_CONTEXT() REPRESENTATION_CONTEXT('2D SPACE',''
  ) );
#6180 = PCURVE('',#1098,#6181);
#6181 = DEFINITIONAL_REPRESENTATION('',(#6182),#6190);
#6182 = ( BOUNDED_CURVE() B_SPLINE_CURVE(6,(#6183,#6184,#6185,#6186,
#6187,#6188,#6189),.UNSPECIFIED.,.T.,.F.) B_SPLINE_CURVE_WITH_KNOTS((1,6
    ,6,1),(-6.28318530718,0.,6.28318530718,12.566370614359),
.UNSPECIFIED.) CURVE() GEOMETRIC_REPRESENTATION_ITEM() 
RATIONAL_B_SPLINE_CURVE((1.669078461068,1.03672962321,1.038346699848,
    0.853534330196,1.038346699848,1.03672962321,1.669078461068)) 
REPRESENTATION_ITEM('') );
#6183 = CARTESIAN_POINT('',(-5.224580728618E-16,0.84986534025));
#6184 = CARTESIAN_POINT('',(-1.412311614235,0.84986534025));
#6185 = CARTESIAN_POINT('',(-1.615095525759,-0.896500621716));
#6186 = CARTESIAN_POINT('',(-4.075171751662E-15,-2.336884042607));
#6187 = CARTESIAN_POINT('',(1.615095525759,-0.896500621716));
#6188 = CARTESIAN_POINT('',(1.412311614235,0.84986534025));
#6189 = CARTESIAN_POINT('',(-5.224580728618E-16,0.84986534025));
#6190 = ( GEOMETRIC_REPRESENTATION_CONTEXT(2) 
PARAMETRIC_REPRESENTATION_CONTEXT() REPRESENTATION_CONTEXT('2D SPACE',''
  ) );
#6191 = ORIENTED_EDGE('',*,*,#6192,.T.);
#6192 = EDGE_CURVE('',#5273,#22,#6193,.T.);
#6193 = SURFACE_CURVE('',#6194,(#6242,#6293),.PCURVE_S1.);
#6194 = B_SPLINE_CURVE_WITH_KNOTS('',6,(#6195,#6196,#6197,#6198,#6199,
    #6200,#6201,#6202,#6203,#6204,#6205,#6206,#6207,#6208,#6209,#6210,
    #6211,#6212,#6213,#6214,#6215,#6216,#6217,#6218,#6219,#6220,#6221,
    #6222,#6223,#6224,#6225,#6226,#6227,#6228,#6229,#6230,#6231,#6232,
    #6233,#6234,#6235,#6236,#6237,#6238,#6239,#6240,#6241),
  .UNSPECIFIED.,.F.,.F.,(7,5,5,5,5,5,5,5,5,7),(0.,9.887353162166E-02,
    0.341243250694,0.527223910515,0.664283224146,0.830527028397,
    0.981880584008,0.990927579202,0.995149520785,1.),.UNSPECIFIED.);
#6195 = CARTESIAN_POINT('',(4.386121623934,-2.344063762127E-07,
    0.425000053203));
#6196 = CARTESIAN_POINT('',(4.390223906368,0.133978099409,0.432105416269
    ));
#6197 = CARTESIAN_POINT('',(4.389301940978,0.268135520571,0.439204768069
    ));
#6198 = CARTESIAN_POINT('',(4.3833550908,0.402234311915,0.446298140908)
  );
#6199 = CARTESIAN_POINT('',(4.372396942649,0.536039028653,0.453385588844
    ));
#6200 = CARTESIAN_POINT('',(4.356455307117,0.669316498372,0.46046718769)
  );
#6201 = CARTESIAN_POINT('',(4.284381285882,1.126681818537,0.484888133331
    ));
#6202 = CARTESIAN_POINT('',(4.203492853158,1.447000312276,0.502200106073
    ));
#6203 = CARTESIAN_POINT('',(4.093523633708,1.759340780105,0.519477461958
    ));
#6204 = CARTESIAN_POINT('',(3.955608246851,2.0604813413,0.536725037433)
  );
#6205 = CARTESIAN_POINT('',(3.791282761665,2.347400013733,0.553948204055
    ));
#6206 = CARTESIAN_POINT('',(3.457749155718,2.824445334494,0.584344450162
    ));
#6207 = CARTESIAN_POINT('',(3.298557773165,3.021580760821,0.597528805116
    ));
#6208 = CARTESIAN_POINT('',(3.125886277982,3.207482093477,0.610700792872
    ));
#6209 = CARTESIAN_POINT('',(2.940759606292,3.381034823529,0.623862252206
    ));
#6210 = CARTESIAN_POINT('',(2.744310188858,3.541242648939,0.637014690025
    ));
#6211 = CARTESIAN_POINT('',(2.385591507722,3.794838776983,0.659844294707
    ));
#6212 = CARTESIAN_POINT('',(2.22791952724,3.894721598388,0.669525853521)
  );
#6213 = CARTESIAN_POINT('',(2.065270147888,3.986547738559,0.679203013641
    ));
#6214 = CARTESIAN_POINT('',(1.898163894975,4.070018234592,0.688876165352
    ));
#6215 = CARTESIAN_POINT('',(1.72714337797,4.14487903497,0.69854566427));
#6216 = CARTESIAN_POINT('',(1.341271958002,4.291025649906,0.719935707458
    ));
#6217 = CARTESIAN_POINT('',(1.124836353021,4.358158070509,0.731654894675
    ));
#6218 = CARTESIAN_POINT('',(0.904474278262,4.411945143517,0.743369150601
    ));
#6219 = CARTESIAN_POINT('',(0.681217264551,4.452119452846,0.755079167559
    ));
#6220 = CARTESIAN_POINT('',(0.456117120543,4.478519269875,0.76678567751)
  );
#6221 = CARTESIAN_POINT('',(2.460092037261E-02,4.502531862714,
    0.7891436902));
#6222 = CARTESIAN_POINT('',(-0.181688609003,4.502511666006,
    0.799796077638));
#6223 = CARTESIAN_POINT('',(-0.387819131149,4.490986298759,
    0.810446105452));
#6224 = CARTESIAN_POINT('',(-0.592989852712,4.467987762296,0.8210944142)
  );
#6225 = CARTESIAN_POINT('',(-0.796406668257,4.433621371179,
    0.831741687059));
#6226 = CARTESIAN_POINT('',(-1.009290793775,4.38534243006,0.843024577596
    ));
#6227 = CARTESIAN_POINT('',(-1.021288928922,4.382579395564,
    0.843660958746));
#6228 = CARTESIAN_POINT('',(-1.033277831459,4.37977641839,0.844297337733
    ));
#6229 = CARTESIAN_POINT('',(-1.04525733489,4.376933537348,0.844933714644
    ));
#6230 = CARTESIAN_POINT('',(-1.057227272935,4.374050792164,
    0.845570089507));
#6231 = CARTESIAN_POINT('',(-1.074768923154,4.369764354692,
    0.846503436997));
#6232 = CARTESIAN_POINT('',(-1.080348249495,4.3683918127,0.846800411334)
  );
#6233 = CARTESIAN_POINT('',(-1.085925441485,4.36701060166,0.847097385324
    ));
#6234 = CARTESIAN_POINT('',(-1.091500482057,4.365620725784,
    0.847394358917));
#6235 = CARTESIAN_POINT('',(-1.097073354159,4.364222189328,
    0.847691331986));
#6236 = CARTESIAN_POINT('',(-1.109044058132,4.361198309349,
    0.848329488152));
#6237 = CARTESIAN_POINT('',(-1.115345157148,4.359594855038,
    0.848660473383));
#6238 = CARTESIAN_POINT('',(-1.121695339436,4.357966573894,
    0.849001691951));
#6239 = CARTESIAN_POINT('',(-1.128120747202,4.356306881664,
    0.849354171316));
#6240 = CARTESIAN_POINT('',(-1.134525663223,4.354640669611,
    0.849699534462));
#6241 = CARTESIAN_POINT('',(-1.140692510843,4.353024304516,
    0.849999999903));
#6242 = PCURVE('',#1205,#6243);
#6243 = DEFINITIONAL_REPRESENTATION('',(#6244),#6292);
#6244 = B_SPLINE_CURVE_WITH_KNOTS('',6,(#6245,#6246,#6247,#6248,#6249,
    #6250,#6251,#6252,#6253,#6254,#6255,#6256,#6257,#6258,#6259,#6260,
    #6261,#6262,#6263,#6264,#6265,#6266,#6267,#6268,#6269,#6270,#6271,
    #6272,#6273,#6274,#6275,#6276,#6277,#6278,#6279,#6280,#6281,#6282,
    #6283,#6284,#6285,#6286,#6287,#6288,#6289,#6290,#6291),
  .UNSPECIFIED.,.F.,.F.,(7,5,5,5,5,5,5,5,5,7),(0.,9.887353162166E-02,
    0.341243250694,0.527223910515,0.664283224146,0.830527028397,
    0.981880584008,0.990927579202,0.995149520785,1.),.UNSPECIFIED.);
#6245 = CARTESIAN_POINT('',(0.526766253298,0.));
#6246 = CARTESIAN_POINT('',(0.517111822663,3.368990472641E-02));
#6247 = CARTESIAN_POINT('',(0.50753023159,6.734892048801E-02));
#6248 = CARTESIAN_POINT('',(0.498017310965,0.100978212483));
#6249 = CARTESIAN_POINT('',(0.488569234094,0.134578868054));
#6250 = CARTESIAN_POINT('',(0.479182516701,0.168151896683));
#6251 = CARTESIAN_POINT('',(0.44698696818,0.283930706655));
#6252 = CARTESIAN_POINT('',(0.424467836819,0.366009488994));
#6253 = CARTESIAN_POINT('',(0.402253918342,0.447934250242));
#6254 = CARTESIAN_POINT('',(0.380306483256,0.529726100861));
#6255 = CARTESIAN_POINT('',(0.358593120609,0.611404693672));
#6256 = CARTESIAN_POINT('',(0.32059002683,0.755552171039));
#6257 = CARTESIAN_POINT('',(0.304212195677,0.818075144148));
#6258 = CARTESIAN_POINT('',(0.287945248485,0.880536657149));
#6259 = CARTESIAN_POINT('',(0.271777203119,0.942943944192));
#6260 = CARTESIAN_POINT('',(0.255696714073,1.0053039209));
#6261 = CARTESIAN_POINT('',(0.227901457211,1.113539509692));
#6262 = CARTESIAN_POINT('',(0.216150604988,1.159437781724));
#6263 = CARTESIAN_POINT('',(0.204437925998,1.20531322468));
#6264 = CARTESIAN_POINT('',(0.192759288006,1.251168136562));
#6265 = CARTESIAN_POINT('',(0.181110683367,1.297004773665));
#6266 = CARTESIAN_POINT('',(0.155391671243,1.398399834148));
#6267 = CARTESIAN_POINT('',(0.141333344128,1.453951638968));
#6268 = CARTESIAN_POINT('',(0.127307358611,1.509480542054));
#6269 = CARTESIAN_POINT('',(0.11330693949,1.564990819051));
#6270 = CARTESIAN_POINT('',(9.932554345455E-02,1.620486695062));
#6271 = CARTESIAN_POINT('',(7.264086037887E-02,1.726481957551));
#6272 = CARTESIAN_POINT('',(5.993489802866E-02,1.776985099027));
#6273 = CARTESIAN_POINT('',(4.723553062095E-02,1.827479458397));
#6274 = CARTESIAN_POINT('',(3.453813888599E-02,1.877968050589));
#6275 = CARTESIAN_POINT('',(2.183818045828E-02,1.928453881066));
#6276 = CARTESIAN_POINT('',(8.372125296224E-03,1.981955512626));
#6277 = CARTESIAN_POINT('',(7.612581754309E-03,1.984973135142));
#6278 = CARTESIAN_POINT('',(6.853013208908E-03,1.987990753846));
#6279 = CARTESIAN_POINT('',(6.093418691311E-03,1.991008369224));
#6280 = CARTESIAN_POINT('',(5.333797164479E-03,1.994025981765));
#6281 = CARTESIAN_POINT('',(4.219643476055E-03,1.998451813547));
#6282 = CARTESIAN_POINT('',(3.865133148811E-03,1.999860035136));
#6283 = CARTESIAN_POINT('',(3.510616484737E-03,2.001268256725));
#6284 = CARTESIAN_POINT('',(3.156093337841E-03,2.002676478314));
#6285 = CARTESIAN_POINT('',(2.801563472714E-03,2.004084699904));
#6286 = CARTESIAN_POINT('',(2.039708303355E-03,2.007110790764));
#6287 = CARTESIAN_POINT('',(1.632443224594E-03,2.008704359275));
#6288 = CARTESIAN_POINT('',(1.230759329527E-03,2.010311088127));
#6289 = CARTESIAN_POINT('',(8.325529688122E-04,2.011937591087));
#6290 = CARTESIAN_POINT('',(4.280888424938E-04,2.013559634592));
#6291 = CARTESIAN_POINT('',(0.,2.015122137741));
#6292 = ( GEOMETRIC_REPRESENTATION_CONTEXT(2) 
PARAMETRIC_REPRESENTATION_CONTEXT() REPRESENTATION_CONTEXT('2D SPACE',''
  ) );
#6293 = PCURVE('',#5256,#6294);
#6294 = DEFINITIONAL_REPRESENTATION('',(#6295),#6343);
#6295 = B_SPLINE_CURVE_WITH_KNOTS('',6,(#6296,#6297,#6298,#6299,#6300,
    #6301,#6302,#6303,#6304,#6305,#6306,#6307,#6308,#6309,#6310,#6311,
    #6312,#6313,#6314,#6315,#6316,#6317,#6318,#6319,#6320,#6321,#6322,
    #6323,#6324,#6325,#6326,#6327,#6328,#6329,#6330,#6331,#6332,#6333,
    #6334,#6335,#6336,#6337,#6338,#6339,#6340,#6341,#6342),
  .UNSPECIFIED.,.F.,.F.,(7,5,5,5,5,5,5,5,5,7),(0.,9.887353162166E-02,
    0.341243250694,0.527223910515,0.664283224146,0.830527028397,
    0.981880584008,0.990927579202,0.995149520785,1.),.UNSPECIFIED.);
#6296 = CARTESIAN_POINT('',(0.,5.759586620744));
#6297 = CARTESIAN_POINT('',(3.054596864456E-02,5.769239051492));
#6298 = CARTESIAN_POINT('',(6.106409935331E-02,5.778818759636));
#6299 = CARTESIAN_POINT('',(9.155538542776E-02,5.788329225477));
#6300 = CARTESIAN_POINT('',(0.122020754089,5.797773708595));
#6301 = CARTESIAN_POINT('',(0.152461066479,5.807155247852));
#6302 = CARTESIAN_POINT('',(0.257436301079,5.839326339606));
#6303 = CARTESIAN_POINT('',(0.331855917296,5.861816711764));
#6304 = CARTESIAN_POINT('',(0.40613549919,5.883985917121));
#6305 = CARTESIAN_POINT('',(0.48029462578,5.905873475616));
#6306 = CARTESIAN_POINT('',(0.554351133048,5.927514325496));
#6307 = CARTESIAN_POINT('',(0.685047206537,5.965369678309));
#6308 = CARTESIAN_POINT('',(0.74173577598,5.98167683777));
#6309 = CARTESIAN_POINT('',(0.7983686702,5.99786731993));
#6310 = CARTESIAN_POINT('',(0.854952415515,6.013953573835));
#6311 = CARTESIAN_POINT('',(0.91149325575,6.029946734734));
#6312 = CARTESIAN_POINT('',(1.009628778815,6.057579665217));
#6313 = CARTESIAN_POINT('',(1.051244016394,6.069258315696));
#6314 = CARTESIAN_POINT('',(1.092838539426,6.08089522522));
#6315 = CARTESIAN_POINT('',(1.134414431927,6.092494160739));
#6316 = CARTESIAN_POINT('',(1.17597374393,6.104058697943));
#6317 = CARTESIAN_POINT('',(1.267906939283,6.129581046317));
#6318 = CARTESIAN_POINT('',(1.318274819491,6.143524513118));
#6319 = CARTESIAN_POINT('',(1.368621940406,6.157427782807));
#6320 = CARTESIAN_POINT('',(1.418952193516,6.171296845118));
#6321 = CARTESIAN_POINT('',(1.469269421544,6.185137554078));
#6322 = CARTESIAN_POINT('',(1.565373707139,6.211534683692));
#6323 = CARTESIAN_POINT('',(1.611164163302,6.224095459006));
#6324 = CARTESIAN_POINT('',(1.656946689048,6.236641090092));
#6325 = CARTESIAN_POINT('',(1.702724014971,6.249175925236));
#6326 = CARTESIAN_POINT('',(1.748498858474,6.261704317067));
#6327 = CARTESIAN_POINT('',(1.797008100895,6.274978838209));
#6328 = CARTESIAN_POINT('',(1.799744140527,6.275727545911));
#6329 = CARTESIAN_POINT('',(1.802480176737,6.276476245802));
#6330 = CARTESIAN_POINT('',(1.805216209967,6.277224938736));
#6331 = CARTESIAN_POINT('',(1.807952240655,6.277973625503));
#6332 = CARTESIAN_POINT('',(1.81196508576,6.279071692311));
#6333 = CARTESIAN_POINT('',(1.813241902281,6.279421076709));
#6334 = CARTESIAN_POINT('',(1.814518718808,6.279770460123));
#6335 = CARTESIAN_POINT('',(1.815795535342,6.280119842569));
#6336 = CARTESIAN_POINT('',(1.817072351881,6.280469223975));
#6337 = CARTESIAN_POINT('',(1.819816069848,6.281219998038));
#6338 = CARTESIAN_POINT('',(1.821260938102,6.281609393103));
#6339 = CARTESIAN_POINT('',(1.822717738656,6.282010827028));
#6340 = CARTESIAN_POINT('',(1.824192468129,6.282425508709));
#6341 = CARTESIAN_POINT('',(1.825663154294,6.282831818283));
#6342 = CARTESIAN_POINT('',(1.82707985607,6.283185307125));
#6343 = ( GEOMETRIC_REPRESENTATION_CONTEXT(2) 
PARAMETRIC_REPRESENTATION_CONTEXT() REPRESENTATION_CONTEXT('2D SPACE',''
  ) );
#6344 = ADVANCED_FACE('',(#6345),#1098,.T.);
#6345 = FACE_BOUND('',#6346,.T.);
#6346 = EDGE_LOOP('',(#6347,#6348,#6349));
#6347 = ORIENTED_EDGE('',*,*,#1078,.T.);
#6348 = ORIENTED_EDGE('',*,*,#6163,.T.);
#6349 = ORIENTED_EDGE('',*,*,#5322,.F.);
#6350 = ADVANCED_FACE('',(#6351),#4260,.T.);
#6351 = FACE_BOUND('',#6352,.T.);
#6352 = EDGE_LOOP('',(#6353,#6354,#6376));
#6353 = ORIENTED_EDGE('',*,*,#4186,.T.);
#6354 = ORIENTED_EDGE('',*,*,#6355,.F.);
#6355 = EDGE_CURVE('',#6087,#2877,#6356,.T.);
#6356 = SURFACE_CURVE('',#6357,(#6362,#6369),.PCURVE_S1.);
#6357 = CIRCLE('',#6358,4.5);
#6358 = AXIS2_PLACEMENT_3D('',#6359,#6360,#6361);
#6359 = CARTESIAN_POINT('',(0.,0.,18.15));
#6360 = DIRECTION('',(0.,0.,1.));
#6361 = DIRECTION('',(1.,0.,-0.));
#6362 = PCURVE('',#4260,#6363);
#6363 = DEFINITIONAL_REPRESENTATION('',(#6364),#6368);
#6364 = LINE('',#6365,#6366);
#6365 = CARTESIAN_POINT('',(0.,6.28318530718));
#6366 = VECTOR('',#6367,1.);
#6367 = DIRECTION('',(1.,0.));
#6368 = ( GEOMETRIC_REPRESENTATION_CONTEXT(2) 
PARAMETRIC_REPRESENTATION_CONTEXT() REPRESENTATION_CONTEXT('2D SPACE',''
  ) );
#6369 = PCURVE('',#4595,#6370);
#6370 = DEFINITIONAL_REPRESENTATION('',(#6371),#6375);
#6371 = LINE('',#6372,#6373);
#6372 = CARTESIAN_POINT('',(0.,0.));
#6373 = VECTOR('',#6374,1.);
#6374 = DIRECTION('',(1.,0.));
#6375 = ( GEOMETRIC_REPRESENTATION_CONTEXT(2) 
PARAMETRIC_REPRESENTATION_CONTEXT() REPRESENTATION_CONTEXT('2D SPACE',''
  ) );
#6376 = ORIENTED_EDGE('',*,*,#6086,.F.);
#6377 = ADVANCED_FACE('',(#6378),#4595,.T.);
#6378 = FACE_BOUND('',#6379,.T.);
#6379 = EDGE_LOOP('',(#6380,#6381,#6382));
#6380 = ORIENTED_EDGE('',*,*,#6136,.F.);
#6381 = ORIENTED_EDGE('',*,*,#6355,.T.);
#6382 = ORIENTED_EDGE('',*,*,#4301,.T.);
#6383 = ADVANCED_FACE('',(#6384),#5256,.T.);
#6384 = FACE_BOUND('',#6385,.T.);
#6385 = EDGE_LOOP('',(#6386,#6387,#6388));
#6386 = ORIENTED_EDGE('',*,*,#6192,.T.);
#6387 = ORIENTED_EDGE('',*,*,#5241,.F.);
#6388 = ORIENTED_EDGE('',*,*,#5272,.F.);
#6389 = ( GEOMETRIC_REPRESENTATION_CONTEXT(3) 
GLOBAL_UNCERTAINTY_ASSIGNED_CONTEXT((#6393)) 
GLOBAL_UNIT_ASSIGNED_CONTEXT((#6390,#6391,#6392)) REPRESENTATION_CONTEXT
('Context #1','3D Context with UNIT and UNCERTAINTY') );
#6390 = ( LENGTH_UNIT() NAMED_UNIT(*) SI_UNIT(.MILLI.,.METRE.) );
#6391 = ( NAMED_UNIT(*) PLANE_ANGLE_UNIT() SI_UNIT($,.RADIAN.) );
#6392 = ( NAMED_UNIT(*) SI_UNIT($,.STERADIAN.) SOLID_ANGLE_UNIT() );
#6393 = UNCERTAINTY_MEASURE_WITH_UNIT(LENGTH_MEASURE(5.E-06),#6390,
  'distance_accuracy_value','confusion accuracy');
#6394 = PRODUCT_RELATED_PRODUCT_CATEGORY('part',$,(#7));
ENDSEC;
END-ISO-10303-21;
