ISO-10303-21;
HEADER;
FILE_DESCRIPTION(('Open CASCADE Model'),'2;1');
FILE_NAME('Open CASCADE Shape Model','2026-08-06T03:27:31',('Author'),(
    'Open CASCADE'),'Open CASCADE STEP processor 7.8','Open CASCADE 7.8'
  ,'Unknown');
FILE_SCHEMA(('AUTOMOTIVE_DESIGN { 1 0 10303 214 1 1 1 1 }'));
ENDSEC;
DATA;
#1 = APPLICATION_PROTOCOL_DEFINITION('international standard',
  'automotive_design',2000,#2);
#2 = APPLICATION_CONTEXT(
  'core data for automotive mechanical design processes');
#3 = SHAPE_DEFINITION_REPRESENTATION(#4,#10);
#4 = PRODUCT_DEFINITION_SHAPE('','',#5);
#5 = PRODUCT_DEFINITION('design','',#6,#9);
#6 = PRODUCT_DEFINITION_FORMATION('','',#7);
#7 = PRODUCT('Open CASCADE STEP translator 7.8 1',
  'Open CASCADE STEP translator 7.8 1','',(#8));
#8 = PRODUCT_CONTEXT('',#2,'mechanical');
#9 = PRODUCT_DEFINITION_CONTEXT('part definition',#2,'design');
#10 = ADVANCED_BREP_SHAPE_REPRESENTATION('',(#11,#15),#5688);
#11 = AXIS2_PLACEMENT_3D('',#12,#13,#14);
#12 = CARTESIAN_POINT('',(0.,0.,0.));
#13 = DIRECTION('',(0.,0.,1.));
#14 = DIRECTION('',(1.,0.,-0.));
#15 = MANIFOLD_SOLID_BREP('',#16);
#16 = CLOSED_SHELL('',(#17,#1519,#1573,#1627,#1698,#1747,#1796,#1822,
    #1874,#1900,#1907,#2076,#2605,#2682,#2731,#2781,#2786,#2858,#2907,
    #2956,#2982,#3309,#3335,#3362,#3389,#3417,#3456,#3460,#3467,#3516,
    #3565,#3614,#3663,#3712,#3761,#3810,#3837,#4263,#4344,#4438,#4485,
    #4579,#4629,#4723,#4795,#4849,#4925,#4974,#5023,#5072,#5121,#5170,
    #5197,#5273,#5322,#5371,#5420,#5469,#5518,#5545,#5555,#5610,#5620,
    #5630,#5684));
#17 = ADVANCED_FACE('',(#18,#105,#388),#32,.T.);
#18 = FACE_BOUND('',#19,.F.);
#19 = EDGE_LOOP('',(#20,#50,#77,#78));
#20 = ORIENTED_EDGE('',*,*,#21,.F.);
#21 = EDGE_CURVE('',#22,#24,#26,.T.);
#22 = VERTEX_POINT('',#23);
#23 = CARTESIAN_POINT('',(22.,0.,1.2));
#24 = VERTEX_POINT('',#25);
#25 = CARTESIAN_POINT('',(22.,0.,102.8));
#26 = SEAM_CURVE('',#27,(#31,#43),.PCURVE_S1.);
#27 = LINE('',#28,#29);
#28 = CARTESIAN_POINT('',(22.,0.,0.));
#29 = VECTOR('',#30,1.);
#30 = DIRECTION('',(0.,0.,1.));
#31 = PCURVE('',#32,#37);
#32 = CYLINDRICAL_SURFACE('',#33,22.);
#33 = AXIS2_PLACEMENT_3D('',#34,#35,#36);
#34 = CARTESIAN_POINT('',(0.,0.,0.));
#35 = DIRECTION('',(-0.,-0.,-1.));
#36 = DIRECTION('',(1.,0.,0.));
#37 = DEFINITIONAL_REPRESENTATION('',(#38),#42);
#38 = LINE('',#39,#40);
#39 = CARTESIAN_POINT('',(-6.28318530718,0.));
#40 = VECTOR('',#41,1.);
#41 = DIRECTION('',(-0.,-1.));
#42 = ( GEOMETRIC_REPRESENTATION_CONTEXT(2) 
PARAMETRIC_REPRESENTATION_CONTEXT() REPRESENTATION_CONTEXT('2D SPACE',''
  ) );
#43 = PCURVE('',#32,#44);
#44 = DEFINITIONAL_REPRESENTATION('',(#45),#49);
#45 = LINE('',#46,#47);
#46 = CARTESIAN_POINT('',(-0.,0.));
#47 = VECTOR('',#48,1.);
#48 = DIRECTION('',(-0.,-1.));
#49 = ( GEOMETRIC_REPRESENTATION_CONTEXT(2) 
PARAMETRIC_REPRESENTATION_CONTEXT() REPRESENTATION_CONTEXT('2D SPACE',''
  ) );
#50 = ORIENTED_EDGE('',*,*,#51,.F.);
#51 = EDGE_CURVE('',#22,#22,#52,.T.);
#52 = SURFACE_CURVE('',#53,(#58,#65),.PCURVE_S1.);
#53 = CIRCLE('',#54,22.);
#54 = AXIS2_PLACEMENT_3D('',#55,#56,#57);
#55 = CARTESIAN_POINT('',(0.,0.,1.2));
#56 = DIRECTION('',(0.,0.,1.));
#57 = DIRECTION('',(1.,0.,-0.));
#58 = PCURVE('',#32,#59);
#59 = DEFINITIONAL_REPRESENTATION('',(#60),#64);
#60 = LINE('',#61,#62);
#61 = CARTESIAN_POINT('',(-0.,-1.2));
#62 = VECTOR('',#63,1.);
#63 = DIRECTION('',(-1.,0.));
#64 = ( GEOMETRIC_REPRESENTATION_CONTEXT(2) 
PARAMETRIC_REPRESENTATION_CONTEXT() REPRESENTATION_CONTEXT('2D SPACE',''
  ) );
#65 = PCURVE('',#66,#71);
#66 = TOROIDAL_SURFACE('',#67,20.8,1.2);
#67 = AXIS2_PLACEMENT_3D('',#68,#69,#70);
#68 = CARTESIAN_POINT('',(0.,0.,1.2));
#69 = DIRECTION('',(-0.,-0.,-1.));
#70 = DIRECTION('',(1.,0.,-0.));
#71 = DEFINITIONAL_REPRESENTATION('',(#72),#76);
#72 = LINE('',#73,#74);
#73 = CARTESIAN_POINT('',(-0.,0.));
#74 = VECTOR('',#75,1.);
#75 = DIRECTION('',(-1.,0.));
#76 = ( GEOMETRIC_REPRESENTATION_CONTEXT(2) 
PARAMETRIC_REPRESENTATION_CONTEXT() REPRESENTATION_CONTEXT('2D SPACE',''
  ) );
#77 = ORIENTED_EDGE('',*,*,#21,.T.);
#78 = ORIENTED_EDGE('',*,*,#79,.T.);
#79 = EDGE_CURVE('',#24,#24,#80,.T.);
#80 = SURFACE_CURVE('',#81,(#86,#93),.PCURVE_S1.);
#81 = CIRCLE('',#82,22.);
#82 = AXIS2_PLACEMENT_3D('',#83,#84,#85);
#83 = CARTESIAN_POINT('',(0.,0.,102.8));
#84 = DIRECTION('',(0.,0.,1.));
#85 = DIRECTION('',(1.,0.,-0.));
#86 = PCURVE('',#32,#87);
#87 = DEFINITIONAL_REPRESENTATION('',(#88),#92);
#88 = LINE('',#89,#90);
#89 = CARTESIAN_POINT('',(-0.,-102.8));
#90 = VECTOR('',#91,1.);
#91 = DIRECTION('',(-1.,0.));
#92 = ( GEOMETRIC_REPRESENTATION_CONTEXT(2) 
PARAMETRIC_REPRESENTATION_CONTEXT() REPRESENTATION_CONTEXT('2D SPACE',''
  ) );
#93 = PCURVE('',#94,#99);
#94 = TOROIDAL_SURFACE('',#95,20.8,1.2);
#95 = AXIS2_PLACEMENT_3D('',#96,#97,#98);
#96 = CARTESIAN_POINT('',(0.,0.,102.8));
#97 = DIRECTION('',(0.,0.,1.));
#98 = DIRECTION('',(1.,0.,-0.));
#99 = DEFINITIONAL_REPRESENTATION('',(#100),#104);
#100 = LINE('',#101,#102);
#101 = CARTESIAN_POINT('',(0.,0.));
#102 = VECTOR('',#103,1.);
#103 = DIRECTION('',(1.,0.));
#104 = ( GEOMETRIC_REPRESENTATION_CONTEXT(2) 
PARAMETRIC_REPRESENTATION_CONTEXT() REPRESENTATION_CONTEXT('2D SPACE',''
  ) );
#105 = FACE_BOUND('',#106,.F.);
#106 = EDGE_LOOP('',(#107,#138,#164,#200,#226,#289,#364));
#107 = ORIENTED_EDGE('',*,*,#108,.T.);
#108 = EDGE_CURVE('',#109,#111,#113,.T.);
#109 = VERTEX_POINT('',#110);
#110 = CARTESIAN_POINT('',(-6.321533203125,-21.07221435829,34.6453125));
#111 = VERTEX_POINT('',#112);
#112 = CARTESIAN_POINT('',(-8.013427734375,-20.48865481055,34.6453125));
#113 = SURFACE_CURVE('',#114,(#119,#126),.PCURVE_S1.);
#114 = CIRCLE('',#115,22.);
#115 = AXIS2_PLACEMENT_3D('',#116,#117,#118);
#116 = CARTESIAN_POINT('',(0.,0.,34.6453125));
#117 = DIRECTION('',(0.,0.,-1.));
#118 = DIRECTION('',(1.,0.,0.));
#119 = PCURVE('',#32,#120);
#120 = DEFINITIONAL_REPRESENTATION('',(#121),#125);
#121 = LINE('',#122,#123);
#122 = CARTESIAN_POINT('',(-6.28318530718,-34.6453125));
#123 = VECTOR('',#124,1.);
#124 = DIRECTION('',(1.,-0.));
#125 = ( GEOMETRIC_REPRESENTATION_CONTEXT(2) 
PARAMETRIC_REPRESENTATION_CONTEXT() REPRESENTATION_CONTEXT('2D SPACE',''
  ) );
#126 = PCURVE('',#127,#132);
#127 = PLANE('',#128);
#128 = AXIS2_PLACEMENT_3D('',#129,#130,#131);
#129 = CARTESIAN_POINT('',(-8.013427734375,-21.78,34.6453125));
#130 = DIRECTION('',(0.,0.,-1.));
#131 = DIRECTION('',(1.,0.,0.));
#132 = DEFINITIONAL_REPRESENTATION('',(#133),#137);
#133 = CIRCLE('',#134,22.);
#134 = AXIS2_PLACEMENT_2D('',#135,#136);
#135 = CARTESIAN_POINT('',(8.013427734375,-21.78));
#136 = DIRECTION('',(1.,0.));
#137 = ( GEOMETRIC_REPRESENTATION_CONTEXT(2) 
PARAMETRIC_REPRESENTATION_CONTEXT() REPRESENTATION_CONTEXT('2D SPACE',''
  ) );
#138 = ORIENTED_EDGE('',*,*,#139,.T.);
#139 = EDGE_CURVE('',#111,#140,#142,.T.);
#140 = VERTEX_POINT('',#141);
#141 = CARTESIAN_POINT('',(-8.013427734375,-20.48865481055,28.721484375)
  );
#142 = SURFACE_CURVE('',#143,(#147,#153),.PCURVE_S1.);
#143 = LINE('',#144,#145);
#144 = CARTESIAN_POINT('',(-8.013427734375,-20.48865481055,0.));
#145 = VECTOR('',#146,1.);
#146 = DIRECTION('',(-0.,-0.,-1.));
#147 = PCURVE('',#32,#148);
#148 = DEFINITIONAL_REPRESENTATION('',(#149),#152);
#149 = B_SPLINE_CURVE_WITH_KNOTS('',1,(#150,#151),.UNSPECIFIED.,.F.,.F.,
  (2,2),(-35.2376953125,-28.1291015625),.PIECEWISE_BEZIER_KNOTS.);
#150 = CARTESIAN_POINT('',(-4.339565156218,-35.2376953125));
#151 = CARTESIAN_POINT('',(-4.339565156218,-28.1291015625));
#152 = ( GEOMETRIC_REPRESENTATION_CONTEXT(2) 
PARAMETRIC_REPRESENTATION_CONTEXT() REPRESENTATION_CONTEXT('2D SPACE',''
  ) );
#153 = PCURVE('',#154,#159);
#154 = PLANE('',#155);
#155 = AXIS2_PLACEMENT_3D('',#156,#157,#158);
#156 = CARTESIAN_POINT('',(-8.013427734375,-21.78,28.721484375));
#157 = DIRECTION('',(1.,0.,0.));
#158 = DIRECTION('',(0.,0.,1.));
#159 = DEFINITIONAL_REPRESENTATION('',(#160),#163);
#160 = B_SPLINE_CURVE_WITH_KNOTS('',1,(#161,#162),.UNSPECIFIED.,.F.,.F.,
  (2,2),(-35.2376953125,-28.1291015625),.PIECEWISE_BEZIER_KNOTS.);
#161 = CARTESIAN_POINT('',(6.5162109375,-1.291345189448));
#162 = CARTESIAN_POINT('',(-0.5923828125,-1.291345189448));
#163 = ( GEOMETRIC_REPRESENTATION_CONTEXT(2) 
PARAMETRIC_REPRESENTATION_CONTEXT() REPRESENTATION_CONTEXT('2D SPACE',''
  ) );
#164 = ORIENTED_EDGE('',*,*,#165,.F.);
#165 = EDGE_CURVE('',#166,#140,#168,.T.);
#166 = VERTEX_POINT('',#167);
#167 = CARTESIAN_POINT('',(-8.035521140536,-20.48,28.417435997794));
#168 = SURFACE_CURVE('',#169,(#175,#184),.PCURVE_S1.);
#169 = B_SPLINE_CURVE_WITH_KNOTS('',4,(#170,#171,#172,#173,#174),
  .UNSPECIFIED.,.F.,.F.,(5,5),(0.,1.),.PIECEWISE_BEZIER_KNOTS.);
#170 = CARTESIAN_POINT('',(-8.035522669746,-20.4799994,28.417426258787)
  );
#171 = CARTESIAN_POINT('',(-8.023921736553,-20.48455113654,
    28.491307087497));
#172 = CARTESIAN_POINT('',(-8.016765908022,-20.48734895323,
    28.566902788721));
#173 = CARTESIAN_POINT('',(-8.013427734375,-20.48865481055,
    28.643718585447));
#174 = CARTESIAN_POINT('',(-8.013427734375,-20.48865481055,28.721484375)
  );
#175 = PCURVE('',#32,#176);
#176 = DEFINITIONAL_REPRESENTATION('',(#177),#183);
#177 = B_SPLINE_CURVE_WITH_KNOTS('',4,(#178,#179,#180,#181,#182),
  .UNSPECIFIED.,.F.,.F.,(5,5),(0.,1.),.PIECEWISE_BEZIER_KNOTS.);
#178 = CARTESIAN_POINT('',(-4.338486529954,-28.41742625878));
#179 = CARTESIAN_POINT('',(-4.339052981786,-28.49130708749));
#180 = CARTESIAN_POINT('',(-4.339402224179,-28.56690278872));
#181 = CARTESIAN_POINT('',(-4.339565156218,-28.64371858544));
#182 = CARTESIAN_POINT('',(-4.339565156218,-28.721484375));
#183 = ( GEOMETRIC_REPRESENTATION_CONTEXT(2) 
PARAMETRIC_REPRESENTATION_CONTEXT() REPRESENTATION_CONTEXT('2D SPACE',''
  ) );
#184 = PCURVE('',#185,#192);
#185 = SURFACE_OF_LINEAR_EXTRUSION('',#186,#190);
#186 = B_SPLINE_CURVE_WITH_KNOTS('',2,(#187,#188,#189),.UNSPECIFIED.,.F.
  ,.F.,(3,3),(0.,1.),.PIECEWISE_BEZIER_KNOTS.);
#187 = CARTESIAN_POINT('',(-8.28369140625,-21.78,27.85576171875));
#188 = CARTESIAN_POINT('',(-8.013427734375,-21.78,28.1501953125));
#189 = CARTESIAN_POINT('',(-8.013427734375,-21.78,28.721484375));
#190 = VECTOR('',#191,1.);
#191 = DIRECTION('',(0.,-1.,0.));
#192 = DEFINITIONAL_REPRESENTATION('',(#193),#199);
#193 = B_SPLINE_CURVE_WITH_KNOTS('',4,(#194,#195,#196,#197,#198),
  .UNSPECIFIED.,.F.,.F.,(5,5),(0.,1.),.PIECEWISE_BEZIER_KNOTS.);
#194 = CARTESIAN_POINT('',(0.714074735637,-1.3000006));
#195 = CARTESIAN_POINT('',(0.789137183986,-1.295448863457));
#196 = CARTESIAN_POINT('',(0.861715207619,-1.292651046765));
#197 = CARTESIAN_POINT('',(0.93193831752,-1.291345189448));
#198 = CARTESIAN_POINT('',(1.,-1.291345189448));
#199 = ( GEOMETRIC_REPRESENTATION_CONTEXT(2) 
PARAMETRIC_REPRESENTATION_CONTEXT() REPRESENTATION_CONTEXT('2D SPACE',''
  ) );
#200 = ORIENTED_EDGE('',*,*,#201,.T.);
#201 = EDGE_CURVE('',#166,#202,#204,.T.);
#202 = VERTEX_POINT('',#203);
#203 = CARTESIAN_POINT('',(-8.035521140536,-20.48,26.378811859224));
#204 = SURFACE_CURVE('',#205,(#209,#215),.PCURVE_S1.);
#205 = LINE('',#206,#207);
#206 = CARTESIAN_POINT('',(-8.035521140536,-20.48,0.));
#207 = VECTOR('',#208,1.);
#208 = DIRECTION('',(-0.,-0.,-1.));
#209 = PCURVE('',#32,#210);
#210 = DEFINITIONAL_REPRESENTATION('',(#211),#214);
#211 = B_SPLINE_CURVE_WITH_KNOTS('',1,(#212,#213),.UNSPECIFIED.,.F.,.F.,
  (2,2),(-35.48159179687,-25.44624023437),.PIECEWISE_BEZIER_KNOTS.);
#212 = CARTESIAN_POINT('',(-4.338486604622,-35.48159179687));
#213 = CARTESIAN_POINT('',(-4.338486604622,-25.44624023437));
#214 = ( GEOMETRIC_REPRESENTATION_CONTEXT(2) 
PARAMETRIC_REPRESENTATION_CONTEXT() REPRESENTATION_CONTEXT('2D SPACE',''
  ) );
#215 = PCURVE('',#216,#221);
#216 = PLANE('',#217);
#217 = AXIS2_PLACEMENT_3D('',#218,#219,#220);
#218 = CARTESIAN_POINT('',(-8.839599609375,-20.48,28.08427734375));
#219 = DIRECTION('',(0.,-1.,0.));
#220 = DIRECTION('',(1.,0.,0.));
#221 = DEFINITIONAL_REPRESENTATION('',(#222),#225);
#222 = B_SPLINE_CURVE_WITH_KNOTS('',1,(#223,#224),.UNSPECIFIED.,.F.,.F.,
  (2,2),(-35.48159179687,-25.44624023437),.PIECEWISE_BEZIER_KNOTS.);
#223 = CARTESIAN_POINT('',(0.804078468839,7.397314453125));
#224 = CARTESIAN_POINT('',(0.804078468839,-2.638037109375));
#225 = ( GEOMETRIC_REPRESENTATION_CONTEXT(2) 
PARAMETRIC_REPRESENTATION_CONTEXT() REPRESENTATION_CONTEXT('2D SPACE',''
  ) );
#226 = ORIENTED_EDGE('',*,*,#227,.T.);
#227 = EDGE_CURVE('',#202,#228,#230,.T.);
#228 = VERTEX_POINT('',#229);
#229 = CARTESIAN_POINT('',(-6.9873046875,-20.86091017199,26.88896484375)
  );
#230 = SURFACE_CURVE('',#231,(#246,#264),.PCURVE_S1.);
#231 = B_SPLINE_CURVE_WITH_KNOTS('',5,(#232,#233,#234,#235,#236,#237,
    #238,#239,#240,#241,#242,#243,#244,#245),.UNSPECIFIED.,.F.,.F.,(6,4,
    4,6),(0.,0.403447235131,0.784795555544,1.),.UNSPECIFIED.);
#232 = CARTESIAN_POINT('',(-8.035522669746,-20.4799994,26.378811516051)
  );
#233 = CARTESIAN_POINT('',(-7.938883735111,-20.5179166057,
    26.400498446859));
#234 = CARTESIAN_POINT('',(-7.843435824536,-20.55470880417,
    26.425743042579));
#235 = CARTESIAN_POINT('',(-7.749598551512,-20.59024945096,
    26.454805318237));
#236 = CARTESIAN_POINT('',(-7.657900561732,-20.62439190626,
    26.487913647139));
#237 = CARTESIAN_POINT('',(-7.484794070855,-20.68781968079,
    26.560333463219));
#238 = CARTESIAN_POINT('',(-7.403088456108,-20.71727174126,
    26.599209124236));
#239 = CARTESIAN_POINT('',(-7.324291646837,-20.74523150219,
    26.641826100661));
#240 = CARTESIAN_POINT('',(-7.24886468709,-20.77160833256,
    26.688130788267));
#241 = CARTESIAN_POINT('',(-7.136714527925,-20.81031324936,
    26.765989565334));
#242 = CARTESIAN_POINT('',(-7.097443818261,-20.82375607538,
    26.795182622519));
#243 = CARTESIAN_POINT('',(-7.059423405409,-20.83667076671,
    26.825443287507));
#244 = CARTESIAN_POINT('',(-7.022700174053,-20.84905455078,
    26.856723410454));
#245 = CARTESIAN_POINT('',(-6.9873046875,-20.86091017199,26.88896484375)
  );
#246 = PCURVE('',#32,#247);
#247 = DEFINITIONAL_REPRESENTATION('',(#248),#263);
#248 = B_SPLINE_CURVE_WITH_KNOTS('',5,(#249,#250,#251,#252,#253,#254,
    #255,#256,#257,#258,#259,#260,#261,#262),.UNSPECIFIED.,.F.,.F.,(6,4,
    4,6),(0.,0.403447235131,0.784795555544,1.),.UNSPECIFIED.);
#249 = CARTESIAN_POINT('',(-4.338486529954,-26.37881151605));
#250 = CARTESIAN_POINT('',(-4.343205228072,-26.40049844685));
#251 = CARTESIAN_POINT('',(-4.347854851372,-26.42574304257));
#252 = CARTESIAN_POINT('',(-4.35241576247,-26.45480531823));
#253 = CARTESIAN_POINT('',(-4.356863337771,-26.48791364713));
#254 = CARTESIAN_POINT('',(-4.365243378472,-26.56033346321));
#255 = CARTESIAN_POINT('',(-4.369191131961,-26.59920912423));
#256 = CARTESIAN_POINT('',(-4.372991543151,-26.64182610066));
#257 = CARTESIAN_POINT('',(-4.37662360233,-26.68813078826));
#258 = CARTESIAN_POINT('',(-4.382016383084,-26.76598956533));
#259 = CARTESIAN_POINT('',(-4.38390309579,-26.79518262251));
#260 = CARTESIAN_POINT('',(-4.385728269718,-26.8254432875));
#261 = CARTESIAN_POINT('',(-4.387489859227,-26.85672341045));
#262 = CARTESIAN_POINT('',(-4.38918659663,-26.88896484375));
#263 = ( GEOMETRIC_REPRESENTATION_CONTEXT(2) 
PARAMETRIC_REPRESENTATION_CONTEXT() REPRESENTATION_CONTEXT('2D SPACE',''
  ) );
#264 = PCURVE('',#265,#272);
#265 = SURFACE_OF_LINEAR_EXTRUSION('',#266,#270);
#266 = B_SPLINE_CURVE_WITH_KNOTS('',2,(#267,#268,#269),.UNSPECIFIED.,.F.
  ,.F.,(3,3),(0.,1.),.PIECEWISE_BEZIER_KNOTS.);
#267 = CARTESIAN_POINT('',(-6.9873046875,-21.78,26.88896484375));
#268 = CARTESIAN_POINT('',(-7.653076171875,-21.78,26.28251953125));
#269 = CARTESIAN_POINT('',(-9.002197265625,-21.78,26.28251953125));
#270 = VECTOR('',#271,1.);
#271 = DIRECTION('',(0.,-1.,0.));
#272 = DEFINITIONAL_REPRESENTATION('',(#273),#288);
#273 = B_SPLINE_CURVE_WITH_KNOTS('',5,(#274,#275,#276,#277,#278,#279,
    #280,#281,#282,#283,#284,#285,#286,#287),.UNSPECIFIED.,.F.,.F.,(6,4,
    4,6),(0.,0.403447235131,0.784795555544,1.),.UNSPECIFIED.);
#274 = CARTESIAN_POINT('',(0.60152668068,-1.3000006));
#275 = CARTESIAN_POINT('',(0.556654496755,-1.262083394297));
#276 = CARTESIAN_POINT('',(0.510738005531,-1.225291195828));
#277 = CARTESIAN_POINT('',(0.46382413591,-1.189750549039));
#278 = CARTESIAN_POINT('',(0.416013439284,-1.155608093731));
#279 = CARTESIAN_POINT('',(0.321614952571,-1.092180319201));
#280 = CARTESIAN_POINT('',(0.275099053851,-1.062728258733));
#281 = CARTESIAN_POINT('',(0.228098783452,-1.034768497809));
#282 = CARTESIAN_POINT('',(0.180807395303,-1.00839166744));
#283 = CARTESIAN_POINT('',(0.106728673682,-0.969686750635));
#284 = CARTESIAN_POINT('',(7.998319275208E-02,-0.956243924613));
#285 = CARTESIAN_POINT('',(5.325524322138E-02,-0.943329233288));
#286 = CARTESIAN_POINT('',(2.658230893295E-02,-0.930945449216));
#287 = CARTESIAN_POINT('',(0.,-0.919089828005));
#288 = ( GEOMETRIC_REPRESENTATION_CONTEXT(2) 
PARAMETRIC_REPRESENTATION_CONTEXT() REPRESENTATION_CONTEXT('2D SPACE',''
  ) );
#289 = ORIENTED_EDGE('',*,*,#290,.T.);
#290 = EDGE_CURVE('',#228,#291,#293,.T.);
#291 = VERTEX_POINT('',#292);
#292 = CARTESIAN_POINT('',(-6.321533203125,-21.07221435829,28.721484375)
  );
#293 = SURFACE_CURVE('',#294,(#313,#335),.PCURVE_S1.);
#294 = B_SPLINE_CURVE_WITH_KNOTS('',5,(#295,#296,#297,#298,#299,#300,
    #301,#302,#303,#304,#305,#306,#307,#308,#309,#310,#311,#312),
  .UNSPECIFIED.,.F.,.F.,(6,4,4,4,6),(0.,0.199445412682,0.411051371075,
    0.687348289492,1.),.UNSPECIFIED.);
#295 = CARTESIAN_POINT('',(-6.9873046875,-20.86091017199,26.88896484375)
  );
#296 = CARTESIAN_POINT('',(-6.924433024995,-20.88196886303,
    26.946234080883));
#297 = CARTESIAN_POINT('',(-6.865723596006,-20.90136991951,
    27.00654589107));
#298 = CARTESIAN_POINT('',(-6.81133105407,-20.91913312157,
    27.069561854888));
#299 = CARTESIAN_POINT('',(-6.761209748195,-20.93533794025,
    27.134906737016));
#300 = CARTESIAN_POINT('',(-6.666434937506,-20.96571654365,
    27.273670928599));
#301 = CARTESIAN_POINT('',(-6.62230017857,-20.97970660438,
    27.347341234653));
#302 = CARTESIAN_POINT('',(-6.582646162798,-20.9921643614,
    27.422848767192));
#303 = CARTESIAN_POINT('',(-6.547191626542,-21.00322290632,
    27.499844233281));
#304 = CARTESIAN_POINT('',(-6.474461708332,-21.02577477813,
    27.680204080938));
#305 = CARTESIAN_POINT('',(-6.43994773233,-21.0363661876,27.784422350607
    ));
#306 = CARTESIAN_POINT('',(-6.41144945253,-21.0450534983,27.890154990813
    ));
#307 = CARTESIAN_POINT('',(-6.388331174596,-21.05206853208,
    27.99698545282));
#308 = CARTESIAN_POINT('',(-6.349369183189,-21.06385477381,
    28.226512877448));
#309 = CARTESIAN_POINT('',(-6.334885434186,-21.06820855161,
    28.349429598623));
#310 = CARTESIAN_POINT('',(-6.32581508739,-21.07092988772,
    28.473044380189));
#311 = CARTESIAN_POINT('',(-6.321533203125,-21.07221435829,28.5971075489
    ));
#312 = CARTESIAN_POINT('',(-6.321533203125,-21.07221435829,28.721484375)
  );
#313 = PCURVE('',#32,#314);
#314 = DEFINITIONAL_REPRESENTATION('',(#315),#334);
#315 = B_SPLINE_CURVE_WITH_KNOTS('',5,(#316,#317,#318,#319,#320,#321,
    #322,#323,#324,#325,#326,#327,#328,#329,#330,#331,#332,#333),
  .UNSPECIFIED.,.F.,.F.,(6,4,4,4,6),(0.,0.199445412682,0.411051371075,
    0.687348289492,1.),.UNSPECIFIED.);
#316 = CARTESIAN_POINT('',(-4.38918659663,-26.88896484375));
#317 = CARTESIAN_POINT('',(-4.392200447032,-26.94623408088));
#318 = CARTESIAN_POINT('',(-4.395010970194,-27.00654589107));
#319 = CARTESIAN_POINT('',(-4.397611843107,-27.06956185488));
#320 = CARTESIAN_POINT('',(-4.400006190767,-27.13490673701));
#321 = CARTESIAN_POINT('',(-4.404530031262,-27.27367092859));
#322 = CARTESIAN_POINT('',(-4.406634521081,-27.34734123465));
#323 = CARTESIAN_POINT('',(-4.408523826683,-27.42284876719));
#324 = CARTESIAN_POINT('',(-4.410211966886,-27.49984423328));
#325 = CARTESIAN_POINT('',(-4.413673153064,-27.68020408093));
#326 = CARTESIAN_POINT('',(-4.415314170242,-27.7844223506));
#327 = CARTESIAN_POINT('',(-4.416668395484,-27.89015499081));
#328 = CARTESIAN_POINT('',(-4.417766538947,-27.99698545282));
#329 = CARTESIAN_POINT('',(-4.419616797064,-28.22651287744));
#330 = CARTESIAN_POINT('',(-4.420304249144,-28.34942959862));
#331 = CARTESIAN_POINT('',(-4.42073469436,-28.47304438018));
#332 = CARTESIAN_POINT('',(-4.420937893871,-28.5971075489));
#333 = CARTESIAN_POINT('',(-4.420937893871,-28.721484375));
#334 = ( GEOMETRIC_REPRESENTATION_CONTEXT(2) 
PARAMETRIC_REPRESENTATION_CONTEXT() REPRESENTATION_CONTEXT('2D SPACE',''
  ) );
#335 = PCURVE('',#336,#343);
#336 = SURFACE_OF_LINEAR_EXTRUSION('',#337,#341);
#337 = B_SPLINE_CURVE_WITH_KNOTS('',2,(#338,#339,#340),.UNSPECIFIED.,.F.
  ,.F.,(3,3),(0.,1.),.PIECEWISE_BEZIER_KNOTS.);
#338 = CARTESIAN_POINT('',(-6.321533203125,-21.78,28.721484375));
#339 = CARTESIAN_POINT('',(-6.321533203125,-21.78,27.49541015625));
#340 = CARTESIAN_POINT('',(-6.9873046875,-21.78,26.88896484375));
#341 = VECTOR('',#342,1.);
#342 = DIRECTION('',(0.,-1.,0.));
#343 = DEFINITIONAL_REPRESENTATION('',(#344),#363);
#344 = B_SPLINE_CURVE_WITH_KNOTS('',5,(#345,#346,#347,#348,#349,#350,
    #351,#352,#353,#354,#355,#356,#357,#358,#359,#360,#361,#362),
  .UNSPECIFIED.,.F.,.F.,(6,4,4,4,6),(0.,0.199445412682,0.411051371075,
    0.687348289492,1.),.UNSPECIFIED.);
#345 = CARTESIAN_POINT('',(1.,-0.919089828005));
#346 = CARTESIAN_POINT('',(0.952782851188,-0.898031136965));
#347 = CARTESIAN_POINT('',(0.905904665882,-0.878630080489));
#348 = CARTESIAN_POINT('',(0.859562150935,-0.860866878422));
#349 = CARTESIAN_POINT('',(0.813891002966,-0.844662059746));
#350 = CARTESIAN_POINT('',(0.721331169488,-0.814283456343));
#351 = CARTESIAN_POINT('',(0.674537011942,-0.800293395616));
#352 = CARTESIAN_POINT('',(0.628694252806,-0.787835638592));
#353 = CARTESIAN_POINT('',(0.583838584374,-0.776777093679));
#354 = CARTESIAN_POINT('',(0.482682767429,-0.75422522187));
#355 = CARTESIAN_POINT('',(0.427082467772,-0.743633812398));
#356 = CARTESIAN_POINT('',(0.373147807993,-0.734946501691));
#357 = CARTESIAN_POINT('',(0.320807386389,-0.727931467912));
#358 = CARTESIAN_POINT('',(0.212417096498,-0.716145226183));
#359 = CARTESIAN_POINT('',(0.156793772924,-0.711791448386));
#360 = CARTESIAN_POINT('',(0.102940389317,-0.709070112277));
#361 = CARTESIAN_POINT('',(5.07215730492E-02,-0.707785641708));
#362 = CARTESIAN_POINT('',(0.,-0.707785641708));
#363 = ( GEOMETRIC_REPRESENTATION_CONTEXT(2) 
PARAMETRIC_REPRESENTATION_CONTEXT() REPRESENTATION_CONTEXT('2D SPACE',''
  ) );
#364 = ORIENTED_EDGE('',*,*,#365,.F.);
#365 = EDGE_CURVE('',#109,#291,#366,.T.);
#366 = SURFACE_CURVE('',#367,(#371,#377),.PCURVE_S1.);
#367 = LINE('',#368,#369);
#368 = CARTESIAN_POINT('',(-6.321533203125,-21.07221435829,0.));
#369 = VECTOR('',#370,1.);
#370 = DIRECTION('',(-0.,-0.,-1.));
#371 = PCURVE('',#32,#372);
#372 = DEFINITIONAL_REPRESENTATION('',(#373),#376);
#373 = B_SPLINE_CURVE_WITH_KNOTS('',1,(#374,#375),.UNSPECIFIED.,.F.,.F.,
  (2,2),(-35.2376953125,-28.1291015625),.PIECEWISE_BEZIER_KNOTS.);
#374 = CARTESIAN_POINT('',(-4.420937893871,-35.2376953125));
#375 = CARTESIAN_POINT('',(-4.420937893871,-28.1291015625));
#376 = ( GEOMETRIC_REPRESENTATION_CONTEXT(2) 
PARAMETRIC_REPRESENTATION_CONTEXT() REPRESENTATION_CONTEXT('2D SPACE',''
  ) );
#377 = PCURVE('',#378,#383);
#378 = PLANE('',#379);
#379 = AXIS2_PLACEMENT_3D('',#380,#381,#382);
#380 = CARTESIAN_POINT('',(-6.321533203125,-21.78,34.6453125));
#381 = DIRECTION('',(-1.,0.,0.));
#382 = DIRECTION('',(0.,0.,-1.));
#383 = DEFINITIONAL_REPRESENTATION('',(#384),#387);
#384 = B_SPLINE_CURVE_WITH_KNOTS('',1,(#385,#386),.UNSPECIFIED.,.F.,.F.,
  (2,2),(-35.2376953125,-28.1291015625),.PIECEWISE_BEZIER_KNOTS.);
#385 = CARTESIAN_POINT('',(-0.5923828125,-0.707785641708));
#386 = CARTESIAN_POINT('',(6.5162109375,-0.707785641708));
#387 = ( GEOMETRIC_REPRESENTATION_CONTEXT(2) 
PARAMETRIC_REPRESENTATION_CONTEXT() REPRESENTATION_CONTEXT('2D SPACE',''
  ) );
#388 = FACE_BOUND('',#389,.F.);
#389 = EDGE_LOOP('',(#390,#617,#643,#676,#748,#811,#862,#888,#939,#1002,
    #1074,#1103,#1124,#1391,#1412,#1441,#1467,#1500));
#390 = ORIENTED_EDGE('',*,*,#391,.F.);
#391 = EDGE_CURVE('',#392,#394,#396,.T.);
#392 = VERTEX_POINT('',#393);
#393 = CARTESIAN_POINT('',(3.103481915526,-21.78,25.856593901277));
#394 = VERTEX_POINT('',#395);
#395 = CARTESIAN_POINT('',(-3.103481915526,-21.78,25.74519165176));
#396 = SURFACE_CURVE('',#397,(#442,#490),.PCURVE_S1.);
#397 = B_SPLINE_CURVE_WITH_KNOTS('',8,(#398,#399,#400,#401,#402,#403,
    #404,#405,#406,#407,#408,#409,#410,#411,#412,#413,#414,#415,#416,
    #417,#418,#419,#420,#421,#422,#423,#424,#425,#426,#427,#428,#429,
    #430,#431,#432,#433,#434,#435,#436,#437,#438,#439,#440,#441),
  .UNSPECIFIED.,.F.,.F.,(9,7,7,7,7,7,9),(0.,0.129679996406,
    0.241890938262,0.438875387579,0.706458893751,0.852492017612,1.),
  .UNSPECIFIED.);
#398 = CARTESIAN_POINT('',(3.103486126278,-21.7799994,25.856595093152));
#399 = CARTESIAN_POINT('',(3.007620507966,-21.79365952968,
    25.829459811875));
#400 = CARTESIAN_POINT('',(2.911268638767,-21.80689692211,
    25.803328803123));
#401 = CARTESIAN_POINT('',(2.81444905082,-21.819701421,25.778214641099)
  );
#402 = CARTESIAN_POINT('',(2.717182938903,-21.83206298769,
    25.754116999728));
#403 = CARTESIAN_POINT('',(2.619492281124,-21.8439720108,25.731033011587
    ));
#404 = CARTESIAN_POINT('',(2.521398938059,-21.85541946367,
    25.708962125311));
#405 = CARTESIAN_POINT('',(2.422924730346,-21.86639690941,25.68790546146
    ));
#406 = CARTESIAN_POINT('',(2.238573844587,-21.88598142922,
    25.650514219967));
#407 = CARTESIAN_POINT('',(2.15278685415,-21.89470864622,25.633925925326
    ));
#408 = CARTESIAN_POINT('',(2.066745773824,-21.90307287487,
    25.618093274142));
#409 = CARTESIAN_POINT('',(1.980465826985,-21.91106924116,
    25.603015539308));
#410 = CARTESIAN_POINT('',(1.893961637553,-21.91869325293,
    25.588690963958));
#411 = CARTESIAN_POINT('',(1.807246775585,-21.92594082957,
    25.575116215745));
#412 = CARTESIAN_POINT('',(1.720334420884,-21.93280823573,
    25.562287106835));
#413 = CARTESIAN_POINT('',(1.480344830149,-21.95067391687,
    25.528982881377));
#414 = CARTESIAN_POINT('',(1.326885227726,-21.96087348671,
    25.510053182388));
#415 = CARTESIAN_POINT('',(1.172940952757,-21.969871555,25.493390415041)
  );
#416 = CARTESIAN_POINT('',(1.018568607914,-21.97765290791,
    25.478974874075));
#417 = CARTESIAN_POINT('',(0.863880316363,-21.98420315396,
    25.466771907777));
#418 = CARTESIAN_POINT('',(0.708905909328,-21.98951453506,
    25.456762349576));
#419 = CARTESIAN_POINT('',(0.553730328449,-21.99357892141,
    25.448910830696));
#420 = CARTESIAN_POINT('',(0.187432637319,-22.00021356218,
    25.435407786969));
#421 = CARTESIAN_POINT('',(-2.380859589142E-02,-22.0017262319,
    25.431553054306));
#422 = CARTESIAN_POINT('',(-0.23514781978,-22.00091856595,
    25.431537630521));
#423 = CARTESIAN_POINT('',(-0.446407109253,-21.99778869889,
    25.435265847516));
#424 = CARTESIAN_POINT('',(-0.657497801727,-21.99234199863,
    25.442655378299));
#425 = CARTESIAN_POINT('',(-0.868250493891,-21.98458948598,
    25.45359068948));
#426 = CARTESIAN_POINT('',(-1.078551067093,-21.97455054226,
    25.467975365764));
#427 = CARTESIAN_POINT('',(-1.402762469488,-21.9555324535,
    25.495365302081));
#428 = CARTESIAN_POINT('',(-1.517064376753,-21.94814337225,
    25.506029129323));
#429 = CARTESIAN_POINT('',(-1.631183274202,-21.94008348857,
    25.51766845412));
#430 = CARTESIAN_POINT('',(-1.745103282762,-21.9313567908,
    25.530264942876));
#431 = CARTESIAN_POINT('',(-1.858808841082,-21.92196768815,
    25.543800099822));
#432 = CARTESIAN_POINT('',(-1.972284509693,-21.91192099406,
    25.558255362076));
#433 = CARTESIAN_POINT('',(-2.085515939128,-21.90122178338,
    25.573612048725));
#434 = CARTESIAN_POINT('',(-2.31260906433,-21.878413868,25.606254285768)
  );
#435 = CARTESIAN_POINT('',(-2.426465396973,-21.8662920317,
    25.623557892664));
#436 = CARTESIAN_POINT('',(-2.5400485349,-21.85351492581,25.641741944322
    ));
#437 = CARTESIAN_POINT('',(-2.653346982819,-21.84008805369,
    25.660787520818));
#438 = CARTESIAN_POINT('',(-2.766349867437,-21.8260171253,
    25.680675192656));
#439 = CARTESIAN_POINT('',(-2.879046864369,-21.81130803228,
    25.701384743568));
#440 = CARTESIAN_POINT('',(-2.991428399711,-21.79596678334,
    25.722896246038));
#441 = CARTESIAN_POINT('',(-3.103486126278,-21.7799994,25.745192489577)
  );
#442 = PCURVE('',#32,#443);
#443 = DEFINITIONAL_REPRESENTATION('',(#444),#489);
#444 = B_SPLINE_CURVE_WITH_KNOTS('',8,(#445,#446,#447,#448,#449,#450,
    #451,#452,#453,#454,#455,#456,#457,#458,#459,#460,#461,#462,#463,
    #464,#465,#466,#467,#468,#469,#470,#471,#472,#473,#474,#475,#476,
    #477,#478,#479,#480,#481,#482,#483,#484,#485,#486,#487,#488),
  .UNSPECIFIED.,.F.,.F.,(9,7,7,7,7,7,9),(0.,0.129679996406,
    0.241890938262,0.438875387579,0.706458893751,0.852492017612,1.),
  .UNSPECIFIED.);
#445 = CARTESIAN_POINT('',(-4.85392864704,-25.85659509315));
#446 = CARTESIAN_POINT('',(-4.849527103378,-25.82945981187));
#447 = CARTESIAN_POINT('',(-4.845106389086,-25.80332880312));
#448 = CARTESIAN_POINT('',(-4.840667273298,-25.77821464109));
#449 = CARTESIAN_POINT('',(-4.836210639437,-25.75411699972));
#450 = CARTESIAN_POINT('',(-4.831737399121,-25.73103301158));
#451 = CARTESIAN_POINT('',(-4.827248451114,-25.70896212531));
#452 = CARTESIAN_POINT('',(-4.822744685336,-25.68790546146));
#453 = CARTESIAN_POINT('',(-4.81431794679,-25.65051421996));
#454 = CARTESIAN_POINT('',(-4.810398451011,-25.63392592532));
#455 = CARTESIAN_POINT('',(-4.806469122304,-25.61809327414));
#456 = CARTESIAN_POINT('',(-4.802530579115,-25.6030155393));
#457 = CARTESIAN_POINT('',(-4.798583409202,-25.58869096395));
#458 = CARTESIAN_POINT('',(-4.794628149208,-25.57511621574));
#459 = CARTESIAN_POINT('',(-4.790665315245,-25.56228710683));
#460 = CARTESIAN_POINT('',(-4.779726512314,-25.52898288137));
#461 = CARTESIAN_POINT('',(-4.772735906194,-25.51005318238));
#462 = CARTESIAN_POINT('',(-4.765726869094,-25.49339041504));
#463 = CARTESIAN_POINT('',(-4.758701488493,-25.47897487407));
#464 = CARTESIAN_POINT('',(-4.751664357916,-25.46677190777));
#465 = CARTESIAN_POINT('',(-4.74461631319,-25.45676234957));
#466 = CARTESIAN_POINT('',(-4.737560688764,-25.44891083069));
#467 = CARTESIAN_POINT('',(-4.720908062771,-25.43540778696));
#468 = CARTESIAN_POINT('',(-4.711306518012,-25.4315530543));
#469 = CARTESIAN_POINT('',(-4.701701085235,-25.43153763052));
#470 = CARTESIAN_POINT('',(-4.692098495626,-25.43526584751));
#471 = CARTESIAN_POINT('',(-4.682501426358,-25.44265537829));
#472 = CARTESIAN_POINT('',(-4.67291623546,-25.45359068948));
#473 = CARTESIAN_POINT('',(-4.663346800928,-25.46797536576));
#474 = CARTESIAN_POINT('',(-4.648584586407,-25.49536530208));
#475 = CARTESIAN_POINT('',(-4.643378292923,-25.50602912932));
#476 = CARTESIAN_POINT('',(-4.638178302542,-25.51766845412));
#477 = CARTESIAN_POINT('',(-4.632985132631,-25.53026494287));
#478 = CARTESIAN_POINT('',(-4.627799289774,-25.54380009982));
#479 = CARTESIAN_POINT('',(-4.622621279066,-25.55825536207));
#480 = CARTESIAN_POINT('',(-4.6174515601,-25.57361204872));
#481 = CARTESIAN_POINT('',(-4.607077214704,-25.60625428576));
#482 = CARTESIAN_POINT('',(-4.601872771183,-25.62355789266));
#483 = CARTESIAN_POINT('',(-4.59667749109,-25.64174194432));
#484 = CARTESIAN_POINT('',(-4.591491706475,-25.66078752081));
#485 = CARTESIAN_POINT('',(-4.586315725572,-25.68067519265));
#486 = CARTESIAN_POINT('',(-4.581149836241,-25.70138474356));
#487 = CARTESIAN_POINT('',(-4.575994296725,-25.72289624603));
#488 = CARTESIAN_POINT('',(-4.570849313729,-25.74519248957));
#489 = ( GEOMETRIC_REPRESENTATION_CONTEXT(2) 
PARAMETRIC_REPRESENTATION_CONTEXT() REPRESENTATION_CONTEXT('2D SPACE',''
  ) );
#490 = PCURVE('',#491,#570);
#491 = SURFACE_OF_LINEAR_EXTRUSION('',#492,#568);
#492 = B_SPLINE_CURVE_WITH_KNOTS('',3,(#493,#494,#495,#496,#497,#498,
    #499,#500,#501,#502,#503,#504,#505,#506,#507,#508,#509,#510,#511,
    #512,#513,#514,#515,#516,#517,#518,#519,#520,#521,#522,#523,#524,
    #525,#526,#527,#528,#529,#530,#531,#532,#533,#534,#535,#536,#537,
    #538,#539,#540,#541,#542,#543,#544,#545,#546,#547,#548,#549,#550,
    #551,#552,#553,#554,#555,#556,#557,#558,#559,#560,#561,#562,#563,
    #564,#565,#566,#567),.UNSPECIFIED.,.T.,.F.,(1,1,2,1,1,1,1,1,1,1,1,1,
    1,1,1,1,1,1,1,1,1,1,1,1,1,1,1,1,1,1,1,1,1,1,1,1,1,1,1,1,1,1,1,1,1,1,
    1,1,1,1,1,1,1,1,1,1,1,1,1,1,1,1,1,1,1,1,1,1,1,1,1,1,1,1,2,1,1),(
    -1.110587451518,-0.526880866678,0.,0.505161065689,1.030410100658,
    1.602212993764,2.226183016455,2.895063667652,3.598173122537,
    4.327506388394,5.080061315432,5.85721623349,6.662372991419,
    7.498089733965,8.36371908048,9.25429362244,10.161055695668,
    11.073557565867,11.982748765445,12.88409084931,13.779601889274,
    14.677867483411,15.591540998091,16.532757861972,17.507876758006,
    18.513344469845,19.534043672869,20.544702670687,21.514238703528,
    22.41231731826,23.216885462408,23.920877940658,24.535411727419,
    25.085852363725,25.599758904536,26.094585417524,26.575395933349,
    27.041514265595,27.493911380595,27.937989234224,28.381758263167,
    28.83332088717,29.301035001427,29.795365872326,30.328845437358,
    30.912809896692,31.553507978654,32.250701486976,32.999309021465,
    33.792624772912,34.625303880139,35.494854473151,36.401194558255,
    37.344624864208,38.323104600066,39.329875409927,40.35231846835,
    41.372566819822,42.36989710255,43.324366299888,44.22069615876,
    45.051259264336,45.817375941759,46.528941831003,47.203055901652,
    47.861825292249,48.528245790172,49.219650273,49.941211012468,
    50.683106462014,51.422766030076,52.131410100907,52.783437693132,
    53.367144277972,53.89402514465,54.399186210339,54.924435245308),
  .UNSPECIFIED.);
#493 = CARTESIAN_POINT('',(11.729305162803,-21.78,31.022850473804));
#494 = CARTESIAN_POINT('',(11.793182712743,-21.78,31.369846827052));
#495 = CARTESIAN_POINT('',(11.787855349552,-21.78,31.715627929099));
#496 = CARTESIAN_POINT('',(11.610899402928,-21.78,32.229188284693));
#497 = CARTESIAN_POINT('',(11.290070716189,-21.78,32.70945523985));
#498 = CARTESIAN_POINT('',(10.859483278403,-21.78,33.16066898266));
#499 = CARTESIAN_POINT('',(10.344363656539,-21.78,33.58349195709));
#500 = CARTESIAN_POINT('',(9.766370645565,-21.78,33.980243288186));
#501 = CARTESIAN_POINT('',(9.139980697505,-21.78,34.352681542342));
#502 = CARTESIAN_POINT('',(8.472169197977,-21.78,34.701383240984));
#503 = CARTESIAN_POINT('',(7.763708317788,-21.78,35.024506383475));
#504 = CARTESIAN_POINT('',(7.012417275089,-21.78,35.317652406134));
#505 = CARTESIAN_POINT('',(6.216920513756,-21.78,35.574763106807));
#506 = CARTESIAN_POINT('',(5.379582514099,-21.78,35.789816759198));
#507 = CARTESIAN_POINT('',(4.507636217155,-21.78,35.95874844289));
#508 = CARTESIAN_POINT('',(3.61225759218,-21.78,36.081049149588));
#509 = CARTESIAN_POINT('',(2.705971521296,-21.78,36.160600987388));
#510 = CARTESIAN_POINT('',(1.799247744828,-21.78,36.205463191085));
#511 = CARTESIAN_POINT('',(0.897424082167,-21.78,36.22652508052));
#512 = CARTESIAN_POINT('',(-9.149351956179E-04,-21.78,36.235159926858));
#513 = CARTESIAN_POINT('',(-0.903383743877,-21.78,36.24023592232));
#514 = CARTESIAN_POINT('',(-1.821088666759,-21.78,36.245195917427));
#515 = CARTESIAN_POINT('',(-2.764433334575,-21.78,36.24631049456));
#516 = CARTESIAN_POINT('',(-3.738347320021,-21.78,36.232938191147));
#517 = CARTESIAN_POINT('',(-4.738067003713,-21.78,36.189631302584));
#518 = CARTESIAN_POINT('',(-5.746803047061,-21.78,36.099294867211));
#519 = CARTESIAN_POINT('',(-6.736283233958,-21.78,35.946626832786));
#520 = CARTESIAN_POINT('',(-7.670316704452,-21.78,35.72113759613));
#521 = CARTESIAN_POINT('',(-8.510620242034,-21.78,35.419046446915));
#522 = CARTESIAN_POINT('',(-9.223307721289,-21.78,35.043530277552));
#523 = CARTESIAN_POINT('',(-9.783857273797,-21.78,34.603584534113));
#524 = CARTESIAN_POINT('',(-10.1788829967,-21.78,34.113638425326));
#525 = CARTESIAN_POINT('',(-10.40916609077,-21.78,33.596620692148));
#526 = CARTESIAN_POINT('',(-10.49806178583,-21.78,33.080126858533));
#527 = CARTESIAN_POINT('',(-10.48717691866,-21.78,32.581770741235));
#528 = CARTESIAN_POINT('',(-10.41922045871,-21.78,32.105492050919));
#529 = CARTESIAN_POINT('',(-10.32849870664,-21.78,31.647933427563));
#530 = CARTESIAN_POINT('',(-10.23757087118,-21.78,31.202928435409));
#531 = CARTESIAN_POINT('',(-10.15440529999,-21.78,30.76398094937));
#532 = CARTESIAN_POINT('',(-10.07135145066,-21.78,30.325302174792));
#533 = CARTESIAN_POINT('',(-9.968243901771,-21.78,29.88248696305));
#534 = CARTESIAN_POINT('',(-9.818456187207,-21.78,29.434588921508));
#535 = CARTESIAN_POINT('',(-9.596101282221,-21.78,28.986280226753));
#536 = CARTESIAN_POINT('',(-9.283172774702,-21.78,28.546770271156));
#537 = CARTESIAN_POINT('',(-8.872861814725,-21.78,28.125468670067));
#538 = CARTESIAN_POINT('',(-8.367843724976,-21.78,27.728827172541));
#539 = CARTESIAN_POINT('',(-7.77697991866,-21.78,27.359961447567));
#540 = CARTESIAN_POINT('',(-7.112144582423,-21.78,27.019249452867));
#541 = CARTESIAN_POINT('',(-6.385067233488,-21.78,26.705253206579));
#542 = CARTESIAN_POINT('',(-5.604717307979,-21.78,26.416178070425));
#543 = CARTESIAN_POINT('',(-4.776085306716,-21.78,26.151726933092));
#544 = CARTESIAN_POINT('',(-3.900839534427,-21.78,25.914772623708));
#545 = CARTESIAN_POINT('',(-2.979702926769,-21.78,25.71217518702));
#546 = CARTESIAN_POINT('',(-2.015767671743,-21.78,25.554342811359));
#547 = CARTESIAN_POINT('',(-1.017558670952,-21.78,25.453575884183));
#548 = CARTESIAN_POINT('',(-6.747631677518E-04,-21.78,25.421595024299));
#549 = CARTESIAN_POINT('',(1.012721941638,-21.78,25.466846181193));
#550 = CARTESIAN_POINT('',(1.996642182507,-21.78,25.592221121101));
#551 = CARTESIAN_POINT('',(2.925661146786,-21.78,25.793740147137));
#552 = CARTESIAN_POINT('',(3.779940522094,-21.78,26.060522172535));
#553 = CARTESIAN_POINT('',(4.549712264931,-21.78,26.376088021886));
#554 = CARTESIAN_POINT('',(5.238180938283,-21.78,26.7208300963));
#555 = CARTESIAN_POINT('',(5.861900388361,-21.78,27.075300647921));
#556 = CARTESIAN_POINT('',(6.44764292877,-21.78,27.423580076494));
#557 = CARTESIAN_POINT('',(7.025378184215,-21.78,27.755935973869));
#558 = CARTESIAN_POINT('',(7.619432530785,-21.78,28.070824315135));
#559 = CARTESIAN_POINT('',(8.242102953779,-21.78,28.375452252224));
#560 = CARTESIAN_POINT('',(8.891138988429,-21.78,28.683114964406));
#561 = CARTESIAN_POINT('',(9.549551302407,-21.78,29.008665164117));
#562 = CARTESIAN_POINT('',(10.187540906029,-21.78,29.364508853703));
#563 = CARTESIAN_POINT('',(10.767954299608,-21.78,29.75898791097));
#564 = CARTESIAN_POINT('',(11.250949034971,-21.78,30.194109662941));
#565 = CARTESIAN_POINT('',(11.604990474764,-21.78,30.673909994976));
#566 = CARTESIAN_POINT('',(11.729305162803,-21.78,31.022850473804));
#567 = CARTESIAN_POINT('',(11.793182712743,-21.78,31.369846827052));
#568 = VECTOR('',#569,1.);
#569 = DIRECTION('',(-0.,1.,-0.));
#570 = DEFINITIONAL_REPRESENTATION('',(#571),#616);
#571 = B_SPLINE_CURVE_WITH_KNOTS('',8,(#572,#573,#574,#575,#576,#577,
    #578,#579,#580,#581,#582,#583,#584,#585,#586,#587,#588,#589,#590,
    #591,#592,#593,#594,#595,#596,#597,#598,#599,#600,#601,#602,#603,
    #604,#605,#606,#607,#608,#609,#610,#611,#612,#613,#614,#615),
  .UNSPECIFIED.,.F.,.F.,(9,7,7,7,7,7,9),(0.,0.129679996406,
    0.241890938262,0.438875387579,0.706458893751,0.852492017612,1.),
  .UNSPECIFIED.);
#572 = CARTESIAN_POINT('',(43.492911648869,5.999999999895E-07));
#573 = CARTESIAN_POINT('',(43.3933133788,-1.365952968841E-02));
#574 = CARTESIAN_POINT('',(43.293520894951,-2.689692211858E-02));
#575 = CARTESIAN_POINT('',(43.193538165928,-3.970142100611E-02));
#576 = CARTESIAN_POINT('',(43.093373335923,-5.20629876913E-02));
#577 = CARTESIAN_POINT('',(42.993035276432,-6.39720108071E-02));
#578 = CARTESIAN_POINT('',(42.892531963109,-7.541946367346E-02));
#579 = CARTESIAN_POINT('',(42.79187067775,-8.639690941802E-02));
#580 = CARTESIAN_POINT('',(42.603829487643,-0.105981429227));
#581 = CARTESIAN_POINT('',(42.516486661834,-0.114708646221));
#582 = CARTESIAN_POINT('',(42.429037225462,-0.12307287487));
#583 = CARTESIAN_POINT('',(42.341485300617,-0.131069241167));
#584 = CARTESIAN_POINT('',(42.253835805284,-0.138693252933));
#585 = CARTESIAN_POINT('',(42.166095160413,-0.145940829579));
#586 = CARTESIAN_POINT('',(42.078270362806,-0.152808235737));
#587 = CARTESIAN_POINT('',(41.836052515304,-0.170673916879));
#588 = CARTESIAN_POINT('',(41.681495444888,-0.180873486714));
#589 = CARTESIAN_POINT('',(41.526722353845,-0.189871555003));
#590 = CARTESIAN_POINT('',(41.37178077033,-0.197652907912));
#591 = CARTESIAN_POINT('',(41.216662867652,-0.204203153967));
#592 = CARTESIAN_POINT('',(41.061437429482,-0.209514535069));
#593 = CARTESIAN_POINT('',(40.906117421154,-0.213578921413));
#594 = CARTESIAN_POINT('',(40.53966832567,-0.220213562186));
#595 = CARTESIAN_POINT('',(40.328486025192,-0.221726231901));
#596 = CARTESIAN_POINT('',(40.117264315225,-0.220918565959));
#597 = CARTESIAN_POINT('',(39.906050620962,-0.217788698898));
#598 = CARTESIAN_POINT('',(39.694960817481,-0.212341998631));
#599 = CARTESIAN_POINT('',(39.484021264424,-0.204589485981));
#600 = CARTESIAN_POINT('',(39.273294742307,-0.194550542266));
#601 = CARTESIAN_POINT('',(38.947986900088,-0.1755324535));
#602 = CARTESIAN_POINT('',(38.833213422937,-0.168143372256));
#603 = CARTESIAN_POINT('',(38.718529623168,-0.160083488571));
#604 = CARTESIAN_POINT('',(38.6039443609,-0.151356790807));
#605 = CARTESIAN_POINT('',(38.489465368894,-0.141967688159));
#606 = CARTESIAN_POINT('',(38.37509908342,-0.131920994066));
#607 = CARTESIAN_POINT('',(38.260851612751,-0.121221783387));
#608 = CARTESIAN_POINT('',(38.03145751353,-9.841386800843E-02));
#609 = CARTESIAN_POINT('',(37.916313468506,-8.629203169971E-02));
#610 = CARTESIAN_POINT('',(37.801305444234,-7.351492581515E-02));
#611 = CARTESIAN_POINT('',(37.686440351189,-6.008805369056E-02));
#612 = CARTESIAN_POINT('',(37.571724142871,-4.601712530025E-02));
#613 = CARTESIAN_POINT('',(37.457161594512,-3.130803228592E-02));
#614 = CARTESIAN_POINT('',(37.342756991927,-1.596678334811E-02));
#615 = CARTESIAN_POINT('',(37.228515730519,5.999999999895E-07));
#616 = ( GEOMETRIC_REPRESENTATION_CONTEXT(2) 
PARAMETRIC_REPRESENTATION_CONTEXT() REPRESENTATION_CONTEXT('2D SPACE',''
  ) );
#617 = ORIENTED_EDGE('',*,*,#618,.F.);
#618 = EDGE_CURVE('',#619,#392,#621,.T.);
#619 = VERTEX_POINT('',#620);
#620 = CARTESIAN_POINT('',(3.103481915526,-21.78,28.08427734375));
#621 = SURFACE_CURVE('',#622,(#626,#632),.PCURVE_S1.);
#622 = LINE('',#623,#624);
#623 = CARTESIAN_POINT('',(3.103481915526,-21.78,0.));
#624 = VECTOR('',#625,1.);
#625 = DIRECTION('',(-0.,-0.,-1.));
#626 = PCURVE('',#32,#627);
#627 = DEFINITIONAL_REPRESENTATION('',(#628),#631);
#628 = B_SPLINE_CURVE_WITH_KNOTS('',1,(#629,#630),.UNSPECIFIED.,.F.,.F.,
  (2,2),(-37.32878204158,-24.33912347727),.PIECEWISE_BEZIER_KNOTS.);
#629 = CARTESIAN_POINT('',(-4.853928453709,-37.32878204158));
#630 = CARTESIAN_POINT('',(-4.853928453709,-24.33912347727));
#631 = ( GEOMETRIC_REPRESENTATION_CONTEXT(2) 
PARAMETRIC_REPRESENTATION_CONTEXT() REPRESENTATION_CONTEXT('2D SPACE',''
  ) );
#632 = PCURVE('',#633,#638);
#633 = PLANE('',#634);
#634 = AXIS2_PLACEMENT_3D('',#635,#636,#637);
#635 = CARTESIAN_POINT('',(0.213980799216,-21.78,31.268380037898));
#636 = DIRECTION('',(-0.,-1.,-0.));
#637 = DIRECTION('',(0.,0.,-1.));
#638 = DEFINITIONAL_REPRESENTATION('',(#639),#642);
#639 = B_SPLINE_CURVE_WITH_KNOTS('',1,(#640,#641),.UNSPECIFIED.,.F.,.F.,
  (2,2),(-37.32878204158,-24.33912347727),.PIECEWISE_BEZIER_KNOTS.);
#640 = CARTESIAN_POINT('',(-6.060402003688,2.88950111631));
#641 = CARTESIAN_POINT('',(6.929256560625,2.88950111631));
#642 = ( GEOMETRIC_REPRESENTATION_CONTEXT(2) 
PARAMETRIC_REPRESENTATION_CONTEXT() REPRESENTATION_CONTEXT('2D SPACE',''
  ) );
#643 = ORIENTED_EDGE('',*,*,#644,.F.);
#644 = EDGE_CURVE('',#645,#619,#647,.T.);
#645 = VERTEX_POINT('',#646);
#646 = CARTESIAN_POINT('',(3.979248046875,-21.63713439856,28.08427734375
    ));
#647 = SURFACE_CURVE('',#648,(#653,#660),.PCURVE_S1.);
#648 = CIRCLE('',#649,22.);
#649 = AXIS2_PLACEMENT_3D('',#650,#651,#652);
#650 = CARTESIAN_POINT('',(0.,0.,28.08427734375));
#651 = DIRECTION('',(0.,0.,-1.));
#652 = DIRECTION('',(1.,0.,0.));
#653 = PCURVE('',#32,#654);
#654 = DEFINITIONAL_REPRESENTATION('',(#655),#659);
#655 = LINE('',#656,#657);
#656 = CARTESIAN_POINT('',(-6.28318530718,-28.08427734375));
#657 = VECTOR('',#658,1.);
#658 = DIRECTION('',(1.,-0.));
#659 = ( GEOMETRIC_REPRESENTATION_CONTEXT(2) 
PARAMETRIC_REPRESENTATION_CONTEXT() REPRESENTATION_CONTEXT('2D SPACE',''
  ) );
#660 = PCURVE('',#661,#666);
#661 = PLANE('',#662);
#662 = AXIS2_PLACEMENT_3D('',#663,#664,#665);
#663 = CARTESIAN_POINT('',(3.979248046875,-21.78,28.08427734375));
#664 = DIRECTION('',(0.,0.,1.));
#665 = DIRECTION('',(-1.,0.,0.));
#666 = DEFINITIONAL_REPRESENTATION('',(#667),#675);
#667 = ( BOUNDED_CURVE() B_SPLINE_CURVE(2,(#668,#669,#670,#671,#672,#673
,#674),.UNSPECIFIED.,.T.,.F.) B_SPLINE_CURVE_WITH_KNOTS((1,2,2,2,2,1),(
    -2.094395102393,0.,2.094395102393,4.188790204786,6.28318530718,
8.377580409573),.UNSPECIFIED.) CURVE() GEOMETRIC_REPRESENTATION_ITEM() 
RATIONAL_B_SPLINE_CURVE((1.,0.5,1.,0.5,1.,0.5,1.)) REPRESENTATION_ITEM(
  '') );
#668 = CARTESIAN_POINT('',(-18.02075195312,-21.78));
#669 = CARTESIAN_POINT('',(-18.02075195312,16.325117766515));
#670 = CARTESIAN_POINT('',(14.979248046875,-2.727441116742));
#671 = CARTESIAN_POINT('',(47.979248046875,-21.78));
#672 = CARTESIAN_POINT('',(14.979248046875,-40.83255888325));
#673 = CARTESIAN_POINT('',(-18.02075195312,-59.88511776651));
#674 = CARTESIAN_POINT('',(-18.02075195312,-21.78));
#675 = ( GEOMETRIC_REPRESENTATION_CONTEXT(2) 
PARAMETRIC_REPRESENTATION_CONTEXT() REPRESENTATION_CONTEXT('2D SPACE',''
  ) );
#676 = ORIENTED_EDGE('',*,*,#677,.T.);
#677 = EDGE_CURVE('',#645,#678,#680,.T.);
#678 = VERTEX_POINT('',#679);
#679 = CARTESIAN_POINT('',(6.194091796875,-21.11002668903,
    28.297412109375));
#680 = SURFACE_CURVE('',#681,(#699,#720),.PCURVE_S1.);
#681 = B_SPLINE_CURVE_WITH_KNOTS('',6,(#682,#683,#684,#685,#686,#687,
    #688,#689,#690,#691,#692,#693,#694,#695,#696,#697,#698),
  .UNSPECIFIED.,.F.,.F.,(7,5,5,7),(0.,0.50475535784,0.91297085943,1.),
  .UNSPECIFIED.);
#682 = CARTESIAN_POINT('',(3.979248046875,-21.63713439856,28.08427734375
    ));
#683 = CARTESIAN_POINT('',(4.178589286935,-21.60047389511,28.08427734375
    ));
#684 = CARTESIAN_POINT('',(4.376412820819,-21.56181417785,
    28.086608415007));
#685 = CARTESIAN_POINT('',(4.57255074882,-21.52123363865,28.091555913966
    ));
#686 = CARTESIAN_POINT('',(4.766705641429,-21.4788464846,28.099494224057
    ));
#687 = CARTESIAN_POINT('',(4.958456020893,-21.43481736608,
    28.110891030617));
#688 = CARTESIAN_POINT('',(5.299819260786,-21.35267106995,
    28.139092797808));
#689 = CARTESIAN_POINT('',(5.450393356096,-21.31505395868,
    28.154440398087));
#690 = CARTESIAN_POINT('',(5.59867730166,-21.27666434706,28.172915336221
    ));
#691 = CARTESIAN_POINT('',(5.744128906566,-21.23770570623,
    28.195033828264));
#692 = CARTESIAN_POINT('',(5.88591798029,-21.198495535,28.22143062421));
#693 = CARTESIAN_POINT('',(6.051936241294,-21.15124081064,
    28.259860489674));
#694 = CARTESIAN_POINT('',(6.080882967564,-21.14294936464,
    28.266853122117));
#695 = CARTESIAN_POINT('',(6.109588382947,-21.13467584515,
    28.274094446044));
#696 = CARTESIAN_POINT('',(6.138036917877,-21.12642628134,28.28159433888
    ));
#697 = CARTESIAN_POINT('',(6.166211148538,-21.11820741271,28.28936323173
    ));
#698 = CARTESIAN_POINT('',(6.194091796875,-21.11002668903,
    28.297412109375));
#699 = PCURVE('',#32,#700);
#700 = DEFINITIONAL_REPRESENTATION('',(#701),#719);
#701 = B_SPLINE_CURVE_WITH_KNOTS('',6,(#702,#703,#704,#705,#706,#707,
    #708,#709,#710,#711,#712,#713,#714,#715,#716,#717,#718),
  .UNSPECIFIED.,.F.,.F.,(7,5,5,7),(0.,0.50475535784,0.91297085943,1.),
  .UNSPECIFIED.);
#702 = CARTESIAN_POINT('',(-4.894264942913,-28.08427734375));
#703 = CARTESIAN_POINT('',(-4.903477865308,-28.08427734375));
#704 = CARTESIAN_POINT('',(-4.912639375566,-28.086608415));
#705 = CARTESIAN_POINT('',(-4.921742731204,-28.09155591396));
#706 = CARTESIAN_POINT('',(-4.930775024503,-28.09949422405));
#707 = CARTESIAN_POINT('',(-4.939717280321,-28.11089103061));
#708 = CARTESIAN_POINT('',(-4.955676737964,-28.1390927978));
#709 = CARTESIAN_POINT('',(-4.962731101588,-28.15444039808));
#710 = CARTESIAN_POINT('',(-4.969693125832,-28.17291533622));
#711 = CARTESIAN_POINT('',(-4.976537266016,-28.19503382826));
#712 = CARTESIAN_POINT('',(-4.983223930952,-28.22143062421));
#713 = CARTESIAN_POINT('',(-4.991069953259,-28.25986048967));
#714 = CARTESIAN_POINT('',(-4.992438624646,-28.26685312211));
#715 = CARTESIAN_POINT('',(-4.993796528061,-28.27409444604));
#716 = CARTESIAN_POINT('',(-4.995142912153,-28.28159433888));
#717 = CARTESIAN_POINT('',(-4.996476935256,-28.28936323173));
#718 = CARTESIAN_POINT('',(-4.997797665389,-28.29741210937));
#719 = ( GEOMETRIC_REPRESENTATION_CONTEXT(2) 
PARAMETRIC_REPRESENTATION_CONTEXT() REPRESENTATION_CONTEXT('2D SPACE',''
  ) );
#720 = PCURVE('',#721,#728);
#721 = SURFACE_OF_LINEAR_EXTRUSION('',#722,#726);
#722 = B_SPLINE_CURVE_WITH_KNOTS('',2,(#723,#724,#725),.UNSPECIFIED.,.F.
  ,.F.,(3,3),(0.,1.),.PIECEWISE_BEZIER_KNOTS.);
#723 = CARTESIAN_POINT('',(6.194091796875,-21.78,28.297412109375));
#724 = CARTESIAN_POINT('',(5.455810546875,-21.78,28.08427734375));
#725 = CARTESIAN_POINT('',(3.979248046875,-21.78,28.08427734375));
#726 = VECTOR('',#727,1.);
#727 = DIRECTION('',(0.,-1.,0.));
#728 = DEFINITIONAL_REPRESENTATION('',(#729),#747);
#729 = B_SPLINE_CURVE_WITH_KNOTS('',6,(#730,#731,#732,#733,#734,#735,
    #736,#737,#738,#739,#740,#741,#742,#743,#744,#745,#746),
  .UNSPECIFIED.,.F.,.F.,(7,5,5,7),(0.,0.50475535784,0.91297085943,1.),
  .UNSPECIFIED.);
#730 = CARTESIAN_POINT('',(1.,-0.142865601438));
#731 = CARTESIAN_POINT('',(0.932498204424,-0.179526104883));
#732 = CARTESIAN_POINT('',(0.862776071949,-0.218185822141));
#733 = CARTESIAN_POINT('',(0.790555743872,-0.258766361342));
#734 = CARTESIAN_POINT('',(0.715498797736,-0.301153515398));
#735 = CARTESIAN_POINT('',(0.637199376802,-0.345182633919));
#736 = CARTESIAN_POINT('',(0.488525739376,-0.427328930047));
#737 = CARTESIAN_POINT('',(0.419535460638,-0.464946041316));
#738 = CARTESIAN_POINT('',(0.347652418928,-0.503335652939));
#739 = CARTESIAN_POINT('',(0.272454708998,-0.542294293764));
#740 = CARTESIAN_POINT('',(0.193478912908,-0.581504464992));
#741 = CARTESIAN_POINT('',(9.218413348061E-02,-0.62875918936));
#742 = CARTESIAN_POINT('',(7.417994187298E-02,-0.637050635352));
#743 = CARTESIAN_POINT('',(5.596575715536E-02,-0.645324154847));
#744 = CARTESIAN_POINT('',(3.753526567055E-02,-0.653573718654));
#745 = CARTESIAN_POINT('',(1.888213220724E-02,-0.661792587285));
#746 = CARTESIAN_POINT('',(0.,-0.669973310962));
#747 = ( GEOMETRIC_REPRESENTATION_CONTEXT(2) 
PARAMETRIC_REPRESENTATION_CONTEXT() REPRESENTATION_CONTEXT('2D SPACE',''
  ) );
#748 = ORIENTED_EDGE('',*,*,#749,.T.);
#749 = EDGE_CURVE('',#678,#750,#752,.T.);
#750 = VERTEX_POINT('',#751);
#751 = CARTESIAN_POINT('',(7.459716796875,-20.69668150478,29.0203125));
#752 = SURFACE_CURVE('',#753,(#768,#786),.PCURVE_S1.);
#753 = B_SPLINE_CURVE_WITH_KNOTS('',5,(#754,#755,#756,#757,#758,#759,
    #760,#761,#762,#763,#764,#765,#766,#767),.UNSPECIFIED.,.F.,.F.,(6,4,
    4,6),(0.,0.164774562279,0.575039546942,1.),.UNSPECIFIED.);
#754 = CARTESIAN_POINT('',(6.194091796875,-21.11002668903,
    28.297412109375));
#755 = CARTESIAN_POINT('',(6.24361581835,-21.09549537935,28.311709222717
    ));
#756 = CARTESIAN_POINT('',(6.292614685344,-21.08096041911,
    28.326860204799));
#757 = CARTESIAN_POINT('',(6.341061601624,-21.0664358532,28.342862892182
    ));
#758 = CARTESIAN_POINT('',(6.388931614264,-21.05193569304,
    28.359711736728));
#759 = CARTESIAN_POINT('',(6.553897120203,-21.0014661709,28.421433575882
    ));
#760 = CARTESIAN_POINT('',(6.667878894537,-20.96569445598,
    28.470661793319));
#761 = CARTESIAN_POINT('',(6.777775479544,-20.93037857752,
    28.524939697251));
#762 = CARTESIAN_POINT('',(6.883350504981,-20.89571383176,
    28.584007943044));
#763 = CARTESIAN_POINT('',(7.089206474977,-20.82679407501,
    28.713315598571));
#764 = CARTESIAN_POINT('',(7.189169447854,-20.79259579805,
    28.783884009456));
#765 = CARTESIAN_POINT('',(7.284214239184,-20.75944074251,
    28.858855862936));
#766 = CARTESIAN_POINT('',(7.374362306174,-20.72744587286,
    28.937803158989));
#767 = CARTESIAN_POINT('',(7.459716796875,-20.69668150478,29.0203125));
#768 = PCURVE('',#32,#769);
#769 = DEFINITIONAL_REPRESENTATION('',(#770),#785);
#770 = B_SPLINE_CURVE_WITH_KNOTS('',5,(#771,#772,#773,#774,#775,#776,
    #777,#778,#779,#780,#781,#782,#783,#784),.UNSPECIFIED.,.F.,.F.,(6,4,
    4,6),(0.,0.164774562279,0.575039546942,1.),.UNSPECIFIED.);
#771 = CARTESIAN_POINT('',(-4.997797665389,-28.29741210937));
#772 = CARTESIAN_POINT('',(-5.000143660598,-28.31170922271));
#773 = CARTESIAN_POINT('',(-5.002466797492,-28.32686020479));
#774 = CARTESIAN_POINT('',(-5.004765754585,-28.34286289218));
#775 = CARTESIAN_POINT('',(-5.007039287818,-28.35971173672));
#776 = CARTESIAN_POINT('',(-5.014880795149,-28.42143357588));
#777 = CARTESIAN_POINT('',(-5.020310800143,-28.47066179331));
#778 = CARTESIAN_POINT('',(-5.025557543805,-28.52493969725));
#779 = CARTESIAN_POINT('',(-5.030608383436,-28.58400794304));
#780 = CARTESIAN_POINT('',(-5.040475958399,-28.71331559857));
#781 = CARTESIAN_POINT('',(-5.045278169678,-28.78388400945));
#782 = CARTESIAN_POINT('',(-5.049853602525,-28.85885586293));
#783 = CARTESIAN_POINT('',(-5.054201616118,-28.93780315898));
#784 = CARTESIAN_POINT('',(-5.058325682611,-29.0203125));
#785 = ( GEOMETRIC_REPRESENTATION_CONTEXT(2) 
PARAMETRIC_REPRESENTATION_CONTEXT() REPRESENTATION_CONTEXT('2D SPACE',''
  ) );
#786 = PCURVE('',#787,#794);
#787 = SURFACE_OF_LINEAR_EXTRUSION('',#788,#792);
#788 = B_SPLINE_CURVE_WITH_KNOTS('',2,(#789,#790,#791),.UNSPECIFIED.,.F.
  ,.F.,(3,3),(0.,1.),.PIECEWISE_BEZIER_KNOTS.);
#789 = CARTESIAN_POINT('',(7.459716796875,-21.78,29.0203125));
#790 = CARTESIAN_POINT('',(6.932373046875,-21.78,28.510546875));
#791 = CARTESIAN_POINT('',(6.194091796875,-21.78,28.297412109375));
#792 = VECTOR('',#793,1.);
#793 = DIRECTION('',(0.,-1.,0.));
#794 = DEFINITIONAL_REPRESENTATION('',(#795),#810);
#795 = B_SPLINE_CURVE_WITH_KNOTS('',5,(#796,#797,#798,#799,#800,#801,
    #802,#803,#804,#805,#806,#807,#808,#809),.UNSPECIFIED.,.F.,.F.,(6,4,
    4,6),(0.,0.164774562279,0.575039546942,1.),.UNSPECIFIED.);
#796 = CARTESIAN_POINT('',(1.,-0.669973310962));
#797 = CARTESIAN_POINT('',(0.966459921964,-0.684504620642));
#798 = CARTESIAN_POINT('',(0.932873745348,-0.699039580888));
#799 = CARTESIAN_POINT('',(0.899257391305,-0.713564146794));
#800 = CARTESIAN_POINT('',(0.865627097668,-0.728064306956));
#801 = CARTESIAN_POINT('',(0.748271330681,-0.778533829092));
#802 = CARTESIAN_POINT('',(0.664555225055,-0.814305544019));
#803 = CARTESIAN_POINT('',(0.581116865465,-0.849621422473));
#804 = CARTESIAN_POINT('',(0.49819269404,-0.884286168238));
#805 = CARTESIAN_POINT('',(0.330855405559,-0.953205924988));
#806 = CARTESIAN_POINT('',(0.246489496403,-0.987404201945));
#807 = CARTESIAN_POINT('',(0.163127608791,-1.020559257481));
#808 = CARTESIAN_POINT('',(8.092870229414E-02,-1.052554127131));
#809 = CARTESIAN_POINT('',(0.,-1.083318495217));
#810 = ( GEOMETRIC_REPRESENTATION_CONTEXT(2) 
PARAMETRIC_REPRESENTATION_CONTEXT() REPRESENTATION_CONTEXT('2D SPACE',''
  ) );
#811 = ORIENTED_EDGE('',*,*,#812,.F.);
#812 = EDGE_CURVE('',#813,#750,#815,.T.);
#813 = VERTEX_POINT('',#814);
#814 = CARTESIAN_POINT('',(8.035521140536,-20.48,29.797646048963));
#815 = SURFACE_CURVE('',#816,(#827,#841),.PCURVE_S1.);
#816 = B_SPLINE_CURVE_WITH_KNOTS('',5,(#817,#818,#819,#820,#821,#822,
    #823,#824,#825,#826),.UNSPECIFIED.,.F.,.F.,(6,4,6),(0.,
    0.716844646695,1.),.UNSPECIFIED.);
#817 = CARTESIAN_POINT('',(8.035522669746,-20.4799994,29.797649104953));
#818 = CARTESIAN_POINT('',(7.974783395389,-20.50383103234,
    29.676266870548));
#819 = CARTESIAN_POINT('',(7.906268436247,-20.5304535799,29.557866972531
    ));
#820 = CARTESIAN_POINT('',(7.829836367647,-20.55979168365,
    29.442900465411));
#821 = CARTESIAN_POINT('',(7.745489942633,-20.59167372894,
    29.331774022907));
#822 = CARTESIAN_POINT('',(7.617069531969,-20.63932547503,
    29.182583916303));
#823 = CARTESIAN_POINT('',(7.5795028138,-20.65317385003,29.140991425998)
  );
#824 = CARTESIAN_POINT('',(7.540744153036,-20.66736151998,
    29.100070687692));
#825 = CARTESIAN_POINT('',(7.500809078072,-20.68187059028,
    29.059839360961));
#826 = CARTESIAN_POINT('',(7.459716796875,-20.69668150478,29.0203125));
#827 = PCURVE('',#32,#828);
#828 = DEFINITIONAL_REPRESENTATION('',(#829),#840);
#829 = B_SPLINE_CURVE_WITH_KNOTS('',5,(#830,#831,#832,#833,#834,#835,
    #836,#837,#838,#839),.UNSPECIFIED.,.F.,.F.,(6,4,6),(0.,
    0.716844646695,1.),.UNSPECIFIED.);
#830 = CARTESIAN_POINT('',(-5.086291430816,-29.79764910495));
#831 = CARTESIAN_POINT('',(-5.083325645848,-29.67626687054));
#832 = CARTESIAN_POINT('',(-5.079984504477,-29.55786697253));
#833 = CARTESIAN_POINT('',(-5.076263219373,-29.44290046541));
#834 = CARTESIAN_POINT('',(-5.072164619546,-29.3317740229));
#835 = CARTESIAN_POINT('',(-5.065938426743,-29.1825839163));
#836 = CARTESIAN_POINT('',(-5.064118524948,-29.14099142599));
#837 = CARTESIAN_POINT('',(-5.062242451604,-29.10007068769));
#838 = CARTESIAN_POINT('',(-5.060311135264,-29.05983936096));
#839 = CARTESIAN_POINT('',(-5.058325682611,-29.0203125));
#840 = ( GEOMETRIC_REPRESENTATION_CONTEXT(2) 
PARAMETRIC_REPRESENTATION_CONTEXT() REPRESENTATION_CONTEXT('2D SPACE',''
  ) );
#841 = PCURVE('',#842,#849);
#842 = SURFACE_OF_LINEAR_EXTRUSION('',#843,#847);
#843 = B_SPLINE_CURVE_WITH_KNOTS('',2,(#844,#845,#846),.UNSPECIFIED.,.F.
  ,.F.,(3,3),(0.,1.),.PIECEWISE_BEZIER_KNOTS.);
#844 = CARTESIAN_POINT('',(8.145263671875,-21.78,30.046435546875));
#845 = CARTESIAN_POINT('',(7.921142578125,-21.78,29.46416015625));
#846 = CARTESIAN_POINT('',(7.459716796875,-21.78,29.0203125));
#847 = VECTOR('',#848,1.);
#848 = DIRECTION('',(0.,-1.,0.));
#849 = DEFINITIONAL_REPRESENTATION('',(#850),#861);
#850 = B_SPLINE_CURVE_WITH_KNOTS('',5,(#851,#852,#853,#854,#855,#856,
    #857,#858,#859,#860),.UNSPECIFIED.,.F.,.F.,(6,4,6),(0.,
    0.716844646695,1.),.UNSPECIFIED.);
#851 = CARTESIAN_POINT('',(0.21935235414,-1.3000006));
#852 = CARTESIAN_POINT('',(0.329317771875,-1.276168967659));
#853 = CARTESIAN_POINT('',(0.440372566942,-1.249546420093));
#854 = CARTESIAN_POINT('',(0.552258288976,-1.220208316343));
#855 = CARTESIAN_POINT('',(0.664688631954,-1.188326271055));
#856 = CARTESIAN_POINT('',(0.821840120488,-1.140674524963));
#857 = CARTESIAN_POINT('',(0.866373976375,-1.126826149965));
#858 = CARTESIAN_POINT('',(0.910924345185,-1.112638480018));
#859 = CARTESIAN_POINT('',(0.955472491062,-1.09812940972));
#860 = CARTESIAN_POINT('',(1.,-1.083318495217));
#861 = ( GEOMETRIC_REPRESENTATION_CONTEXT(2) 
PARAMETRIC_REPRESENTATION_CONTEXT() REPRESENTATION_CONTEXT('2D SPACE',''
  ) );
#862 = ORIENTED_EDGE('',*,*,#863,.F.);
#863 = EDGE_CURVE('',#864,#813,#866,.T.);
#864 = VERTEX_POINT('',#865);
#865 = CARTESIAN_POINT('',(8.035521140536,-20.48,32.933282822575));
#866 = SURFACE_CURVE('',#867,(#871,#877),.PCURVE_S1.);
#867 = LINE('',#868,#869);
#868 = CARTESIAN_POINT('',(8.035521140536,-20.48,0.));
#869 = VECTOR('',#870,1.);
#870 = DIRECTION('',(-0.,-0.,-1.));
#871 = PCURVE('',#32,#872);
#872 = DEFINITIONAL_REPRESENTATION('',(#873),#876);
#873 = B_SPLINE_CURVE_WITH_KNOTS('',1,(#874,#875),.UNSPECIFIED.,.F.,.F.,
  (2,2),(-35.30141601562,-27.42817382812),.PIECEWISE_BEZIER_KNOTS.);
#874 = CARTESIAN_POINT('',(-5.086291356147,-35.30141601562));
#875 = CARTESIAN_POINT('',(-5.086291356147,-27.42817382812));
#876 = ( GEOMETRIC_REPRESENTATION_CONTEXT(2) 
PARAMETRIC_REPRESENTATION_CONTEXT() REPRESENTATION_CONTEXT('2D SPACE',''
  ) );
#877 = PCURVE('',#878,#883);
#878 = PLANE('',#879);
#879 = AXIS2_PLACEMENT_3D('',#880,#881,#882);
#880 = CARTESIAN_POINT('',(1.368896484375,-20.48,28.08427734375));
#881 = DIRECTION('',(0.,-1.,0.));
#882 = DIRECTION('',(1.,0.,0.));
#883 = DEFINITIONAL_REPRESENTATION('',(#884),#887);
#884 = B_SPLINE_CURVE_WITH_KNOTS('',1,(#885,#886),.UNSPECIFIED.,.F.,.F.,
  (2,2),(-35.30141601562,-27.42817382812),.PIECEWISE_BEZIER_KNOTS.);
#885 = CARTESIAN_POINT('',(6.666624656161,7.217138671875));
#886 = CARTESIAN_POINT('',(6.666624656161,-0.656103515625));
#887 = ( GEOMETRIC_REPRESENTATION_CONTEXT(2) 
PARAMETRIC_REPRESENTATION_CONTEXT() REPRESENTATION_CONTEXT('2D SPACE',''
  ) );
#888 = ORIENTED_EDGE('',*,*,#889,.T.);
#889 = EDGE_CURVE('',#864,#890,#892,.T.);
#890 = VERTEX_POINT('',#891);
#891 = CARTESIAN_POINT('',(7.459716796875,-20.69668150478,33.70927734375
    ));
#892 = SURFACE_CURVE('',#893,(#904,#918),.PCURVE_S1.);
#893 = B_SPLINE_CURVE_WITH_KNOTS('',5,(#894,#895,#896,#897,#898,#899,
    #900,#901,#902,#903),.UNSPECIFIED.,.F.,.F.,(6,4,6),(0.,
    0.686084662101,1.),.UNSPECIFIED.);
#894 = CARTESIAN_POINT('',(8.035522669746,-20.4799994,32.933279776083));
#895 = CARTESIAN_POINT('',(7.977330106408,-20.50283180603,33.04921119891
    ));
#896 = CARTESIAN_POINT('',(7.912021631067,-20.52821761899,
    33.162420061623));
#897 = CARTESIAN_POINT('',(7.839482853276,-20.55608691296,
    33.272517689233));
#898 = CARTESIAN_POINT('',(7.759720953207,-20.5862893932,33.379153644826
    ));
#899 = CARTESIAN_POINT('',(7.633186519079,-20.63337732478,33.52910387073
    ));
#900 = CARTESIAN_POINT('',(7.591988487946,-20.64859969469,
    33.575389775001));
#901 = CARTESIAN_POINT('',(7.54932920074,-20.66424106892,33.620862418884
    ));
#902 = CARTESIAN_POINT('',(7.505229780297,-20.68027723403,
    33.665498188268));
#903 = CARTESIAN_POINT('',(7.459716796875,-20.69668150478,33.70927734375
    ));
#904 = PCURVE('',#32,#905);
#905 = DEFINITIONAL_REPRESENTATION('',(#906),#917);
#906 = B_SPLINE_CURVE_WITH_KNOTS('',5,(#907,#908,#909,#910,#911,#912,
    #913,#914,#915,#916),.UNSPECIFIED.,.F.,.F.,(6,4,6),(0.,
    0.686084662101,1.),.UNSPECIFIED.);
#907 = CARTESIAN_POINT('',(-5.086291430816,-32.93327977608));
#908 = CARTESIAN_POINT('',(-5.083449996976,-33.04921119891));
#909 = CARTESIAN_POINT('',(-5.080265067589,-33.16242006162));
#910 = CARTESIAN_POINT('',(-5.076732915564,-33.27251768923));
#911 = CARTESIAN_POINT('',(-5.072856222993,-33.37915364482));
#912 = CARTESIAN_POINT('',(-5.066719314546,-33.52910387073));
#913 = CARTESIAN_POINT('',(-5.0647229397,-33.575389775));
#914 = CARTESIAN_POINT('',(-5.062657657589,-33.62086241888));
#915 = CARTESIAN_POINT('',(-5.06052473,-33.66549818826));
#916 = CARTESIAN_POINT('',(-5.058325682611,-33.70927734375));
#917 = ( GEOMETRIC_REPRESENTATION_CONTEXT(2) 
PARAMETRIC_REPRESENTATION_CONTEXT() REPRESENTATION_CONTEXT('2D SPACE',''
  ) );
#918 = PCURVE('',#919,#926);
#919 = SURFACE_OF_LINEAR_EXTRUSION('',#920,#924);
#920 = B_SPLINE_CURVE_WITH_KNOTS('',2,(#921,#922,#923),.UNSPECIFIED.,.F.
  ,.F.,(3,3),(0.,1.),.PIECEWISE_BEZIER_KNOTS.);
#921 = CARTESIAN_POINT('',(7.459716796875,-21.78,33.70927734375));
#922 = CARTESIAN_POINT('',(7.921142578125,-21.78,33.2654296875));
#923 = CARTESIAN_POINT('',(8.145263671875,-21.78,32.6853515625));
#924 = VECTOR('',#925,1.);
#925 = DIRECTION('',(0.,-1.,0.));
#926 = DEFINITIONAL_REPRESENTATION('',(#927),#938);
#927 = B_SPLINE_CURVE_WITH_KNOTS('',5,(#928,#929,#930,#931,#932,#933,
    #934,#935,#936,#937),.UNSPECIFIED.,.F.,.F.,(6,4,6),(0.,
    0.686084662101,1.),.UNSPECIFIED.);
#928 = CARTESIAN_POINT('',(0.78064764586,-1.3000006));
#929 = CARTESIAN_POINT('',(0.675292921026,-1.277168193964));
#930 = CARTESIAN_POINT('',(0.568976983313,-1.25178238101));
#931 = CARTESIAN_POINT('',(0.461927706339,-1.223913087032));
#932 = CARTESIAN_POINT('',(0.35439522326,-1.193710606792));
#933 = CARTESIAN_POINT('',(0.1973628204,-1.146622675211));
#934 = CARTESIAN_POINT('',(0.148024132927,-1.131400305303));
#935 = CARTESIAN_POINT('',(9.866737900346E-02,-1.115758931073));
#936 = CARTESIAN_POINT('',(4.931777251255E-02,-1.099722765961));
#937 = CARTESIAN_POINT('',(0.,-1.083318495217));
#938 = ( GEOMETRIC_REPRESENTATION_CONTEXT(2) 
PARAMETRIC_REPRESENTATION_CONTEXT() REPRESENTATION_CONTEXT('2D SPACE',''
  ) );
#939 = ORIENTED_EDGE('',*,*,#940,.T.);
#940 = EDGE_CURVE('',#890,#941,#943,.T.);
#941 = VERTEX_POINT('',#942);
#942 = CARTESIAN_POINT('',(6.205078125,-21.10679998158,34.432177734375)
  );
#943 = SURFACE_CURVE('',#944,(#959,#977),.PCURVE_S1.);
#944 = B_SPLINE_CURVE_WITH_KNOTS('',5,(#945,#946,#947,#948,#949,#950,
    #951,#952,#953,#954,#955,#956,#957,#958),.UNSPECIFIED.,.F.,.F.,(6,4,
    4,6),(0.,0.432330191723,0.849134692794,1.),.UNSPECIFIED.);
#945 = CARTESIAN_POINT('',(7.459716796875,-20.69668150478,33.70927734375
    ));
#946 = CARTESIAN_POINT('',(7.37373769112,-20.72767100323,33.793088909023
    ));
#947 = CARTESIAN_POINT('',(7.282835425228,-20.75993039788,
    33.873250149547));
#948 = CARTESIAN_POINT('',(7.18689519383,-20.79338984959,33.949325689123
    ));
#949 = CARTESIAN_POINT('',(7.085887601274,-20.82793013614,
    34.020861096405));
#950 = CARTESIAN_POINT('',(6.877833956657,-20.89753566525,
    34.151665284156));
#951 = CARTESIAN_POINT('',(6.771127914248,-20.9325399249,34.211286975157
    ));
#952 = CARTESIAN_POINT('',(6.659981185851,-20.96821629724,
    34.265961102333));
#953 = CARTESIAN_POINT('',(6.544640993995,-21.00436127492,
    34.315412747116));
#954 = CARTESIAN_POINT('',(6.382376310646,-21.05391426142,
    34.375447917789));
#955 = CARTESIAN_POINT('',(6.338753683582,-21.06711512217,
    34.390699570233));
#956 = CARTESIAN_POINT('',(6.294650119389,-21.08033684296,
    34.405240965159));
#957 = CARTESIAN_POINT('',(6.250084773848,-21.09356871145,
    34.419067689515));
#958 = CARTESIAN_POINT('',(6.205078125,-21.10679998158,34.432177734375)
  );
#959 = PCURVE('',#32,#960);
#960 = DEFINITIONAL_REPRESENTATION('',(#961),#976);
#961 = B_SPLINE_CURVE_WITH_KNOTS('',5,(#962,#963,#964,#965,#966,#967,
    #968,#969,#970,#971,#972,#973,#974,#975),.UNSPECIFIED.,.F.,.F.,(6,4,
    4,6),(0.,0.432330191723,0.849134692794,1.),.UNSPECIFIED.);
#962 = CARTESIAN_POINT('',(-5.058325682611,-33.70927734375));
#963 = CARTESIAN_POINT('',(-5.05417143664,-33.79308890902));
#964 = CARTESIAN_POINT('',(-5.049787095151,-33.87325014954));
#965 = CARTESIAN_POINT('',(-5.045168676992,-33.94932568912));
#966 = CARTESIAN_POINT('',(-5.040316510868,-34.0208610964));
#967 = CARTESIAN_POINT('',(-5.030344313078,-34.15166528415));
#968 = CARTESIAN_POINT('',(-5.02523981715,-34.21128697515));
#969 = CARTESIAN_POINT('',(-5.019933965198,-34.26596110233));
#970 = CARTESIAN_POINT('',(-5.014439971507,-34.31541274711));
#971 = CARTESIAN_POINT('',(-5.006728044775,-34.37544791778));
#972 = CARTESIAN_POINT('',(-5.004656402843,-34.39069957023));
#973 = CARTESIAN_POINT('',(-5.002563558402,-34.40524096515));
#974 = CARTESIAN_POINT('',(-5.000450466243,-34.41906768951));
#975 = CARTESIAN_POINT('',(-4.998318136904,-34.43217773437));
#976 = ( GEOMETRIC_REPRESENTATION_CONTEXT(2) 
PARAMETRIC_REPRESENTATION_CONTEXT() REPRESENTATION_CONTEXT('2D SPACE',''
  ) );
#977 = PCURVE('',#978,#985);
#978 = SURFACE_OF_LINEAR_EXTRUSION('',#979,#983);
#979 = B_SPLINE_CURVE_WITH_KNOTS('',2,(#980,#981,#982),.UNSPECIFIED.,.F.
  ,.F.,(3,3),(0.,1.),.PIECEWISE_BEZIER_KNOTS.);
#980 = CARTESIAN_POINT('',(6.205078125,-21.78,34.432177734375));
#981 = CARTESIAN_POINT('',(6.936767578125,-21.78,34.21904296875));
#982 = CARTESIAN_POINT('',(7.459716796875,-21.78,33.70927734375));
#983 = VECTOR('',#984,1.);
#984 = DIRECTION('',(0.,-1.,0.));
#985 = DEFINITIONAL_REPRESENTATION('',(#986),#1001);
#986 = B_SPLINE_CURVE_WITH_KNOTS('',5,(#987,#988,#989,#990,#991,#992,
    #993,#994,#995,#996,#997,#998,#999,#1000),.UNSPECIFIED.,.F.,.F.,(6,4
    ,4,6),(0.,0.432330191723,0.849134692794,1.),.UNSPECIFIED.);
#987 = CARTESIAN_POINT('',(1.,-1.083318495217));
#988 = CARTESIAN_POINT('',(0.917794020268,-1.052328996769));
#989 = CARTESIAN_POINT('',(0.834252844484,-1.020069602111));
#990 = CARTESIAN_POINT('',(0.749485112945,-0.98661015041));
#991 = CARTESIAN_POINT('',(0.6636555065,-0.952069863858));
#992 = CARTESIAN_POINT('',(0.493467139768,-0.882464334748));
#993 = CARTESIAN_POINT('',(0.409160363146,-0.8474600751));
#994 = CARTESIAN_POINT('',(0.324309696212,-0.811783702754));
#995 = CARTESIAN_POINT('',(0.239165052286,-0.775638725079));
#996 = CARTESIAN_POINT('',(0.123185763917,-0.726085738577));
#997 = CARTESIAN_POINT('',(9.236069585915E-02,-0.712884877825));
#998 = CARTESIAN_POINT('',(6.154633115364E-02,-0.699663157034));
#999 = CARTESIAN_POINT('',(3.075529424106E-02,-0.68643128855));
#1000 = CARTESIAN_POINT('',(0.,-0.673200018415));
#1001 = ( GEOMETRIC_REPRESENTATION_CONTEXT(2) 
PARAMETRIC_REPRESENTATION_CONTEXT() REPRESENTATION_CONTEXT('2D SPACE',''
  ) );
#1002 = ORIENTED_EDGE('',*,*,#1003,.T.);
#1003 = EDGE_CURVE('',#941,#1004,#1006,.T.);
#1004 = VERTEX_POINT('',#1005);
#1005 = CARTESIAN_POINT('',(3.979248046875,-21.63713439856,34.6453125));
#1006 = SURFACE_CURVE('',#1007,(#1025,#1046),.PCURVE_S1.);
#1007 = B_SPLINE_CURVE_WITH_KNOTS('',6,(#1008,#1009,#1010,#1011,#1012,
    #1013,#1014,#1015,#1016,#1017,#1018,#1019,#1020,#1021,#1022,#1023,
    #1024),.UNSPECIFIED.,.F.,.F.,(7,5,5,7),(0.,0.317945509101,
    0.702704566517,1.),.UNSPECIFIED.);
#1008 = CARTESIAN_POINT('',(6.205078125,-21.10679998158,34.432177734375)
  );
#1009 = CARTESIAN_POINT('',(6.103114405207,-21.13677576416,
    34.461878877978));
#1010 = CARTESIAN_POINT('',(5.997058969865,-21.16731227877,
    34.487701008017));
#1011 = CARTESIAN_POINT('',(5.88787130635,-21.19803490772,
    34.510256366634));
#1012 = CARTESIAN_POINT('',(5.776217712519,-21.2286905782,
    34.529981812726));
#1013 = CARTESIAN_POINT('',(5.662549317806,-21.25911027836,
    34.547239091566));
#1014 = CARTESIAN_POINT('',(5.407379504955,-21.3255971229,
    34.580565009449));
#1015 = CARTESIAN_POINT('',(5.265126009481,-21.36148756706,
    34.595612202949));
#1016 = CARTESIAN_POINT('',(5.120837656179,-21.3966622675,
    34.607967763108));
#1017 = CARTESIAN_POINT('',(4.974863525827,-21.43098586997,
    34.617974438031));
#1018 = CARTESIAN_POINT('',(4.827449401692,-21.46436338335,
    34.625909031776));
#1019 = CARTESIAN_POINT('',(4.563828990636,-21.52174003514,
    34.636686269698));
#1020 = CARTESIAN_POINT('',(4.448159117426,-21.54614345433,
    34.640276053497));
#1021 = CARTESIAN_POINT('',(4.331806344967,-21.56990837542,
    34.642858142149));
#1022 = CARTESIAN_POINT('',(4.21483635793,-21.59300866917,
    34.644514233036));
#1023 = CARTESIAN_POINT('',(4.097302629621,-21.61542318398,34.6453125));
#1024 = CARTESIAN_POINT('',(3.979248046875,-21.63713439856,34.6453125));
#1025 = PCURVE('',#32,#1026);
#1026 = DEFINITIONAL_REPRESENTATION('',(#1027),#1045);
#1027 = B_SPLINE_CURVE_WITH_KNOTS('',6,(#1028,#1029,#1030,#1031,#1032,
    #1033,#1034,#1035,#1036,#1037,#1038,#1039,#1040,#1041,#1042,#1043,
    #1044),.UNSPECIFIED.,.F.,.F.,(7,5,5,7),(0.,0.317945509101,
    0.702704566517,1.),.UNSPECIFIED.);
#1028 = CARTESIAN_POINT('',(-4.998318136904,-34.43217773437));
#1029 = CARTESIAN_POINT('',(-4.993487289979,-34.46187887797));
#1030 = CARTESIAN_POINT('',(-4.988470818192,-34.48770100801));
#1031 = CARTESIAN_POINT('',(-4.983315164109,-34.51025636663));
#1032 = CARTESIAN_POINT('',(-4.978052346613,-34.52998181272));
#1033 = CARTESIAN_POINT('',(-4.972703897484,-34.54723909156));
#1034 = CARTESIAN_POINT('',(-4.960718012717,-34.58056500944));
#1035 = CARTESIAN_POINT('',(-4.954049521359,-34.59561220294));
#1036 = CARTESIAN_POINT('',(-4.947299219176,-34.6079677631));
#1037 = CARTESIAN_POINT('',(-4.94048342143,-34.61797443803));
#1038 = CARTESIAN_POINT('',(-4.933613408435,-34.62590903177));
#1039 = CARTESIAN_POINT('',(-4.921350129134,-34.63668626969));
#1040 = CARTESIAN_POINT('',(-4.915976779471,-34.64027605349));
#1041 = CARTESIAN_POINT('',(-4.910578996112,-34.64285814215));
#1042 = CARTESIAN_POINT('',(-4.905159660276,-34.64451423303));
#1043 = CARTESIAN_POINT('',(-4.899721052793,-34.6453125));
#1044 = CARTESIAN_POINT('',(-4.894264942913,-34.6453125));
#1045 = ( GEOMETRIC_REPRESENTATION_CONTEXT(2) 
PARAMETRIC_REPRESENTATION_CONTEXT() REPRESENTATION_CONTEXT('2D SPACE',''
  ) );
#1046 = PCURVE('',#1047,#1054);
#1047 = SURFACE_OF_LINEAR_EXTRUSION('',#1048,#1052);
#1048 = B_SPLINE_CURVE_WITH_KNOTS('',2,(#1049,#1050,#1051),
  .UNSPECIFIED.,.F.,.F.,(3,3),(0.,1.),.PIECEWISE_BEZIER_KNOTS.);
#1049 = CARTESIAN_POINT('',(3.979248046875,-21.78,34.6453125));
#1050 = CARTESIAN_POINT('',(5.473388671875,-21.78,34.6453125));
#1051 = CARTESIAN_POINT('',(6.205078125,-21.78,34.432177734375));
#1052 = VECTOR('',#1053,1.);
#1053 = DIRECTION('',(0.,-1.,0.));
#1054 = DEFINITIONAL_REPRESENTATION('',(#1055),#1073);
#1055 = B_SPLINE_CURVE_WITH_KNOTS('',6,(#1056,#1057,#1058,#1059,#1060,
    #1061,#1062,#1063,#1064,#1065,#1066,#1067,#1068,#1069,#1070,#1071,
    #1072),.UNSPECIFIED.,.F.,.F.,(7,5,5,7),(0.,0.317945509101,
    0.702704566517,1.),.UNSPECIFIED.);
#1056 = CARTESIAN_POINT('',(1.,-0.673200018415));
#1057 = CARTESIAN_POINT('',(0.930323090378,-0.643224235834));
#1058 = CARTESIAN_POINT('',(0.863920556506,-0.61268772123));
#1059 = CARTESIAN_POINT('',(0.800380556815,-0.581965092279));
#1060 = CARTESIAN_POINT('',(0.739403090751,-0.551309421793));
#1061 = CARTESIAN_POINT('',(0.680706073415,-0.520889721636));
#1062 = CARTESIAN_POINT('',(0.555420921065,-0.454402877099));
#1063 = CARTESIAN_POINT('',(0.489803899402,-0.418512432931));
#1064 = CARTESIAN_POINT('',(0.42672812945,-0.383337732496));
#1065 = CARTESIAN_POINT('',(0.365900118512,-0.34901413003));
#1066 = CARTESIAN_POINT('',(0.307070749035,-0.315636616641));
#1067 = CARTESIAN_POINT('',(0.205951071837,-0.258259964858));
#1068 = CARTESIAN_POINT('',(0.162945857014,-0.233856545667));
#1069 = CARTESIAN_POINT('',(0.120918444509,-0.210091624574));
#1070 = CARTESIAN_POINT('',(7.979301382728E-02,-0.186991330828));
#1071 = CARTESIAN_POINT('',(3.950584729815E-02,-0.164576816018));
#1072 = CARTESIAN_POINT('',(0.,-0.142865601438));
#1073 = ( GEOMETRIC_REPRESENTATION_CONTEXT(2) 
PARAMETRIC_REPRESENTATION_CONTEXT() REPRESENTATION_CONTEXT('2D SPACE',''
  ) );
#1074 = ORIENTED_EDGE('',*,*,#1075,.T.);
#1075 = EDGE_CURVE('',#1004,#1076,#1078,.T.);
#1076 = VERTEX_POINT('',#1077);
#1077 = CARTESIAN_POINT('',(3.103481915526,-21.78,34.6453125));
#1078 = SURFACE_CURVE('',#1079,(#1084,#1091),.PCURVE_S1.);
#1079 = CIRCLE('',#1080,22.);
#1080 = AXIS2_PLACEMENT_3D('',#1081,#1082,#1083);
#1081 = CARTESIAN_POINT('',(0.,0.,34.6453125));
#1082 = DIRECTION('',(0.,0.,-1.));
#1083 = DIRECTION('',(1.,0.,0.));
#1084 = PCURVE('',#32,#1085);
#1085 = DEFINITIONAL_REPRESENTATION('',(#1086),#1090);
#1086 = LINE('',#1087,#1088);
#1087 = CARTESIAN_POINT('',(-6.28318530718,-34.6453125));
#1088 = VECTOR('',#1089,1.);
#1089 = DIRECTION('',(1.,-0.));
#1090 = ( GEOMETRIC_REPRESENTATION_CONTEXT(2) 
PARAMETRIC_REPRESENTATION_CONTEXT() REPRESENTATION_CONTEXT('2D SPACE',''
  ) );
#1091 = PCURVE('',#1092,#1097);
#1092 = PLANE('',#1093);
#1093 = AXIS2_PLACEMENT_3D('',#1094,#1095,#1096);
#1094 = CARTESIAN_POINT('',(2.195068359375,-21.78,34.6453125));
#1095 = DIRECTION('',(0.,0.,-1.));
#1096 = DIRECTION('',(1.,0.,0.));
#1097 = DEFINITIONAL_REPRESENTATION('',(#1098),#1102);
#1098 = CIRCLE('',#1099,22.);
#1099 = AXIS2_PLACEMENT_2D('',#1100,#1101);
#1100 = CARTESIAN_POINT('',(-2.195068359375,-21.78));
#1101 = DIRECTION('',(1.,0.));
#1102 = ( GEOMETRIC_REPRESENTATION_CONTEXT(2) 
PARAMETRIC_REPRESENTATION_CONTEXT() REPRESENTATION_CONTEXT('2D SPACE',''
  ) );
#1103 = ORIENTED_EDGE('',*,*,#1104,.F.);
#1104 = EDGE_CURVE('',#1105,#1076,#1107,.T.);
#1105 = VERTEX_POINT('',#1106);
#1106 = CARTESIAN_POINT('',(3.103481915527,-21.78,36.124054017427));
#1107 = SURFACE_CURVE('',#1108,(#1112,#1118),.PCURVE_S1.);
#1108 = LINE('',#1109,#1110);
#1109 = CARTESIAN_POINT('',(3.103481915526,-21.78,0.));
#1110 = VECTOR('',#1111,1.);
#1111 = DIRECTION('',(-0.,-0.,-1.));
#1112 = PCURVE('',#32,#1113);
#1113 = DEFINITIONAL_REPRESENTATION('',(#1114),#1117);
#1114 = B_SPLINE_CURVE_WITH_KNOTS('',1,(#1115,#1116),.UNSPECIFIED.,.F.,
  .F.,(2,2),(-37.32878204158,-24.33912347727),.PIECEWISE_BEZIER_KNOTS.);
#1115 = CARTESIAN_POINT('',(-4.853928453709,-37.32878204158));
#1116 = CARTESIAN_POINT('',(-4.853928453709,-24.33912347727));
#1117 = ( GEOMETRIC_REPRESENTATION_CONTEXT(2) 
PARAMETRIC_REPRESENTATION_CONTEXT() REPRESENTATION_CONTEXT('2D SPACE',''
  ) );
#1118 = PCURVE('',#633,#1119);
#1119 = DEFINITIONAL_REPRESENTATION('',(#1120),#1123);
#1120 = B_SPLINE_CURVE_WITH_KNOTS('',1,(#1121,#1122),.UNSPECIFIED.,.F.,
  .F.,(2,2),(-37.32878204158,-24.33912347727),.PIECEWISE_BEZIER_KNOTS.);
#1121 = CARTESIAN_POINT('',(-6.060402003688,2.88950111631));
#1122 = CARTESIAN_POINT('',(6.929256560625,2.88950111631));
#1123 = ( GEOMETRIC_REPRESENTATION_CONTEXT(2) 
PARAMETRIC_REPRESENTATION_CONTEXT() REPRESENTATION_CONTEXT('2D SPACE',''
  ) );
#1124 = ORIENTED_EDGE('',*,*,#1125,.F.);
#1125 = EDGE_CURVE('',#1126,#1105,#1128,.T.);
#1126 = VERTEX_POINT('',#1127);
#1127 = CARTESIAN_POINT('',(-3.103481915526,-21.78,36.240787049584));
#1128 = SURFACE_CURVE('',#1129,(#1188,#1250),.PCURVE_S1.);
#1129 = B_SPLINE_CURVE_WITH_KNOTS('',8,(#1130,#1131,#1132,#1133,#1134,
    #1135,#1136,#1137,#1138,#1139,#1140,#1141,#1142,#1143,#1144,#1145,
    #1146,#1147,#1148,#1149,#1150,#1151,#1152,#1153,#1154,#1155,#1156,
    #1157,#1158,#1159,#1160,#1161,#1162,#1163,#1164,#1165,#1166,#1167,
    #1168,#1169,#1170,#1171,#1172,#1173,#1174,#1175,#1176,#1177,#1178,
    #1179,#1180,#1181,#1182,#1183,#1184,#1185,#1186,#1187),
  .UNSPECIFIED.,.F.,.F.,(9,7,7,7,7,7,7,7,9),(0.,8.574410988317E-02,
    0.215429591103,0.353333565659,0.508211347442,0.627136658517,
    0.808166117346,0.903183635674,1.),.UNSPECIFIED.);
#1130 = CARTESIAN_POINT('',(-3.103486126278,-21.7799994,36.240786996971)
  );
#1131 = CARTESIAN_POINT('',(-3.042674838727,-21.78866455116,
    36.24154683414));
#1132 = CARTESIAN_POINT('',(-2.98046006498,-21.79733161903,
    36.242236805055));
#1133 = CARTESIAN_POINT('',(-2.916453175488,-21.80604066208,
    36.242859489018));
#1134 = CARTESIAN_POINT('',(-2.850610084665,-21.81477424565,
    36.243410985931));
#1135 = CARTESIAN_POINT('',(-2.783232618292,-21.82346764822,
    36.243885993175));
#1136 = CARTESIAN_POINT('',(-2.714969902118,-21.83201958462,
    36.244281259077));
#1137 = CARTESIAN_POINT('',(-2.646819771679,-21.84030344615,
    36.244597412973));
#1138 = CARTESIAN_POINT('',(-2.479264163908,-21.86009069172,
    36.245204825213));
#1139 = CARTESIAN_POINT('',(-2.378334622419,-21.87147021311,
    36.245413508964));
#1140 = CARTESIAN_POINT('',(-2.277345217941,-21.88231717993,
    36.245481941075));
#1141 = CARTESIAN_POINT('',(-2.176299484144,-21.89263119766,
    36.24543074135));
#1142 = CARTESIAN_POINT('',(-2.075200903531,-21.90241190934,
    36.24527591337));
#1143 = CARTESIAN_POINT('',(-1.974052887937,-21.91165899407,
    36.24503475774));
#1144 = CARTESIAN_POINT('',(-1.872858756045,-21.92037216612,
    36.244729905342));
#1145 = CARTESIAN_POINT('',(-1.663969160943,-21.93724849111,
    36.24399793205));
#1146 = CARTESIAN_POINT('',(-1.556268115743,-21.94534179305,
    36.243562734017));
#1147 = CARTESIAN_POINT('',(-1.448522568321,-21.95283076386,
    36.243078471356));
#1148 = CARTESIAN_POINT('',(-1.340736434488,-21.95971512482,
    36.242554082414));
#1149 = CARTESIAN_POINT('',(-1.23291362068,-21.96599462717,
    36.241998537703));
#1150 = CARTESIAN_POINT('',(-1.125058023959,-21.97166905215,
    36.241420839896));
#1151 = CARTESIAN_POINT('',(-1.01717353201,-21.97673821095,
    36.240830023832));
#1152 = CARTESIAN_POINT('',(-0.788072553357,-21.98621509388,
    36.239567070389));
#1153 = CARTESIAN_POINT('',(-0.666849554278,-21.99046460819,
    36.238894726084));
#1154 = CARTESIAN_POINT('',(-0.54560062982,-21.99395025345,
    36.238210404842));
#1155 = CARTESIAN_POINT('',(-0.424331776213,-21.99667184617,
    36.237487024759));
#1156 = CARTESIAN_POINT('',(-0.303048211548,-21.99862925576,
    36.236738804288));
#1157 = CARTESIAN_POINT('',(-0.181756363312,-21.99982240721,
    36.235918502919));
#1158 = CARTESIAN_POINT('',(-6.046140408557E-02,-22.00025127701,
    36.235044560295));
#1159 = CARTESIAN_POINT('',(0.153966333206,-21.99965837739,
    36.233347537472));
#1160 = CARTESIAN_POINT('',(0.247100345118,-21.99895024396,
    36.232559085754));
#1161 = CARTESIAN_POINT('',(0.340229729613,-21.99779151331,
    36.231704370651));
#1162 = CARTESIAN_POINT('',(0.433351641776,-21.99618222716,
    36.230768514201));
#1163 = CARTESIAN_POINT('',(0.526463175359,-21.99412245637,
    36.22973666742));
#1164 = CARTESIAN_POINT('',(0.619561362778,-21.99161230091,
    36.228594010309));
#1165 = CARTESIAN_POINT('',(0.712643175111,-21.98865188994,
    36.227325751849));
#1166 = CARTESIAN_POINT('',(0.947366083346,-21.98004986733,
    36.223772909832));
#1167 = CARTESIAN_POINT('',(1.088981335977,-21.97381543871,
    36.221303701917));
#1168 = CARTESIAN_POINT('',(1.230541320703,-21.96653860429,
    36.218461091511));
#1169 = CARTESIAN_POINT('',(1.37202871542,-21.95822047308,
    36.215158064336));
#1170 = CARTESIAN_POINT('',(1.513435560943,-21.94886182833,
    36.211352569576));
#1171 = CARTESIAN_POINT('',(1.654740005425,-21.93846478146,
    36.206968594787));
#1172 = CARTESIAN_POINT('',(1.795932799976,-21.92703077542,
    36.201945674694));
#1173 = CARTESIAN_POINT('',(2.011030733233,-21.90801862099,
    36.193222821477));
#1174 = CARTESIAN_POINT('',(2.085061219474,-21.90118708109,
    36.190027051253));
#1175 = CARTESIAN_POINT('',(2.15908259644,-21.89406800352,
    36.186629149333));
#1176 = CARTESIAN_POINT('',(2.233093651715,-21.88666126371,
    36.183020280604));
#1177 = CARTESIAN_POINT('',(2.307093173,-21.87896674182,36.179191610286)
  );
#1178 = CARTESIAN_POINT('',(2.381079948114,-21.87098432274,
    36.175134303934));
#1179 = CARTESIAN_POINT('',(2.455052764991,-21.86271389611,
    36.170839527437));
#1180 = CARTESIAN_POINT('',(2.604368204578,-21.84543478853,
    36.161671396096));
#1181 = CARTESIAN_POINT('',(2.676650151374,-21.83676979078,
    36.156977176709));
#1182 = CARTESIAN_POINT('',(2.749307143717,-21.82779996319,
    36.152027324654));
#1183 = CARTESIAN_POINT('',(2.823848181518,-21.81832354321,
    36.146700052622));
#1184 = CARTESIAN_POINT('',(2.899841833408,-21.8083394369,
    36.140967624088));
#1185 = CARTESIAN_POINT('',(2.974935272684,-21.79813357249,
    36.134975510574));
#1186 = CARTESIAN_POINT('',(3.044871595275,-21.78835152988,
    36.129117841224));
#1187 = CARTESIAN_POINT('',(3.103486126278,-21.7799994,36.124053653626)
  );
#1188 = PCURVE('',#32,#1189);
#1189 = DEFINITIONAL_REPRESENTATION('',(#1190),#1249);
#1190 = B_SPLINE_CURVE_WITH_KNOTS('',8,(#1191,#1192,#1193,#1194,#1195,
    #1196,#1197,#1198,#1199,#1200,#1201,#1202,#1203,#1204,#1205,#1206,
    #1207,#1208,#1209,#1210,#1211,#1212,#1213,#1214,#1215,#1216,#1217,
    #1218,#1219,#1220,#1221,#1222,#1223,#1224,#1225,#1226,#1227,#1228,
    #1229,#1230,#1231,#1232,#1233,#1234,#1235,#1236,#1237,#1238,#1239,
    #1240,#1241,#1242,#1243,#1244,#1245,#1246,#1247,#1248),
  .UNSPECIFIED.,.F.,.F.,(9,7,7,7,7,7,7,7,9),(0.,8.574410988317E-02,
    0.215429591103,0.353333565659,0.508211347442,0.627136658517,
    0.808166117346,0.903183635674,1.),.UNSPECIFIED.);
#1191 = CARTESIAN_POINT('',(-4.570849313729,-36.24078699697));
#1192 = CARTESIAN_POINT('',(-4.573641383942,-36.24154683414));
#1193 = CARTESIAN_POINT('',(-4.576496623275,-36.24223680505));
#1194 = CARTESIAN_POINT('',(-4.579432810359,-36.24285948901));
#1195 = CARTESIAN_POINT('',(-4.582451856052,-36.24341098593));
#1196 = CARTESIAN_POINT('',(-4.585539814801,-36.24388599317));
#1197 = CARTESIAN_POINT('',(-4.588666885412,-36.24428125907));
#1198 = CARTESIAN_POINT('',(-4.59178740124,-36.24459741297));
#1199 = CARTESIAN_POINT('',(-4.599456489238,-36.24520482521));
#1200 = CARTESIAN_POINT('',(-4.604073198621,-36.24541350896));
#1201 = CARTESIAN_POINT('',(-4.608689921245,-36.24548194107));
#1202 = CARTESIAN_POINT('',(-4.613306645442,-36.24543074135));
#1203 = CARTESIAN_POINT('',(-4.617923362043,-36.24527591337));
#1204 = CARTESIAN_POINT('',(-4.622540065232,-36.24503475774));
#1205 = CARTESIAN_POINT('',(-4.627156753546,-36.24472990534));
#1206 = CARTESIAN_POINT('',(-4.636682672223,-36.24399793205));
#1207 = CARTESIAN_POINT('',(-4.641591899794,-36.24356273401));
#1208 = CARTESIAN_POINT('',(-4.646501111849,-36.24307847135));
#1209 = CARTESIAN_POINT('',(-4.651410310239,-36.24255408241));
#1210 = CARTESIAN_POINT('',(-4.656319497321,-36.2419985377));
#1211 = CARTESIAN_POINT('',(-4.661228675957,-36.24142083989));
#1212 = CARTESIAN_POINT('',(-4.666137849515,-36.24083002383));
#1213 = CARTESIAN_POINT('',(-4.676560436015,-36.23956707038));
#1214 = CARTESIAN_POINT('',(-4.682073847489,-36.23889472608));
#1215 = CARTESIAN_POINT('',(-4.68758725673,-36.23821040484));
#1216 = CARTESIAN_POINT('',(-4.693100646442,-36.23748702475));
#1217 = CARTESIAN_POINT('',(-4.698614034771,-36.23673880428));
#1218 = CARTESIAN_POINT('',(-4.704127384932,-36.23591850291));
#1219 = CARTESIAN_POINT('',(-4.709640717192,-36.23504456029));
#1220 = CARTESIAN_POINT('',(-4.719387469782,-36.23334753747));
#1221 = CARTESIAN_POINT('',(-4.72362090676,-36.23255908575));
#1222 = CARTESIAN_POINT('',(-4.727854305666,-36.23170437065));
#1223 = CARTESIAN_POINT('',(-4.732087652794,-36.2307685142));
#1224 = CARTESIAN_POINT('',(-4.736320931607,-36.22973666742));
#1225 = CARTESIAN_POINT('',(-4.740554122737,-36.2285940103));
#1226 = CARTESIAN_POINT('',(-4.744787203985,-36.22732575184));
#1227 = CARTESIAN_POINT('',(-4.755463589301,-36.22377290983));
#1228 = CARTESIAN_POINT('',(-4.761906706292,-36.22130370191));
#1229 = CARTESIAN_POINT('',(-4.76834945574,-36.21846109151));
#1230 = CARTESIAN_POINT('',(-4.774791456324,-36.21515806433));
#1231 = CARTESIAN_POINT('',(-4.781232752558,-36.21135256957));
#1232 = CARTESIAN_POINT('',(-4.787672754215,-36.20696859478));
#1233 = CARTESIAN_POINT('',(-4.794111444173,-36.20194567469));
#1234 = CARTESIAN_POINT('',(-4.803926740772,-36.19322282147));
#1235 = CARTESIAN_POINT('',(-4.807306034939,-36.19002705125));
#1236 = CARTESIAN_POINT('',(-4.810686126159,-36.18662914933));
#1237 = CARTESIAN_POINT('',(-4.814067018914,-36.1830202806));
#1238 = CARTESIAN_POINT('',(-4.817448717787,-36.17919161028));
#1239 = CARTESIAN_POINT('',(-4.820831227462,-36.17513430393));
#1240 = CARTESIAN_POINT('',(-4.824214552725,-36.17083952743));
#1241 = CARTESIAN_POINT('',(-4.831046911933,-36.16167139609));
#1242 = CARTESIAN_POINT('',(-4.834355949839,-36.1569771767));
#1243 = CARTESIAN_POINT('',(-4.837683581565,-36.15202732465));
#1244 = CARTESIAN_POINT('',(-4.841099027876,-36.14670005262));
#1245 = CARTESIAN_POINT('',(-4.844582905965,-36.14096762408));
#1246 = CARTESIAN_POINT('',(-4.848027578891,-36.13497551057));
#1247 = CARTESIAN_POINT('',(-4.851237438013,-36.12911784122));
#1248 = CARTESIAN_POINT('',(-4.85392864704,-36.12405365362));
#1249 = ( GEOMETRIC_REPRESENTATION_CONTEXT(2) 
PARAMETRIC_REPRESENTATION_CONTEXT() REPRESENTATION_CONTEXT('2D SPACE',''
  ) );
#1250 = PCURVE('',#1251,#1330);
#1251 = SURFACE_OF_LINEAR_EXTRUSION('',#1252,#1328);
#1252 = B_SPLINE_CURVE_WITH_KNOTS('',3,(#1253,#1254,#1255,#1256,#1257,
    #1258,#1259,#1260,#1261,#1262,#1263,#1264,#1265,#1266,#1267,#1268,
    #1269,#1270,#1271,#1272,#1273,#1274,#1275,#1276,#1277,#1278,#1279,
    #1280,#1281,#1282,#1283,#1284,#1285,#1286,#1287,#1288,#1289,#1290,
    #1291,#1292,#1293,#1294,#1295,#1296,#1297,#1298,#1299,#1300,#1301,
    #1302,#1303,#1304,#1305,#1306,#1307,#1308,#1309,#1310,#1311,#1312,
    #1313,#1314,#1315,#1316,#1317,#1318,#1319,#1320,#1321,#1322,#1323,
    #1324,#1325,#1326,#1327),.UNSPECIFIED.,.T.,.F.,(1,1,2,1,1,1,1,1,1,1,
    1,1,1,1,1,1,1,1,1,1,1,1,1,1,1,1,1,1,1,1,1,1,1,1,1,1,1,1,1,1,1,1,1,1,
    1,1,1,1,1,1,1,1,1,1,1,1,1,1,1,1,1,1,1,1,1,1,1,1,1,1,1,1,1,1,2,1,1),(
    -1.110587451518,-0.526880866678,0.,0.505161065689,1.030410100658,
    1.602212993764,2.226183016455,2.895063667652,3.598173122537,
    4.327506388394,5.080061315432,5.85721623349,6.662372991419,
    7.498089733965,8.36371908048,9.25429362244,10.161055695668,
    11.073557565867,11.982748765445,12.88409084931,13.779601889274,
    14.677867483411,15.591540998091,16.532757861972,17.507876758006,
    18.513344469845,19.534043672869,20.544702670687,21.514238703528,
    22.41231731826,23.216885462408,23.920877940658,24.535411727419,
    25.085852363725,25.599758904536,26.094585417524,26.575395933349,
    27.041514265595,27.493911380595,27.937989234224,28.381758263167,
    28.83332088717,29.301035001427,29.795365872326,30.328845437358,
    30.912809896692,31.553507978654,32.250701486976,32.999309021465,
    33.792624772912,34.625303880139,35.494854473151,36.401194558255,
    37.344624864208,38.323104600066,39.329875409927,40.35231846835,
    41.372566819822,42.36989710255,43.324366299888,44.22069615876,
    45.051259264336,45.817375941759,46.528941831003,47.203055901652,
    47.861825292249,48.528245790172,49.219650273,49.941211012468,
    50.683106462014,51.422766030076,52.131410100907,52.783437693132,
    53.367144277972,53.89402514465,54.399186210339,54.924435245308),
  .UNSPECIFIED.);
#1253 = CARTESIAN_POINT('',(11.729305162803,-21.78,31.022850473804));
#1254 = CARTESIAN_POINT('',(11.793182712743,-21.78,31.369846827052));
#1255 = CARTESIAN_POINT('',(11.787855349552,-21.78,31.715627929099));
#1256 = CARTESIAN_POINT('',(11.610899402928,-21.78,32.229188284693));
#1257 = CARTESIAN_POINT('',(11.290070716189,-21.78,32.70945523985));
#1258 = CARTESIAN_POINT('',(10.859483278403,-21.78,33.16066898266));
#1259 = CARTESIAN_POINT('',(10.344363656539,-21.78,33.58349195709));
#1260 = CARTESIAN_POINT('',(9.766370645565,-21.78,33.980243288186));
#1261 = CARTESIAN_POINT('',(9.139980697505,-21.78,34.352681542342));
#1262 = CARTESIAN_POINT('',(8.472169197977,-21.78,34.701383240984));
#1263 = CARTESIAN_POINT('',(7.763708317788,-21.78,35.024506383475));
#1264 = CARTESIAN_POINT('',(7.012417275089,-21.78,35.317652406134));
#1265 = CARTESIAN_POINT('',(6.216920513756,-21.78,35.574763106807));
#1266 = CARTESIAN_POINT('',(5.379582514099,-21.78,35.789816759198));
#1267 = CARTESIAN_POINT('',(4.507636217155,-21.78,35.95874844289));
#1268 = CARTESIAN_POINT('',(3.61225759218,-21.78,36.081049149588));
#1269 = CARTESIAN_POINT('',(2.705971521296,-21.78,36.160600987388));
#1270 = CARTESIAN_POINT('',(1.799247744828,-21.78,36.205463191085));
#1271 = CARTESIAN_POINT('',(0.897424082167,-21.78,36.22652508052));
#1272 = CARTESIAN_POINT('',(-9.149351956179E-04,-21.78,36.235159926858)
  );
#1273 = CARTESIAN_POINT('',(-0.903383743877,-21.78,36.24023592232));
#1274 = CARTESIAN_POINT('',(-1.821088666759,-21.78,36.245195917427));
#1275 = CARTESIAN_POINT('',(-2.764433334575,-21.78,36.24631049456));
#1276 = CARTESIAN_POINT('',(-3.738347320021,-21.78,36.232938191147));
#1277 = CARTESIAN_POINT('',(-4.738067003713,-21.78,36.189631302584));
#1278 = CARTESIAN_POINT('',(-5.746803047061,-21.78,36.099294867211));
#1279 = CARTESIAN_POINT('',(-6.736283233958,-21.78,35.946626832786));
#1280 = CARTESIAN_POINT('',(-7.670316704452,-21.78,35.72113759613));
#1281 = CARTESIAN_POINT('',(-8.510620242034,-21.78,35.419046446915));
#1282 = CARTESIAN_POINT('',(-9.223307721289,-21.78,35.043530277552));
#1283 = CARTESIAN_POINT('',(-9.783857273797,-21.78,34.603584534113));
#1284 = CARTESIAN_POINT('',(-10.1788829967,-21.78,34.113638425326));
#1285 = CARTESIAN_POINT('',(-10.40916609077,-21.78,33.596620692148));
#1286 = CARTESIAN_POINT('',(-10.49806178583,-21.78,33.080126858533));
#1287 = CARTESIAN_POINT('',(-10.48717691866,-21.78,32.581770741235));
#1288 = CARTESIAN_POINT('',(-10.41922045871,-21.78,32.105492050919));
#1289 = CARTESIAN_POINT('',(-10.32849870664,-21.78,31.647933427563));
#1290 = CARTESIAN_POINT('',(-10.23757087118,-21.78,31.202928435409));
#1291 = CARTESIAN_POINT('',(-10.15440529999,-21.78,30.76398094937));
#1292 = CARTESIAN_POINT('',(-10.07135145066,-21.78,30.325302174792));
#1293 = CARTESIAN_POINT('',(-9.968243901771,-21.78,29.88248696305));
#1294 = CARTESIAN_POINT('',(-9.818456187207,-21.78,29.434588921508));
#1295 = CARTESIAN_POINT('',(-9.596101282221,-21.78,28.986280226753));
#1296 = CARTESIAN_POINT('',(-9.283172774702,-21.78,28.546770271156));
#1297 = CARTESIAN_POINT('',(-8.872861814725,-21.78,28.125468670067));
#1298 = CARTESIAN_POINT('',(-8.367843724976,-21.78,27.728827172541));
#1299 = CARTESIAN_POINT('',(-7.77697991866,-21.78,27.359961447567));
#1300 = CARTESIAN_POINT('',(-7.112144582423,-21.78,27.019249452867));
#1301 = CARTESIAN_POINT('',(-6.385067233488,-21.78,26.705253206579));
#1302 = CARTESIAN_POINT('',(-5.604717307979,-21.78,26.416178070425));
#1303 = CARTESIAN_POINT('',(-4.776085306716,-21.78,26.151726933092));
#1304 = CARTESIAN_POINT('',(-3.900839534427,-21.78,25.914772623708));
#1305 = CARTESIAN_POINT('',(-2.979702926769,-21.78,25.71217518702));
#1306 = CARTESIAN_POINT('',(-2.015767671743,-21.78,25.554342811359));
#1307 = CARTESIAN_POINT('',(-1.017558670952,-21.78,25.453575884183));
#1308 = CARTESIAN_POINT('',(-6.747631677518E-04,-21.78,25.421595024299)
  );
#1309 = CARTESIAN_POINT('',(1.012721941638,-21.78,25.466846181193));
#1310 = CARTESIAN_POINT('',(1.996642182507,-21.78,25.592221121101));
#1311 = CARTESIAN_POINT('',(2.925661146786,-21.78,25.793740147137));
#1312 = CARTESIAN_POINT('',(3.779940522094,-21.78,26.060522172535));
#1313 = CARTESIAN_POINT('',(4.549712264931,-21.78,26.376088021886));
#1314 = CARTESIAN_POINT('',(5.238180938283,-21.78,26.7208300963));
#1315 = CARTESIAN_POINT('',(5.861900388361,-21.78,27.075300647921));
#1316 = CARTESIAN_POINT('',(6.44764292877,-21.78,27.423580076494));
#1317 = CARTESIAN_POINT('',(7.025378184215,-21.78,27.755935973869));
#1318 = CARTESIAN_POINT('',(7.619432530785,-21.78,28.070824315135));
#1319 = CARTESIAN_POINT('',(8.242102953779,-21.78,28.375452252224));
#1320 = CARTESIAN_POINT('',(8.891138988429,-21.78,28.683114964406));
#1321 = CARTESIAN_POINT('',(9.549551302407,-21.78,29.008665164117));
#1322 = CARTESIAN_POINT('',(10.187540906029,-21.78,29.364508853703));
#1323 = CARTESIAN_POINT('',(10.767954299608,-21.78,29.75898791097));
#1324 = CARTESIAN_POINT('',(11.250949034971,-21.78,30.194109662941));
#1325 = CARTESIAN_POINT('',(11.604990474764,-21.78,30.673909994976));
#1326 = CARTESIAN_POINT('',(11.729305162803,-21.78,31.022850473804));
#1327 = CARTESIAN_POINT('',(11.793182712743,-21.78,31.369846827052));
#1328 = VECTOR('',#1329,1.);
#1329 = DIRECTION('',(-0.,1.,-0.));
#1330 = DEFINITIONAL_REPRESENTATION('',(#1331),#1390);
#1331 = B_SPLINE_CURVE_WITH_KNOTS('',8,(#1332,#1333,#1334,#1335,#1336,
    #1337,#1338,#1339,#1340,#1341,#1342,#1343,#1344,#1345,#1346,#1347,
    #1348,#1349,#1350,#1351,#1352,#1353,#1354,#1355,#1356,#1357,#1358,
    #1359,#1360,#1361,#1362,#1363,#1364,#1365,#1366,#1367,#1368,#1369,
    #1370,#1371,#1372,#1373,#1374,#1375,#1376,#1377,#1378,#1379,#1380,
    #1381,#1382,#1383,#1384,#1385,#1386,#1387,#1388,#1389),
  .UNSPECIFIED.,.F.,.F.,(9,7,7,7,7,7,7,7,9),(0.,8.574410988317E-02,
    0.215429591103,0.353333565659,0.508211347442,0.627136658517,
    0.808166117346,0.903183635674,1.),.UNSPECIFIED.);
#1332 = CARTESIAN_POINT('',(16.883124869616,5.999999999895E-07));
#1333 = CARTESIAN_POINT('',(16.822310022347,-8.66455116779E-03));
#1334 = CARTESIAN_POINT('',(16.760092718535,-1.73316190353E-02));
#1335 = CARTESIAN_POINT('',(16.696084253488,-2.604066208292E-02));
#1336 = CARTESIAN_POINT('',(16.630240341939,-3.477424565045E-02));
#1337 = CARTESIAN_POINT('',(16.562862505984,-4.346764822055E-02));
#1338 = CARTESIAN_POINT('',(16.494599554498,-5.201958462203E-02));
#1339 = CARTESIAN_POINT('',(16.426449154041,-6.030344615286E-02));
#1340 = CARTESIAN_POINT('',(16.258893308995,-8.009069172617E-02));
#1341 = CARTESIAN_POINT('',(16.157963862211,-9.147021311661E-02));
#1342 = CARTESIAN_POINT('',(16.056974711487,-0.10231717993));
#1343 = CARTESIAN_POINT('',(15.955929264541,-0.112631197661));
#1344 = CARTESIAN_POINT('',(15.854830936232,-0.12241190934));
#1345 = CARTESIAN_POINT('',(15.75368305546,-0.131658994072));
#1346 = CARTESIAN_POINT('',(15.652488792454,-0.140372166127));
#1347 = CARTESIAN_POINT('',(15.443598299497,-0.157248491117));
#1348 = CARTESIAN_POINT('',(15.33589646698,-0.165341793054));
#1349 = CARTESIAN_POINT('',(15.228149857683,-0.172830763866));
#1350 = CARTESIAN_POINT('',(15.120362437645,-0.179715124824));
#1351 = CARTESIAN_POINT('',(15.012538163707,-0.185994627178));
#1352 = CARTESIAN_POINT('',(14.904680983519,-0.191669052154));
#1353 = CARTESIAN_POINT('',(14.796794835535,-0.196738210954));
#1354 = CARTESIAN_POINT('',(14.567690295081,-0.206215093887));
#1355 = CARTESIAN_POINT('',(14.446465380439,-0.210464608199));
#1356 = CARTESIAN_POINT('',(14.32521453053,-0.213950253457));
#1357 = CARTESIAN_POINT('',(14.203943387566,-0.216671846177));
#1358 = CARTESIAN_POINT('',(14.082657658222,-0.21862925576));
#1359 = CARTESIAN_POINT('',(13.961362967235,-0.219822407211));
#1360 = CARTESIAN_POINT('',(13.84006509139,-0.220251277011));
#1361 = CARTESIAN_POINT('',(13.625631185644,-0.219658377397));
#1362 = CARTESIAN_POINT('',(13.532494141868,-0.218950243962));
#1363 = CARTESIAN_POINT('',(13.439361139265,-0.217791513314));
#1364 = CARTESIAN_POINT('',(13.346234789499,-0.216182227166));
#1365 = CARTESIAN_POINT('',(13.253117765944,-0.214122456371));
#1366 = CARTESIAN_POINT('',(13.160012803682,-0.211612300919));
#1367 = CARTESIAN_POINT('',(13.066922699502,-0.20865188994));
#1368 = CARTESIAN_POINT('',(12.832174466742,-0.200049867336));
#1369 = CARTESIAN_POINT('',(12.690539807065,-0.193815438711));
#1370 = CARTESIAN_POINT('',(12.548957174718,-0.186538604294));
#1371 = CARTESIAN_POINT('',(12.407432108743,-0.178220473086));
#1372 = CARTESIAN_POINT('',(12.265981275619,-0.168861828339));
#1373 = CARTESIAN_POINT('',(12.124608620926,-0.158464781465));
#1374 = CARTESIAN_POINT('',(11.983333713515,-0.147030775422));
#1375 = CARTESIAN_POINT('',(11.768067931334,-0.128018620994));
#1376 = CARTESIAN_POINT('',(11.693972123182,-0.121187081094));
#1377 = CARTESIAN_POINT('',(11.619876664304,-0.114068003528));
#1378 = CARTESIAN_POINT('',(11.54578155417,-0.106661263717));
#1379 = CARTESIAN_POINT('',(11.471686792178,-9.896674182201E-02));
#1380 = CARTESIAN_POINT('',(11.397592377657,-9.098432274125E-02));
#1381 = CARTESIAN_POINT('',(11.323498309865,-8.271389611127E-02));
#1382 = CARTESIAN_POINT('',(11.173908143781,-6.543478853727E-02));
#1383 = CARTESIAN_POINT('',(11.101477807736,-5.676979078099E-02));
#1384 = CARTESIAN_POINT('',(11.028656879604,-4.779996319884E-02));
#1385 = CARTESIAN_POINT('',(10.953932545231,-3.832354321259E-02));
#1386 = CARTESIAN_POINT('',(10.877730786555,-2.833943690188E-02));
#1387 = CARTESIAN_POINT('',(10.802405463859,-1.813357249711E-02));
#1388 = CARTESIAN_POINT('',(10.732230240648,-8.35152987956E-03));
#1389 = CARTESIAN_POINT('',(10.673402021486,5.999999999895E-07));
#1390 = ( GEOMETRIC_REPRESENTATION_CONTEXT(2) 
PARAMETRIC_REPRESENTATION_CONTEXT() REPRESENTATION_CONTEXT('2D SPACE',''
  ) );
#1391 = ORIENTED_EDGE('',*,*,#1392,.T.);
#1392 = EDGE_CURVE('',#1126,#1393,#1395,.T.);
#1393 = VERTEX_POINT('',#1394);
#1394 = CARTESIAN_POINT('',(-3.103481915526,-21.78,34.6453125));
#1395 = SURFACE_CURVE('',#1396,(#1400,#1406),.PCURVE_S1.);
#1396 = LINE('',#1397,#1398);
#1397 = CARTESIAN_POINT('',(-3.103481915526,-21.78,0.));
#1398 = VECTOR('',#1399,1.);
#1399 = DIRECTION('',(-0.,-0.,-1.));
#1400 = PCURVE('',#32,#1401);
#1401 = DEFINITIONAL_REPRESENTATION('',(#1402),#1405);
#1402 = B_SPLINE_CURVE_WITH_KNOTS('',1,(#1403,#1404),.UNSPECIFIED.,.F.,
  .F.,(2,2),(-37.32878204158,-24.33912347727),.PIECEWISE_BEZIER_KNOTS.);
#1403 = CARTESIAN_POINT('',(-4.57084950706,-37.32878204158));
#1404 = CARTESIAN_POINT('',(-4.57084950706,-24.33912347727));
#1405 = ( GEOMETRIC_REPRESENTATION_CONTEXT(2) 
PARAMETRIC_REPRESENTATION_CONTEXT() REPRESENTATION_CONTEXT('2D SPACE',''
  ) );
#1406 = PCURVE('',#633,#1407);
#1407 = DEFINITIONAL_REPRESENTATION('',(#1408),#1411);
#1408 = B_SPLINE_CURVE_WITH_KNOTS('',1,(#1409,#1410),.UNSPECIFIED.,.F.,
  .F.,(2,2),(-37.32878204158,-24.33912347727),.PIECEWISE_BEZIER_KNOTS.);
#1409 = CARTESIAN_POINT('',(-6.060402003688,-3.317462714743));
#1410 = CARTESIAN_POINT('',(6.929256560625,-3.317462714743));
#1411 = ( GEOMETRIC_REPRESENTATION_CONTEXT(2) 
PARAMETRIC_REPRESENTATION_CONTEXT() REPRESENTATION_CONTEXT('2D SPACE',''
  ) );
#1412 = ORIENTED_EDGE('',*,*,#1413,.T.);
#1413 = EDGE_CURVE('',#1393,#1414,#1416,.T.);
#1414 = VERTEX_POINT('',#1415);
#1415 = CARTESIAN_POINT('',(-4.664794921875,-21.49976019254,34.6453125)
  );
#1416 = SURFACE_CURVE('',#1417,(#1422,#1429),.PCURVE_S1.);
#1417 = CIRCLE('',#1418,22.);
#1418 = AXIS2_PLACEMENT_3D('',#1419,#1420,#1421);
#1419 = CARTESIAN_POINT('',(0.,0.,34.6453125));
#1420 = DIRECTION('',(0.,0.,-1.));
#1421 = DIRECTION('',(1.,0.,0.));
#1422 = PCURVE('',#32,#1423);
#1423 = DEFINITIONAL_REPRESENTATION('',(#1424),#1428);
#1424 = LINE('',#1425,#1426);
#1425 = CARTESIAN_POINT('',(-6.28318530718,-34.6453125));
#1426 = VECTOR('',#1427,1.);
#1427 = DIRECTION('',(1.,-0.));
#1428 = ( GEOMETRIC_REPRESENTATION_CONTEXT(2) 
PARAMETRIC_REPRESENTATION_CONTEXT() REPRESENTATION_CONTEXT('2D SPACE',''
  ) );
#1429 = PCURVE('',#1430,#1435);
#1430 = PLANE('',#1431);
#1431 = AXIS2_PLACEMENT_3D('',#1432,#1433,#1434);
#1432 = CARTESIAN_POINT('',(-4.664794921875,-21.78,34.6453125));
#1433 = DIRECTION('',(0.,0.,-1.));
#1434 = DIRECTION('',(1.,0.,0.));
#1435 = DEFINITIONAL_REPRESENTATION('',(#1436),#1440);
#1436 = CIRCLE('',#1437,22.);
#1437 = AXIS2_PLACEMENT_2D('',#1438,#1439);
#1438 = CARTESIAN_POINT('',(4.664794921875,-21.78));
#1439 = DIRECTION('',(1.,0.));
#1440 = ( GEOMETRIC_REPRESENTATION_CONTEXT(2) 
PARAMETRIC_REPRESENTATION_CONTEXT() REPRESENTATION_CONTEXT('2D SPACE',''
  ) );
#1441 = ORIENTED_EDGE('',*,*,#1442,.T.);
#1442 = EDGE_CURVE('',#1414,#1443,#1445,.T.);
#1443 = VERTEX_POINT('',#1444);
#1444 = CARTESIAN_POINT('',(-4.664794921875,-21.49976019254,
    28.08427734375));
#1445 = SURFACE_CURVE('',#1446,(#1450,#1456),.PCURVE_S1.);
#1446 = LINE('',#1447,#1448);
#1447 = CARTESIAN_POINT('',(-4.664794921875,-21.49976019254,0.));
#1448 = VECTOR('',#1449,1.);
#1449 = DIRECTION('',(-0.,-0.,-1.));
#1450 = PCURVE('',#32,#1451);
#1451 = DEFINITIONAL_REPRESENTATION('',(#1452),#1455);
#1452 = B_SPLINE_CURVE_WITH_KNOTS('',1,(#1453,#1454),.UNSPECIFIED.,.F.,
  .F.,(2,2),(-35.30141601562,-27.42817382812),.PIECEWISE_BEZIER_KNOTS.);
#1453 = CARTESIAN_POINT('',(-4.498730981864,-35.30141601562));
#1454 = CARTESIAN_POINT('',(-4.498730981864,-27.42817382812));
#1455 = ( GEOMETRIC_REPRESENTATION_CONTEXT(2) 
PARAMETRIC_REPRESENTATION_CONTEXT() REPRESENTATION_CONTEXT('2D SPACE',''
  ) );
#1456 = PCURVE('',#1457,#1462);
#1457 = PLANE('',#1458);
#1458 = AXIS2_PLACEMENT_3D('',#1459,#1460,#1461);
#1459 = CARTESIAN_POINT('',(-4.664794921875,-21.78,28.08427734375));
#1460 = DIRECTION('',(1.,0.,0.));
#1461 = DIRECTION('',(0.,0.,1.));
#1462 = DEFINITIONAL_REPRESENTATION('',(#1463),#1466);
#1463 = B_SPLINE_CURVE_WITH_KNOTS('',1,(#1464,#1465),.UNSPECIFIED.,.F.,
  .F.,(2,2),(-35.30141601562,-27.42817382812),.PIECEWISE_BEZIER_KNOTS.);
#1464 = CARTESIAN_POINT('',(7.217138671875,-0.280239807457));
#1465 = CARTESIAN_POINT('',(-0.656103515625,-0.280239807457));
#1466 = ( GEOMETRIC_REPRESENTATION_CONTEXT(2) 
PARAMETRIC_REPRESENTATION_CONTEXT() REPRESENTATION_CONTEXT('2D SPACE',''
  ) );
#1467 = ORIENTED_EDGE('',*,*,#1468,.F.);
#1468 = EDGE_CURVE('',#1469,#1443,#1471,.T.);
#1469 = VERTEX_POINT('',#1470);
#1470 = CARTESIAN_POINT('',(-3.103481915526,-21.78,28.08427734375));
#1471 = SURFACE_CURVE('',#1472,(#1477,#1484),.PCURVE_S1.);
#1472 = CIRCLE('',#1473,22.);
#1473 = AXIS2_PLACEMENT_3D('',#1474,#1475,#1476);
#1474 = CARTESIAN_POINT('',(0.,0.,28.08427734375));
#1475 = DIRECTION('',(0.,0.,-1.));
#1476 = DIRECTION('',(1.,0.,0.));
#1477 = PCURVE('',#32,#1478);
#1478 = DEFINITIONAL_REPRESENTATION('',(#1479),#1483);
#1479 = LINE('',#1480,#1481);
#1480 = CARTESIAN_POINT('',(-6.28318530718,-28.08427734375));
#1481 = VECTOR('',#1482,1.);
#1482 = DIRECTION('',(1.,-0.));
#1483 = ( GEOMETRIC_REPRESENTATION_CONTEXT(2) 
PARAMETRIC_REPRESENTATION_CONTEXT() REPRESENTATION_CONTEXT('2D SPACE',''
  ) );
#1484 = PCURVE('',#1485,#1490);
#1485 = PLANE('',#1486);
#1486 = AXIS2_PLACEMENT_3D('',#1487,#1488,#1489);
#1487 = CARTESIAN_POINT('',(-1.856689453125,-21.78,28.08427734375));
#1488 = DIRECTION('',(0.,0.,1.));
#1489 = DIRECTION('',(-1.,0.,0.));
#1490 = DEFINITIONAL_REPRESENTATION('',(#1491),#1499);
#1491 = ( BOUNDED_CURVE() B_SPLINE_CURVE(2,(#1492,#1493,#1494,#1495,
#1496,#1497,#1498),.UNSPECIFIED.,.T.,.F.) B_SPLINE_CURVE_WITH_KNOTS((1,2
    ,2,2,2,1),(-2.094395102393,0.,2.094395102393,4.188790204786,
6.28318530718,8.377580409573),.UNSPECIFIED.) CURVE() 
GEOMETRIC_REPRESENTATION_ITEM() RATIONAL_B_SPLINE_CURVE((1.,0.5,1.,0.5,
1.,0.5,1.)) REPRESENTATION_ITEM('') );
#1492 = CARTESIAN_POINT('',(-23.85668945312,-21.78));
#1493 = CARTESIAN_POINT('',(-23.85668945312,16.325117766515));
#1494 = CARTESIAN_POINT('',(9.143310546875,-2.727441116742));
#1495 = CARTESIAN_POINT('',(42.143310546875,-21.78));
#1496 = CARTESIAN_POINT('',(9.143310546875,-40.83255888325));
#1497 = CARTESIAN_POINT('',(-23.85668945312,-59.88511776651));
#1498 = CARTESIAN_POINT('',(-23.85668945312,-21.78));
#1499 = ( GEOMETRIC_REPRESENTATION_CONTEXT(2) 
PARAMETRIC_REPRESENTATION_CONTEXT() REPRESENTATION_CONTEXT('2D SPACE',''
  ) );
#1500 = ORIENTED_EDGE('',*,*,#1501,.T.);
#1501 = EDGE_CURVE('',#1469,#394,#1502,.T.);
#1502 = SURFACE_CURVE('',#1503,(#1507,#1513),.PCURVE_S1.);
#1503 = LINE('',#1504,#1505);
#1504 = CARTESIAN_POINT('',(-3.103481915526,-21.78,0.));
#1505 = VECTOR('',#1506,1.);
#1506 = DIRECTION('',(-0.,-0.,-1.));
#1507 = PCURVE('',#32,#1508);
#1508 = DEFINITIONAL_REPRESENTATION('',(#1509),#1512);
#1509 = B_SPLINE_CURVE_WITH_KNOTS('',1,(#1510,#1511),.UNSPECIFIED.,.F.,
  .F.,(2,2),(-37.32878204158,-24.33912347727),.PIECEWISE_BEZIER_KNOTS.);
#1510 = CARTESIAN_POINT('',(-4.57084950706,-37.32878204158));
#1511 = CARTESIAN_POINT('',(-4.57084950706,-24.33912347727));
#1512 = ( GEOMETRIC_REPRESENTATION_CONTEXT(2) 
PARAMETRIC_REPRESENTATION_CONTEXT() REPRESENTATION_CONTEXT('2D SPACE',''
  ) );
#1513 = PCURVE('',#633,#1514);
#1514 = DEFINITIONAL_REPRESENTATION('',(#1515),#1518);
#1515 = B_SPLINE_CURVE_WITH_KNOTS('',1,(#1516,#1517),.UNSPECIFIED.,.F.,
  .F.,(2,2),(-37.32878204158,-24.33912347727),.PIECEWISE_BEZIER_KNOTS.);
#1516 = CARTESIAN_POINT('',(-6.060402003688,-3.317462714743));
#1517 = CARTESIAN_POINT('',(6.929256560625,-3.317462714743));
#1518 = ( GEOMETRIC_REPRESENTATION_CONTEXT(2) 
PARAMETRIC_REPRESENTATION_CONTEXT() REPRESENTATION_CONTEXT('2D SPACE',''
  ) );
#1519 = ADVANCED_FACE('',(#1520),#94,.T.);
#1520 = FACE_BOUND('',#1521,.T.);
#1521 = EDGE_LOOP('',(#1522,#1544,#1545,#1546));
#1522 = ORIENTED_EDGE('',*,*,#1523,.F.);
#1523 = EDGE_CURVE('',#24,#1524,#1526,.T.);
#1524 = VERTEX_POINT('',#1525);
#1525 = CARTESIAN_POINT('',(20.8,0.,104.));
#1526 = SEAM_CURVE('',#1527,(#1532,#1538),.PCURVE_S1.);
#1527 = CIRCLE('',#1528,1.2);
#1528 = AXIS2_PLACEMENT_3D('',#1529,#1530,#1531);
#1529 = CARTESIAN_POINT('',(20.8,0.,102.8));
#1530 = DIRECTION('',(0.,-1.,0.));
#1531 = DIRECTION('',(1.,0.,0.));
#1532 = PCURVE('',#94,#1533);
#1533 = DEFINITIONAL_REPRESENTATION('',(#1534),#1537);
#1534 = B_SPLINE_CURVE_WITH_KNOTS('',1,(#1535,#1536),.UNSPECIFIED.,.F.,
  .F.,(2,2),(0.,1.570796326795),.PIECEWISE_BEZIER_KNOTS.);
#1535 = CARTESIAN_POINT('',(0.,0.));
#1536 = CARTESIAN_POINT('',(0.,1.570796326795));
#1537 = ( GEOMETRIC_REPRESENTATION_CONTEXT(2) 
PARAMETRIC_REPRESENTATION_CONTEXT() REPRESENTATION_CONTEXT('2D SPACE',''
  ) );
#1538 = PCURVE('',#94,#1539);
#1539 = DEFINITIONAL_REPRESENTATION('',(#1540),#1543);
#1540 = B_SPLINE_CURVE_WITH_KNOTS('',1,(#1541,#1542),.UNSPECIFIED.,.F.,
  .F.,(2,2),(0.,1.570796326795),.PIECEWISE_BEZIER_KNOTS.);
#1541 = CARTESIAN_POINT('',(6.28318530718,0.));
#1542 = CARTESIAN_POINT('',(6.28318530718,1.570796326795));
#1543 = ( GEOMETRIC_REPRESENTATION_CONTEXT(2) 
PARAMETRIC_REPRESENTATION_CONTEXT() REPRESENTATION_CONTEXT('2D SPACE',''
  ) );
#1544 = ORIENTED_EDGE('',*,*,#79,.T.);
#1545 = ORIENTED_EDGE('',*,*,#1523,.T.);
#1546 = ORIENTED_EDGE('',*,*,#1547,.F.);
#1547 = EDGE_CURVE('',#1524,#1524,#1548,.T.);
#1548 = SURFACE_CURVE('',#1549,(#1554,#1561),.PCURVE_S1.);
#1549 = CIRCLE('',#1550,20.8);
#1550 = AXIS2_PLACEMENT_3D('',#1551,#1552,#1553);
#1551 = CARTESIAN_POINT('',(0.,0.,104.));
#1552 = DIRECTION('',(0.,0.,1.));
#1553 = DIRECTION('',(1.,0.,-0.));
#1554 = PCURVE('',#94,#1555);
#1555 = DEFINITIONAL_REPRESENTATION('',(#1556),#1560);
#1556 = LINE('',#1557,#1558);
#1557 = CARTESIAN_POINT('',(0.,1.570796326795));
#1558 = VECTOR('',#1559,1.);
#1559 = DIRECTION('',(1.,0.));
#1560 = ( GEOMETRIC_REPRESENTATION_CONTEXT(2) 
PARAMETRIC_REPRESENTATION_CONTEXT() REPRESENTATION_CONTEXT('2D SPACE',''
  ) );
#1561 = PCURVE('',#1562,#1567);
#1562 = PLANE('',#1563);
#1563 = AXIS2_PLACEMENT_3D('',#1564,#1565,#1566);
#1564 = CARTESIAN_POINT('',(-1.491752871861E-15,-8.980743193747E-16,104.
    ));
#1565 = DIRECTION('',(0.,0.,1.));
#1566 = DIRECTION('',(1.,0.,-0.));
#1567 = DEFINITIONAL_REPRESENTATION('',(#1568),#1572);
#1568 = CIRCLE('',#1569,20.8);
#1569 = AXIS2_PLACEMENT_2D('',#1570,#1571);
#1570 = CARTESIAN_POINT('',(1.491752871861E-15,8.980743193747E-16));
#1571 = DIRECTION('',(1.,0.));
#1572 = ( GEOMETRIC_REPRESENTATION_CONTEXT(2) 
PARAMETRIC_REPRESENTATION_CONTEXT() REPRESENTATION_CONTEXT('2D SPACE',''
  ) );
#1573 = ADVANCED_FACE('',(#1574),#66,.T.);
#1574 = FACE_BOUND('',#1575,.F.);
#1575 = EDGE_LOOP('',(#1576,#1598,#1599,#1600));
#1576 = ORIENTED_EDGE('',*,*,#1577,.F.);
#1577 = EDGE_CURVE('',#22,#1578,#1580,.T.);
#1578 = VERTEX_POINT('',#1579);
#1579 = CARTESIAN_POINT('',(20.8,0.,0.));
#1580 = SEAM_CURVE('',#1581,(#1586,#1592),.PCURVE_S1.);
#1581 = CIRCLE('',#1582,1.2);
#1582 = AXIS2_PLACEMENT_3D('',#1583,#1584,#1585);
#1583 = CARTESIAN_POINT('',(20.8,0.,1.2));
#1584 = DIRECTION('',(0.,1.,0.));
#1585 = DIRECTION('',(1.,0.,-0.));
#1586 = PCURVE('',#66,#1587);
#1587 = DEFINITIONAL_REPRESENTATION('',(#1588),#1591);
#1588 = B_SPLINE_CURVE_WITH_KNOTS('',1,(#1589,#1590),.UNSPECIFIED.,.F.,
  .F.,(2,2),(0.,1.570796326795),.PIECEWISE_BEZIER_KNOTS.);
#1589 = CARTESIAN_POINT('',(0.,0.));
#1590 = CARTESIAN_POINT('',(0.,1.570796326795));
#1591 = ( GEOMETRIC_REPRESENTATION_CONTEXT(2) 
PARAMETRIC_REPRESENTATION_CONTEXT() REPRESENTATION_CONTEXT('2D SPACE',''
  ) );
#1592 = PCURVE('',#66,#1593);
#1593 = DEFINITIONAL_REPRESENTATION('',(#1594),#1597);
#1594 = B_SPLINE_CURVE_WITH_KNOTS('',1,(#1595,#1596),.UNSPECIFIED.,.F.,
  .F.,(2,2),(0.,1.570796326795),.PIECEWISE_BEZIER_KNOTS.);
#1595 = CARTESIAN_POINT('',(-6.28318530718,0.));
#1596 = CARTESIAN_POINT('',(-6.28318530718,1.570796326795));
#1597 = ( GEOMETRIC_REPRESENTATION_CONTEXT(2) 
PARAMETRIC_REPRESENTATION_CONTEXT() REPRESENTATION_CONTEXT('2D SPACE',''
  ) );
#1598 = ORIENTED_EDGE('',*,*,#51,.F.);
#1599 = ORIENTED_EDGE('',*,*,#1577,.T.);
#1600 = ORIENTED_EDGE('',*,*,#1601,.T.);
#1601 = EDGE_CURVE('',#1578,#1578,#1602,.T.);
#1602 = SURFACE_CURVE('',#1603,(#1608,#1615),.PCURVE_S1.);
#1603 = CIRCLE('',#1604,20.8);
#1604 = AXIS2_PLACEMENT_3D('',#1605,#1606,#1607);
#1605 = CARTESIAN_POINT('',(0.,0.,0.));
#1606 = DIRECTION('',(0.,0.,1.));
#1607 = DIRECTION('',(1.,0.,-0.));
#1608 = PCURVE('',#66,#1609);
#1609 = DEFINITIONAL_REPRESENTATION('',(#1610),#1614);
#1610 = LINE('',#1611,#1612);
#1611 = CARTESIAN_POINT('',(-0.,1.570796326795));
#1612 = VECTOR('',#1613,1.);
#1613 = DIRECTION('',(-1.,0.));
#1614 = ( GEOMETRIC_REPRESENTATION_CONTEXT(2) 
PARAMETRIC_REPRESENTATION_CONTEXT() REPRESENTATION_CONTEXT('2D SPACE',''
  ) );
#1615 = PCURVE('',#1616,#1621);
#1616 = PLANE('',#1617);
#1617 = AXIS2_PLACEMENT_3D('',#1618,#1619,#1620);
#1618 = CARTESIAN_POINT('',(-1.491752871861E-15,-8.980743193747E-16,0.)
  );
#1619 = DIRECTION('',(0.,0.,1.));
#1620 = DIRECTION('',(1.,0.,-0.));
#1621 = DEFINITIONAL_REPRESENTATION('',(#1622),#1626);
#1622 = CIRCLE('',#1623,20.8);
#1623 = AXIS2_PLACEMENT_2D('',#1624,#1625);
#1624 = CARTESIAN_POINT('',(1.491752871861E-15,8.980743193747E-16));
#1625 = DIRECTION('',(1.,0.));
#1626 = ( GEOMETRIC_REPRESENTATION_CONTEXT(2) 
PARAMETRIC_REPRESENTATION_CONTEXT() REPRESENTATION_CONTEXT('2D SPACE',''
  ) );
#1627 = ADVANCED_FACE('',(#1628),#127,.T.);
#1628 = FACE_BOUND('',#1629,.T.);
#1629 = EDGE_LOOP('',(#1630,#1631,#1654,#1677));
#1630 = ORIENTED_EDGE('',*,*,#108,.T.);
#1631 = ORIENTED_EDGE('',*,*,#1632,.T.);
#1632 = EDGE_CURVE('',#111,#1633,#1635,.T.);
#1633 = VERTEX_POINT('',#1634);
#1634 = CARTESIAN_POINT('',(-8.013427734375,-20.48,34.6453125));
#1635 = SURFACE_CURVE('',#1636,(#1640,#1647),.PCURVE_S1.);
#1636 = LINE('',#1637,#1638);
#1637 = CARTESIAN_POINT('',(-8.013427734375,-21.78,34.6453125));
#1638 = VECTOR('',#1639,1.);
#1639 = DIRECTION('',(-0.,1.,-0.));
#1640 = PCURVE('',#127,#1641);
#1641 = DEFINITIONAL_REPRESENTATION('',(#1642),#1646);
#1642 = LINE('',#1643,#1644);
#1643 = CARTESIAN_POINT('',(0.,0.));
#1644 = VECTOR('',#1645,1.);
#1645 = DIRECTION('',(0.,-1.));
#1646 = ( GEOMETRIC_REPRESENTATION_CONTEXT(2) 
PARAMETRIC_REPRESENTATION_CONTEXT() REPRESENTATION_CONTEXT('2D SPACE',''
  ) );
#1647 = PCURVE('',#154,#1648);
#1648 = DEFINITIONAL_REPRESENTATION('',(#1649),#1653);
#1649 = LINE('',#1650,#1651);
#1650 = CARTESIAN_POINT('',(5.923828125,0.));
#1651 = VECTOR('',#1652,1.);
#1652 = DIRECTION('',(0.,-1.));
#1653 = ( GEOMETRIC_REPRESENTATION_CONTEXT(2) 
PARAMETRIC_REPRESENTATION_CONTEXT() REPRESENTATION_CONTEXT('2D SPACE',''
  ) );
#1654 = ORIENTED_EDGE('',*,*,#1655,.T.);
#1655 = EDGE_CURVE('',#1633,#1656,#1658,.T.);
#1656 = VERTEX_POINT('',#1657);
#1657 = CARTESIAN_POINT('',(-6.321533203125,-20.48,34.6453125));
#1658 = SURFACE_CURVE('',#1659,(#1663,#1670),.PCURVE_S1.);
#1659 = LINE('',#1660,#1661);
#1660 = CARTESIAN_POINT('',(-8.013427734375,-20.48,34.6453125));
#1661 = VECTOR('',#1662,1.);
#1662 = DIRECTION('',(1.,0.,0.));
#1663 = PCURVE('',#127,#1664);
#1664 = DEFINITIONAL_REPRESENTATION('',(#1665),#1669);
#1665 = LINE('',#1666,#1667);
#1666 = CARTESIAN_POINT('',(0.,-1.3));
#1667 = VECTOR('',#1668,1.);
#1668 = DIRECTION('',(1.,0.));
#1669 = ( GEOMETRIC_REPRESENTATION_CONTEXT(2) 
PARAMETRIC_REPRESENTATION_CONTEXT() REPRESENTATION_CONTEXT('2D SPACE',''
  ) );
#1670 = PCURVE('',#216,#1671);
#1671 = DEFINITIONAL_REPRESENTATION('',(#1672),#1676);
#1672 = LINE('',#1673,#1674);
#1673 = CARTESIAN_POINT('',(0.826171875,6.56103515625));
#1674 = VECTOR('',#1675,1.);
#1675 = DIRECTION('',(1.,0.));
#1676 = ( GEOMETRIC_REPRESENTATION_CONTEXT(2) 
PARAMETRIC_REPRESENTATION_CONTEXT() REPRESENTATION_CONTEXT('2D SPACE',''
  ) );
#1677 = ORIENTED_EDGE('',*,*,#1678,.F.);
#1678 = EDGE_CURVE('',#109,#1656,#1679,.T.);
#1679 = SURFACE_CURVE('',#1680,(#1684,#1691),.PCURVE_S1.);
#1680 = LINE('',#1681,#1682);
#1681 = CARTESIAN_POINT('',(-6.321533203125,-21.78,34.6453125));
#1682 = VECTOR('',#1683,1.);
#1683 = DIRECTION('',(-0.,1.,-0.));
#1684 = PCURVE('',#127,#1685);
#1685 = DEFINITIONAL_REPRESENTATION('',(#1686),#1690);
#1686 = LINE('',#1687,#1688);
#1687 = CARTESIAN_POINT('',(1.69189453125,0.));
#1688 = VECTOR('',#1689,1.);
#1689 = DIRECTION('',(0.,-1.));
#1690 = ( GEOMETRIC_REPRESENTATION_CONTEXT(2) 
PARAMETRIC_REPRESENTATION_CONTEXT() REPRESENTATION_CONTEXT('2D SPACE',''
  ) );
#1691 = PCURVE('',#378,#1692);
#1692 = DEFINITIONAL_REPRESENTATION('',(#1693),#1697);
#1693 = LINE('',#1694,#1695);
#1694 = CARTESIAN_POINT('',(0.,0.));
#1695 = VECTOR('',#1696,1.);
#1696 = DIRECTION('',(0.,-1.));
#1697 = ( GEOMETRIC_REPRESENTATION_CONTEXT(2) 
PARAMETRIC_REPRESENTATION_CONTEXT() REPRESENTATION_CONTEXT('2D SPACE',''
  ) );
#1698 = ADVANCED_FACE('',(#1699),#378,.T.);
#1699 = FACE_BOUND('',#1700,.T.);
#1700 = EDGE_LOOP('',(#1701,#1702,#1703,#1726));
#1701 = ORIENTED_EDGE('',*,*,#365,.F.);
#1702 = ORIENTED_EDGE('',*,*,#1678,.T.);
#1703 = ORIENTED_EDGE('',*,*,#1704,.T.);
#1704 = EDGE_CURVE('',#1656,#1705,#1707,.T.);
#1705 = VERTEX_POINT('',#1706);
#1706 = CARTESIAN_POINT('',(-6.321533203125,-20.48,28.721484375));
#1707 = SURFACE_CURVE('',#1708,(#1712,#1719),.PCURVE_S1.);
#1708 = LINE('',#1709,#1710);
#1709 = CARTESIAN_POINT('',(-6.321533203125,-20.48,34.6453125));
#1710 = VECTOR('',#1711,1.);
#1711 = DIRECTION('',(0.,0.,-1.));
#1712 = PCURVE('',#378,#1713);
#1713 = DEFINITIONAL_REPRESENTATION('',(#1714),#1718);
#1714 = LINE('',#1715,#1716);
#1715 = CARTESIAN_POINT('',(0.,-1.3));
#1716 = VECTOR('',#1717,1.);
#1717 = DIRECTION('',(1.,0.));
#1718 = ( GEOMETRIC_REPRESENTATION_CONTEXT(2) 
PARAMETRIC_REPRESENTATION_CONTEXT() REPRESENTATION_CONTEXT('2D SPACE',''
  ) );
#1719 = PCURVE('',#216,#1720);
#1720 = DEFINITIONAL_REPRESENTATION('',(#1721),#1725);
#1721 = LINE('',#1722,#1723);
#1722 = CARTESIAN_POINT('',(2.51806640625,6.56103515625));
#1723 = VECTOR('',#1724,1.);
#1724 = DIRECTION('',(0.,-1.));
#1725 = ( GEOMETRIC_REPRESENTATION_CONTEXT(2) 
PARAMETRIC_REPRESENTATION_CONTEXT() REPRESENTATION_CONTEXT('2D SPACE',''
  ) );
#1726 = ORIENTED_EDGE('',*,*,#1727,.F.);
#1727 = EDGE_CURVE('',#291,#1705,#1728,.T.);
#1728 = SURFACE_CURVE('',#1729,(#1733,#1740),.PCURVE_S1.);
#1729 = LINE('',#1730,#1731);
#1730 = CARTESIAN_POINT('',(-6.321533203125,-21.78,28.721484375));
#1731 = VECTOR('',#1732,1.);
#1732 = DIRECTION('',(-0.,1.,-0.));
#1733 = PCURVE('',#378,#1734);
#1734 = DEFINITIONAL_REPRESENTATION('',(#1735),#1739);
#1735 = LINE('',#1736,#1737);
#1736 = CARTESIAN_POINT('',(5.923828125,0.));
#1737 = VECTOR('',#1738,1.);
#1738 = DIRECTION('',(0.,-1.));
#1739 = ( GEOMETRIC_REPRESENTATION_CONTEXT(2) 
PARAMETRIC_REPRESENTATION_CONTEXT() REPRESENTATION_CONTEXT('2D SPACE',''
  ) );
#1740 = PCURVE('',#336,#1741);
#1741 = DEFINITIONAL_REPRESENTATION('',(#1742),#1746);
#1742 = LINE('',#1743,#1744);
#1743 = CARTESIAN_POINT('',(0.,0.));
#1744 = VECTOR('',#1745,1.);
#1745 = DIRECTION('',(0.,-1.));
#1746 = ( GEOMETRIC_REPRESENTATION_CONTEXT(2) 
PARAMETRIC_REPRESENTATION_CONTEXT() REPRESENTATION_CONTEXT('2D SPACE',''
  ) );
#1747 = ADVANCED_FACE('',(#1748),#336,.T.);
#1748 = FACE_BOUND('',#1749,.T.);
#1749 = EDGE_LOOP('',(#1750,#1751,#1752,#1775));
#1750 = ORIENTED_EDGE('',*,*,#290,.T.);
#1751 = ORIENTED_EDGE('',*,*,#1727,.T.);
#1752 = ORIENTED_EDGE('',*,*,#1753,.T.);
#1753 = EDGE_CURVE('',#1705,#1754,#1756,.T.);
#1754 = VERTEX_POINT('',#1755);
#1755 = CARTESIAN_POINT('',(-6.9873046875,-20.48,26.88896484375));
#1756 = SURFACE_CURVE('',#1757,(#1761,#1768),.PCURVE_S1.);
#1757 = B_SPLINE_CURVE_WITH_KNOTS('',2,(#1758,#1759,#1760),
  .UNSPECIFIED.,.F.,.F.,(3,3),(0.,1.),.PIECEWISE_BEZIER_KNOTS.);
#1758 = CARTESIAN_POINT('',(-6.321533203125,-20.48,28.721484375));
#1759 = CARTESIAN_POINT('',(-6.321533203125,-20.48,27.49541015625));
#1760 = CARTESIAN_POINT('',(-6.9873046875,-20.48,26.88896484375));
#1761 = PCURVE('',#336,#1762);
#1762 = DEFINITIONAL_REPRESENTATION('',(#1763),#1767);
#1763 = LINE('',#1764,#1765);
#1764 = CARTESIAN_POINT('',(0.,-1.3));
#1765 = VECTOR('',#1766,1.);
#1766 = DIRECTION('',(1.,0.));
#1767 = ( GEOMETRIC_REPRESENTATION_CONTEXT(2) 
PARAMETRIC_REPRESENTATION_CONTEXT() REPRESENTATION_CONTEXT('2D SPACE',''
  ) );
#1768 = PCURVE('',#216,#1769);
#1769 = DEFINITIONAL_REPRESENTATION('',(#1770),#1774);
#1770 = B_SPLINE_CURVE_WITH_KNOTS('',2,(#1771,#1772,#1773),
  .UNSPECIFIED.,.F.,.F.,(3,3),(0.,1.),.PIECEWISE_BEZIER_KNOTS.);
#1771 = CARTESIAN_POINT('',(2.51806640625,0.63720703125));
#1772 = CARTESIAN_POINT('',(2.51806640625,-0.5888671875));
#1773 = CARTESIAN_POINT('',(1.852294921875,-1.1953125));
#1774 = ( GEOMETRIC_REPRESENTATION_CONTEXT(2) 
PARAMETRIC_REPRESENTATION_CONTEXT() REPRESENTATION_CONTEXT('2D SPACE',''
  ) );
#1775 = ORIENTED_EDGE('',*,*,#1776,.F.);
#1776 = EDGE_CURVE('',#228,#1754,#1777,.T.);
#1777 = SURFACE_CURVE('',#1778,(#1782,#1789),.PCURVE_S1.);
#1778 = LINE('',#1779,#1780);
#1779 = CARTESIAN_POINT('',(-6.9873046875,-21.78,26.88896484375));
#1780 = VECTOR('',#1781,1.);
#1781 = DIRECTION('',(-0.,1.,-0.));
#1782 = PCURVE('',#336,#1783);
#1783 = DEFINITIONAL_REPRESENTATION('',(#1784),#1788);
#1784 = LINE('',#1785,#1786);
#1785 = CARTESIAN_POINT('',(1.,0.));
#1786 = VECTOR('',#1787,1.);
#1787 = DIRECTION('',(0.,-1.));
#1788 = ( GEOMETRIC_REPRESENTATION_CONTEXT(2) 
PARAMETRIC_REPRESENTATION_CONTEXT() REPRESENTATION_CONTEXT('2D SPACE',''
  ) );
#1789 = PCURVE('',#265,#1790);
#1790 = DEFINITIONAL_REPRESENTATION('',(#1791),#1795);
#1791 = LINE('',#1792,#1793);
#1792 = CARTESIAN_POINT('',(0.,0.));
#1793 = VECTOR('',#1794,1.);
#1794 = DIRECTION('',(0.,-1.));
#1795 = ( GEOMETRIC_REPRESENTATION_CONTEXT(2) 
PARAMETRIC_REPRESENTATION_CONTEXT() REPRESENTATION_CONTEXT('2D SPACE',''
  ) );
#1796 = ADVANCED_FACE('',(#1797),#265,.T.);
#1797 = FACE_BOUND('',#1798,.T.);
#1798 = EDGE_LOOP('',(#1799,#1800,#1801));
#1799 = ORIENTED_EDGE('',*,*,#227,.T.);
#1800 = ORIENTED_EDGE('',*,*,#1776,.T.);
#1801 = ORIENTED_EDGE('',*,*,#1802,.T.);
#1802 = EDGE_CURVE('',#1754,#202,#1803,.T.);
#1803 = SURFACE_CURVE('',#1804,(#1808,#1815),.PCURVE_S1.);
#1804 = B_SPLINE_CURVE_WITH_KNOTS('',2,(#1805,#1806,#1807),
  .UNSPECIFIED.,.F.,.F.,(3,3),(0.,1.),.PIECEWISE_BEZIER_KNOTS.);
#1805 = CARTESIAN_POINT('',(-6.9873046875,-20.48,26.88896484375));
#1806 = CARTESIAN_POINT('',(-7.653076171875,-20.48,26.28251953125));
#1807 = CARTESIAN_POINT('',(-9.002197265625,-20.48,26.28251953125));
#1808 = PCURVE('',#265,#1809);
#1809 = DEFINITIONAL_REPRESENTATION('',(#1810),#1814);
#1810 = LINE('',#1811,#1812);
#1811 = CARTESIAN_POINT('',(0.,-1.3));
#1812 = VECTOR('',#1813,1.);
#1813 = DIRECTION('',(1.,0.));
#1814 = ( GEOMETRIC_REPRESENTATION_CONTEXT(2) 
PARAMETRIC_REPRESENTATION_CONTEXT() REPRESENTATION_CONTEXT('2D SPACE',''
  ) );
#1815 = PCURVE('',#216,#1816);
#1816 = DEFINITIONAL_REPRESENTATION('',(#1817),#1821);
#1817 = B_SPLINE_CURVE_WITH_KNOTS('',2,(#1818,#1819,#1820),
  .UNSPECIFIED.,.F.,.F.,(3,3),(0.,1.),.PIECEWISE_BEZIER_KNOTS.);
#1818 = CARTESIAN_POINT('',(1.852294921875,-1.1953125));
#1819 = CARTESIAN_POINT('',(1.1865234375,-1.8017578125));
#1820 = CARTESIAN_POINT('',(-0.16259765625,-1.8017578125));
#1821 = ( GEOMETRIC_REPRESENTATION_CONTEXT(2) 
PARAMETRIC_REPRESENTATION_CONTEXT() REPRESENTATION_CONTEXT('2D SPACE',''
  ) );
#1822 = ADVANCED_FACE('',(#1823),#216,.T.);
#1823 = FACE_BOUND('',#1824,.T.);
#1824 = EDGE_LOOP('',(#1825,#1848,#1869,#1870,#1871,#1872,#1873));
#1825 = ORIENTED_EDGE('',*,*,#1826,.F.);
#1826 = EDGE_CURVE('',#1827,#1633,#1829,.T.);
#1827 = VERTEX_POINT('',#1828);
#1828 = CARTESIAN_POINT('',(-8.013427734375,-20.48,28.721484375));
#1829 = SURFACE_CURVE('',#1830,(#1834,#1841),.PCURVE_S1.);
#1830 = LINE('',#1831,#1832);
#1831 = CARTESIAN_POINT('',(-8.013427734375,-20.48,28.721484375));
#1832 = VECTOR('',#1833,1.);
#1833 = DIRECTION('',(0.,0.,1.));
#1834 = PCURVE('',#216,#1835);
#1835 = DEFINITIONAL_REPRESENTATION('',(#1836),#1840);
#1836 = LINE('',#1837,#1838);
#1837 = CARTESIAN_POINT('',(0.826171875,0.63720703125));
#1838 = VECTOR('',#1839,1.);
#1839 = DIRECTION('',(0.,1.));
#1840 = ( GEOMETRIC_REPRESENTATION_CONTEXT(2) 
PARAMETRIC_REPRESENTATION_CONTEXT() REPRESENTATION_CONTEXT('2D SPACE',''
  ) );
#1841 = PCURVE('',#154,#1842);
#1842 = DEFINITIONAL_REPRESENTATION('',(#1843),#1847);
#1843 = LINE('',#1844,#1845);
#1844 = CARTESIAN_POINT('',(0.,-1.3));
#1845 = VECTOR('',#1846,1.);
#1846 = DIRECTION('',(1.,0.));
#1847 = ( GEOMETRIC_REPRESENTATION_CONTEXT(2) 
PARAMETRIC_REPRESENTATION_CONTEXT() REPRESENTATION_CONTEXT('2D SPACE',''
  ) );
#1848 = ORIENTED_EDGE('',*,*,#1849,.F.);
#1849 = EDGE_CURVE('',#166,#1827,#1850,.T.);
#1850 = SURFACE_CURVE('',#1851,(#1855,#1862),.PCURVE_S1.);
#1851 = B_SPLINE_CURVE_WITH_KNOTS('',2,(#1852,#1853,#1854),
  .UNSPECIFIED.,.F.,.F.,(3,3),(0.,1.),.PIECEWISE_BEZIER_KNOTS.);
#1852 = CARTESIAN_POINT('',(-8.28369140625,-20.48,27.85576171875));
#1853 = CARTESIAN_POINT('',(-8.013427734375,-20.48,28.1501953125));
#1854 = CARTESIAN_POINT('',(-8.013427734375,-20.48,28.721484375));
#1855 = PCURVE('',#216,#1856);
#1856 = DEFINITIONAL_REPRESENTATION('',(#1857),#1861);
#1857 = B_SPLINE_CURVE_WITH_KNOTS('',2,(#1858,#1859,#1860),
  .UNSPECIFIED.,.F.,.F.,(3,3),(0.,1.),.PIECEWISE_BEZIER_KNOTS.);
#1858 = CARTESIAN_POINT('',(0.555908203125,-0.228515625));
#1859 = CARTESIAN_POINT('',(0.826171875,6.591796875E-02));
#1860 = CARTESIAN_POINT('',(0.826171875,0.63720703125));
#1861 = ( GEOMETRIC_REPRESENTATION_CONTEXT(2) 
PARAMETRIC_REPRESENTATION_CONTEXT() REPRESENTATION_CONTEXT('2D SPACE',''
  ) );
#1862 = PCURVE('',#185,#1863);
#1863 = DEFINITIONAL_REPRESENTATION('',(#1864),#1868);
#1864 = LINE('',#1865,#1866);
#1865 = CARTESIAN_POINT('',(0.,-1.3));
#1866 = VECTOR('',#1867,1.);
#1867 = DIRECTION('',(1.,0.));
#1868 = ( GEOMETRIC_REPRESENTATION_CONTEXT(2) 
PARAMETRIC_REPRESENTATION_CONTEXT() REPRESENTATION_CONTEXT('2D SPACE',''
  ) );
#1869 = ORIENTED_EDGE('',*,*,#201,.T.);
#1870 = ORIENTED_EDGE('',*,*,#1802,.F.);
#1871 = ORIENTED_EDGE('',*,*,#1753,.F.);
#1872 = ORIENTED_EDGE('',*,*,#1704,.F.);
#1873 = ORIENTED_EDGE('',*,*,#1655,.F.);
#1874 = ADVANCED_FACE('',(#1875),#185,.T.);
#1875 = FACE_BOUND('',#1876,.T.);
#1876 = EDGE_LOOP('',(#1877,#1878,#1879));
#1877 = ORIENTED_EDGE('',*,*,#165,.F.);
#1878 = ORIENTED_EDGE('',*,*,#1849,.T.);
#1879 = ORIENTED_EDGE('',*,*,#1880,.F.);
#1880 = EDGE_CURVE('',#140,#1827,#1881,.T.);
#1881 = SURFACE_CURVE('',#1882,(#1886,#1893),.PCURVE_S1.);
#1882 = LINE('',#1883,#1884);
#1883 = CARTESIAN_POINT('',(-8.013427734375,-21.78,28.721484375));
#1884 = VECTOR('',#1885,1.);
#1885 = DIRECTION('',(-0.,1.,-0.));
#1886 = PCURVE('',#185,#1887);
#1887 = DEFINITIONAL_REPRESENTATION('',(#1888),#1892);
#1888 = LINE('',#1889,#1890);
#1889 = CARTESIAN_POINT('',(1.,0.));
#1890 = VECTOR('',#1891,1.);
#1891 = DIRECTION('',(0.,-1.));
#1892 = ( GEOMETRIC_REPRESENTATION_CONTEXT(2) 
PARAMETRIC_REPRESENTATION_CONTEXT() REPRESENTATION_CONTEXT('2D SPACE',''
  ) );
#1893 = PCURVE('',#154,#1894);
#1894 = DEFINITIONAL_REPRESENTATION('',(#1895),#1899);
#1895 = LINE('',#1896,#1897);
#1896 = CARTESIAN_POINT('',(0.,0.));
#1897 = VECTOR('',#1898,1.);
#1898 = DIRECTION('',(0.,-1.));
#1899 = ( GEOMETRIC_REPRESENTATION_CONTEXT(2) 
PARAMETRIC_REPRESENTATION_CONTEXT() REPRESENTATION_CONTEXT('2D SPACE',''
  ) );
#1900 = ADVANCED_FACE('',(#1901),#154,.T.);
#1901 = FACE_BOUND('',#1902,.T.);
#1902 = EDGE_LOOP('',(#1903,#1904,#1905,#1906));
#1903 = ORIENTED_EDGE('',*,*,#139,.T.);
#1904 = ORIENTED_EDGE('',*,*,#1880,.T.);
#1905 = ORIENTED_EDGE('',*,*,#1826,.T.);
#1906 = ORIENTED_EDGE('',*,*,#1632,.F.);
#1907 = ADVANCED_FACE('',(#1908),#491,.T.);
#1908 = FACE_BOUND('',#1909,.T.);
#1909 = EDGE_LOOP('',(#1910,#1911));
#1910 = ORIENTED_EDGE('',*,*,#391,.F.);
#1911 = ORIENTED_EDGE('',*,*,#1912,.F.);
#1912 = EDGE_CURVE('',#394,#392,#1913,.T.);
#1913 = SURFACE_CURVE('',#1914,(#1990,#1997),.PCURVE_S1.);
#1914 = B_SPLINE_CURVE_WITH_KNOTS('',3,(#1915,#1916,#1917,#1918,#1919,
    #1920,#1921,#1922,#1923,#1924,#1925,#1926,#1927,#1928,#1929,#1930,
    #1931,#1932,#1933,#1934,#1935,#1936,#1937,#1938,#1939,#1940,#1941,
    #1942,#1943,#1944,#1945,#1946,#1947,#1948,#1949,#1950,#1951,#1952,
    #1953,#1954,#1955,#1956,#1957,#1958,#1959,#1960,#1961,#1962,#1963,
    #1964,#1965,#1966,#1967,#1968,#1969,#1970,#1971,#1972,#1973,#1974,
    #1975,#1976,#1977,#1978,#1979,#1980,#1981,#1982,#1983,#1984,#1985,
    #1986,#1987,#1988,#1989),.UNSPECIFIED.,.T.,.F.,(1,1,2,1,1,1,1,1,1,1,
    1,1,1,1,1,1,1,1,1,1,1,1,1,1,1,1,1,1,1,1,1,1,1,1,1,1,1,1,1,1,1,1,1,1,
    1,1,1,1,1,1,1,1,1,1,1,1,1,1,1,1,1,1,1,1,1,1,1,1,1,1,1,1,1,1,2,1,1),(
    -1.110587451518,-0.526880866678,0.,0.505161065689,1.030410100658,
    1.602212993764,2.226183016455,2.895063667652,3.598173122537,
    4.327506388394,5.080061315432,5.85721623349,6.662372991419,
    7.498089733965,8.36371908048,9.25429362244,10.161055695668,
    11.073557565867,11.982748765445,12.88409084931,13.779601889274,
    14.677867483411,15.591540998091,16.532757861972,17.507876758006,
    18.513344469845,19.534043672869,20.544702670687,21.514238703528,
    22.41231731826,23.216885462408,23.920877940658,24.535411727419,
    25.085852363725,25.599758904536,26.094585417524,26.575395933349,
    27.041514265595,27.493911380595,27.937989234224,28.381758263167,
    28.83332088717,29.301035001427,29.795365872326,30.328845437358,
    30.912809896692,31.553507978654,32.250701486976,32.999309021465,
    33.792624772912,34.625303880139,35.494854473151,36.401194558255,
    37.344624864208,38.323104600066,39.329875409927,40.35231846835,
    41.372566819822,42.36989710255,43.324366299888,44.22069615876,
    45.051259264336,45.817375941759,46.528941831003,47.203055901652,
    47.861825292249,48.528245790172,49.219650273,49.941211012468,
    50.683106462014,51.422766030076,52.131410100907,52.783437693132,
    53.367144277972,53.89402514465,54.399186210339,54.924435245308),
  .UNSPECIFIED.);
#1915 = CARTESIAN_POINT('',(11.729305162803,-21.78,31.022850473804));
#1916 = CARTESIAN_POINT('',(11.793182712743,-21.78,31.369846827052));
#1917 = CARTESIAN_POINT('',(11.787855349552,-21.78,31.715627929099));
#1918 = CARTESIAN_POINT('',(11.610899402928,-21.78,32.229188284693));
#1919 = CARTESIAN_POINT('',(11.290070716189,-21.78,32.70945523985));
#1920 = CARTESIAN_POINT('',(10.859483278403,-21.78,33.16066898266));
#1921 = CARTESIAN_POINT('',(10.344363656539,-21.78,33.58349195709));
#1922 = CARTESIAN_POINT('',(9.766370645565,-21.78,33.980243288186));
#1923 = CARTESIAN_POINT('',(9.139980697505,-21.78,34.352681542342));
#1924 = CARTESIAN_POINT('',(8.472169197977,-21.78,34.701383240984));
#1925 = CARTESIAN_POINT('',(7.763708317788,-21.78,35.024506383475));
#1926 = CARTESIAN_POINT('',(7.012417275089,-21.78,35.317652406134));
#1927 = CARTESIAN_POINT('',(6.216920513756,-21.78,35.574763106807));
#1928 = CARTESIAN_POINT('',(5.379582514099,-21.78,35.789816759198));
#1929 = CARTESIAN_POINT('',(4.507636217155,-21.78,35.95874844289));
#1930 = CARTESIAN_POINT('',(3.61225759218,-21.78,36.081049149588));
#1931 = CARTESIAN_POINT('',(2.705971521296,-21.78,36.160600987388));
#1932 = CARTESIAN_POINT('',(1.799247744828,-21.78,36.205463191085));
#1933 = CARTESIAN_POINT('',(0.897424082167,-21.78,36.22652508052));
#1934 = CARTESIAN_POINT('',(-9.149351956179E-04,-21.78,36.235159926858)
  );
#1935 = CARTESIAN_POINT('',(-0.903383743877,-21.78,36.24023592232));
#1936 = CARTESIAN_POINT('',(-1.821088666759,-21.78,36.245195917427));
#1937 = CARTESIAN_POINT('',(-2.764433334575,-21.78,36.24631049456));
#1938 = CARTESIAN_POINT('',(-3.738347320021,-21.78,36.232938191147));
#1939 = CARTESIAN_POINT('',(-4.738067003713,-21.78,36.189631302584));
#1940 = CARTESIAN_POINT('',(-5.746803047061,-21.78,36.099294867211));
#1941 = CARTESIAN_POINT('',(-6.736283233958,-21.78,35.946626832786));
#1942 = CARTESIAN_POINT('',(-7.670316704452,-21.78,35.72113759613));
#1943 = CARTESIAN_POINT('',(-8.510620242034,-21.78,35.419046446915));
#1944 = CARTESIAN_POINT('',(-9.223307721289,-21.78,35.043530277552));
#1945 = CARTESIAN_POINT('',(-9.783857273797,-21.78,34.603584534113));
#1946 = CARTESIAN_POINT('',(-10.1788829967,-21.78,34.113638425326));
#1947 = CARTESIAN_POINT('',(-10.40916609077,-21.78,33.596620692148));
#1948 = CARTESIAN_POINT('',(-10.49806178583,-21.78,33.080126858533));
#1949 = CARTESIAN_POINT('',(-10.48717691866,-21.78,32.581770741235));
#1950 = CARTESIAN_POINT('',(-10.41922045871,-21.78,32.105492050919));
#1951 = CARTESIAN_POINT('',(-10.32849870664,-21.78,31.647933427563));
#1952 = CARTESIAN_POINT('',(-10.23757087118,-21.78,31.202928435409));
#1953 = CARTESIAN_POINT('',(-10.15440529999,-21.78,30.76398094937));
#1954 = CARTESIAN_POINT('',(-10.07135145066,-21.78,30.325302174792));
#1955 = CARTESIAN_POINT('',(-9.968243901771,-21.78,29.88248696305));
#1956 = CARTESIAN_POINT('',(-9.818456187207,-21.78,29.434588921508));
#1957 = CARTESIAN_POINT('',(-9.596101282221,-21.78,28.986280226753));
#1958 = CARTESIAN_POINT('',(-9.283172774702,-21.78,28.546770271156));
#1959 = CARTESIAN_POINT('',(-8.872861814725,-21.78,28.125468670067));
#1960 = CARTESIAN_POINT('',(-8.367843724976,-21.78,27.728827172541));
#1961 = CARTESIAN_POINT('',(-7.77697991866,-21.78,27.359961447567));
#1962 = CARTESIAN_POINT('',(-7.112144582423,-21.78,27.019249452867));
#1963 = CARTESIAN_POINT('',(-6.385067233488,-21.78,26.705253206579));
#1964 = CARTESIAN_POINT('',(-5.604717307979,-21.78,26.416178070425));
#1965 = CARTESIAN_POINT('',(-4.776085306716,-21.78,26.151726933092));
#1966 = CARTESIAN_POINT('',(-3.900839534427,-21.78,25.914772623708));
#1967 = CARTESIAN_POINT('',(-2.979702926769,-21.78,25.71217518702));
#1968 = CARTESIAN_POINT('',(-2.015767671743,-21.78,25.554342811359));
#1969 = CARTESIAN_POINT('',(-1.017558670952,-21.78,25.453575884183));
#1970 = CARTESIAN_POINT('',(-6.747631677518E-04,-21.78,25.421595024299)
  );
#1971 = CARTESIAN_POINT('',(1.012721941638,-21.78,25.466846181193));
#1972 = CARTESIAN_POINT('',(1.996642182507,-21.78,25.592221121101));
#1973 = CARTESIAN_POINT('',(2.925661146786,-21.78,25.793740147137));
#1974 = CARTESIAN_POINT('',(3.779940522094,-21.78,26.060522172535));
#1975 = CARTESIAN_POINT('',(4.549712264931,-21.78,26.376088021886));
#1976 = CARTESIAN_POINT('',(5.238180938283,-21.78,26.7208300963));
#1977 = CARTESIAN_POINT('',(5.861900388361,-21.78,27.075300647921));
#1978 = CARTESIAN_POINT('',(6.44764292877,-21.78,27.423580076494));
#1979 = CARTESIAN_POINT('',(7.025378184215,-21.78,27.755935973869));
#1980 = CARTESIAN_POINT('',(7.619432530785,-21.78,28.070824315135));
#1981 = CARTESIAN_POINT('',(8.242102953779,-21.78,28.375452252224));
#1982 = CARTESIAN_POINT('',(8.891138988429,-21.78,28.683114964406));
#1983 = CARTESIAN_POINT('',(9.549551302407,-21.78,29.008665164117));
#1984 = CARTESIAN_POINT('',(10.187540906029,-21.78,29.364508853703));
#1985 = CARTESIAN_POINT('',(10.767954299608,-21.78,29.75898791097));
#1986 = CARTESIAN_POINT('',(11.250949034971,-21.78,30.194109662941));
#1987 = CARTESIAN_POINT('',(11.604990474764,-21.78,30.673909994976));
#1988 = CARTESIAN_POINT('',(11.729305162803,-21.78,31.022850473804));
#1989 = CARTESIAN_POINT('',(11.793182712743,-21.78,31.369846827052));
#1990 = PCURVE('',#491,#1991);
#1991 = DEFINITIONAL_REPRESENTATION('',(#1992),#1996);
#1992 = LINE('',#1993,#1994);
#1993 = CARTESIAN_POINT('',(0.,0.));
#1994 = VECTOR('',#1995,1.);
#1995 = DIRECTION('',(1.,0.));
#1996 = ( GEOMETRIC_REPRESENTATION_CONTEXT(2) 
PARAMETRIC_REPRESENTATION_CONTEXT() REPRESENTATION_CONTEXT('2D SPACE',''
  ) );
#1997 = PCURVE('',#633,#1998);
#1998 = DEFINITIONAL_REPRESENTATION('',(#1999),#2075);
#1999 = B_SPLINE_CURVE_WITH_KNOTS('',3,(#2000,#2001,#2002,#2003,#2004,
    #2005,#2006,#2007,#2008,#2009,#2010,#2011,#2012,#2013,#2014,#2015,
    #2016,#2017,#2018,#2019,#2020,#2021,#2022,#2023,#2024,#2025,#2026,
    #2027,#2028,#2029,#2030,#2031,#2032,#2033,#2034,#2035,#2036,#2037,
    #2038,#2039,#2040,#2041,#2042,#2043,#2044,#2045,#2046,#2047,#2048,
    #2049,#2050,#2051,#2052,#2053,#2054,#2055,#2056,#2057,#2058,#2059,
    #2060,#2061,#2062,#2063,#2064,#2065,#2066,#2067,#2068,#2069,#2070,
    #2071,#2072,#2073,#2074),.UNSPECIFIED.,.F.,.F.,(1,1,2,1,1,1,1,1,1,1,
    1,1,1,1,1,1,1,1,1,1,1,1,1,1,1,1,1,1,1,1,1,1,1,1,1,1,1,1,1,1,1,1,1,1,
    1,1,1,1,1,1,1,1,1,1,1,1,1,1,1,1,1,1,1,1,1,1,1,1,1,1,1,1,1,1,2,1,1),(
    -1.110587451518,-0.526880866678,0.,0.505161065689,1.030410100658,
    1.602212993764,2.226183016455,2.895063667652,3.598173122537,
    4.327506388394,5.080061315432,5.85721623349,6.662372991419,
    7.498089733965,8.36371908048,9.25429362244,10.161055695668,
    11.073557565867,11.982748765445,12.88409084931,13.779601889274,
    14.677867483411,15.591540998091,16.532757861972,17.507876758006,
    18.513344469845,19.534043672869,20.544702670687,21.514238703528,
    22.41231731826,23.216885462408,23.920877940658,24.535411727419,
    25.085852363725,25.599758904536,26.094585417524,26.575395933349,
    27.041514265595,27.493911380595,27.937989234224,28.381758263167,
    28.83332088717,29.301035001427,29.795365872326,30.328845437358,
    30.912809896692,31.553507978654,32.250701486976,32.999309021465,
    33.792624772912,34.625303880139,35.494854473151,36.401194558255,
    37.344624864208,38.323104600066,39.329875409927,40.35231846835,
    41.372566819822,42.36989710255,43.324366299888,44.22069615876,
    45.051259264336,45.817375941759,46.528941831003,47.203055901652,
    47.861825292249,48.528245790172,49.219650273,49.941211012468,
    50.683106462014,51.422766030076,52.131410100907,52.783437693132,
    53.367144277972,53.89402514465,54.399186210339,54.924435245308),
  .UNSPECIFIED.);
#2000 = CARTESIAN_POINT('',(0.245529564094,11.515324363586));
#2001 = CARTESIAN_POINT('',(-0.101466789154,11.579201913526));
#2002 = CARTESIAN_POINT('',(-0.447247891201,11.573874550336));
#2003 = CARTESIAN_POINT('',(-0.960808246794,11.396918603711));
#2004 = CARTESIAN_POINT('',(-1.441075201951,11.076089916972));
#2005 = CARTESIAN_POINT('',(-1.892288944762,10.645502479187));
#2006 = CARTESIAN_POINT('',(-2.315111919192,10.130382857322));
#2007 = CARTESIAN_POINT('',(-2.711863250288,9.552389846348));
#2008 = CARTESIAN_POINT('',(-3.084301504444,8.925999898288));
#2009 = CARTESIAN_POINT('',(-3.433003203085,8.258188398761));
#2010 = CARTESIAN_POINT('',(-3.756126345577,7.549727518572));
#2011 = CARTESIAN_POINT('',(-4.049272368236,6.798436475873));
#2012 = CARTESIAN_POINT('',(-4.306383068909,6.002939714539));
#2013 = CARTESIAN_POINT('',(-4.5214367213,5.165601714882));
#2014 = CARTESIAN_POINT('',(-4.690368404992,4.293655417938));
#2015 = CARTESIAN_POINT('',(-4.81266911169,3.398276792963));
#2016 = CARTESIAN_POINT('',(-4.89222094949,2.491990722079));
#2017 = CARTESIAN_POINT('',(-4.937083153186,1.585266945611));
#2018 = CARTESIAN_POINT('',(-4.958145042622,0.68344328295));
#2019 = CARTESIAN_POINT('',(-4.96677988896,-0.214895734412));
#2020 = CARTESIAN_POINT('',(-4.971855884422,-1.117364543093));
#2021 = CARTESIAN_POINT('',(-4.976815879529,-2.035069465975));
#2022 = CARTESIAN_POINT('',(-4.977930456662,-2.978414133792));
#2023 = CARTESIAN_POINT('',(-4.964558153249,-3.952328119238));
#2024 = CARTESIAN_POINT('',(-4.921251264685,-4.95204780293));
#2025 = CARTESIAN_POINT('',(-4.830914829313,-5.960783846277));
#2026 = CARTESIAN_POINT('',(-4.678246794888,-6.950264033174));
#2027 = CARTESIAN_POINT('',(-4.452757558231,-7.884297503668));
#2028 = CARTESIAN_POINT('',(-4.150666409017,-8.724601041251));
#2029 = CARTESIAN_POINT('',(-3.775150239654,-9.437288520505));
#2030 = CARTESIAN_POINT('',(-3.335204496214,-9.997838073013));
#2031 = CARTESIAN_POINT('',(-2.845258387428,-10.39286379591));
#2032 = CARTESIAN_POINT('',(-2.32824065425,-10.62314688999));
#2033 = CARTESIAN_POINT('',(-1.811746820635,-10.71204258505));
#2034 = CARTESIAN_POINT('',(-1.313390703337,-10.70115771787));
#2035 = CARTESIAN_POINT('',(-0.837112013021,-10.63320125792));
#2036 = CARTESIAN_POINT('',(-0.379553389665,-10.54247950585));
#2037 = CARTESIAN_POINT('',(6.545160248898E-02,-10.45155167039));
#2038 = CARTESIAN_POINT('',(0.504399088528,-10.3683860992));
#2039 = CARTESIAN_POINT('',(0.943077863106,-10.28533224988));
#2040 = CARTESIAN_POINT('',(1.385893074848,-10.18222470098));
#2041 = CARTESIAN_POINT('',(1.83379111639,-10.03243698642));
#2042 = CARTESIAN_POINT('',(2.282099811145,-9.810082081437));
#2043 = CARTESIAN_POINT('',(2.721609766743,-9.497153573918));
#2044 = CARTESIAN_POINT('',(3.142911367831,-9.086842613942));
#2045 = CARTESIAN_POINT('',(3.539552865358,-8.581824524192));
#2046 = CARTESIAN_POINT('',(3.908418590331,-7.990960717876));
#2047 = CARTESIAN_POINT('',(4.249130585031,-7.326125381639));
#2048 = CARTESIAN_POINT('',(4.563126831319,-6.599048032705));
#2049 = CARTESIAN_POINT('',(4.852201967474,-5.818698107195));
#2050 = CARTESIAN_POINT('',(5.116653104806,-4.990066105933));
#2051 = CARTESIAN_POINT('',(5.35360741419,-4.114820333644));
#2052 = CARTESIAN_POINT('',(5.556204850878,-3.193683725985));
#2053 = CARTESIAN_POINT('',(5.71403722654,-2.229748470959));
#2054 = CARTESIAN_POINT('',(5.814804153715,-1.231539470168));
#2055 = CARTESIAN_POINT('',(5.846785013599,-0.214655562384));
#2056 = CARTESIAN_POINT('',(5.801533856705,0.798741142422));
#2057 = CARTESIAN_POINT('',(5.676158916797,1.78266138329));
#2058 = CARTESIAN_POINT('',(5.474639890761,2.711680347569));
#2059 = CARTESIAN_POINT('',(5.207857865364,3.565959722878));
#2060 = CARTESIAN_POINT('',(4.892292016012,4.335731465715));
#2061 = CARTESIAN_POINT('',(4.547549941599,5.024200139066));
#2062 = CARTESIAN_POINT('',(4.193079389977,5.647919589145));
#2063 = CARTESIAN_POINT('',(3.844799961404,6.233662129553));
#2064 = CARTESIAN_POINT('',(3.51244406403,6.811397384998));
#2065 = CARTESIAN_POINT('',(3.197555722764,7.405451731569));
#2066 = CARTESIAN_POINT('',(2.892927785674,8.028122154562));
#2067 = CARTESIAN_POINT('',(2.585265073492,8.677158189213));
#2068 = CARTESIAN_POINT('',(2.259714873781,9.335570503191));
#2069 = CARTESIAN_POINT('',(1.903871184195,9.973560106813));
#2070 = CARTESIAN_POINT('',(1.509392126928,10.553973500391));
#2071 = CARTESIAN_POINT('',(1.074270374957,11.036968235754));
#2072 = CARTESIAN_POINT('',(0.594470042922,11.391009675547));
#2073 = CARTESIAN_POINT('',(0.245529564094,11.515324363586));
#2074 = CARTESIAN_POINT('',(-0.101466789154,11.579201913526));
#2075 = ( GEOMETRIC_REPRESENTATION_CONTEXT(2) 
PARAMETRIC_REPRESENTATION_CONTEXT() REPRESENTATION_CONTEXT('2D SPACE',''
  ) );
#2076 = ADVANCED_FACE('',(#2077),#633,.T.);
#2077 = FACE_BOUND('',#2078,.T.);
#2078 = EDGE_LOOP('',(#2079,#2080,#2245,#2246,#2269,#2299,#2329,#2359,
    #2389,#2419,#2449,#2479,#2509,#2530,#2531,#2532,#2533,#2556,#2584));
#2079 = ORIENTED_EDGE('',*,*,#1104,.F.);
#2080 = ORIENTED_EDGE('',*,*,#2081,.T.);
#2081 = EDGE_CURVE('',#1105,#1126,#2082,.T.);
#2082 = SURFACE_CURVE('',#2083,(#2159,#2238),.PCURVE_S1.);
#2083 = B_SPLINE_CURVE_WITH_KNOTS('',3,(#2084,#2085,#2086,#2087,#2088,
    #2089,#2090,#2091,#2092,#2093,#2094,#2095,#2096,#2097,#2098,#2099,
    #2100,#2101,#2102,#2103,#2104,#2105,#2106,#2107,#2108,#2109,#2110,
    #2111,#2112,#2113,#2114,#2115,#2116,#2117,#2118,#2119,#2120,#2121,
    #2122,#2123,#2124,#2125,#2126,#2127,#2128,#2129,#2130,#2131,#2132,
    #2133,#2134,#2135,#2136,#2137,#2138,#2139,#2140,#2141,#2142,#2143,
    #2144,#2145,#2146,#2147,#2148,#2149,#2150,#2151,#2152,#2153,#2154,
    #2155,#2156,#2157,#2158),.UNSPECIFIED.,.T.,.F.,(1,1,2,1,1,1,1,1,1,1,
    1,1,1,1,1,1,1,1,1,1,1,1,1,1,1,1,1,1,1,1,1,1,1,1,1,1,1,1,1,1,1,1,1,1,
    1,1,1,1,1,1,1,1,1,1,1,1,1,1,1,1,1,1,1,1,1,1,1,1,1,1,1,1,1,1,2,1,1),(
    -1.110587451518,-0.526880866678,0.,0.505161065689,1.030410100658,
    1.602212993764,2.226183016455,2.895063667652,3.598173122537,
    4.327506388394,5.080061315432,5.85721623349,6.662372991419,
    7.498089733965,8.36371908048,9.25429362244,10.161055695668,
    11.073557565867,11.982748765445,12.88409084931,13.779601889274,
    14.677867483411,15.591540998091,16.532757861972,17.507876758006,
    18.513344469845,19.534043672869,20.544702670687,21.514238703528,
    22.41231731826,23.216885462408,23.920877940658,24.535411727419,
    25.085852363725,25.599758904536,26.094585417524,26.575395933349,
    27.041514265595,27.493911380595,27.937989234224,28.381758263167,
    28.83332088717,29.301035001427,29.795365872326,30.328845437358,
    30.912809896692,31.553507978654,32.250701486976,32.999309021465,
    33.792624772912,34.625303880139,35.494854473151,36.401194558255,
    37.344624864208,38.323104600066,39.329875409927,40.35231846835,
    41.372566819822,42.36989710255,43.324366299888,44.22069615876,
    45.051259264336,45.817375941759,46.528941831003,47.203055901652,
    47.861825292249,48.528245790172,49.219650273,49.941211012468,
    50.683106462014,51.422766030076,52.131410100907,52.783437693132,
    53.367144277972,53.89402514465,54.399186210339,54.924435245308),
  .UNSPECIFIED.);
#2084 = CARTESIAN_POINT('',(11.729305162803,-21.78,31.022850473804));
#2085 = CARTESIAN_POINT('',(11.793182712743,-21.78,31.369846827052));
#2086 = CARTESIAN_POINT('',(11.787855349552,-21.78,31.715627929099));
#2087 = CARTESIAN_POINT('',(11.610899402928,-21.78,32.229188284693));
#2088 = CARTESIAN_POINT('',(11.290070716189,-21.78,32.70945523985));
#2089 = CARTESIAN_POINT('',(10.859483278403,-21.78,33.16066898266));
#2090 = CARTESIAN_POINT('',(10.344363656539,-21.78,33.58349195709));
#2091 = CARTESIAN_POINT('',(9.766370645565,-21.78,33.980243288186));
#2092 = CARTESIAN_POINT('',(9.139980697505,-21.78,34.352681542342));
#2093 = CARTESIAN_POINT('',(8.472169197977,-21.78,34.701383240984));
#2094 = CARTESIAN_POINT('',(7.763708317788,-21.78,35.024506383475));
#2095 = CARTESIAN_POINT('',(7.012417275089,-21.78,35.317652406134));
#2096 = CARTESIAN_POINT('',(6.216920513756,-21.78,35.574763106807));
#2097 = CARTESIAN_POINT('',(5.379582514099,-21.78,35.789816759198));
#2098 = CARTESIAN_POINT('',(4.507636217155,-21.78,35.95874844289));
#2099 = CARTESIAN_POINT('',(3.61225759218,-21.78,36.081049149588));
#2100 = CARTESIAN_POINT('',(2.705971521296,-21.78,36.160600987388));
#2101 = CARTESIAN_POINT('',(1.799247744828,-21.78,36.205463191085));
#2102 = CARTESIAN_POINT('',(0.897424082167,-21.78,36.22652508052));
#2103 = CARTESIAN_POINT('',(-9.149351956179E-04,-21.78,36.235159926858)
  );
#2104 = CARTESIAN_POINT('',(-0.903383743877,-21.78,36.24023592232));
#2105 = CARTESIAN_POINT('',(-1.821088666759,-21.78,36.245195917427));
#2106 = CARTESIAN_POINT('',(-2.764433334575,-21.78,36.24631049456));
#2107 = CARTESIAN_POINT('',(-3.738347320021,-21.78,36.232938191147));
#2108 = CARTESIAN_POINT('',(-4.738067003713,-21.78,36.189631302584));
#2109 = CARTESIAN_POINT('',(-5.746803047061,-21.78,36.099294867211));
#2110 = CARTESIAN_POINT('',(-6.736283233958,-21.78,35.946626832786));
#2111 = CARTESIAN_POINT('',(-7.670316704452,-21.78,35.72113759613));
#2112 = CARTESIAN_POINT('',(-8.510620242034,-21.78,35.419046446915));
#2113 = CARTESIAN_POINT('',(-9.223307721289,-21.78,35.043530277552));
#2114 = CARTESIAN_POINT('',(-9.783857273797,-21.78,34.603584534113));
#2115 = CARTESIAN_POINT('',(-10.1788829967,-21.78,34.113638425326));
#2116 = CARTESIAN_POINT('',(-10.40916609077,-21.78,33.596620692148));
#2117 = CARTESIAN_POINT('',(-10.49806178583,-21.78,33.080126858533));
#2118 = CARTESIAN_POINT('',(-10.48717691866,-21.78,32.581770741235));
#2119 = CARTESIAN_POINT('',(-10.41922045871,-21.78,32.105492050919));
#2120 = CARTESIAN_POINT('',(-10.32849870664,-21.78,31.647933427563));
#2121 = CARTESIAN_POINT('',(-10.23757087118,-21.78,31.202928435409));
#2122 = CARTESIAN_POINT('',(-10.15440529999,-21.78,30.76398094937));
#2123 = CARTESIAN_POINT('',(-10.07135145066,-21.78,30.325302174792));
#2124 = CARTESIAN_POINT('',(-9.968243901771,-21.78,29.88248696305));
#2125 = CARTESIAN_POINT('',(-9.818456187207,-21.78,29.434588921508));
#2126 = CARTESIAN_POINT('',(-9.596101282221,-21.78,28.986280226753));
#2127 = CARTESIAN_POINT('',(-9.283172774702,-21.78,28.546770271156));
#2128 = CARTESIAN_POINT('',(-8.872861814725,-21.78,28.125468670067));
#2129 = CARTESIAN_POINT('',(-8.367843724976,-21.78,27.728827172541));
#2130 = CARTESIAN_POINT('',(-7.77697991866,-21.78,27.359961447567));
#2131 = CARTESIAN_POINT('',(-7.112144582423,-21.78,27.019249452867));
#2132 = CARTESIAN_POINT('',(-6.385067233488,-21.78,26.705253206579));
#2133 = CARTESIAN_POINT('',(-5.604717307979,-21.78,26.416178070425));
#2134 = CARTESIAN_POINT('',(-4.776085306716,-21.78,26.151726933092));
#2135 = CARTESIAN_POINT('',(-3.900839534427,-21.78,25.914772623708));
#2136 = CARTESIAN_POINT('',(-2.979702926769,-21.78,25.71217518702));
#2137 = CARTESIAN_POINT('',(-2.015767671743,-21.78,25.554342811359));
#2138 = CARTESIAN_POINT('',(-1.017558670952,-21.78,25.453575884183));
#2139 = CARTESIAN_POINT('',(-6.747631677518E-04,-21.78,25.421595024299)
  );
#2140 = CARTESIAN_POINT('',(1.012721941638,-21.78,25.466846181193));
#2141 = CARTESIAN_POINT('',(1.996642182507,-21.78,25.592221121101));
#2142 = CARTESIAN_POINT('',(2.925661146786,-21.78,25.793740147137));
#2143 = CARTESIAN_POINT('',(3.779940522094,-21.78,26.060522172535));
#2144 = CARTESIAN_POINT('',(4.549712264931,-21.78,26.376088021886));
#2145 = CARTESIAN_POINT('',(5.238180938283,-21.78,26.7208300963));
#2146 = CARTESIAN_POINT('',(5.861900388361,-21.78,27.075300647921));
#2147 = CARTESIAN_POINT('',(6.44764292877,-21.78,27.423580076494));
#2148 = CARTESIAN_POINT('',(7.025378184215,-21.78,27.755935973869));
#2149 = CARTESIAN_POINT('',(7.619432530785,-21.78,28.070824315135));
#2150 = CARTESIAN_POINT('',(8.242102953779,-21.78,28.375452252224));
#2151 = CARTESIAN_POINT('',(8.891138988429,-21.78,28.683114964406));
#2152 = CARTESIAN_POINT('',(9.549551302407,-21.78,29.008665164117));
#2153 = CARTESIAN_POINT('',(10.187540906029,-21.78,29.364508853703));
#2154 = CARTESIAN_POINT('',(10.767954299608,-21.78,29.75898791097));
#2155 = CARTESIAN_POINT('',(11.250949034971,-21.78,30.194109662941));
#2156 = CARTESIAN_POINT('',(11.604990474764,-21.78,30.673909994976));
#2157 = CARTESIAN_POINT('',(11.729305162803,-21.78,31.022850473804));
#2158 = CARTESIAN_POINT('',(11.793182712743,-21.78,31.369846827052));
#2159 = PCURVE('',#633,#2160);
#2160 = DEFINITIONAL_REPRESENTATION('',(#2161),#2237);
#2161 = B_SPLINE_CURVE_WITH_KNOTS('',3,(#2162,#2163,#2164,#2165,#2166,
    #2167,#2168,#2169,#2170,#2171,#2172,#2173,#2174,#2175,#2176,#2177,
    #2178,#2179,#2180,#2181,#2182,#2183,#2184,#2185,#2186,#2187,#2188,
    #2189,#2190,#2191,#2192,#2193,#2194,#2195,#2196,#2197,#2198,#2199,
    #2200,#2201,#2202,#2203,#2204,#2205,#2206,#2207,#2208,#2209,#2210,
    #2211,#2212,#2213,#2214,#2215,#2216,#2217,#2218,#2219,#2220,#2221,
    #2222,#2223,#2224,#2225,#2226,#2227,#2228,#2229,#2230,#2231,#2232,
    #2233,#2234,#2235,#2236),.UNSPECIFIED.,.F.,.F.,(1,1,2,1,1,1,1,1,1,1,
    1,1,1,1,1,1,1,1,1,1,1,1,1,1,1,1,1,1,1,1,1,1,1,1,1,1,1,1,1,1,1,1,1,1,
    1,1,1,1,1,1,1,1,1,1,1,1,1,1,1,1,1,1,1,1,1,1,1,1,1,1,1,1,1,1,2,1,1),(
    -1.110587451518,-0.526880866678,0.,0.505161065689,1.030410100658,
    1.602212993764,2.226183016455,2.895063667652,3.598173122537,
    4.327506388394,5.080061315432,5.85721623349,6.662372991419,
    7.498089733965,8.36371908048,9.25429362244,10.161055695668,
    11.073557565867,11.982748765445,12.88409084931,13.779601889274,
    14.677867483411,15.591540998091,16.532757861972,17.507876758006,
    18.513344469845,19.534043672869,20.544702670687,21.514238703528,
    22.41231731826,23.216885462408,23.920877940658,24.535411727419,
    25.085852363725,25.599758904536,26.094585417524,26.575395933349,
    27.041514265595,27.493911380595,27.937989234224,28.381758263167,
    28.83332088717,29.301035001427,29.795365872326,30.328845437358,
    30.912809896692,31.553507978654,32.250701486976,32.999309021465,
    33.792624772912,34.625303880139,35.494854473151,36.401194558255,
    37.344624864208,38.323104600066,39.329875409927,40.35231846835,
    41.372566819822,42.36989710255,43.324366299888,44.22069615876,
    45.051259264336,45.817375941759,46.528941831003,47.203055901652,
    47.861825292249,48.528245790172,49.219650273,49.941211012468,
    50.683106462014,51.422766030076,52.131410100907,52.783437693132,
    53.367144277972,53.89402514465,54.399186210339,54.924435245308),
  .UNSPECIFIED.);
#2162 = CARTESIAN_POINT('',(0.245529564094,11.515324363586));
#2163 = CARTESIAN_POINT('',(-0.101466789154,11.579201913526));
#2164 = CARTESIAN_POINT('',(-0.447247891201,11.573874550336));
#2165 = CARTESIAN_POINT('',(-0.960808246794,11.396918603711));
#2166 = CARTESIAN_POINT('',(-1.441075201951,11.076089916972));
#2167 = CARTESIAN_POINT('',(-1.892288944762,10.645502479187));
#2168 = CARTESIAN_POINT('',(-2.315111919192,10.130382857322));
#2169 = CARTESIAN_POINT('',(-2.711863250288,9.552389846348));
#2170 = CARTESIAN_POINT('',(-3.084301504444,8.925999898288));
#2171 = CARTESIAN_POINT('',(-3.433003203085,8.258188398761));
#2172 = CARTESIAN_POINT('',(-3.756126345577,7.549727518572));
#2173 = CARTESIAN_POINT('',(-4.049272368236,6.798436475873));
#2174 = CARTESIAN_POINT('',(-4.306383068909,6.002939714539));
#2175 = CARTESIAN_POINT('',(-4.5214367213,5.165601714882));
#2176 = CARTESIAN_POINT('',(-4.690368404992,4.293655417938));
#2177 = CARTESIAN_POINT('',(-4.81266911169,3.398276792963));
#2178 = CARTESIAN_POINT('',(-4.89222094949,2.491990722079));
#2179 = CARTESIAN_POINT('',(-4.937083153186,1.585266945611));
#2180 = CARTESIAN_POINT('',(-4.958145042622,0.68344328295));
#2181 = CARTESIAN_POINT('',(-4.96677988896,-0.214895734412));
#2182 = CARTESIAN_POINT('',(-4.971855884422,-1.117364543093));
#2183 = CARTESIAN_POINT('',(-4.976815879529,-2.035069465975));
#2184 = CARTESIAN_POINT('',(-4.977930456662,-2.978414133792));
#2185 = CARTESIAN_POINT('',(-4.964558153249,-3.952328119238));
#2186 = CARTESIAN_POINT('',(-4.921251264685,-4.95204780293));
#2187 = CARTESIAN_POINT('',(-4.830914829313,-5.960783846277));
#2188 = CARTESIAN_POINT('',(-4.678246794888,-6.950264033174));
#2189 = CARTESIAN_POINT('',(-4.452757558231,-7.884297503668));
#2190 = CARTESIAN_POINT('',(-4.150666409017,-8.724601041251));
#2191 = CARTESIAN_POINT('',(-3.775150239654,-9.437288520505));
#2192 = CARTESIAN_POINT('',(-3.335204496214,-9.997838073013));
#2193 = CARTESIAN_POINT('',(-2.845258387428,-10.39286379591));
#2194 = CARTESIAN_POINT('',(-2.32824065425,-10.62314688999));
#2195 = CARTESIAN_POINT('',(-1.811746820635,-10.71204258505));
#2196 = CARTESIAN_POINT('',(-1.313390703337,-10.70115771787));
#2197 = CARTESIAN_POINT('',(-0.837112013021,-10.63320125792));
#2198 = CARTESIAN_POINT('',(-0.379553389665,-10.54247950585));
#2199 = CARTESIAN_POINT('',(6.545160248898E-02,-10.45155167039));
#2200 = CARTESIAN_POINT('',(0.504399088528,-10.3683860992));
#2201 = CARTESIAN_POINT('',(0.943077863106,-10.28533224988));
#2202 = CARTESIAN_POINT('',(1.385893074848,-10.18222470098));
#2203 = CARTESIAN_POINT('',(1.83379111639,-10.03243698642));
#2204 = CARTESIAN_POINT('',(2.282099811145,-9.810082081437));
#2205 = CARTESIAN_POINT('',(2.721609766743,-9.497153573918));
#2206 = CARTESIAN_POINT('',(3.142911367831,-9.086842613942));
#2207 = CARTESIAN_POINT('',(3.539552865358,-8.581824524192));
#2208 = CARTESIAN_POINT('',(3.908418590331,-7.990960717876));
#2209 = CARTESIAN_POINT('',(4.249130585031,-7.326125381639));
#2210 = CARTESIAN_POINT('',(4.563126831319,-6.599048032705));
#2211 = CARTESIAN_POINT('',(4.852201967474,-5.818698107195));
#2212 = CARTESIAN_POINT('',(5.116653104806,-4.990066105933));
#2213 = CARTESIAN_POINT('',(5.35360741419,-4.114820333644));
#2214 = CARTESIAN_POINT('',(5.556204850878,-3.193683725985));
#2215 = CARTESIAN_POINT('',(5.71403722654,-2.229748470959));
#2216 = CARTESIAN_POINT('',(5.814804153715,-1.231539470168));
#2217 = CARTESIAN_POINT('',(5.846785013599,-0.214655562384));
#2218 = CARTESIAN_POINT('',(5.801533856705,0.798741142422));
#2219 = CARTESIAN_POINT('',(5.676158916797,1.78266138329));
#2220 = CARTESIAN_POINT('',(5.474639890761,2.711680347569));
#2221 = CARTESIAN_POINT('',(5.207857865364,3.565959722878));
#2222 = CARTESIAN_POINT('',(4.892292016012,4.335731465715));
#2223 = CARTESIAN_POINT('',(4.547549941599,5.024200139066));
#2224 = CARTESIAN_POINT('',(4.193079389977,5.647919589145));
#2225 = CARTESIAN_POINT('',(3.844799961404,6.233662129553));
#2226 = CARTESIAN_POINT('',(3.51244406403,6.811397384998));
#2227 = CARTESIAN_POINT('',(3.197555722764,7.405451731569));
#2228 = CARTESIAN_POINT('',(2.892927785674,8.028122154562));
#2229 = CARTESIAN_POINT('',(2.585265073492,8.677158189213));
#2230 = CARTESIAN_POINT('',(2.259714873781,9.335570503191));
#2231 = CARTESIAN_POINT('',(1.903871184195,9.973560106813));
#2232 = CARTESIAN_POINT('',(1.509392126928,10.553973500391));
#2233 = CARTESIAN_POINT('',(1.074270374957,11.036968235754));
#2234 = CARTESIAN_POINT('',(0.594470042922,11.391009675547));
#2235 = CARTESIAN_POINT('',(0.245529564094,11.515324363586));
#2236 = CARTESIAN_POINT('',(-0.101466789154,11.579201913526));
#2237 = ( GEOMETRIC_REPRESENTATION_CONTEXT(2) 
PARAMETRIC_REPRESENTATION_CONTEXT() REPRESENTATION_CONTEXT('2D SPACE',''
  ) );
#2238 = PCURVE('',#1251,#2239);
#2239 = DEFINITIONAL_REPRESENTATION('',(#2240),#2244);
#2240 = LINE('',#2241,#2242);
#2241 = CARTESIAN_POINT('',(0.,0.));
#2242 = VECTOR('',#2243,1.);
#2243 = DIRECTION('',(1.,0.));
#2244 = ( GEOMETRIC_REPRESENTATION_CONTEXT(2) 
PARAMETRIC_REPRESENTATION_CONTEXT() REPRESENTATION_CONTEXT('2D SPACE',''
  ) );
#2245 = ORIENTED_EDGE('',*,*,#1392,.T.);
#2246 = ORIENTED_EDGE('',*,*,#2247,.T.);
#2247 = EDGE_CURVE('',#1393,#2248,#2250,.T.);
#2248 = VERTEX_POINT('',#2249);
#2249 = CARTESIAN_POINT('',(-2.124755859375,-21.78,34.6453125));
#2250 = SURFACE_CURVE('',#2251,(#2255,#2262),.PCURVE_S1.);
#2251 = LINE('',#2252,#2253);
#2252 = CARTESIAN_POINT('',(-4.664794921875,-21.78,34.6453125));
#2253 = VECTOR('',#2254,1.);
#2254 = DIRECTION('',(1.,0.,0.));
#2255 = PCURVE('',#633,#2256);
#2256 = DEFINITIONAL_REPRESENTATION('',(#2257),#2261);
#2257 = LINE('',#2258,#2259);
#2258 = CARTESIAN_POINT('',(-3.376932462102,-4.878775721091));
#2259 = VECTOR('',#2260,1.);
#2260 = DIRECTION('',(0.,1.));
#2261 = ( GEOMETRIC_REPRESENTATION_CONTEXT(2) 
PARAMETRIC_REPRESENTATION_CONTEXT() REPRESENTATION_CONTEXT('2D SPACE',''
  ) );
#2262 = PCURVE('',#1430,#2263);
#2263 = DEFINITIONAL_REPRESENTATION('',(#2264),#2268);
#2264 = LINE('',#2265,#2266);
#2265 = CARTESIAN_POINT('',(0.,0.));
#2266 = VECTOR('',#2267,1.);
#2267 = DIRECTION('',(1.,0.));
#2268 = ( GEOMETRIC_REPRESENTATION_CONTEXT(2) 
PARAMETRIC_REPRESENTATION_CONTEXT() REPRESENTATION_CONTEXT('2D SPACE',''
  ) );
#2269 = ORIENTED_EDGE('',*,*,#2270,.T.);
#2270 = EDGE_CURVE('',#2248,#2271,#2273,.T.);
#2271 = VERTEX_POINT('',#2272);
#2272 = CARTESIAN_POINT('',(-0.14501953125,-21.78,34.2322265625));
#2273 = SURFACE_CURVE('',#2274,(#2278,#2285),.PCURVE_S1.);
#2274 = B_SPLINE_CURVE_WITH_KNOTS('',2,(#2275,#2276,#2277),
  .UNSPECIFIED.,.F.,.F.,(3,3),(0.,1.),.PIECEWISE_BEZIER_KNOTS.);
#2275 = CARTESIAN_POINT('',(-2.124755859375,-21.78,34.6453125));
#2276 = CARTESIAN_POINT('',(-0.758056640625,-21.78,34.6453125));
#2277 = CARTESIAN_POINT('',(-0.14501953125,-21.78,34.2322265625));
#2278 = PCURVE('',#633,#2279);
#2279 = DEFINITIONAL_REPRESENTATION('',(#2280),#2284);
#2280 = B_SPLINE_CURVE_WITH_KNOTS('',2,(#2281,#2282,#2283),
  .UNSPECIFIED.,.F.,.F.,(3,3),(0.,1.),.PIECEWISE_BEZIER_KNOTS.);
#2281 = CARTESIAN_POINT('',(-3.376932462102,-2.338736658591));
#2282 = CARTESIAN_POINT('',(-3.376932462102,-0.972037439841));
#2283 = CARTESIAN_POINT('',(-2.963846524602,-0.359000330466));
#2284 = ( GEOMETRIC_REPRESENTATION_CONTEXT(2) 
PARAMETRIC_REPRESENTATION_CONTEXT() REPRESENTATION_CONTEXT('2D SPACE',''
  ) );
#2285 = PCURVE('',#2286,#2293);
#2286 = SURFACE_OF_LINEAR_EXTRUSION('',#2287,#2291);
#2287 = B_SPLINE_CURVE_WITH_KNOTS('',2,(#2288,#2289,#2290),
  .UNSPECIFIED.,.F.,.F.,(3,3),(0.,1.),.PIECEWISE_BEZIER_KNOTS.);
#2288 = CARTESIAN_POINT('',(-2.124755859375,-21.78,34.6453125));
#2289 = CARTESIAN_POINT('',(-0.758056640625,-21.78,34.6453125));
#2290 = CARTESIAN_POINT('',(-0.14501953125,-21.78,34.2322265625));
#2291 = VECTOR('',#2292,1.);
#2292 = DIRECTION('',(0.,-1.,0.));
#2293 = DEFINITIONAL_REPRESENTATION('',(#2294),#2298);
#2294 = LINE('',#2295,#2296);
#2295 = CARTESIAN_POINT('',(0.,0.));
#2296 = VECTOR('',#2297,1.);
#2297 = DIRECTION('',(1.,0.));
#2298 = ( GEOMETRIC_REPRESENTATION_CONTEXT(2) 
PARAMETRIC_REPRESENTATION_CONTEXT() REPRESENTATION_CONTEXT('2D SPACE',''
  ) );
#2299 = ORIENTED_EDGE('',*,*,#2300,.T.);
#2300 = EDGE_CURVE('',#2271,#2301,#2303,.T.);
#2301 = VERTEX_POINT('',#2302);
#2302 = CARTESIAN_POINT('',(0.468017578125,-21.78,32.90947265625));
#2303 = SURFACE_CURVE('',#2304,(#2308,#2315),.PCURVE_S1.);
#2304 = B_SPLINE_CURVE_WITH_KNOTS('',2,(#2305,#2306,#2307),
  .UNSPECIFIED.,.F.,.F.,(3,3),(0.,1.),.PIECEWISE_BEZIER_KNOTS.);
#2305 = CARTESIAN_POINT('',(-0.14501953125,-21.78,34.2322265625));
#2306 = CARTESIAN_POINT('',(0.468017578125,-21.78,33.819140625));
#2307 = CARTESIAN_POINT('',(0.468017578125,-21.78,32.90947265625));
#2308 = PCURVE('',#633,#2309);
#2309 = DEFINITIONAL_REPRESENTATION('',(#2310),#2314);
#2310 = B_SPLINE_CURVE_WITH_KNOTS('',2,(#2311,#2312,#2313),
  .UNSPECIFIED.,.F.,.F.,(3,3),(0.,1.),.PIECEWISE_BEZIER_KNOTS.);
#2311 = CARTESIAN_POINT('',(-2.963846524602,-0.359000330466));
#2312 = CARTESIAN_POINT('',(-2.550760587102,0.254036778909));
#2313 = CARTESIAN_POINT('',(-1.641092618352,0.254036778909));
#2314 = ( GEOMETRIC_REPRESENTATION_CONTEXT(2) 
PARAMETRIC_REPRESENTATION_CONTEXT() REPRESENTATION_CONTEXT('2D SPACE',''
  ) );
#2315 = PCURVE('',#2316,#2323);
#2316 = SURFACE_OF_LINEAR_EXTRUSION('',#2317,#2321);
#2317 = B_SPLINE_CURVE_WITH_KNOTS('',2,(#2318,#2319,#2320),
  .UNSPECIFIED.,.F.,.F.,(3,3),(0.,1.),.PIECEWISE_BEZIER_KNOTS.);
#2318 = CARTESIAN_POINT('',(-0.14501953125,-21.78,34.2322265625));
#2319 = CARTESIAN_POINT('',(0.468017578125,-21.78,33.819140625));
#2320 = CARTESIAN_POINT('',(0.468017578125,-21.78,32.90947265625));
#2321 = VECTOR('',#2322,1.);
#2322 = DIRECTION('',(0.,-1.,0.));
#2323 = DEFINITIONAL_REPRESENTATION('',(#2324),#2328);
#2324 = LINE('',#2325,#2326);
#2325 = CARTESIAN_POINT('',(0.,0.));
#2326 = VECTOR('',#2327,1.);
#2327 = DIRECTION('',(1.,0.));
#2328 = ( GEOMETRIC_REPRESENTATION_CONTEXT(2) 
PARAMETRIC_REPRESENTATION_CONTEXT() REPRESENTATION_CONTEXT('2D SPACE',''
  ) );
#2329 = ORIENTED_EDGE('',*,*,#2330,.T.);
#2330 = EDGE_CURVE('',#2301,#2331,#2333,.T.);
#2331 = VERTEX_POINT('',#2332);
#2332 = CARTESIAN_POINT('',(0.243896484375,-21.78,32.094287109375));
#2333 = SURFACE_CURVE('',#2334,(#2338,#2345),.PCURVE_S1.);
#2334 = B_SPLINE_CURVE_WITH_KNOTS('',2,(#2335,#2336,#2337),
  .UNSPECIFIED.,.F.,.F.,(3,3),(0.,1.),.PIECEWISE_BEZIER_KNOTS.);
#2335 = CARTESIAN_POINT('',(0.468017578125,-21.78,32.90947265625));
#2336 = CARTESIAN_POINT('',(0.468017578125,-21.78,32.43046875));
#2337 = CARTESIAN_POINT('',(0.243896484375,-21.78,32.094287109375));
#2338 = PCURVE('',#633,#2339);
#2339 = DEFINITIONAL_REPRESENTATION('',(#2340),#2344);
#2340 = B_SPLINE_CURVE_WITH_KNOTS('',2,(#2341,#2342,#2343),
  .UNSPECIFIED.,.F.,.F.,(3,3),(0.,1.),.PIECEWISE_BEZIER_KNOTS.);
#2341 = CARTESIAN_POINT('',(-1.641092618352,0.254036778909));
#2342 = CARTESIAN_POINT('',(-1.162088712102,0.254036778909));
#2343 = CARTESIAN_POINT('',(-0.825907071477,2.991568515851E-02));
#2344 = ( GEOMETRIC_REPRESENTATION_CONTEXT(2) 
PARAMETRIC_REPRESENTATION_CONTEXT() REPRESENTATION_CONTEXT('2D SPACE',''
  ) );
#2345 = PCURVE('',#2346,#2353);
#2346 = SURFACE_OF_LINEAR_EXTRUSION('',#2347,#2351);
#2347 = B_SPLINE_CURVE_WITH_KNOTS('',2,(#2348,#2349,#2350),
  .UNSPECIFIED.,.F.,.F.,(3,3),(0.,1.),.PIECEWISE_BEZIER_KNOTS.);
#2348 = CARTESIAN_POINT('',(0.468017578125,-21.78,32.90947265625));
#2349 = CARTESIAN_POINT('',(0.468017578125,-21.78,32.43046875));
#2350 = CARTESIAN_POINT('',(0.243896484375,-21.78,32.094287109375));
#2351 = VECTOR('',#2352,1.);
#2352 = DIRECTION('',(0.,-1.,0.));
#2353 = DEFINITIONAL_REPRESENTATION('',(#2354),#2358);
#2354 = LINE('',#2355,#2356);
#2355 = CARTESIAN_POINT('',(0.,0.));
#2356 = VECTOR('',#2357,1.);
#2357 = DIRECTION('',(1.,0.));
#2358 = ( GEOMETRIC_REPRESENTATION_CONTEXT(2) 
PARAMETRIC_REPRESENTATION_CONTEXT() REPRESENTATION_CONTEXT('2D SPACE',''
  ) );
#2359 = ORIENTED_EDGE('',*,*,#2360,.T.);
#2360 = EDGE_CURVE('',#2331,#2361,#2363,.T.);
#2361 = VERTEX_POINT('',#2362);
#2362 = CARTESIAN_POINT('',(-0.406494140625,-21.78,31.5955078125));
#2363 = SURFACE_CURVE('',#2364,(#2368,#2375),.PCURVE_S1.);
#2364 = B_SPLINE_CURVE_WITH_KNOTS('',2,(#2365,#2366,#2367),
  .UNSPECIFIED.,.F.,.F.,(3,3),(0.,1.),.PIECEWISE_BEZIER_KNOTS.);
#2365 = CARTESIAN_POINT('',(0.243896484375,-21.78,32.094287109375));
#2366 = CARTESIAN_POINT('',(1.9775390625E-02,-21.78,31.75810546875));
#2367 = CARTESIAN_POINT('',(-0.406494140625,-21.78,31.5955078125));
#2368 = PCURVE('',#633,#2369);
#2369 = DEFINITIONAL_REPRESENTATION('',(#2370),#2374);
#2370 = B_SPLINE_CURVE_WITH_KNOTS('',2,(#2371,#2372,#2373),
  .UNSPECIFIED.,.F.,.F.,(3,3),(0.,1.),.PIECEWISE_BEZIER_KNOTS.);
#2371 = CARTESIAN_POINT('',(-0.825907071477,2.991568515851E-02));
#2372 = CARTESIAN_POINT('',(-0.489725430852,-0.194205408591));
#2373 = CARTESIAN_POINT('',(-0.327127774602,-0.620474939841));
#2374 = ( GEOMETRIC_REPRESENTATION_CONTEXT(2) 
PARAMETRIC_REPRESENTATION_CONTEXT() REPRESENTATION_CONTEXT('2D SPACE',''
  ) );
#2375 = PCURVE('',#2376,#2383);
#2376 = SURFACE_OF_LINEAR_EXTRUSION('',#2377,#2381);
#2377 = B_SPLINE_CURVE_WITH_KNOTS('',2,(#2378,#2379,#2380),
  .UNSPECIFIED.,.F.,.F.,(3,3),(0.,1.),.PIECEWISE_BEZIER_KNOTS.);
#2378 = CARTESIAN_POINT('',(0.243896484375,-21.78,32.094287109375));
#2379 = CARTESIAN_POINT('',(1.9775390625E-02,-21.78,31.75810546875));
#2380 = CARTESIAN_POINT('',(-0.406494140625,-21.78,31.5955078125));
#2381 = VECTOR('',#2382,1.);
#2382 = DIRECTION('',(0.,-1.,0.));
#2383 = DEFINITIONAL_REPRESENTATION('',(#2384),#2388);
#2384 = LINE('',#2385,#2386);
#2385 = CARTESIAN_POINT('',(0.,0.));
#2386 = VECTOR('',#2387,1.);
#2387 = DIRECTION('',(1.,0.));
#2388 = ( GEOMETRIC_REPRESENTATION_CONTEXT(2) 
PARAMETRIC_REPRESENTATION_CONTEXT() REPRESENTATION_CONTEXT('2D SPACE',''
  ) );
#2389 = ORIENTED_EDGE('',*,*,#2390,.T.);
#2390 = EDGE_CURVE('',#2361,#2391,#2393,.T.);
#2391 = VERTEX_POINT('',#2392);
#2392 = CARTESIAN_POINT('',(0.437255859375,-21.78,31.01103515625));
#2393 = SURFACE_CURVE('',#2394,(#2398,#2405),.PCURVE_S1.);
#2394 = B_SPLINE_CURVE_WITH_KNOTS('',2,(#2395,#2396,#2397),
  .UNSPECIFIED.,.F.,.F.,(3,3),(0.,1.),.PIECEWISE_BEZIER_KNOTS.);
#2395 = CARTESIAN_POINT('',(-0.406494140625,-21.78,31.5955078125));
#2396 = CARTESIAN_POINT('',(0.138427734375,-21.78,31.4373046875));
#2397 = CARTESIAN_POINT('',(0.437255859375,-21.78,31.01103515625));
#2398 = PCURVE('',#633,#2399);
#2399 = DEFINITIONAL_REPRESENTATION('',(#2400),#2404);
#2400 = B_SPLINE_CURVE_WITH_KNOTS('',2,(#2401,#2402,#2403),
  .UNSPECIFIED.,.F.,.F.,(3,3),(0.,1.),.PIECEWISE_BEZIER_KNOTS.);
#2401 = CARTESIAN_POINT('',(-0.327127774602,-0.620474939841));
#2402 = CARTESIAN_POINT('',(-0.168924649602,-7.555306484149E-02));
#2403 = CARTESIAN_POINT('',(0.257344881648,0.223275060159));
#2404 = ( GEOMETRIC_REPRESENTATION_CONTEXT(2) 
PARAMETRIC_REPRESENTATION_CONTEXT() REPRESENTATION_CONTEXT('2D SPACE',''
  ) );
#2405 = PCURVE('',#2406,#2413);
#2406 = SURFACE_OF_LINEAR_EXTRUSION('',#2407,#2411);
#2407 = B_SPLINE_CURVE_WITH_KNOTS('',2,(#2408,#2409,#2410),
  .UNSPECIFIED.,.F.,.F.,(3,3),(0.,1.),.PIECEWISE_BEZIER_KNOTS.);
#2408 = CARTESIAN_POINT('',(-0.406494140625,-21.78,31.5955078125));
#2409 = CARTESIAN_POINT('',(0.138427734375,-21.78,31.4373046875));
#2410 = CARTESIAN_POINT('',(0.437255859375,-21.78,31.01103515625));
#2411 = VECTOR('',#2412,1.);
#2412 = DIRECTION('',(0.,-1.,0.));
#2413 = DEFINITIONAL_REPRESENTATION('',(#2414),#2418);
#2414 = LINE('',#2415,#2416);
#2415 = CARTESIAN_POINT('',(0.,0.));
#2416 = VECTOR('',#2417,1.);
#2417 = DIRECTION('',(1.,0.));
#2418 = ( GEOMETRIC_REPRESENTATION_CONTEXT(2) 
PARAMETRIC_REPRESENTATION_CONTEXT() REPRESENTATION_CONTEXT('2D SPACE',''
  ) );
#2419 = ORIENTED_EDGE('',*,*,#2420,.T.);
#2420 = EDGE_CURVE('',#2391,#2421,#2423,.T.);
#2421 = VERTEX_POINT('',#2422);
#2422 = CARTESIAN_POINT('',(0.736083984375,-21.78,29.96513671875));
#2423 = SURFACE_CURVE('',#2424,(#2428,#2435),.PCURVE_S1.);
#2424 = B_SPLINE_CURVE_WITH_KNOTS('',2,(#2425,#2426,#2427),
  .UNSPECIFIED.,.F.,.F.,(3,3),(0.,1.),.PIECEWISE_BEZIER_KNOTS.);
#2425 = CARTESIAN_POINT('',(0.437255859375,-21.78,31.01103515625));
#2426 = CARTESIAN_POINT('',(0.736083984375,-21.78,30.584765625));
#2427 = CARTESIAN_POINT('',(0.736083984375,-21.78,29.96513671875));
#2428 = PCURVE('',#633,#2429);
#2429 = DEFINITIONAL_REPRESENTATION('',(#2430),#2434);
#2430 = B_SPLINE_CURVE_WITH_KNOTS('',2,(#2431,#2432,#2433),
  .UNSPECIFIED.,.F.,.F.,(3,3),(0.,1.),.PIECEWISE_BEZIER_KNOTS.);
#2431 = CARTESIAN_POINT('',(0.257344881648,0.223275060159));
#2432 = CARTESIAN_POINT('',(0.683614412898,0.522103185159));
#2433 = CARTESIAN_POINT('',(1.303243319148,0.522103185159));
#2434 = ( GEOMETRIC_REPRESENTATION_CONTEXT(2) 
PARAMETRIC_REPRESENTATION_CONTEXT() REPRESENTATION_CONTEXT('2D SPACE',''
  ) );
#2435 = PCURVE('',#2436,#2443);
#2436 = SURFACE_OF_LINEAR_EXTRUSION('',#2437,#2441);
#2437 = B_SPLINE_CURVE_WITH_KNOTS('',2,(#2438,#2439,#2440),
  .UNSPECIFIED.,.F.,.F.,(3,3),(0.,1.),.PIECEWISE_BEZIER_KNOTS.);
#2438 = CARTESIAN_POINT('',(0.437255859375,-21.78,31.01103515625));
#2439 = CARTESIAN_POINT('',(0.736083984375,-21.78,30.584765625));
#2440 = CARTESIAN_POINT('',(0.736083984375,-21.78,29.96513671875));
#2441 = VECTOR('',#2442,1.);
#2442 = DIRECTION('',(0.,-1.,0.));
#2443 = DEFINITIONAL_REPRESENTATION('',(#2444),#2448);
#2444 = LINE('',#2445,#2446);
#2445 = CARTESIAN_POINT('',(0.,0.));
#2446 = VECTOR('',#2447,1.);
#2447 = DIRECTION('',(1.,0.));
#2448 = ( GEOMETRIC_REPRESENTATION_CONTEXT(2) 
PARAMETRIC_REPRESENTATION_CONTEXT() REPRESENTATION_CONTEXT('2D SPACE',''
  ) );
#2449 = ORIENTED_EDGE('',*,*,#2450,.T.);
#2450 = EDGE_CURVE('',#2421,#2451,#2453,.T.);
#2451 = VERTEX_POINT('',#2452);
#2452 = CARTESIAN_POINT('',(9.4482421875E-02,-21.78,28.55009765625));
#2453 = SURFACE_CURVE('',#2454,(#2458,#2465),.PCURVE_S1.);
#2454 = B_SPLINE_CURVE_WITH_KNOTS('',2,(#2455,#2456,#2457),
  .UNSPECIFIED.,.F.,.F.,(3,3),(0.,1.),.PIECEWISE_BEZIER_KNOTS.);
#2455 = CARTESIAN_POINT('',(0.736083984375,-21.78,29.96513671875));
#2456 = CARTESIAN_POINT('',(0.736083984375,-21.78,29.01591796875));
#2457 = CARTESIAN_POINT('',(9.4482421875E-02,-21.78,28.55009765625));
#2458 = PCURVE('',#633,#2459);
#2459 = DEFINITIONAL_REPRESENTATION('',(#2460),#2464);
#2460 = B_SPLINE_CURVE_WITH_KNOTS('',2,(#2461,#2462,#2463),
  .UNSPECIFIED.,.F.,.F.,(3,3),(0.,1.),.PIECEWISE_BEZIER_KNOTS.);
#2461 = CARTESIAN_POINT('',(1.303243319148,0.522103185159));
#2462 = CARTESIAN_POINT('',(2.252462069148,0.522103185159));
#2463 = CARTESIAN_POINT('',(2.718282381648,-0.119498377341));
#2464 = ( GEOMETRIC_REPRESENTATION_CONTEXT(2) 
PARAMETRIC_REPRESENTATION_CONTEXT() REPRESENTATION_CONTEXT('2D SPACE',''
  ) );
#2465 = PCURVE('',#2466,#2473);
#2466 = SURFACE_OF_LINEAR_EXTRUSION('',#2467,#2471);
#2467 = B_SPLINE_CURVE_WITH_KNOTS('',2,(#2468,#2469,#2470),
  .UNSPECIFIED.,.F.,.F.,(3,3),(0.,1.),.PIECEWISE_BEZIER_KNOTS.);
#2468 = CARTESIAN_POINT('',(0.736083984375,-21.78,29.96513671875));
#2469 = CARTESIAN_POINT('',(0.736083984375,-21.78,29.01591796875));
#2470 = CARTESIAN_POINT('',(9.4482421875E-02,-21.78,28.55009765625));
#2471 = VECTOR('',#2472,1.);
#2472 = DIRECTION('',(0.,-1.,0.));
#2473 = DEFINITIONAL_REPRESENTATION('',(#2474),#2478);
#2474 = LINE('',#2475,#2476);
#2475 = CARTESIAN_POINT('',(0.,0.));
#2476 = VECTOR('',#2477,1.);
#2477 = DIRECTION('',(1.,0.));
#2478 = ( GEOMETRIC_REPRESENTATION_CONTEXT(2) 
PARAMETRIC_REPRESENTATION_CONTEXT() REPRESENTATION_CONTEXT('2D SPACE',''
  ) );
#2479 = ORIENTED_EDGE('',*,*,#2480,.T.);
#2480 = EDGE_CURVE('',#2451,#2481,#2483,.T.);
#2481 = VERTEX_POINT('',#2482);
#2482 = CARTESIAN_POINT('',(-1.856689453125,-21.78,28.08427734375));
#2483 = SURFACE_CURVE('',#2484,(#2488,#2495),.PCURVE_S1.);
#2484 = B_SPLINE_CURVE_WITH_KNOTS('',2,(#2485,#2486,#2487),
  .UNSPECIFIED.,.F.,.F.,(3,3),(0.,1.),.PIECEWISE_BEZIER_KNOTS.);
#2485 = CARTESIAN_POINT('',(9.4482421875E-02,-21.78,28.55009765625));
#2486 = CARTESIAN_POINT('',(-0.547119140625,-21.78,28.08427734375));
#2487 = CARTESIAN_POINT('',(-1.856689453125,-21.78,28.08427734375));
#2488 = PCURVE('',#633,#2489);
#2489 = DEFINITIONAL_REPRESENTATION('',(#2490),#2494);
#2490 = B_SPLINE_CURVE_WITH_KNOTS('',2,(#2491,#2492,#2493),
  .UNSPECIFIED.,.F.,.F.,(3,3),(0.,1.),.PIECEWISE_BEZIER_KNOTS.);
#2491 = CARTESIAN_POINT('',(2.718282381648,-0.119498377341));
#2492 = CARTESIAN_POINT('',(3.184102694148,-0.761099939841));
#2493 = CARTESIAN_POINT('',(3.184102694148,-2.070670252341));
#2494 = ( GEOMETRIC_REPRESENTATION_CONTEXT(2) 
PARAMETRIC_REPRESENTATION_CONTEXT() REPRESENTATION_CONTEXT('2D SPACE',''
  ) );
#2495 = PCURVE('',#2496,#2503);
#2496 = SURFACE_OF_LINEAR_EXTRUSION('',#2497,#2501);
#2497 = B_SPLINE_CURVE_WITH_KNOTS('',2,(#2498,#2499,#2500),
  .UNSPECIFIED.,.F.,.F.,(3,3),(0.,1.),.PIECEWISE_BEZIER_KNOTS.);
#2498 = CARTESIAN_POINT('',(9.4482421875E-02,-21.78,28.55009765625));
#2499 = CARTESIAN_POINT('',(-0.547119140625,-21.78,28.08427734375));
#2500 = CARTESIAN_POINT('',(-1.856689453125,-21.78,28.08427734375));
#2501 = VECTOR('',#2502,1.);
#2502 = DIRECTION('',(0.,-1.,0.));
#2503 = DEFINITIONAL_REPRESENTATION('',(#2504),#2508);
#2504 = LINE('',#2505,#2506);
#2505 = CARTESIAN_POINT('',(0.,0.));
#2506 = VECTOR('',#2507,1.);
#2507 = DIRECTION('',(1.,0.));
#2508 = ( GEOMETRIC_REPRESENTATION_CONTEXT(2) 
PARAMETRIC_REPRESENTATION_CONTEXT() REPRESENTATION_CONTEXT('2D SPACE',''
  ) );
#2509 = ORIENTED_EDGE('',*,*,#2510,.T.);
#2510 = EDGE_CURVE('',#2481,#1469,#2511,.T.);
#2511 = SURFACE_CURVE('',#2512,(#2516,#2523),.PCURVE_S1.);
#2512 = LINE('',#2513,#2514);
#2513 = CARTESIAN_POINT('',(-1.856689453125,-21.78,28.08427734375));
#2514 = VECTOR('',#2515,1.);
#2515 = DIRECTION('',(-1.,0.,0.));
#2516 = PCURVE('',#633,#2517);
#2517 = DEFINITIONAL_REPRESENTATION('',(#2518),#2522);
#2518 = LINE('',#2519,#2520);
#2519 = CARTESIAN_POINT('',(3.184102694148,-2.070670252341));
#2520 = VECTOR('',#2521,1.);
#2521 = DIRECTION('',(0.,-1.));
#2522 = ( GEOMETRIC_REPRESENTATION_CONTEXT(2) 
PARAMETRIC_REPRESENTATION_CONTEXT() REPRESENTATION_CONTEXT('2D SPACE',''
  ) );
#2523 = PCURVE('',#1485,#2524);
#2524 = DEFINITIONAL_REPRESENTATION('',(#2525),#2529);
#2525 = LINE('',#2526,#2527);
#2526 = CARTESIAN_POINT('',(0.,0.));
#2527 = VECTOR('',#2528,1.);
#2528 = DIRECTION('',(1.,0.));
#2529 = ( GEOMETRIC_REPRESENTATION_CONTEXT(2) 
PARAMETRIC_REPRESENTATION_CONTEXT() REPRESENTATION_CONTEXT('2D SPACE',''
  ) );
#2530 = ORIENTED_EDGE('',*,*,#1501,.T.);
#2531 = ORIENTED_EDGE('',*,*,#1912,.T.);
#2532 = ORIENTED_EDGE('',*,*,#618,.F.);
#2533 = ORIENTED_EDGE('',*,*,#2534,.T.);
#2534 = EDGE_CURVE('',#619,#2535,#2537,.T.);
#2535 = VERTEX_POINT('',#2536);
#2536 = CARTESIAN_POINT('',(2.195068359375,-21.78,28.08427734375));
#2537 = SURFACE_CURVE('',#2538,(#2542,#2549),.PCURVE_S1.);
#2538 = LINE('',#2539,#2540);
#2539 = CARTESIAN_POINT('',(3.979248046875,-21.78,28.08427734375));
#2540 = VECTOR('',#2541,1.);
#2541 = DIRECTION('',(-1.,0.,0.));
#2542 = PCURVE('',#633,#2543);
#2543 = DEFINITIONAL_REPRESENTATION('',(#2544),#2548);
#2544 = LINE('',#2545,#2546);
#2545 = CARTESIAN_POINT('',(3.184102694148,3.765267247659));
#2546 = VECTOR('',#2547,1.);
#2547 = DIRECTION('',(0.,-1.));
#2548 = ( GEOMETRIC_REPRESENTATION_CONTEXT(2) 
PARAMETRIC_REPRESENTATION_CONTEXT() REPRESENTATION_CONTEXT('2D SPACE',''
  ) );
#2549 = PCURVE('',#661,#2550);
#2550 = DEFINITIONAL_REPRESENTATION('',(#2551),#2555);
#2551 = LINE('',#2552,#2553);
#2552 = CARTESIAN_POINT('',(0.,0.));
#2553 = VECTOR('',#2554,1.);
#2554 = DIRECTION('',(1.,0.));
#2555 = ( GEOMETRIC_REPRESENTATION_CONTEXT(2) 
PARAMETRIC_REPRESENTATION_CONTEXT() REPRESENTATION_CONTEXT('2D SPACE',''
  ) );
#2556 = ORIENTED_EDGE('',*,*,#2557,.T.);
#2557 = EDGE_CURVE('',#2535,#2558,#2560,.T.);
#2558 = VERTEX_POINT('',#2559);
#2559 = CARTESIAN_POINT('',(2.195068359375,-21.78,34.6453125));
#2560 = SURFACE_CURVE('',#2561,(#2565,#2572),.PCURVE_S1.);
#2561 = LINE('',#2562,#2563);
#2562 = CARTESIAN_POINT('',(2.195068359375,-21.78,28.08427734375));
#2563 = VECTOR('',#2564,1.);
#2564 = DIRECTION('',(0.,0.,1.));
#2565 = PCURVE('',#633,#2566);
#2566 = DEFINITIONAL_REPRESENTATION('',(#2567),#2571);
#2567 = LINE('',#2568,#2569);
#2568 = CARTESIAN_POINT('',(3.184102694148,1.981087560159));
#2569 = VECTOR('',#2570,1.);
#2570 = DIRECTION('',(-1.,0.));
#2571 = ( GEOMETRIC_REPRESENTATION_CONTEXT(2) 
PARAMETRIC_REPRESENTATION_CONTEXT() REPRESENTATION_CONTEXT('2D SPACE',''
  ) );
#2572 = PCURVE('',#2573,#2578);
#2573 = PLANE('',#2574);
#2574 = AXIS2_PLACEMENT_3D('',#2575,#2576,#2577);
#2575 = CARTESIAN_POINT('',(2.195068359375,-21.78,28.08427734375));
#2576 = DIRECTION('',(1.,0.,0.));
#2577 = DIRECTION('',(0.,0.,1.));
#2578 = DEFINITIONAL_REPRESENTATION('',(#2579),#2583);
#2579 = LINE('',#2580,#2581);
#2580 = CARTESIAN_POINT('',(0.,0.));
#2581 = VECTOR('',#2582,1.);
#2582 = DIRECTION('',(1.,0.));
#2583 = ( GEOMETRIC_REPRESENTATION_CONTEXT(2) 
PARAMETRIC_REPRESENTATION_CONTEXT() REPRESENTATION_CONTEXT('2D SPACE',''
  ) );
#2584 = ORIENTED_EDGE('',*,*,#2585,.T.);
#2585 = EDGE_CURVE('',#2558,#1076,#2586,.T.);
#2586 = SURFACE_CURVE('',#2587,(#2591,#2598),.PCURVE_S1.);
#2587 = LINE('',#2588,#2589);
#2588 = CARTESIAN_POINT('',(2.195068359375,-21.78,34.6453125));
#2589 = VECTOR('',#2590,1.);
#2590 = DIRECTION('',(1.,0.,0.));
#2591 = PCURVE('',#633,#2592);
#2592 = DEFINITIONAL_REPRESENTATION('',(#2593),#2597);
#2593 = LINE('',#2594,#2595);
#2594 = CARTESIAN_POINT('',(-3.376932462102,1.981087560159));
#2595 = VECTOR('',#2596,1.);
#2596 = DIRECTION('',(0.,1.));
#2597 = ( GEOMETRIC_REPRESENTATION_CONTEXT(2) 
PARAMETRIC_REPRESENTATION_CONTEXT() REPRESENTATION_CONTEXT('2D SPACE',''
  ) );
#2598 = PCURVE('',#1092,#2599);
#2599 = DEFINITIONAL_REPRESENTATION('',(#2600),#2604);
#2600 = LINE('',#2601,#2602);
#2601 = CARTESIAN_POINT('',(0.,0.));
#2602 = VECTOR('',#2603,1.);
#2603 = DIRECTION('',(1.,0.));
#2604 = ( GEOMETRIC_REPRESENTATION_CONTEXT(2) 
PARAMETRIC_REPRESENTATION_CONTEXT() REPRESENTATION_CONTEXT('2D SPACE',''
  ) );
#2605 = ADVANCED_FACE('',(#2606),#1485,.T.);
#2606 = FACE_BOUND('',#2607,.T.);
#2607 = EDGE_LOOP('',(#2608,#2609,#2632,#2660,#2681));
#2608 = ORIENTED_EDGE('',*,*,#2510,.F.);
#2609 = ORIENTED_EDGE('',*,*,#2610,.T.);
#2610 = EDGE_CURVE('',#2481,#2611,#2613,.T.);
#2611 = VERTEX_POINT('',#2612);
#2612 = CARTESIAN_POINT('',(-1.856689453125,-20.48,28.08427734375));
#2613 = SURFACE_CURVE('',#2614,(#2618,#2625),.PCURVE_S1.);
#2614 = LINE('',#2615,#2616);
#2615 = CARTESIAN_POINT('',(-1.856689453125,-21.78,28.08427734375));
#2616 = VECTOR('',#2617,1.);
#2617 = DIRECTION('',(-0.,1.,-0.));
#2618 = PCURVE('',#1485,#2619);
#2619 = DEFINITIONAL_REPRESENTATION('',(#2620),#2624);
#2620 = LINE('',#2621,#2622);
#2621 = CARTESIAN_POINT('',(0.,0.));
#2622 = VECTOR('',#2623,1.);
#2623 = DIRECTION('',(0.,-1.));
#2624 = ( GEOMETRIC_REPRESENTATION_CONTEXT(2) 
PARAMETRIC_REPRESENTATION_CONTEXT() REPRESENTATION_CONTEXT('2D SPACE',''
  ) );
#2625 = PCURVE('',#2496,#2626);
#2626 = DEFINITIONAL_REPRESENTATION('',(#2627),#2631);
#2627 = LINE('',#2628,#2629);
#2628 = CARTESIAN_POINT('',(1.,0.));
#2629 = VECTOR('',#2630,1.);
#2630 = DIRECTION('',(0.,-1.));
#2631 = ( GEOMETRIC_REPRESENTATION_CONTEXT(2) 
PARAMETRIC_REPRESENTATION_CONTEXT() REPRESENTATION_CONTEXT('2D SPACE',''
  ) );
#2632 = ORIENTED_EDGE('',*,*,#2633,.T.);
#2633 = EDGE_CURVE('',#2611,#2634,#2636,.T.);
#2634 = VERTEX_POINT('',#2635);
#2635 = CARTESIAN_POINT('',(-4.664794921875,-20.48,28.08427734375));
#2636 = SURFACE_CURVE('',#2637,(#2641,#2648),.PCURVE_S1.);
#2637 = LINE('',#2638,#2639);
#2638 = CARTESIAN_POINT('',(-1.856689453125,-20.48,28.08427734375));
#2639 = VECTOR('',#2640,1.);
#2640 = DIRECTION('',(-1.,0.,0.));
#2641 = PCURVE('',#1485,#2642);
#2642 = DEFINITIONAL_REPRESENTATION('',(#2643),#2647);
#2643 = LINE('',#2644,#2645);
#2644 = CARTESIAN_POINT('',(0.,-1.3));
#2645 = VECTOR('',#2646,1.);
#2646 = DIRECTION('',(1.,0.));
#2647 = ( GEOMETRIC_REPRESENTATION_CONTEXT(2) 
PARAMETRIC_REPRESENTATION_CONTEXT() REPRESENTATION_CONTEXT('2D SPACE',''
  ) );
#2648 = PCURVE('',#2649,#2654);
#2649 = PLANE('',#2650);
#2650 = AXIS2_PLACEMENT_3D('',#2651,#2652,#2653);
#2651 = CARTESIAN_POINT('',(-5.490966796875,-20.48,28.08427734375));
#2652 = DIRECTION('',(0.,-1.,0.));
#2653 = DIRECTION('',(1.,0.,0.));
#2654 = DEFINITIONAL_REPRESENTATION('',(#2655),#2659);
#2655 = LINE('',#2656,#2657);
#2656 = CARTESIAN_POINT('',(3.63427734375,0.));
#2657 = VECTOR('',#2658,1.);
#2658 = DIRECTION('',(-1.,0.));
#2659 = ( GEOMETRIC_REPRESENTATION_CONTEXT(2) 
PARAMETRIC_REPRESENTATION_CONTEXT() REPRESENTATION_CONTEXT('2D SPACE',''
  ) );
#2660 = ORIENTED_EDGE('',*,*,#2661,.F.);
#2661 = EDGE_CURVE('',#1443,#2634,#2662,.T.);
#2662 = SURFACE_CURVE('',#2663,(#2667,#2674),.PCURVE_S1.);
#2663 = LINE('',#2664,#2665);
#2664 = CARTESIAN_POINT('',(-4.664794921875,-21.78,28.08427734375));
#2665 = VECTOR('',#2666,1.);
#2666 = DIRECTION('',(-0.,1.,-0.));
#2667 = PCURVE('',#1485,#2668);
#2668 = DEFINITIONAL_REPRESENTATION('',(#2669),#2673);
#2669 = LINE('',#2670,#2671);
#2670 = CARTESIAN_POINT('',(2.80810546875,0.));
#2671 = VECTOR('',#2672,1.);
#2672 = DIRECTION('',(0.,-1.));
#2673 = ( GEOMETRIC_REPRESENTATION_CONTEXT(2) 
PARAMETRIC_REPRESENTATION_CONTEXT() REPRESENTATION_CONTEXT('2D SPACE',''
  ) );
#2674 = PCURVE('',#1457,#2675);
#2675 = DEFINITIONAL_REPRESENTATION('',(#2676),#2680);
#2676 = LINE('',#2677,#2678);
#2677 = CARTESIAN_POINT('',(0.,0.));
#2678 = VECTOR('',#2679,1.);
#2679 = DIRECTION('',(0.,-1.));
#2680 = ( GEOMETRIC_REPRESENTATION_CONTEXT(2) 
PARAMETRIC_REPRESENTATION_CONTEXT() REPRESENTATION_CONTEXT('2D SPACE',''
  ) );
#2681 = ORIENTED_EDGE('',*,*,#1468,.F.);
#2682 = ADVANCED_FACE('',(#2683),#1457,.T.);
#2683 = FACE_BOUND('',#2684,.T.);
#2684 = EDGE_LOOP('',(#2685,#2686,#2687,#2710));
#2685 = ORIENTED_EDGE('',*,*,#1442,.T.);
#2686 = ORIENTED_EDGE('',*,*,#2661,.T.);
#2687 = ORIENTED_EDGE('',*,*,#2688,.T.);
#2688 = EDGE_CURVE('',#2634,#2689,#2691,.T.);
#2689 = VERTEX_POINT('',#2690);
#2690 = CARTESIAN_POINT('',(-4.664794921875,-20.48,34.6453125));
#2691 = SURFACE_CURVE('',#2692,(#2696,#2703),.PCURVE_S1.);
#2692 = LINE('',#2693,#2694);
#2693 = CARTESIAN_POINT('',(-4.664794921875,-20.48,28.08427734375));
#2694 = VECTOR('',#2695,1.);
#2695 = DIRECTION('',(0.,0.,1.));
#2696 = PCURVE('',#1457,#2697);
#2697 = DEFINITIONAL_REPRESENTATION('',(#2698),#2702);
#2698 = LINE('',#2699,#2700);
#2699 = CARTESIAN_POINT('',(0.,-1.3));
#2700 = VECTOR('',#2701,1.);
#2701 = DIRECTION('',(1.,0.));
#2702 = ( GEOMETRIC_REPRESENTATION_CONTEXT(2) 
PARAMETRIC_REPRESENTATION_CONTEXT() REPRESENTATION_CONTEXT('2D SPACE',''
  ) );
#2703 = PCURVE('',#2649,#2704);
#2704 = DEFINITIONAL_REPRESENTATION('',(#2705),#2709);
#2705 = LINE('',#2706,#2707);
#2706 = CARTESIAN_POINT('',(0.826171875,0.));
#2707 = VECTOR('',#2708,1.);
#2708 = DIRECTION('',(0.,1.));
#2709 = ( GEOMETRIC_REPRESENTATION_CONTEXT(2) 
PARAMETRIC_REPRESENTATION_CONTEXT() REPRESENTATION_CONTEXT('2D SPACE',''
  ) );
#2710 = ORIENTED_EDGE('',*,*,#2711,.F.);
#2711 = EDGE_CURVE('',#1414,#2689,#2712,.T.);
#2712 = SURFACE_CURVE('',#2713,(#2717,#2724),.PCURVE_S1.);
#2713 = LINE('',#2714,#2715);
#2714 = CARTESIAN_POINT('',(-4.664794921875,-21.78,34.6453125));
#2715 = VECTOR('',#2716,1.);
#2716 = DIRECTION('',(-0.,1.,-0.));
#2717 = PCURVE('',#1457,#2718);
#2718 = DEFINITIONAL_REPRESENTATION('',(#2719),#2723);
#2719 = LINE('',#2720,#2721);
#2720 = CARTESIAN_POINT('',(6.56103515625,0.));
#2721 = VECTOR('',#2722,1.);
#2722 = DIRECTION('',(0.,-1.));
#2723 = ( GEOMETRIC_REPRESENTATION_CONTEXT(2) 
PARAMETRIC_REPRESENTATION_CONTEXT() REPRESENTATION_CONTEXT('2D SPACE',''
  ) );
#2724 = PCURVE('',#1430,#2725);
#2725 = DEFINITIONAL_REPRESENTATION('',(#2726),#2730);
#2726 = LINE('',#2727,#2728);
#2727 = CARTESIAN_POINT('',(0.,0.));
#2728 = VECTOR('',#2729,1.);
#2729 = DIRECTION('',(0.,-1.));
#2730 = ( GEOMETRIC_REPRESENTATION_CONTEXT(2) 
PARAMETRIC_REPRESENTATION_CONTEXT() REPRESENTATION_CONTEXT('2D SPACE',''
  ) );
#2731 = ADVANCED_FACE('',(#2732),#1430,.T.);
#2732 = FACE_BOUND('',#2733,.T.);
#2733 = EDGE_LOOP('',(#2734,#2735,#2736,#2759,#2780));
#2734 = ORIENTED_EDGE('',*,*,#1413,.T.);
#2735 = ORIENTED_EDGE('',*,*,#2711,.T.);
#2736 = ORIENTED_EDGE('',*,*,#2737,.T.);
#2737 = EDGE_CURVE('',#2689,#2738,#2740,.T.);
#2738 = VERTEX_POINT('',#2739);
#2739 = CARTESIAN_POINT('',(-2.124755859375,-20.48,34.6453125));
#2740 = SURFACE_CURVE('',#2741,(#2745,#2752),.PCURVE_S1.);
#2741 = LINE('',#2742,#2743);
#2742 = CARTESIAN_POINT('',(-4.664794921875,-20.48,34.6453125));
#2743 = VECTOR('',#2744,1.);
#2744 = DIRECTION('',(1.,0.,0.));
#2745 = PCURVE('',#1430,#2746);
#2746 = DEFINITIONAL_REPRESENTATION('',(#2747),#2751);
#2747 = LINE('',#2748,#2749);
#2748 = CARTESIAN_POINT('',(0.,-1.3));
#2749 = VECTOR('',#2750,1.);
#2750 = DIRECTION('',(1.,0.));
#2751 = ( GEOMETRIC_REPRESENTATION_CONTEXT(2) 
PARAMETRIC_REPRESENTATION_CONTEXT() REPRESENTATION_CONTEXT('2D SPACE',''
  ) );
#2752 = PCURVE('',#2649,#2753);
#2753 = DEFINITIONAL_REPRESENTATION('',(#2754),#2758);
#2754 = LINE('',#2755,#2756);
#2755 = CARTESIAN_POINT('',(0.826171875,6.56103515625));
#2756 = VECTOR('',#2757,1.);
#2757 = DIRECTION('',(1.,0.));
#2758 = ( GEOMETRIC_REPRESENTATION_CONTEXT(2) 
PARAMETRIC_REPRESENTATION_CONTEXT() REPRESENTATION_CONTEXT('2D SPACE',''
  ) );
#2759 = ORIENTED_EDGE('',*,*,#2760,.F.);
#2760 = EDGE_CURVE('',#2248,#2738,#2761,.T.);
#2761 = SURFACE_CURVE('',#2762,(#2766,#2773),.PCURVE_S1.);
#2762 = LINE('',#2763,#2764);
#2763 = CARTESIAN_POINT('',(-2.124755859375,-21.78,34.6453125));
#2764 = VECTOR('',#2765,1.);
#2765 = DIRECTION('',(-0.,1.,-0.));
#2766 = PCURVE('',#1430,#2767);
#2767 = DEFINITIONAL_REPRESENTATION('',(#2768),#2772);
#2768 = LINE('',#2769,#2770);
#2769 = CARTESIAN_POINT('',(2.5400390625,0.));
#2770 = VECTOR('',#2771,1.);
#2771 = DIRECTION('',(0.,-1.));
#2772 = ( GEOMETRIC_REPRESENTATION_CONTEXT(2) 
PARAMETRIC_REPRESENTATION_CONTEXT() REPRESENTATION_CONTEXT('2D SPACE',''
  ) );
#2773 = PCURVE('',#2286,#2774);
#2774 = DEFINITIONAL_REPRESENTATION('',(#2775),#2779);
#2775 = LINE('',#2776,#2777);
#2776 = CARTESIAN_POINT('',(0.,0.));
#2777 = VECTOR('',#2778,1.);
#2778 = DIRECTION('',(0.,-1.));
#2779 = ( GEOMETRIC_REPRESENTATION_CONTEXT(2) 
PARAMETRIC_REPRESENTATION_CONTEXT() REPRESENTATION_CONTEXT('2D SPACE',''
  ) );
#2780 = ORIENTED_EDGE('',*,*,#2247,.F.);
#2781 = ADVANCED_FACE('',(#2782),#1251,.T.);
#2782 = FACE_BOUND('',#2783,.T.);
#2783 = EDGE_LOOP('',(#2784,#2785));
#2784 = ORIENTED_EDGE('',*,*,#2081,.F.);
#2785 = ORIENTED_EDGE('',*,*,#1125,.F.);
#2786 = ADVANCED_FACE('',(#2787),#1092,.T.);
#2787 = FACE_BOUND('',#2788,.T.);
#2788 = EDGE_LOOP('',(#2789,#2790,#2813,#2836,#2857));
#2789 = ORIENTED_EDGE('',*,*,#2585,.F.);
#2790 = ORIENTED_EDGE('',*,*,#2791,.T.);
#2791 = EDGE_CURVE('',#2558,#2792,#2794,.T.);
#2792 = VERTEX_POINT('',#2793);
#2793 = CARTESIAN_POINT('',(2.195068359375,-20.48,34.6453125));
#2794 = SURFACE_CURVE('',#2795,(#2799,#2806),.PCURVE_S1.);
#2795 = LINE('',#2796,#2797);
#2796 = CARTESIAN_POINT('',(2.195068359375,-21.78,34.6453125));
#2797 = VECTOR('',#2798,1.);
#2798 = DIRECTION('',(-0.,1.,-0.));
#2799 = PCURVE('',#1092,#2800);
#2800 = DEFINITIONAL_REPRESENTATION('',(#2801),#2805);
#2801 = LINE('',#2802,#2803);
#2802 = CARTESIAN_POINT('',(0.,0.));
#2803 = VECTOR('',#2804,1.);
#2804 = DIRECTION('',(0.,-1.));
#2805 = ( GEOMETRIC_REPRESENTATION_CONTEXT(2) 
PARAMETRIC_REPRESENTATION_CONTEXT() REPRESENTATION_CONTEXT('2D SPACE',''
  ) );
#2806 = PCURVE('',#2573,#2807);
#2807 = DEFINITIONAL_REPRESENTATION('',(#2808),#2812);
#2808 = LINE('',#2809,#2810);
#2809 = CARTESIAN_POINT('',(6.56103515625,0.));
#2810 = VECTOR('',#2811,1.);
#2811 = DIRECTION('',(0.,-1.));
#2812 = ( GEOMETRIC_REPRESENTATION_CONTEXT(2) 
PARAMETRIC_REPRESENTATION_CONTEXT() REPRESENTATION_CONTEXT('2D SPACE',''
  ) );
#2813 = ORIENTED_EDGE('',*,*,#2814,.T.);
#2814 = EDGE_CURVE('',#2792,#2815,#2817,.T.);
#2815 = VERTEX_POINT('',#2816);
#2816 = CARTESIAN_POINT('',(3.979248046875,-20.48,34.6453125));
#2817 = SURFACE_CURVE('',#2818,(#2822,#2829),.PCURVE_S1.);
#2818 = LINE('',#2819,#2820);
#2819 = CARTESIAN_POINT('',(2.195068359375,-20.48,34.6453125));
#2820 = VECTOR('',#2821,1.);
#2821 = DIRECTION('',(1.,0.,0.));
#2822 = PCURVE('',#1092,#2823);
#2823 = DEFINITIONAL_REPRESENTATION('',(#2824),#2828);
#2824 = LINE('',#2825,#2826);
#2825 = CARTESIAN_POINT('',(0.,-1.3));
#2826 = VECTOR('',#2827,1.);
#2827 = DIRECTION('',(1.,0.));
#2828 = ( GEOMETRIC_REPRESENTATION_CONTEXT(2) 
PARAMETRIC_REPRESENTATION_CONTEXT() REPRESENTATION_CONTEXT('2D SPACE',''
  ) );
#2829 = PCURVE('',#878,#2830);
#2830 = DEFINITIONAL_REPRESENTATION('',(#2831),#2835);
#2831 = LINE('',#2832,#2833);
#2832 = CARTESIAN_POINT('',(0.826171875,6.56103515625));
#2833 = VECTOR('',#2834,1.);
#2834 = DIRECTION('',(1.,0.));
#2835 = ( GEOMETRIC_REPRESENTATION_CONTEXT(2) 
PARAMETRIC_REPRESENTATION_CONTEXT() REPRESENTATION_CONTEXT('2D SPACE',''
  ) );
#2836 = ORIENTED_EDGE('',*,*,#2837,.F.);
#2837 = EDGE_CURVE('',#1004,#2815,#2838,.T.);
#2838 = SURFACE_CURVE('',#2839,(#2843,#2850),.PCURVE_S1.);
#2839 = LINE('',#2840,#2841);
#2840 = CARTESIAN_POINT('',(3.979248046875,-21.78,34.6453125));
#2841 = VECTOR('',#2842,1.);
#2842 = DIRECTION('',(-0.,1.,-0.));
#2843 = PCURVE('',#1092,#2844);
#2844 = DEFINITIONAL_REPRESENTATION('',(#2845),#2849);
#2845 = LINE('',#2846,#2847);
#2846 = CARTESIAN_POINT('',(1.7841796875,0.));
#2847 = VECTOR('',#2848,1.);
#2848 = DIRECTION('',(0.,-1.));
#2849 = ( GEOMETRIC_REPRESENTATION_CONTEXT(2) 
PARAMETRIC_REPRESENTATION_CONTEXT() REPRESENTATION_CONTEXT('2D SPACE',''
  ) );
#2850 = PCURVE('',#1047,#2851);
#2851 = DEFINITIONAL_REPRESENTATION('',(#2852),#2856);
#2852 = LINE('',#2853,#2854);
#2853 = CARTESIAN_POINT('',(0.,0.));
#2854 = VECTOR('',#2855,1.);
#2855 = DIRECTION('',(0.,-1.));
#2856 = ( GEOMETRIC_REPRESENTATION_CONTEXT(2) 
PARAMETRIC_REPRESENTATION_CONTEXT() REPRESENTATION_CONTEXT('2D SPACE',''
  ) );
#2857 = ORIENTED_EDGE('',*,*,#1075,.T.);
#2858 = ADVANCED_FACE('',(#2859),#1047,.T.);
#2859 = FACE_BOUND('',#2860,.T.);
#2860 = EDGE_LOOP('',(#2861,#2862,#2863,#2886));
#2861 = ORIENTED_EDGE('',*,*,#1003,.T.);
#2862 = ORIENTED_EDGE('',*,*,#2837,.T.);
#2863 = ORIENTED_EDGE('',*,*,#2864,.T.);
#2864 = EDGE_CURVE('',#2815,#2865,#2867,.T.);
#2865 = VERTEX_POINT('',#2866);
#2866 = CARTESIAN_POINT('',(6.205078125,-20.48,34.432177734375));
#2867 = SURFACE_CURVE('',#2868,(#2872,#2879),.PCURVE_S1.);
#2868 = B_SPLINE_CURVE_WITH_KNOTS('',2,(#2869,#2870,#2871),
  .UNSPECIFIED.,.F.,.F.,(3,3),(0.,1.),.PIECEWISE_BEZIER_KNOTS.);
#2869 = CARTESIAN_POINT('',(3.979248046875,-20.48,34.6453125));
#2870 = CARTESIAN_POINT('',(5.473388671875,-20.48,34.6453125));
#2871 = CARTESIAN_POINT('',(6.205078125,-20.48,34.432177734375));
#2872 = PCURVE('',#1047,#2873);
#2873 = DEFINITIONAL_REPRESENTATION('',(#2874),#2878);
#2874 = LINE('',#2875,#2876);
#2875 = CARTESIAN_POINT('',(0.,-1.3));
#2876 = VECTOR('',#2877,1.);
#2877 = DIRECTION('',(1.,0.));
#2878 = ( GEOMETRIC_REPRESENTATION_CONTEXT(2) 
PARAMETRIC_REPRESENTATION_CONTEXT() REPRESENTATION_CONTEXT('2D SPACE',''
  ) );
#2879 = PCURVE('',#878,#2880);
#2880 = DEFINITIONAL_REPRESENTATION('',(#2881),#2885);
#2881 = B_SPLINE_CURVE_WITH_KNOTS('',2,(#2882,#2883,#2884),
  .UNSPECIFIED.,.F.,.F.,(3,3),(0.,1.),.PIECEWISE_BEZIER_KNOTS.);
#2882 = CARTESIAN_POINT('',(2.6103515625,6.56103515625));
#2883 = CARTESIAN_POINT('',(4.1044921875,6.56103515625));
#2884 = CARTESIAN_POINT('',(4.836181640625,6.347900390625));
#2885 = ( GEOMETRIC_REPRESENTATION_CONTEXT(2) 
PARAMETRIC_REPRESENTATION_CONTEXT() REPRESENTATION_CONTEXT('2D SPACE',''
  ) );
#2886 = ORIENTED_EDGE('',*,*,#2887,.F.);
#2887 = EDGE_CURVE('',#941,#2865,#2888,.T.);
#2888 = SURFACE_CURVE('',#2889,(#2893,#2900),.PCURVE_S1.);
#2889 = LINE('',#2890,#2891);
#2890 = CARTESIAN_POINT('',(6.205078125,-21.78,34.432177734375));
#2891 = VECTOR('',#2892,1.);
#2892 = DIRECTION('',(-0.,1.,-0.));
#2893 = PCURVE('',#1047,#2894);
#2894 = DEFINITIONAL_REPRESENTATION('',(#2895),#2899);
#2895 = LINE('',#2896,#2897);
#2896 = CARTESIAN_POINT('',(1.,0.));
#2897 = VECTOR('',#2898,1.);
#2898 = DIRECTION('',(0.,-1.));
#2899 = ( GEOMETRIC_REPRESENTATION_CONTEXT(2) 
PARAMETRIC_REPRESENTATION_CONTEXT() REPRESENTATION_CONTEXT('2D SPACE',''
  ) );
#2900 = PCURVE('',#978,#2901);
#2901 = DEFINITIONAL_REPRESENTATION('',(#2902),#2906);
#2902 = LINE('',#2903,#2904);
#2903 = CARTESIAN_POINT('',(0.,0.));
#2904 = VECTOR('',#2905,1.);
#2905 = DIRECTION('',(0.,-1.));
#2906 = ( GEOMETRIC_REPRESENTATION_CONTEXT(2) 
PARAMETRIC_REPRESENTATION_CONTEXT() REPRESENTATION_CONTEXT('2D SPACE',''
  ) );
#2907 = ADVANCED_FACE('',(#2908),#978,.T.);
#2908 = FACE_BOUND('',#2909,.T.);
#2909 = EDGE_LOOP('',(#2910,#2911,#2912,#2935));
#2910 = ORIENTED_EDGE('',*,*,#940,.T.);
#2911 = ORIENTED_EDGE('',*,*,#2887,.T.);
#2912 = ORIENTED_EDGE('',*,*,#2913,.T.);
#2913 = EDGE_CURVE('',#2865,#2914,#2916,.T.);
#2914 = VERTEX_POINT('',#2915);
#2915 = CARTESIAN_POINT('',(7.459716796875,-20.48,33.70927734375));
#2916 = SURFACE_CURVE('',#2917,(#2921,#2928),.PCURVE_S1.);
#2917 = B_SPLINE_CURVE_WITH_KNOTS('',2,(#2918,#2919,#2920),
  .UNSPECIFIED.,.F.,.F.,(3,3),(0.,1.),.PIECEWISE_BEZIER_KNOTS.);
#2918 = CARTESIAN_POINT('',(6.205078125,-20.48,34.432177734375));
#2919 = CARTESIAN_POINT('',(6.936767578125,-20.48,34.21904296875));
#2920 = CARTESIAN_POINT('',(7.459716796875,-20.48,33.70927734375));
#2921 = PCURVE('',#978,#2922);
#2922 = DEFINITIONAL_REPRESENTATION('',(#2923),#2927);
#2923 = LINE('',#2924,#2925);
#2924 = CARTESIAN_POINT('',(0.,-1.3));
#2925 = VECTOR('',#2926,1.);
#2926 = DIRECTION('',(1.,0.));
#2927 = ( GEOMETRIC_REPRESENTATION_CONTEXT(2) 
PARAMETRIC_REPRESENTATION_CONTEXT() REPRESENTATION_CONTEXT('2D SPACE',''
  ) );
#2928 = PCURVE('',#878,#2929);
#2929 = DEFINITIONAL_REPRESENTATION('',(#2930),#2934);
#2930 = B_SPLINE_CURVE_WITH_KNOTS('',2,(#2931,#2932,#2933),
  .UNSPECIFIED.,.F.,.F.,(3,3),(0.,1.),.PIECEWISE_BEZIER_KNOTS.);
#2931 = CARTESIAN_POINT('',(4.836181640625,6.347900390625));
#2932 = CARTESIAN_POINT('',(5.56787109375,6.134765625));
#2933 = CARTESIAN_POINT('',(6.0908203125,5.625));
#2934 = ( GEOMETRIC_REPRESENTATION_CONTEXT(2) 
PARAMETRIC_REPRESENTATION_CONTEXT() REPRESENTATION_CONTEXT('2D SPACE',''
  ) );
#2935 = ORIENTED_EDGE('',*,*,#2936,.F.);
#2936 = EDGE_CURVE('',#890,#2914,#2937,.T.);
#2937 = SURFACE_CURVE('',#2938,(#2942,#2949),.PCURVE_S1.);
#2938 = LINE('',#2939,#2940);
#2939 = CARTESIAN_POINT('',(7.459716796875,-21.78,33.70927734375));
#2940 = VECTOR('',#2941,1.);
#2941 = DIRECTION('',(-0.,1.,-0.));
#2942 = PCURVE('',#978,#2943);
#2943 = DEFINITIONAL_REPRESENTATION('',(#2944),#2948);
#2944 = LINE('',#2945,#2946);
#2945 = CARTESIAN_POINT('',(1.,0.));
#2946 = VECTOR('',#2947,1.);
#2947 = DIRECTION('',(0.,-1.));
#2948 = ( GEOMETRIC_REPRESENTATION_CONTEXT(2) 
PARAMETRIC_REPRESENTATION_CONTEXT() REPRESENTATION_CONTEXT('2D SPACE',''
  ) );
#2949 = PCURVE('',#919,#2950);
#2950 = DEFINITIONAL_REPRESENTATION('',(#2951),#2955);
#2951 = LINE('',#2952,#2953);
#2952 = CARTESIAN_POINT('',(0.,0.));
#2953 = VECTOR('',#2954,1.);
#2954 = DIRECTION('',(0.,-1.));
#2955 = ( GEOMETRIC_REPRESENTATION_CONTEXT(2) 
PARAMETRIC_REPRESENTATION_CONTEXT() REPRESENTATION_CONTEXT('2D SPACE',''
  ) );
#2956 = ADVANCED_FACE('',(#2957),#919,.T.);
#2957 = FACE_BOUND('',#2958,.T.);
#2958 = EDGE_LOOP('',(#2959,#2960,#2961));
#2959 = ORIENTED_EDGE('',*,*,#889,.T.);
#2960 = ORIENTED_EDGE('',*,*,#2936,.T.);
#2961 = ORIENTED_EDGE('',*,*,#2962,.T.);
#2962 = EDGE_CURVE('',#2914,#864,#2963,.T.);
#2963 = SURFACE_CURVE('',#2964,(#2968,#2975),.PCURVE_S1.);
#2964 = B_SPLINE_CURVE_WITH_KNOTS('',2,(#2965,#2966,#2967),
  .UNSPECIFIED.,.F.,.F.,(3,3),(0.,1.),.PIECEWISE_BEZIER_KNOTS.);
#2965 = CARTESIAN_POINT('',(7.459716796875,-20.48,33.70927734375));
#2966 = CARTESIAN_POINT('',(7.921142578125,-20.48,33.2654296875));
#2967 = CARTESIAN_POINT('',(8.145263671875,-20.48,32.6853515625));
#2968 = PCURVE('',#919,#2969);
#2969 = DEFINITIONAL_REPRESENTATION('',(#2970),#2974);
#2970 = LINE('',#2971,#2972);
#2971 = CARTESIAN_POINT('',(0.,-1.3));
#2972 = VECTOR('',#2973,1.);
#2973 = DIRECTION('',(1.,0.));
#2974 = ( GEOMETRIC_REPRESENTATION_CONTEXT(2) 
PARAMETRIC_REPRESENTATION_CONTEXT() REPRESENTATION_CONTEXT('2D SPACE',''
  ) );
#2975 = PCURVE('',#878,#2976);
#2976 = DEFINITIONAL_REPRESENTATION('',(#2977),#2981);
#2977 = B_SPLINE_CURVE_WITH_KNOTS('',2,(#2978,#2979,#2980),
  .UNSPECIFIED.,.F.,.F.,(3,3),(0.,1.),.PIECEWISE_BEZIER_KNOTS.);
#2978 = CARTESIAN_POINT('',(6.0908203125,5.625));
#2979 = CARTESIAN_POINT('',(6.55224609375,5.18115234375));
#2980 = CARTESIAN_POINT('',(6.7763671875,4.60107421875));
#2981 = ( GEOMETRIC_REPRESENTATION_CONTEXT(2) 
PARAMETRIC_REPRESENTATION_CONTEXT() REPRESENTATION_CONTEXT('2D SPACE',''
  ) );
#2982 = ADVANCED_FACE('',(#2983,#3103),#878,.T.);
#2983 = FACE_BOUND('',#2984,.T.);
#2984 = EDGE_LOOP('',(#2985,#3008,#3031,#3054,#3077,#3098,#3099,#3100,
    #3101,#3102));
#2985 = ORIENTED_EDGE('',*,*,#2986,.F.);
#2986 = EDGE_CURVE('',#2987,#2792,#2989,.T.);
#2987 = VERTEX_POINT('',#2988);
#2988 = CARTESIAN_POINT('',(2.195068359375,-20.48,28.08427734375));
#2989 = SURFACE_CURVE('',#2990,(#2994,#3001),.PCURVE_S1.);
#2990 = LINE('',#2991,#2992);
#2991 = CARTESIAN_POINT('',(2.195068359375,-20.48,28.08427734375));
#2992 = VECTOR('',#2993,1.);
#2993 = DIRECTION('',(0.,0.,1.));
#2994 = PCURVE('',#878,#2995);
#2995 = DEFINITIONAL_REPRESENTATION('',(#2996),#3000);
#2996 = LINE('',#2997,#2998);
#2997 = CARTESIAN_POINT('',(0.826171875,0.));
#2998 = VECTOR('',#2999,1.);
#2999 = DIRECTION('',(0.,1.));
#3000 = ( GEOMETRIC_REPRESENTATION_CONTEXT(2) 
PARAMETRIC_REPRESENTATION_CONTEXT() REPRESENTATION_CONTEXT('2D SPACE',''
  ) );
#3001 = PCURVE('',#2573,#3002);
#3002 = DEFINITIONAL_REPRESENTATION('',(#3003),#3007);
#3003 = LINE('',#3004,#3005);
#3004 = CARTESIAN_POINT('',(0.,-1.3));
#3005 = VECTOR('',#3006,1.);
#3006 = DIRECTION('',(1.,0.));
#3007 = ( GEOMETRIC_REPRESENTATION_CONTEXT(2) 
PARAMETRIC_REPRESENTATION_CONTEXT() REPRESENTATION_CONTEXT('2D SPACE',''
  ) );
#3008 = ORIENTED_EDGE('',*,*,#3009,.F.);
#3009 = EDGE_CURVE('',#3010,#2987,#3012,.T.);
#3010 = VERTEX_POINT('',#3011);
#3011 = CARTESIAN_POINT('',(3.979248046875,-20.48,28.08427734375));
#3012 = SURFACE_CURVE('',#3013,(#3017,#3024),.PCURVE_S1.);
#3013 = LINE('',#3014,#3015);
#3014 = CARTESIAN_POINT('',(3.979248046875,-20.48,28.08427734375));
#3015 = VECTOR('',#3016,1.);
#3016 = DIRECTION('',(-1.,0.,0.));
#3017 = PCURVE('',#878,#3018);
#3018 = DEFINITIONAL_REPRESENTATION('',(#3019),#3023);
#3019 = LINE('',#3020,#3021);
#3020 = CARTESIAN_POINT('',(2.6103515625,0.));
#3021 = VECTOR('',#3022,1.);
#3022 = DIRECTION('',(-1.,0.));
#3023 = ( GEOMETRIC_REPRESENTATION_CONTEXT(2) 
PARAMETRIC_REPRESENTATION_CONTEXT() REPRESENTATION_CONTEXT('2D SPACE',''
  ) );
#3024 = PCURVE('',#661,#3025);
#3025 = DEFINITIONAL_REPRESENTATION('',(#3026),#3030);
#3026 = LINE('',#3027,#3028);
#3027 = CARTESIAN_POINT('',(0.,-1.3));
#3028 = VECTOR('',#3029,1.);
#3029 = DIRECTION('',(1.,0.));
#3030 = ( GEOMETRIC_REPRESENTATION_CONTEXT(2) 
PARAMETRIC_REPRESENTATION_CONTEXT() REPRESENTATION_CONTEXT('2D SPACE',''
  ) );
#3031 = ORIENTED_EDGE('',*,*,#3032,.F.);
#3032 = EDGE_CURVE('',#3033,#3010,#3035,.T.);
#3033 = VERTEX_POINT('',#3034);
#3034 = CARTESIAN_POINT('',(6.194091796875,-20.48,28.297412109375));
#3035 = SURFACE_CURVE('',#3036,(#3040,#3047),.PCURVE_S1.);
#3036 = B_SPLINE_CURVE_WITH_KNOTS('',2,(#3037,#3038,#3039),
  .UNSPECIFIED.,.F.,.F.,(3,3),(0.,1.),.PIECEWISE_BEZIER_KNOTS.);
#3037 = CARTESIAN_POINT('',(6.194091796875,-20.48,28.297412109375));
#3038 = CARTESIAN_POINT('',(5.455810546875,-20.48,28.08427734375));
#3039 = CARTESIAN_POINT('',(3.979248046875,-20.48,28.08427734375));
#3040 = PCURVE('',#878,#3041);
#3041 = DEFINITIONAL_REPRESENTATION('',(#3042),#3046);
#3042 = B_SPLINE_CURVE_WITH_KNOTS('',2,(#3043,#3044,#3045),
  .UNSPECIFIED.,.F.,.F.,(3,3),(0.,1.),.PIECEWISE_BEZIER_KNOTS.);
#3043 = CARTESIAN_POINT('',(4.8251953125,0.213134765625));
#3044 = CARTESIAN_POINT('',(4.0869140625,0.));
#3045 = CARTESIAN_POINT('',(2.6103515625,0.));
#3046 = ( GEOMETRIC_REPRESENTATION_CONTEXT(2) 
PARAMETRIC_REPRESENTATION_CONTEXT() REPRESENTATION_CONTEXT('2D SPACE',''
  ) );
#3047 = PCURVE('',#721,#3048);
#3048 = DEFINITIONAL_REPRESENTATION('',(#3049),#3053);
#3049 = LINE('',#3050,#3051);
#3050 = CARTESIAN_POINT('',(0.,-1.3));
#3051 = VECTOR('',#3052,1.);
#3052 = DIRECTION('',(1.,0.));
#3053 = ( GEOMETRIC_REPRESENTATION_CONTEXT(2) 
PARAMETRIC_REPRESENTATION_CONTEXT() REPRESENTATION_CONTEXT('2D SPACE',''
  ) );
#3054 = ORIENTED_EDGE('',*,*,#3055,.F.);
#3055 = EDGE_CURVE('',#3056,#3033,#3058,.T.);
#3056 = VERTEX_POINT('',#3057);
#3057 = CARTESIAN_POINT('',(7.459716796875,-20.48,29.0203125));
#3058 = SURFACE_CURVE('',#3059,(#3063,#3070),.PCURVE_S1.);
#3059 = B_SPLINE_CURVE_WITH_KNOTS('',2,(#3060,#3061,#3062),
  .UNSPECIFIED.,.F.,.F.,(3,3),(0.,1.),.PIECEWISE_BEZIER_KNOTS.);
#3060 = CARTESIAN_POINT('',(7.459716796875,-20.48,29.0203125));
#3061 = CARTESIAN_POINT('',(6.932373046875,-20.48,28.510546875));
#3062 = CARTESIAN_POINT('',(6.194091796875,-20.48,28.297412109375));
#3063 = PCURVE('',#878,#3064);
#3064 = DEFINITIONAL_REPRESENTATION('',(#3065),#3069);
#3065 = B_SPLINE_CURVE_WITH_KNOTS('',2,(#3066,#3067,#3068),
  .UNSPECIFIED.,.F.,.F.,(3,3),(0.,1.),.PIECEWISE_BEZIER_KNOTS.);
#3066 = CARTESIAN_POINT('',(6.0908203125,0.93603515625));
#3067 = CARTESIAN_POINT('',(5.5634765625,0.42626953125));
#3068 = CARTESIAN_POINT('',(4.8251953125,0.213134765625));
#3069 = ( GEOMETRIC_REPRESENTATION_CONTEXT(2) 
PARAMETRIC_REPRESENTATION_CONTEXT() REPRESENTATION_CONTEXT('2D SPACE',''
  ) );
#3070 = PCURVE('',#787,#3071);
#3071 = DEFINITIONAL_REPRESENTATION('',(#3072),#3076);
#3072 = LINE('',#3073,#3074);
#3073 = CARTESIAN_POINT('',(0.,-1.3));
#3074 = VECTOR('',#3075,1.);
#3075 = DIRECTION('',(1.,0.));
#3076 = ( GEOMETRIC_REPRESENTATION_CONTEXT(2) 
PARAMETRIC_REPRESENTATION_CONTEXT() REPRESENTATION_CONTEXT('2D SPACE',''
  ) );
#3077 = ORIENTED_EDGE('',*,*,#3078,.F.);
#3078 = EDGE_CURVE('',#813,#3056,#3079,.T.);
#3079 = SURFACE_CURVE('',#3080,(#3084,#3091),.PCURVE_S1.);
#3080 = B_SPLINE_CURVE_WITH_KNOTS('',2,(#3081,#3082,#3083),
  .UNSPECIFIED.,.F.,.F.,(3,3),(0.,1.),.PIECEWISE_BEZIER_KNOTS.);
#3081 = CARTESIAN_POINT('',(8.145263671875,-20.48,30.046435546875));
#3082 = CARTESIAN_POINT('',(7.921142578125,-20.48,29.46416015625));
#3083 = CARTESIAN_POINT('',(7.459716796875,-20.48,29.0203125));
#3084 = PCURVE('',#878,#3085);
#3085 = DEFINITIONAL_REPRESENTATION('',(#3086),#3090);
#3086 = B_SPLINE_CURVE_WITH_KNOTS('',2,(#3087,#3088,#3089),
  .UNSPECIFIED.,.F.,.F.,(3,3),(0.,1.),.PIECEWISE_BEZIER_KNOTS.);
#3087 = CARTESIAN_POINT('',(6.7763671875,1.962158203125));
#3088 = CARTESIAN_POINT('',(6.55224609375,1.3798828125));
#3089 = CARTESIAN_POINT('',(6.0908203125,0.93603515625));
#3090 = ( GEOMETRIC_REPRESENTATION_CONTEXT(2) 
PARAMETRIC_REPRESENTATION_CONTEXT() REPRESENTATION_CONTEXT('2D SPACE',''
  ) );
#3091 = PCURVE('',#842,#3092);
#3092 = DEFINITIONAL_REPRESENTATION('',(#3093),#3097);
#3093 = LINE('',#3094,#3095);
#3094 = CARTESIAN_POINT('',(0.,-1.3));
#3095 = VECTOR('',#3096,1.);
#3096 = DIRECTION('',(1.,0.));
#3097 = ( GEOMETRIC_REPRESENTATION_CONTEXT(2) 
PARAMETRIC_REPRESENTATION_CONTEXT() REPRESENTATION_CONTEXT('2D SPACE',''
  ) );
#3098 = ORIENTED_EDGE('',*,*,#863,.F.);
#3099 = ORIENTED_EDGE('',*,*,#2962,.F.);
#3100 = ORIENTED_EDGE('',*,*,#2913,.F.);
#3101 = ORIENTED_EDGE('',*,*,#2864,.F.);
#3102 = ORIENTED_EDGE('',*,*,#2814,.F.);
#3103 = FACE_BOUND('',#3104,.T.);
#3104 = EDGE_LOOP('',(#3105,#3135,#3165,#3195,#3225,#3255,#3283));
#3105 = ORIENTED_EDGE('',*,*,#3106,.F.);
#3106 = EDGE_CURVE('',#3107,#3109,#3111,.T.);
#3107 = VERTEX_POINT('',#3108);
#3108 = CARTESIAN_POINT('',(4.493408203125,-20.48,33.36650390625));
#3109 = VERTEX_POINT('',#3110);
#3110 = CARTESIAN_POINT('',(3.886962890625,-20.48,33.36650390625));
#3111 = SURFACE_CURVE('',#3112,(#3116,#3123),.PCURVE_S1.);
#3112 = LINE('',#3113,#3114);
#3113 = CARTESIAN_POINT('',(4.493408203125,-20.48,33.36650390625));
#3114 = VECTOR('',#3115,1.);
#3115 = DIRECTION('',(-1.,0.,0.));
#3116 = PCURVE('',#878,#3117);
#3117 = DEFINITIONAL_REPRESENTATION('',(#3118),#3122);
#3118 = LINE('',#3119,#3120);
#3119 = CARTESIAN_POINT('',(3.12451171875,5.2822265625));
#3120 = VECTOR('',#3121,1.);
#3121 = DIRECTION('',(-1.,0.));
#3122 = ( GEOMETRIC_REPRESENTATION_CONTEXT(2) 
PARAMETRIC_REPRESENTATION_CONTEXT() REPRESENTATION_CONTEXT('2D SPACE',''
  ) );
#3123 = PCURVE('',#3124,#3129);
#3124 = PLANE('',#3125);
#3125 = AXIS2_PLACEMENT_3D('',#3126,#3127,#3128);
#3126 = CARTESIAN_POINT('',(4.493408203125,-21.78,33.36650390625));
#3127 = DIRECTION('',(0.,0.,1.));
#3128 = DIRECTION('',(-1.,0.,0.));
#3129 = DEFINITIONAL_REPRESENTATION('',(#3130),#3134);
#3130 = LINE('',#3131,#3132);
#3131 = CARTESIAN_POINT('',(0.,-1.3));
#3132 = VECTOR('',#3133,1.);
#3133 = DIRECTION('',(1.,0.));
#3134 = ( GEOMETRIC_REPRESENTATION_CONTEXT(2) 
PARAMETRIC_REPRESENTATION_CONTEXT() REPRESENTATION_CONTEXT('2D SPACE',''
  ) );
#3135 = ORIENTED_EDGE('',*,*,#3136,.F.);
#3136 = EDGE_CURVE('',#3137,#3107,#3139,.T.);
#3137 = VERTEX_POINT('',#3138);
#3138 = CARTESIAN_POINT('',(6.079833984375,-20.48,32.85673828125));
#3139 = SURFACE_CURVE('',#3140,(#3144,#3151),.PCURVE_S1.);
#3140 = B_SPLINE_CURVE_WITH_KNOTS('',2,(#3141,#3142,#3143),
  .UNSPECIFIED.,.F.,.F.,(3,3),(0.,1.),.PIECEWISE_BEZIER_KNOTS.);
#3141 = CARTESIAN_POINT('',(6.079833984375,-20.48,32.85673828125));
#3142 = CARTESIAN_POINT('',(5.534912109375,-20.48,33.36650390625));
#3143 = CARTESIAN_POINT('',(4.493408203125,-20.48,33.36650390625));
#3144 = PCURVE('',#878,#3145);
#3145 = DEFINITIONAL_REPRESENTATION('',(#3146),#3150);
#3146 = B_SPLINE_CURVE_WITH_KNOTS('',2,(#3147,#3148,#3149),
  .UNSPECIFIED.,.F.,.F.,(3,3),(0.,1.),.PIECEWISE_BEZIER_KNOTS.);
#3147 = CARTESIAN_POINT('',(4.7109375,4.7724609375));
#3148 = CARTESIAN_POINT('',(4.166015625,5.2822265625));
#3149 = CARTESIAN_POINT('',(3.12451171875,5.2822265625));
#3150 = ( GEOMETRIC_REPRESENTATION_CONTEXT(2) 
PARAMETRIC_REPRESENTATION_CONTEXT() REPRESENTATION_CONTEXT('2D SPACE',''
  ) );
#3151 = PCURVE('',#3152,#3159);
#3152 = SURFACE_OF_LINEAR_EXTRUSION('',#3153,#3157);
#3153 = B_SPLINE_CURVE_WITH_KNOTS('',2,(#3154,#3155,#3156),
  .UNSPECIFIED.,.F.,.F.,(3,3),(0.,1.),.PIECEWISE_BEZIER_KNOTS.);
#3154 = CARTESIAN_POINT('',(6.079833984375,-21.78,32.85673828125));
#3155 = CARTESIAN_POINT('',(5.534912109375,-21.78,33.36650390625));
#3156 = CARTESIAN_POINT('',(4.493408203125,-21.78,33.36650390625));
#3157 = VECTOR('',#3158,1.);
#3158 = DIRECTION('',(0.,-1.,0.));
#3159 = DEFINITIONAL_REPRESENTATION('',(#3160),#3164);
#3160 = LINE('',#3161,#3162);
#3161 = CARTESIAN_POINT('',(0.,-1.3));
#3162 = VECTOR('',#3163,1.);
#3163 = DIRECTION('',(1.,0.));
#3164 = ( GEOMETRIC_REPRESENTATION_CONTEXT(2) 
PARAMETRIC_REPRESENTATION_CONTEXT() REPRESENTATION_CONTEXT('2D SPACE',''
  ) );
#3165 = ORIENTED_EDGE('',*,*,#3166,.F.);
#3166 = EDGE_CURVE('',#3167,#3137,#3169,.T.);
#3167 = VERTEX_POINT('',#3168);
#3168 = CARTESIAN_POINT('',(6.624755859375,-20.48,31.37138671875));
#3169 = SURFACE_CURVE('',#3170,(#3174,#3181),.PCURVE_S1.);
#3170 = B_SPLINE_CURVE_WITH_KNOTS('',2,(#3171,#3172,#3173),
  .UNSPECIFIED.,.F.,.F.,(3,3),(0.,1.),.PIECEWISE_BEZIER_KNOTS.);
#3171 = CARTESIAN_POINT('',(6.624755859375,-20.48,31.37138671875));
#3172 = CARTESIAN_POINT('',(6.624755859375,-20.48,32.34697265625));
#3173 = CARTESIAN_POINT('',(6.079833984375,-20.48,32.85673828125));
#3174 = PCURVE('',#878,#3175);
#3175 = DEFINITIONAL_REPRESENTATION('',(#3176),#3180);
#3176 = B_SPLINE_CURVE_WITH_KNOTS('',2,(#3177,#3178,#3179),
  .UNSPECIFIED.,.F.,.F.,(3,3),(0.,1.),.PIECEWISE_BEZIER_KNOTS.);
#3177 = CARTESIAN_POINT('',(5.255859375,3.287109375));
#3178 = CARTESIAN_POINT('',(5.255859375,4.2626953125));
#3179 = CARTESIAN_POINT('',(4.7109375,4.7724609375));
#3180 = ( GEOMETRIC_REPRESENTATION_CONTEXT(2) 
PARAMETRIC_REPRESENTATION_CONTEXT() REPRESENTATION_CONTEXT('2D SPACE',''
  ) );
#3181 = PCURVE('',#3182,#3189);
#3182 = SURFACE_OF_LINEAR_EXTRUSION('',#3183,#3187);
#3183 = B_SPLINE_CURVE_WITH_KNOTS('',2,(#3184,#3185,#3186),
  .UNSPECIFIED.,.F.,.F.,(3,3),(0.,1.),.PIECEWISE_BEZIER_KNOTS.);
#3184 = CARTESIAN_POINT('',(6.624755859375,-21.78,31.37138671875));
#3185 = CARTESIAN_POINT('',(6.624755859375,-21.78,32.34697265625));
#3186 = CARTESIAN_POINT('',(6.079833984375,-21.78,32.85673828125));
#3187 = VECTOR('',#3188,1.);
#3188 = DIRECTION('',(0.,-1.,0.));
#3189 = DEFINITIONAL_REPRESENTATION('',(#3190),#3194);
#3190 = LINE('',#3191,#3192);
#3191 = CARTESIAN_POINT('',(0.,-1.3));
#3192 = VECTOR('',#3193,1.);
#3193 = DIRECTION('',(1.,0.));
#3194 = ( GEOMETRIC_REPRESENTATION_CONTEXT(2) 
PARAMETRIC_REPRESENTATION_CONTEXT() REPRESENTATION_CONTEXT('2D SPACE',''
  ) );
#3195 = ORIENTED_EDGE('',*,*,#3196,.F.);
#3196 = EDGE_CURVE('',#3197,#3167,#3199,.T.);
#3197 = VERTEX_POINT('',#3198);
#3198 = CARTESIAN_POINT('',(6.07763671875,-20.48,29.87724609375));
#3199 = SURFACE_CURVE('',#3200,(#3204,#3211),.PCURVE_S1.);
#3200 = B_SPLINE_CURVE_WITH_KNOTS('',2,(#3201,#3202,#3203),
  .UNSPECIFIED.,.F.,.F.,(3,3),(0.,1.),.PIECEWISE_BEZIER_KNOTS.);
#3201 = CARTESIAN_POINT('',(6.07763671875,-20.48,29.87724609375));
#3202 = CARTESIAN_POINT('',(6.624755859375,-20.48,30.39140625));
#3203 = CARTESIAN_POINT('',(6.624755859375,-20.48,31.37138671875));
#3204 = PCURVE('',#878,#3205);
#3205 = DEFINITIONAL_REPRESENTATION('',(#3206),#3210);
#3206 = B_SPLINE_CURVE_WITH_KNOTS('',2,(#3207,#3208,#3209),
  .UNSPECIFIED.,.F.,.F.,(3,3),(0.,1.),.PIECEWISE_BEZIER_KNOTS.);
#3207 = CARTESIAN_POINT('',(4.708740234375,1.79296875));
#3208 = CARTESIAN_POINT('',(5.255859375,2.30712890625));
#3209 = CARTESIAN_POINT('',(5.255859375,3.287109375));
#3210 = ( GEOMETRIC_REPRESENTATION_CONTEXT(2) 
PARAMETRIC_REPRESENTATION_CONTEXT() REPRESENTATION_CONTEXT('2D SPACE',''
  ) );
#3211 = PCURVE('',#3212,#3219);
#3212 = SURFACE_OF_LINEAR_EXTRUSION('',#3213,#3217);
#3213 = B_SPLINE_CURVE_WITH_KNOTS('',2,(#3214,#3215,#3216),
  .UNSPECIFIED.,.F.,.F.,(3,3),(0.,1.),.PIECEWISE_BEZIER_KNOTS.);
#3214 = CARTESIAN_POINT('',(6.07763671875,-21.78,29.87724609375));
#3215 = CARTESIAN_POINT('',(6.624755859375,-21.78,30.39140625));
#3216 = CARTESIAN_POINT('',(6.624755859375,-21.78,31.37138671875));
#3217 = VECTOR('',#3218,1.);
#3218 = DIRECTION('',(0.,-1.,0.));
#3219 = DEFINITIONAL_REPRESENTATION('',(#3220),#3224);
#3220 = LINE('',#3221,#3222);
#3221 = CARTESIAN_POINT('',(0.,-1.3));
#3222 = VECTOR('',#3223,1.);
#3223 = DIRECTION('',(1.,0.));
#3224 = ( GEOMETRIC_REPRESENTATION_CONTEXT(2) 
PARAMETRIC_REPRESENTATION_CONTEXT() REPRESENTATION_CONTEXT('2D SPACE',''
  ) );
#3225 = ORIENTED_EDGE('',*,*,#3226,.F.);
#3226 = EDGE_CURVE('',#3227,#3197,#3229,.T.);
#3227 = VERTEX_POINT('',#3228);
#3228 = CARTESIAN_POINT('',(4.493408203125,-20.48,29.3630859375));
#3229 = SURFACE_CURVE('',#3230,(#3234,#3241),.PCURVE_S1.);
#3230 = B_SPLINE_CURVE_WITH_KNOTS('',2,(#3231,#3232,#3233),
  .UNSPECIFIED.,.F.,.F.,(3,3),(0.,1.),.PIECEWISE_BEZIER_KNOTS.);
#3231 = CARTESIAN_POINT('',(4.493408203125,-20.48,29.3630859375));
#3232 = CARTESIAN_POINT('',(5.530517578125,-20.48,29.3630859375));
#3233 = CARTESIAN_POINT('',(6.07763671875,-20.48,29.87724609375));
#3234 = PCURVE('',#878,#3235);
#3235 = DEFINITIONAL_REPRESENTATION('',(#3236),#3240);
#3236 = B_SPLINE_CURVE_WITH_KNOTS('',2,(#3237,#3238,#3239),
  .UNSPECIFIED.,.F.,.F.,(3,3),(0.,1.),.PIECEWISE_BEZIER_KNOTS.);
#3237 = CARTESIAN_POINT('',(3.12451171875,1.27880859375));
#3238 = CARTESIAN_POINT('',(4.16162109375,1.27880859375));
#3239 = CARTESIAN_POINT('',(4.708740234375,1.79296875));
#3240 = ( GEOMETRIC_REPRESENTATION_CONTEXT(2) 
PARAMETRIC_REPRESENTATION_CONTEXT() REPRESENTATION_CONTEXT('2D SPACE',''
  ) );
#3241 = PCURVE('',#3242,#3249);
#3242 = SURFACE_OF_LINEAR_EXTRUSION('',#3243,#3247);
#3243 = B_SPLINE_CURVE_WITH_KNOTS('',2,(#3244,#3245,#3246),
  .UNSPECIFIED.,.F.,.F.,(3,3),(0.,1.),.PIECEWISE_BEZIER_KNOTS.);
#3244 = CARTESIAN_POINT('',(4.493408203125,-21.78,29.3630859375));
#3245 = CARTESIAN_POINT('',(5.530517578125,-21.78,29.3630859375));
#3246 = CARTESIAN_POINT('',(6.07763671875,-21.78,29.87724609375));
#3247 = VECTOR('',#3248,1.);
#3248 = DIRECTION('',(0.,-1.,0.));
#3249 = DEFINITIONAL_REPRESENTATION('',(#3250),#3254);
#3250 = LINE('',#3251,#3252);
#3251 = CARTESIAN_POINT('',(0.,-1.3));
#3252 = VECTOR('',#3253,1.);
#3253 = DIRECTION('',(1.,0.));
#3254 = ( GEOMETRIC_REPRESENTATION_CONTEXT(2) 
PARAMETRIC_REPRESENTATION_CONTEXT() REPRESENTATION_CONTEXT('2D SPACE',''
  ) );
#3255 = ORIENTED_EDGE('',*,*,#3256,.F.);
#3256 = EDGE_CURVE('',#3257,#3227,#3259,.T.);
#3257 = VERTEX_POINT('',#3258);
#3258 = CARTESIAN_POINT('',(3.886962890625,-20.48,29.3630859375));
#3259 = SURFACE_CURVE('',#3260,(#3264,#3271),.PCURVE_S1.);
#3260 = LINE('',#3261,#3262);
#3261 = CARTESIAN_POINT('',(3.886962890625,-20.48,29.3630859375));
#3262 = VECTOR('',#3263,1.);
#3263 = DIRECTION('',(1.,0.,0.));
#3264 = PCURVE('',#878,#3265);
#3265 = DEFINITIONAL_REPRESENTATION('',(#3266),#3270);
#3266 = LINE('',#3267,#3268);
#3267 = CARTESIAN_POINT('',(2.51806640625,1.27880859375));
#3268 = VECTOR('',#3269,1.);
#3269 = DIRECTION('',(1.,0.));
#3270 = ( GEOMETRIC_REPRESENTATION_CONTEXT(2) 
PARAMETRIC_REPRESENTATION_CONTEXT() REPRESENTATION_CONTEXT('2D SPACE',''
  ) );
#3271 = PCURVE('',#3272,#3277);
#3272 = PLANE('',#3273);
#3273 = AXIS2_PLACEMENT_3D('',#3274,#3275,#3276);
#3274 = CARTESIAN_POINT('',(3.886962890625,-21.78,29.3630859375));
#3275 = DIRECTION('',(0.,0.,-1.));
#3276 = DIRECTION('',(1.,0.,0.));
#3277 = DEFINITIONAL_REPRESENTATION('',(#3278),#3282);
#3278 = LINE('',#3279,#3280);
#3279 = CARTESIAN_POINT('',(0.,-1.3));
#3280 = VECTOR('',#3281,1.);
#3281 = DIRECTION('',(1.,0.));
#3282 = ( GEOMETRIC_REPRESENTATION_CONTEXT(2) 
PARAMETRIC_REPRESENTATION_CONTEXT() REPRESENTATION_CONTEXT('2D SPACE',''
  ) );
#3283 = ORIENTED_EDGE('',*,*,#3284,.F.);
#3284 = EDGE_CURVE('',#3109,#3257,#3285,.T.);
#3285 = SURFACE_CURVE('',#3286,(#3290,#3297),.PCURVE_S1.);
#3286 = LINE('',#3287,#3288);
#3287 = CARTESIAN_POINT('',(3.886962890625,-20.48,33.36650390625));
#3288 = VECTOR('',#3289,1.);
#3289 = DIRECTION('',(0.,0.,-1.));
#3290 = PCURVE('',#878,#3291);
#3291 = DEFINITIONAL_REPRESENTATION('',(#3292),#3296);
#3292 = LINE('',#3293,#3294);
#3293 = CARTESIAN_POINT('',(2.51806640625,5.2822265625));
#3294 = VECTOR('',#3295,1.);
#3295 = DIRECTION('',(0.,-1.));
#3296 = ( GEOMETRIC_REPRESENTATION_CONTEXT(2) 
PARAMETRIC_REPRESENTATION_CONTEXT() REPRESENTATION_CONTEXT('2D SPACE',''
  ) );
#3297 = PCURVE('',#3298,#3303);
#3298 = PLANE('',#3299);
#3299 = AXIS2_PLACEMENT_3D('',#3300,#3301,#3302);
#3300 = CARTESIAN_POINT('',(3.886962890625,-21.78,33.36650390625));
#3301 = DIRECTION('',(-1.,0.,0.));
#3302 = DIRECTION('',(0.,0.,-1.));
#3303 = DEFINITIONAL_REPRESENTATION('',(#3304),#3308);
#3304 = LINE('',#3305,#3306);
#3305 = CARTESIAN_POINT('',(0.,-1.3));
#3306 = VECTOR('',#3307,1.);
#3307 = DIRECTION('',(1.,0.));
#3308 = ( GEOMETRIC_REPRESENTATION_CONTEXT(2) 
PARAMETRIC_REPRESENTATION_CONTEXT() REPRESENTATION_CONTEXT('2D SPACE',''
  ) );
#3309 = ADVANCED_FACE('',(#3310),#842,.T.);
#3310 = FACE_BOUND('',#3311,.T.);
#3311 = EDGE_LOOP('',(#3312,#3313,#3314));
#3312 = ORIENTED_EDGE('',*,*,#812,.F.);
#3313 = ORIENTED_EDGE('',*,*,#3078,.T.);
#3314 = ORIENTED_EDGE('',*,*,#3315,.F.);
#3315 = EDGE_CURVE('',#750,#3056,#3316,.T.);
#3316 = SURFACE_CURVE('',#3317,(#3321,#3328),.PCURVE_S1.);
#3317 = LINE('',#3318,#3319);
#3318 = CARTESIAN_POINT('',(7.459716796875,-21.78,29.0203125));
#3319 = VECTOR('',#3320,1.);
#3320 = DIRECTION('',(-0.,1.,-0.));
#3321 = PCURVE('',#842,#3322);
#3322 = DEFINITIONAL_REPRESENTATION('',(#3323),#3327);
#3323 = LINE('',#3324,#3325);
#3324 = CARTESIAN_POINT('',(1.,0.));
#3325 = VECTOR('',#3326,1.);
#3326 = DIRECTION('',(0.,-1.));
#3327 = ( GEOMETRIC_REPRESENTATION_CONTEXT(2) 
PARAMETRIC_REPRESENTATION_CONTEXT() REPRESENTATION_CONTEXT('2D SPACE',''
  ) );
#3328 = PCURVE('',#787,#3329);
#3329 = DEFINITIONAL_REPRESENTATION('',(#3330),#3334);
#3330 = LINE('',#3331,#3332);
#3331 = CARTESIAN_POINT('',(0.,0.));
#3332 = VECTOR('',#3333,1.);
#3333 = DIRECTION('',(0.,-1.));
#3334 = ( GEOMETRIC_REPRESENTATION_CONTEXT(2) 
PARAMETRIC_REPRESENTATION_CONTEXT() REPRESENTATION_CONTEXT('2D SPACE',''
  ) );
#3335 = ADVANCED_FACE('',(#3336),#787,.T.);
#3336 = FACE_BOUND('',#3337,.T.);
#3337 = EDGE_LOOP('',(#3338,#3339,#3340,#3341));
#3338 = ORIENTED_EDGE('',*,*,#749,.T.);
#3339 = ORIENTED_EDGE('',*,*,#3315,.T.);
#3340 = ORIENTED_EDGE('',*,*,#3055,.T.);
#3341 = ORIENTED_EDGE('',*,*,#3342,.F.);
#3342 = EDGE_CURVE('',#678,#3033,#3343,.T.);
#3343 = SURFACE_CURVE('',#3344,(#3348,#3355),.PCURVE_S1.);
#3344 = LINE('',#3345,#3346);
#3345 = CARTESIAN_POINT('',(6.194091796875,-21.78,28.297412109375));
#3346 = VECTOR('',#3347,1.);
#3347 = DIRECTION('',(-0.,1.,-0.));
#3348 = PCURVE('',#787,#3349);
#3349 = DEFINITIONAL_REPRESENTATION('',(#3350),#3354);
#3350 = LINE('',#3351,#3352);
#3351 = CARTESIAN_POINT('',(1.,0.));
#3352 = VECTOR('',#3353,1.);
#3353 = DIRECTION('',(0.,-1.));
#3354 = ( GEOMETRIC_REPRESENTATION_CONTEXT(2) 
PARAMETRIC_REPRESENTATION_CONTEXT() REPRESENTATION_CONTEXT('2D SPACE',''
  ) );
#3355 = PCURVE('',#721,#3356);
#3356 = DEFINITIONAL_REPRESENTATION('',(#3357),#3361);
#3357 = LINE('',#3358,#3359);
#3358 = CARTESIAN_POINT('',(0.,0.));
#3359 = VECTOR('',#3360,1.);
#3360 = DIRECTION('',(0.,-1.));
#3361 = ( GEOMETRIC_REPRESENTATION_CONTEXT(2) 
PARAMETRIC_REPRESENTATION_CONTEXT() REPRESENTATION_CONTEXT('2D SPACE',''
  ) );
#3362 = ADVANCED_FACE('',(#3363),#721,.T.);
#3363 = FACE_BOUND('',#3364,.T.);
#3364 = EDGE_LOOP('',(#3365,#3366,#3367,#3368));
#3365 = ORIENTED_EDGE('',*,*,#677,.T.);
#3366 = ORIENTED_EDGE('',*,*,#3342,.T.);
#3367 = ORIENTED_EDGE('',*,*,#3032,.T.);
#3368 = ORIENTED_EDGE('',*,*,#3369,.F.);
#3369 = EDGE_CURVE('',#645,#3010,#3370,.T.);
#3370 = SURFACE_CURVE('',#3371,(#3375,#3382),.PCURVE_S1.);
#3371 = LINE('',#3372,#3373);
#3372 = CARTESIAN_POINT('',(3.979248046875,-21.78,28.08427734375));
#3373 = VECTOR('',#3374,1.);
#3374 = DIRECTION('',(-0.,1.,-0.));
#3375 = PCURVE('',#721,#3376);
#3376 = DEFINITIONAL_REPRESENTATION('',(#3377),#3381);
#3377 = LINE('',#3378,#3379);
#3378 = CARTESIAN_POINT('',(1.,0.));
#3379 = VECTOR('',#3380,1.);
#3380 = DIRECTION('',(0.,-1.));
#3381 = ( GEOMETRIC_REPRESENTATION_CONTEXT(2) 
PARAMETRIC_REPRESENTATION_CONTEXT() REPRESENTATION_CONTEXT('2D SPACE',''
  ) );
#3382 = PCURVE('',#661,#3383);
#3383 = DEFINITIONAL_REPRESENTATION('',(#3384),#3388);
#3384 = LINE('',#3385,#3386);
#3385 = CARTESIAN_POINT('',(0.,0.));
#3386 = VECTOR('',#3387,1.);
#3387 = DIRECTION('',(0.,-1.));
#3388 = ( GEOMETRIC_REPRESENTATION_CONTEXT(2) 
PARAMETRIC_REPRESENTATION_CONTEXT() REPRESENTATION_CONTEXT('2D SPACE',''
  ) );
#3389 = ADVANCED_FACE('',(#3390),#661,.T.);
#3390 = FACE_BOUND('',#3391,.T.);
#3391 = EDGE_LOOP('',(#3392,#3393,#3394,#3395,#3416));
#3392 = ORIENTED_EDGE('',*,*,#644,.F.);
#3393 = ORIENTED_EDGE('',*,*,#3369,.T.);
#3394 = ORIENTED_EDGE('',*,*,#3009,.T.);
#3395 = ORIENTED_EDGE('',*,*,#3396,.F.);
#3396 = EDGE_CURVE('',#2535,#2987,#3397,.T.);
#3397 = SURFACE_CURVE('',#3398,(#3402,#3409),.PCURVE_S1.);
#3398 = LINE('',#3399,#3400);
#3399 = CARTESIAN_POINT('',(2.195068359375,-21.78,28.08427734375));
#3400 = VECTOR('',#3401,1.);
#3401 = DIRECTION('',(-0.,1.,-0.));
#3402 = PCURVE('',#661,#3403);
#3403 = DEFINITIONAL_REPRESENTATION('',(#3404),#3408);
#3404 = LINE('',#3405,#3406);
#3405 = CARTESIAN_POINT('',(1.7841796875,0.));
#3406 = VECTOR('',#3407,1.);
#3407 = DIRECTION('',(0.,-1.));
#3408 = ( GEOMETRIC_REPRESENTATION_CONTEXT(2) 
PARAMETRIC_REPRESENTATION_CONTEXT() REPRESENTATION_CONTEXT('2D SPACE',''
  ) );
#3409 = PCURVE('',#2573,#3410);
#3410 = DEFINITIONAL_REPRESENTATION('',(#3411),#3415);
#3411 = LINE('',#3412,#3413);
#3412 = CARTESIAN_POINT('',(0.,0.));
#3413 = VECTOR('',#3414,1.);
#3414 = DIRECTION('',(0.,-1.));
#3415 = ( GEOMETRIC_REPRESENTATION_CONTEXT(2) 
PARAMETRIC_REPRESENTATION_CONTEXT() REPRESENTATION_CONTEXT('2D SPACE',''
  ) );
#3416 = ORIENTED_EDGE('',*,*,#2534,.F.);
#3417 = ADVANCED_FACE('',(#3418,#3453),#1562,.T.);
#3418 = FACE_BOUND('',#3419,.T.);
#3419 = EDGE_LOOP('',(#3420));
#3420 = ORIENTED_EDGE('',*,*,#3421,.T.);
#3421 = EDGE_CURVE('',#3422,#3422,#3424,.T.);
#3422 = VERTEX_POINT('',#3423);
#3423 = CARTESIAN_POINT('',(20.2,-4.947573068555E-15,104.));
#3424 = SURFACE_CURVE('',#3425,(#3430,#3441),.PCURVE_S1.);
#3425 = CIRCLE('',#3426,20.2);
#3426 = AXIS2_PLACEMENT_3D('',#3427,#3428,#3429);
#3427 = CARTESIAN_POINT('',(0.,0.,104.));
#3428 = DIRECTION('',(0.,-0.,-1.));
#3429 = DIRECTION('',(1.,-2.449293598295E-16,0.));
#3430 = PCURVE('',#1562,#3431);
#3431 = DEFINITIONAL_REPRESENTATION('',(#3432),#3440);
#3432 = ( BOUNDED_CURVE() B_SPLINE_CURVE(2,(#3433,#3434,#3435,#3436,
#3437,#3438,#3439),.UNSPECIFIED.,.T.,.F.) B_SPLINE_CURVE_WITH_KNOTS((1,2
    ,2,2,2,1),(-2.094395102393,0.,2.094395102393,4.188790204786,
6.28318530718,8.377580409573),.UNSPECIFIED.) CURVE() 
GEOMETRIC_REPRESENTATION_ITEM() RATIONAL_B_SPLINE_CURVE((1.,0.5,1.,0.5,
1.,0.5,1.)) REPRESENTATION_ITEM('') );
#3433 = CARTESIAN_POINT('',(20.2,-4.049498749181E-15));
#3434 = CARTESIAN_POINT('',(20.2,-34.98742631289));
#3435 = CARTESIAN_POINT('',(-10.1,-17.49371315644));
#3436 = CARTESIAN_POINT('',(-40.4,5.84564738793E-15));
#3437 = CARTESIAN_POINT('',(-10.1,17.493713156446));
#3438 = CARTESIAN_POINT('',(20.2,34.987426312891));
#3439 = CARTESIAN_POINT('',(20.2,-4.049498749181E-15));
#3440 = ( GEOMETRIC_REPRESENTATION_CONTEXT(2) 
PARAMETRIC_REPRESENTATION_CONTEXT() REPRESENTATION_CONTEXT('2D SPACE',''
  ) );
#3441 = PCURVE('',#3442,#3447);
#3442 = TOROIDAL_SURFACE('',#3443,20.2,1.2);
#3443 = AXIS2_PLACEMENT_3D('',#3444,#3445,#3446);
#3444 = CARTESIAN_POINT('',(0.,0.,102.8));
#3445 = DIRECTION('',(0.,0.,1.));
#3446 = DIRECTION('',(1.,-2.449293598295E-16,0.));
#3447 = DEFINITIONAL_REPRESENTATION('',(#3448),#3452);
#3448 = LINE('',#3449,#3450);
#3449 = CARTESIAN_POINT('',(-0.,1.570796326795));
#3450 = VECTOR('',#3451,1.);
#3451 = DIRECTION('',(-1.,0.));
#3452 = ( GEOMETRIC_REPRESENTATION_CONTEXT(2) 
PARAMETRIC_REPRESENTATION_CONTEXT() REPRESENTATION_CONTEXT('2D SPACE',''
  ) );
#3453 = FACE_BOUND('',#3454,.T.);
#3454 = EDGE_LOOP('',(#3455));
#3455 = ORIENTED_EDGE('',*,*,#1547,.T.);
#3456 = ADVANCED_FACE('',(#3457),#1616,.F.);
#3457 = FACE_BOUND('',#3458,.F.);
#3458 = EDGE_LOOP('',(#3459));
#3459 = ORIENTED_EDGE('',*,*,#1601,.T.);
#3460 = ADVANCED_FACE('',(#3461),#2573,.T.);
#3461 = FACE_BOUND('',#3462,.T.);
#3462 = EDGE_LOOP('',(#3463,#3464,#3465,#3466));
#3463 = ORIENTED_EDGE('',*,*,#3396,.T.);
#3464 = ORIENTED_EDGE('',*,*,#2986,.T.);
#3465 = ORIENTED_EDGE('',*,*,#2791,.F.);
#3466 = ORIENTED_EDGE('',*,*,#2557,.F.);
#3467 = ADVANCED_FACE('',(#3468),#2496,.T.);
#3468 = FACE_BOUND('',#3469,.T.);
#3469 = EDGE_LOOP('',(#3470,#3493,#3514,#3515));
#3470 = ORIENTED_EDGE('',*,*,#3471,.T.);
#3471 = EDGE_CURVE('',#2451,#3472,#3474,.T.);
#3472 = VERTEX_POINT('',#3473);
#3473 = CARTESIAN_POINT('',(9.4482421875E-02,-20.48,28.55009765625));
#3474 = SURFACE_CURVE('',#3475,(#3479,#3486),.PCURVE_S1.);
#3475 = LINE('',#3476,#3477);
#3476 = CARTESIAN_POINT('',(9.4482421875E-02,-21.78,28.55009765625));
#3477 = VECTOR('',#3478,1.);
#3478 = DIRECTION('',(-0.,1.,-0.));
#3479 = PCURVE('',#2496,#3480);
#3480 = DEFINITIONAL_REPRESENTATION('',(#3481),#3485);
#3481 = LINE('',#3482,#3483);
#3482 = CARTESIAN_POINT('',(0.,0.));
#3483 = VECTOR('',#3484,1.);
#3484 = DIRECTION('',(0.,-1.));
#3485 = ( GEOMETRIC_REPRESENTATION_CONTEXT(2) 
PARAMETRIC_REPRESENTATION_CONTEXT() REPRESENTATION_CONTEXT('2D SPACE',''
  ) );
#3486 = PCURVE('',#2466,#3487);
#3487 = DEFINITIONAL_REPRESENTATION('',(#3488),#3492);
#3488 = LINE('',#3489,#3490);
#3489 = CARTESIAN_POINT('',(1.,0.));
#3490 = VECTOR('',#3491,1.);
#3491 = DIRECTION('',(0.,-1.));
#3492 = ( GEOMETRIC_REPRESENTATION_CONTEXT(2) 
PARAMETRIC_REPRESENTATION_CONTEXT() REPRESENTATION_CONTEXT('2D SPACE',''
  ) );
#3493 = ORIENTED_EDGE('',*,*,#3494,.T.);
#3494 = EDGE_CURVE('',#3472,#2611,#3495,.T.);
#3495 = SURFACE_CURVE('',#3496,(#3500,#3507),.PCURVE_S1.);
#3496 = B_SPLINE_CURVE_WITH_KNOTS('',2,(#3497,#3498,#3499),
  .UNSPECIFIED.,.F.,.F.,(3,3),(0.,1.),.PIECEWISE_BEZIER_KNOTS.);
#3497 = CARTESIAN_POINT('',(9.4482421875E-02,-20.48,28.55009765625));
#3498 = CARTESIAN_POINT('',(-0.547119140625,-20.48,28.08427734375));
#3499 = CARTESIAN_POINT('',(-1.856689453125,-20.48,28.08427734375));
#3500 = PCURVE('',#2496,#3501);
#3501 = DEFINITIONAL_REPRESENTATION('',(#3502),#3506);
#3502 = LINE('',#3503,#3504);
#3503 = CARTESIAN_POINT('',(0.,-1.3));
#3504 = VECTOR('',#3505,1.);
#3505 = DIRECTION('',(1.,0.));
#3506 = ( GEOMETRIC_REPRESENTATION_CONTEXT(2) 
PARAMETRIC_REPRESENTATION_CONTEXT() REPRESENTATION_CONTEXT('2D SPACE',''
  ) );
#3507 = PCURVE('',#2649,#3508);
#3508 = DEFINITIONAL_REPRESENTATION('',(#3509),#3513);
#3509 = B_SPLINE_CURVE_WITH_KNOTS('',2,(#3510,#3511,#3512),
  .UNSPECIFIED.,.F.,.F.,(3,3),(0.,1.),.PIECEWISE_BEZIER_KNOTS.);
#3510 = CARTESIAN_POINT('',(5.58544921875,0.4658203125));
#3511 = CARTESIAN_POINT('',(4.94384765625,0.));
#3512 = CARTESIAN_POINT('',(3.63427734375,0.));
#3513 = ( GEOMETRIC_REPRESENTATION_CONTEXT(2) 
PARAMETRIC_REPRESENTATION_CONTEXT() REPRESENTATION_CONTEXT('2D SPACE',''
  ) );
#3514 = ORIENTED_EDGE('',*,*,#2610,.F.);
#3515 = ORIENTED_EDGE('',*,*,#2480,.F.);
#3516 = ADVANCED_FACE('',(#3517),#2466,.T.);
#3517 = FACE_BOUND('',#3518,.T.);
#3518 = EDGE_LOOP('',(#3519,#3542,#3563,#3564));
#3519 = ORIENTED_EDGE('',*,*,#3520,.T.);
#3520 = EDGE_CURVE('',#2421,#3521,#3523,.T.);
#3521 = VERTEX_POINT('',#3522);
#3522 = CARTESIAN_POINT('',(0.736083984375,-20.48,29.96513671875));
#3523 = SURFACE_CURVE('',#3524,(#3528,#3535),.PCURVE_S1.);
#3524 = LINE('',#3525,#3526);
#3525 = CARTESIAN_POINT('',(0.736083984375,-21.78,29.96513671875));
#3526 = VECTOR('',#3527,1.);
#3527 = DIRECTION('',(-0.,1.,-0.));
#3528 = PCURVE('',#2466,#3529);
#3529 = DEFINITIONAL_REPRESENTATION('',(#3530),#3534);
#3530 = LINE('',#3531,#3532);
#3531 = CARTESIAN_POINT('',(0.,0.));
#3532 = VECTOR('',#3533,1.);
#3533 = DIRECTION('',(0.,-1.));
#3534 = ( GEOMETRIC_REPRESENTATION_CONTEXT(2) 
PARAMETRIC_REPRESENTATION_CONTEXT() REPRESENTATION_CONTEXT('2D SPACE',''
  ) );
#3535 = PCURVE('',#2436,#3536);
#3536 = DEFINITIONAL_REPRESENTATION('',(#3537),#3541);
#3537 = LINE('',#3538,#3539);
#3538 = CARTESIAN_POINT('',(1.,0.));
#3539 = VECTOR('',#3540,1.);
#3540 = DIRECTION('',(0.,-1.));
#3541 = ( GEOMETRIC_REPRESENTATION_CONTEXT(2) 
PARAMETRIC_REPRESENTATION_CONTEXT() REPRESENTATION_CONTEXT('2D SPACE',''
  ) );
#3542 = ORIENTED_EDGE('',*,*,#3543,.T.);
#3543 = EDGE_CURVE('',#3521,#3472,#3544,.T.);
#3544 = SURFACE_CURVE('',#3545,(#3549,#3556),.PCURVE_S1.);
#3545 = B_SPLINE_CURVE_WITH_KNOTS('',2,(#3546,#3547,#3548),
  .UNSPECIFIED.,.F.,.F.,(3,3),(0.,1.),.PIECEWISE_BEZIER_KNOTS.);
#3546 = CARTESIAN_POINT('',(0.736083984375,-20.48,29.96513671875));
#3547 = CARTESIAN_POINT('',(0.736083984375,-20.48,29.01591796875));
#3548 = CARTESIAN_POINT('',(9.4482421875E-02,-20.48,28.55009765625));
#3549 = PCURVE('',#2466,#3550);
#3550 = DEFINITIONAL_REPRESENTATION('',(#3551),#3555);
#3551 = LINE('',#3552,#3553);
#3552 = CARTESIAN_POINT('',(0.,-1.3));
#3553 = VECTOR('',#3554,1.);
#3554 = DIRECTION('',(1.,0.));
#3555 = ( GEOMETRIC_REPRESENTATION_CONTEXT(2) 
PARAMETRIC_REPRESENTATION_CONTEXT() REPRESENTATION_CONTEXT('2D SPACE',''
  ) );
#3556 = PCURVE('',#2649,#3557);
#3557 = DEFINITIONAL_REPRESENTATION('',(#3558),#3562);
#3558 = B_SPLINE_CURVE_WITH_KNOTS('',2,(#3559,#3560,#3561),
  .UNSPECIFIED.,.F.,.F.,(3,3),(0.,1.),.PIECEWISE_BEZIER_KNOTS.);
#3559 = CARTESIAN_POINT('',(6.22705078125,1.880859375));
#3560 = CARTESIAN_POINT('',(6.22705078125,0.931640625));
#3561 = CARTESIAN_POINT('',(5.58544921875,0.4658203125));
#3562 = ( GEOMETRIC_REPRESENTATION_CONTEXT(2) 
PARAMETRIC_REPRESENTATION_CONTEXT() REPRESENTATION_CONTEXT('2D SPACE',''
  ) );
#3563 = ORIENTED_EDGE('',*,*,#3471,.F.);
#3564 = ORIENTED_EDGE('',*,*,#2450,.F.);
#3565 = ADVANCED_FACE('',(#3566),#2436,.T.);
#3566 = FACE_BOUND('',#3567,.T.);
#3567 = EDGE_LOOP('',(#3568,#3591,#3612,#3613));
#3568 = ORIENTED_EDGE('',*,*,#3569,.T.);
#3569 = EDGE_CURVE('',#2391,#3570,#3572,.T.);
#3570 = VERTEX_POINT('',#3571);
#3571 = CARTESIAN_POINT('',(0.437255859375,-20.48,31.01103515625));
#3572 = SURFACE_CURVE('',#3573,(#3577,#3584),.PCURVE_S1.);
#3573 = LINE('',#3574,#3575);
#3574 = CARTESIAN_POINT('',(0.437255859375,-21.78,31.01103515625));
#3575 = VECTOR('',#3576,1.);
#3576 = DIRECTION('',(-0.,1.,-0.));
#3577 = PCURVE('',#2436,#3578);
#3578 = DEFINITIONAL_REPRESENTATION('',(#3579),#3583);
#3579 = LINE('',#3580,#3581);
#3580 = CARTESIAN_POINT('',(0.,0.));
#3581 = VECTOR('',#3582,1.);
#3582 = DIRECTION('',(0.,-1.));
#3583 = ( GEOMETRIC_REPRESENTATION_CONTEXT(2) 
PARAMETRIC_REPRESENTATION_CONTEXT() REPRESENTATION_CONTEXT('2D SPACE',''
  ) );
#3584 = PCURVE('',#2406,#3585);
#3585 = DEFINITIONAL_REPRESENTATION('',(#3586),#3590);
#3586 = LINE('',#3587,#3588);
#3587 = CARTESIAN_POINT('',(1.,0.));
#3588 = VECTOR('',#3589,1.);
#3589 = DIRECTION('',(0.,-1.));
#3590 = ( GEOMETRIC_REPRESENTATION_CONTEXT(2) 
PARAMETRIC_REPRESENTATION_CONTEXT() REPRESENTATION_CONTEXT('2D SPACE',''
  ) );
#3591 = ORIENTED_EDGE('',*,*,#3592,.T.);
#3592 = EDGE_CURVE('',#3570,#3521,#3593,.T.);
#3593 = SURFACE_CURVE('',#3594,(#3598,#3605),.PCURVE_S1.);
#3594 = B_SPLINE_CURVE_WITH_KNOTS('',2,(#3595,#3596,#3597),
  .UNSPECIFIED.,.F.,.F.,(3,3),(0.,1.),.PIECEWISE_BEZIER_KNOTS.);
#3595 = CARTESIAN_POINT('',(0.437255859375,-20.48,31.01103515625));
#3596 = CARTESIAN_POINT('',(0.736083984375,-20.48,30.584765625));
#3597 = CARTESIAN_POINT('',(0.736083984375,-20.48,29.96513671875));
#3598 = PCURVE('',#2436,#3599);
#3599 = DEFINITIONAL_REPRESENTATION('',(#3600),#3604);
#3600 = LINE('',#3601,#3602);
#3601 = CARTESIAN_POINT('',(0.,-1.3));
#3602 = VECTOR('',#3603,1.);
#3603 = DIRECTION('',(1.,0.));
#3604 = ( GEOMETRIC_REPRESENTATION_CONTEXT(2) 
PARAMETRIC_REPRESENTATION_CONTEXT() REPRESENTATION_CONTEXT('2D SPACE',''
  ) );
#3605 = PCURVE('',#2649,#3606);
#3606 = DEFINITIONAL_REPRESENTATION('',(#3607),#3611);
#3607 = B_SPLINE_CURVE_WITH_KNOTS('',2,(#3608,#3609,#3610),
  .UNSPECIFIED.,.F.,.F.,(3,3),(0.,1.),.PIECEWISE_BEZIER_KNOTS.);
#3608 = CARTESIAN_POINT('',(5.92822265625,2.9267578125));
#3609 = CARTESIAN_POINT('',(6.22705078125,2.50048828125));
#3610 = CARTESIAN_POINT('',(6.22705078125,1.880859375));
#3611 = ( GEOMETRIC_REPRESENTATION_CONTEXT(2) 
PARAMETRIC_REPRESENTATION_CONTEXT() REPRESENTATION_CONTEXT('2D SPACE',''
  ) );
#3612 = ORIENTED_EDGE('',*,*,#3520,.F.);
#3613 = ORIENTED_EDGE('',*,*,#2420,.F.);
#3614 = ADVANCED_FACE('',(#3615),#2406,.T.);
#3615 = FACE_BOUND('',#3616,.T.);
#3616 = EDGE_LOOP('',(#3617,#3640,#3661,#3662));
#3617 = ORIENTED_EDGE('',*,*,#3618,.T.);
#3618 = EDGE_CURVE('',#2361,#3619,#3621,.T.);
#3619 = VERTEX_POINT('',#3620);
#3620 = CARTESIAN_POINT('',(-0.406494140625,-20.48,31.5955078125));
#3621 = SURFACE_CURVE('',#3622,(#3626,#3633),.PCURVE_S1.);
#3622 = LINE('',#3623,#3624);
#3623 = CARTESIAN_POINT('',(-0.406494140625,-21.78,31.5955078125));
#3624 = VECTOR('',#3625,1.);
#3625 = DIRECTION('',(-0.,1.,-0.));
#3626 = PCURVE('',#2406,#3627);
#3627 = DEFINITIONAL_REPRESENTATION('',(#3628),#3632);
#3628 = LINE('',#3629,#3630);
#3629 = CARTESIAN_POINT('',(0.,0.));
#3630 = VECTOR('',#3631,1.);
#3631 = DIRECTION('',(0.,-1.));
#3632 = ( GEOMETRIC_REPRESENTATION_CONTEXT(2) 
PARAMETRIC_REPRESENTATION_CONTEXT() REPRESENTATION_CONTEXT('2D SPACE',''
  ) );
#3633 = PCURVE('',#2376,#3634);
#3634 = DEFINITIONAL_REPRESENTATION('',(#3635),#3639);
#3635 = LINE('',#3636,#3637);
#3636 = CARTESIAN_POINT('',(1.,0.));
#3637 = VECTOR('',#3638,1.);
#3638 = DIRECTION('',(0.,-1.));
#3639 = ( GEOMETRIC_REPRESENTATION_CONTEXT(2) 
PARAMETRIC_REPRESENTATION_CONTEXT() REPRESENTATION_CONTEXT('2D SPACE',''
  ) );
#3640 = ORIENTED_EDGE('',*,*,#3641,.T.);
#3641 = EDGE_CURVE('',#3619,#3570,#3642,.T.);
#3642 = SURFACE_CURVE('',#3643,(#3647,#3654),.PCURVE_S1.);
#3643 = B_SPLINE_CURVE_WITH_KNOTS('',2,(#3644,#3645,#3646),
  .UNSPECIFIED.,.F.,.F.,(3,3),(0.,1.),.PIECEWISE_BEZIER_KNOTS.);
#3644 = CARTESIAN_POINT('',(-0.406494140625,-20.48,31.5955078125));
#3645 = CARTESIAN_POINT('',(0.138427734375,-20.48,31.4373046875));
#3646 = CARTESIAN_POINT('',(0.437255859375,-20.48,31.01103515625));
#3647 = PCURVE('',#2406,#3648);
#3648 = DEFINITIONAL_REPRESENTATION('',(#3649),#3653);
#3649 = LINE('',#3650,#3651);
#3650 = CARTESIAN_POINT('',(0.,-1.3));
#3651 = VECTOR('',#3652,1.);
#3652 = DIRECTION('',(1.,0.));
#3653 = ( GEOMETRIC_REPRESENTATION_CONTEXT(2) 
PARAMETRIC_REPRESENTATION_CONTEXT() REPRESENTATION_CONTEXT('2D SPACE',''
  ) );
#3654 = PCURVE('',#2649,#3655);
#3655 = DEFINITIONAL_REPRESENTATION('',(#3656),#3660);
#3656 = B_SPLINE_CURVE_WITH_KNOTS('',2,(#3657,#3658,#3659),
  .UNSPECIFIED.,.F.,.F.,(3,3),(0.,1.),.PIECEWISE_BEZIER_KNOTS.);
#3657 = CARTESIAN_POINT('',(5.08447265625,3.51123046875));
#3658 = CARTESIAN_POINT('',(5.62939453125,3.35302734375));
#3659 = CARTESIAN_POINT('',(5.92822265625,2.9267578125));
#3660 = ( GEOMETRIC_REPRESENTATION_CONTEXT(2) 
PARAMETRIC_REPRESENTATION_CONTEXT() REPRESENTATION_CONTEXT('2D SPACE',''
  ) );
#3661 = ORIENTED_EDGE('',*,*,#3569,.F.);
#3662 = ORIENTED_EDGE('',*,*,#2390,.F.);
#3663 = ADVANCED_FACE('',(#3664),#2376,.T.);
#3664 = FACE_BOUND('',#3665,.T.);
#3665 = EDGE_LOOP('',(#3666,#3689,#3710,#3711));
#3666 = ORIENTED_EDGE('',*,*,#3667,.T.);
#3667 = EDGE_CURVE('',#2331,#3668,#3670,.T.);
#3668 = VERTEX_POINT('',#3669);
#3669 = CARTESIAN_POINT('',(0.243896484375,-20.48,32.094287109375));
#3670 = SURFACE_CURVE('',#3671,(#3675,#3682),.PCURVE_S1.);
#3671 = LINE('',#3672,#3673);
#3672 = CARTESIAN_POINT('',(0.243896484375,-21.78,32.094287109375));
#3673 = VECTOR('',#3674,1.);
#3674 = DIRECTION('',(-0.,1.,-0.));
#3675 = PCURVE('',#2376,#3676);
#3676 = DEFINITIONAL_REPRESENTATION('',(#3677),#3681);
#3677 = LINE('',#3678,#3679);
#3678 = CARTESIAN_POINT('',(0.,0.));
#3679 = VECTOR('',#3680,1.);
#3680 = DIRECTION('',(0.,-1.));
#3681 = ( GEOMETRIC_REPRESENTATION_CONTEXT(2) 
PARAMETRIC_REPRESENTATION_CONTEXT() REPRESENTATION_CONTEXT('2D SPACE',''
  ) );
#3682 = PCURVE('',#2346,#3683);
#3683 = DEFINITIONAL_REPRESENTATION('',(#3684),#3688);
#3684 = LINE('',#3685,#3686);
#3685 = CARTESIAN_POINT('',(1.,0.));
#3686 = VECTOR('',#3687,1.);
#3687 = DIRECTION('',(0.,-1.));
#3688 = ( GEOMETRIC_REPRESENTATION_CONTEXT(2) 
PARAMETRIC_REPRESENTATION_CONTEXT() REPRESENTATION_CONTEXT('2D SPACE',''
  ) );
#3689 = ORIENTED_EDGE('',*,*,#3690,.T.);
#3690 = EDGE_CURVE('',#3668,#3619,#3691,.T.);
#3691 = SURFACE_CURVE('',#3692,(#3696,#3703),.PCURVE_S1.);
#3692 = B_SPLINE_CURVE_WITH_KNOTS('',2,(#3693,#3694,#3695),
  .UNSPECIFIED.,.F.,.F.,(3,3),(0.,1.),.PIECEWISE_BEZIER_KNOTS.);
#3693 = CARTESIAN_POINT('',(0.243896484375,-20.48,32.094287109375));
#3694 = CARTESIAN_POINT('',(1.9775390625E-02,-20.48,31.75810546875));
#3695 = CARTESIAN_POINT('',(-0.406494140625,-20.48,31.5955078125));
#3696 = PCURVE('',#2376,#3697);
#3697 = DEFINITIONAL_REPRESENTATION('',(#3698),#3702);
#3698 = LINE('',#3699,#3700);
#3699 = CARTESIAN_POINT('',(0.,-1.3));
#3700 = VECTOR('',#3701,1.);
#3701 = DIRECTION('',(1.,0.));
#3702 = ( GEOMETRIC_REPRESENTATION_CONTEXT(2) 
PARAMETRIC_REPRESENTATION_CONTEXT() REPRESENTATION_CONTEXT('2D SPACE',''
  ) );
#3703 = PCURVE('',#2649,#3704);
#3704 = DEFINITIONAL_REPRESENTATION('',(#3705),#3709);
#3705 = B_SPLINE_CURVE_WITH_KNOTS('',2,(#3706,#3707,#3708),
  .UNSPECIFIED.,.F.,.F.,(3,3),(0.,1.),.PIECEWISE_BEZIER_KNOTS.);
#3706 = CARTESIAN_POINT('',(5.73486328125,4.010009765625));
#3707 = CARTESIAN_POINT('',(5.5107421875,3.673828125));
#3708 = CARTESIAN_POINT('',(5.08447265625,3.51123046875));
#3709 = ( GEOMETRIC_REPRESENTATION_CONTEXT(2) 
PARAMETRIC_REPRESENTATION_CONTEXT() REPRESENTATION_CONTEXT('2D SPACE',''
  ) );
#3710 = ORIENTED_EDGE('',*,*,#3618,.F.);
#3711 = ORIENTED_EDGE('',*,*,#2360,.F.);
#3712 = ADVANCED_FACE('',(#3713),#2346,.T.);
#3713 = FACE_BOUND('',#3714,.T.);
#3714 = EDGE_LOOP('',(#3715,#3738,#3759,#3760));
#3715 = ORIENTED_EDGE('',*,*,#3716,.T.);
#3716 = EDGE_CURVE('',#2301,#3717,#3719,.T.);
#3717 = VERTEX_POINT('',#3718);
#3718 = CARTESIAN_POINT('',(0.468017578125,-20.48,32.90947265625));
#3719 = SURFACE_CURVE('',#3720,(#3724,#3731),.PCURVE_S1.);
#3720 = LINE('',#3721,#3722);
#3721 = CARTESIAN_POINT('',(0.468017578125,-21.78,32.90947265625));
#3722 = VECTOR('',#3723,1.);
#3723 = DIRECTION('',(-0.,1.,-0.));
#3724 = PCURVE('',#2346,#3725);
#3725 = DEFINITIONAL_REPRESENTATION('',(#3726),#3730);
#3726 = LINE('',#3727,#3728);
#3727 = CARTESIAN_POINT('',(0.,0.));
#3728 = VECTOR('',#3729,1.);
#3729 = DIRECTION('',(0.,-1.));
#3730 = ( GEOMETRIC_REPRESENTATION_CONTEXT(2) 
PARAMETRIC_REPRESENTATION_CONTEXT() REPRESENTATION_CONTEXT('2D SPACE',''
  ) );
#3731 = PCURVE('',#2316,#3732);
#3732 = DEFINITIONAL_REPRESENTATION('',(#3733),#3737);
#3733 = LINE('',#3734,#3735);
#3734 = CARTESIAN_POINT('',(1.,0.));
#3735 = VECTOR('',#3736,1.);
#3736 = DIRECTION('',(0.,-1.));
#3737 = ( GEOMETRIC_REPRESENTATION_CONTEXT(2) 
PARAMETRIC_REPRESENTATION_CONTEXT() REPRESENTATION_CONTEXT('2D SPACE',''
  ) );
#3738 = ORIENTED_EDGE('',*,*,#3739,.T.);
#3739 = EDGE_CURVE('',#3717,#3668,#3740,.T.);
#3740 = SURFACE_CURVE('',#3741,(#3745,#3752),.PCURVE_S1.);
#3741 = B_SPLINE_CURVE_WITH_KNOTS('',2,(#3742,#3743,#3744),
  .UNSPECIFIED.,.F.,.F.,(3,3),(0.,1.),.PIECEWISE_BEZIER_KNOTS.);
#3742 = CARTESIAN_POINT('',(0.468017578125,-20.48,32.90947265625));
#3743 = CARTESIAN_POINT('',(0.468017578125,-20.48,32.43046875));
#3744 = CARTESIAN_POINT('',(0.243896484375,-20.48,32.094287109375));
#3745 = PCURVE('',#2346,#3746);
#3746 = DEFINITIONAL_REPRESENTATION('',(#3747),#3751);
#3747 = LINE('',#3748,#3749);
#3748 = CARTESIAN_POINT('',(0.,-1.3));
#3749 = VECTOR('',#3750,1.);
#3750 = DIRECTION('',(1.,0.));
#3751 = ( GEOMETRIC_REPRESENTATION_CONTEXT(2) 
PARAMETRIC_REPRESENTATION_CONTEXT() REPRESENTATION_CONTEXT('2D SPACE',''
  ) );
#3752 = PCURVE('',#2649,#3753);
#3753 = DEFINITIONAL_REPRESENTATION('',(#3754),#3758);
#3754 = B_SPLINE_CURVE_WITH_KNOTS('',2,(#3755,#3756,#3757),
  .UNSPECIFIED.,.F.,.F.,(3,3),(0.,1.),.PIECEWISE_BEZIER_KNOTS.);
#3755 = CARTESIAN_POINT('',(5.958984375,4.8251953125));
#3756 = CARTESIAN_POINT('',(5.958984375,4.34619140625));
#3757 = CARTESIAN_POINT('',(5.73486328125,4.010009765625));
#3758 = ( GEOMETRIC_REPRESENTATION_CONTEXT(2) 
PARAMETRIC_REPRESENTATION_CONTEXT() REPRESENTATION_CONTEXT('2D SPACE',''
  ) );
#3759 = ORIENTED_EDGE('',*,*,#3667,.F.);
#3760 = ORIENTED_EDGE('',*,*,#2330,.F.);
#3761 = ADVANCED_FACE('',(#3762),#2316,.T.);
#3762 = FACE_BOUND('',#3763,.T.);
#3763 = EDGE_LOOP('',(#3764,#3787,#3808,#3809));
#3764 = ORIENTED_EDGE('',*,*,#3765,.T.);
#3765 = EDGE_CURVE('',#2271,#3766,#3768,.T.);
#3766 = VERTEX_POINT('',#3767);
#3767 = CARTESIAN_POINT('',(-0.14501953125,-20.48,34.2322265625));
#3768 = SURFACE_CURVE('',#3769,(#3773,#3780),.PCURVE_S1.);
#3769 = LINE('',#3770,#3771);
#3770 = CARTESIAN_POINT('',(-0.14501953125,-21.78,34.2322265625));
#3771 = VECTOR('',#3772,1.);
#3772 = DIRECTION('',(-0.,1.,-0.));
#3773 = PCURVE('',#2316,#3774);
#3774 = DEFINITIONAL_REPRESENTATION('',(#3775),#3779);
#3775 = LINE('',#3776,#3777);
#3776 = CARTESIAN_POINT('',(0.,0.));
#3777 = VECTOR('',#3778,1.);
#3778 = DIRECTION('',(0.,-1.));
#3779 = ( GEOMETRIC_REPRESENTATION_CONTEXT(2) 
PARAMETRIC_REPRESENTATION_CONTEXT() REPRESENTATION_CONTEXT('2D SPACE',''
  ) );
#3780 = PCURVE('',#2286,#3781);
#3781 = DEFINITIONAL_REPRESENTATION('',(#3782),#3786);
#3782 = LINE('',#3783,#3784);
#3783 = CARTESIAN_POINT('',(1.,0.));
#3784 = VECTOR('',#3785,1.);
#3785 = DIRECTION('',(0.,-1.));
#3786 = ( GEOMETRIC_REPRESENTATION_CONTEXT(2) 
PARAMETRIC_REPRESENTATION_CONTEXT() REPRESENTATION_CONTEXT('2D SPACE',''
  ) );
#3787 = ORIENTED_EDGE('',*,*,#3788,.T.);
#3788 = EDGE_CURVE('',#3766,#3717,#3789,.T.);
#3789 = SURFACE_CURVE('',#3790,(#3794,#3801),.PCURVE_S1.);
#3790 = B_SPLINE_CURVE_WITH_KNOTS('',2,(#3791,#3792,#3793),
  .UNSPECIFIED.,.F.,.F.,(3,3),(0.,1.),.PIECEWISE_BEZIER_KNOTS.);
#3791 = CARTESIAN_POINT('',(-0.14501953125,-20.48,34.2322265625));
#3792 = CARTESIAN_POINT('',(0.468017578125,-20.48,33.819140625));
#3793 = CARTESIAN_POINT('',(0.468017578125,-20.48,32.90947265625));
#3794 = PCURVE('',#2316,#3795);
#3795 = DEFINITIONAL_REPRESENTATION('',(#3796),#3800);
#3796 = LINE('',#3797,#3798);
#3797 = CARTESIAN_POINT('',(0.,-1.3));
#3798 = VECTOR('',#3799,1.);
#3799 = DIRECTION('',(1.,0.));
#3800 = ( GEOMETRIC_REPRESENTATION_CONTEXT(2) 
PARAMETRIC_REPRESENTATION_CONTEXT() REPRESENTATION_CONTEXT('2D SPACE',''
  ) );
#3801 = PCURVE('',#2649,#3802);
#3802 = DEFINITIONAL_REPRESENTATION('',(#3803),#3807);
#3803 = B_SPLINE_CURVE_WITH_KNOTS('',2,(#3804,#3805,#3806),
  .UNSPECIFIED.,.F.,.F.,(3,3),(0.,1.),.PIECEWISE_BEZIER_KNOTS.);
#3804 = CARTESIAN_POINT('',(5.345947265625,6.14794921875));
#3805 = CARTESIAN_POINT('',(5.958984375,5.73486328125));
#3806 = CARTESIAN_POINT('',(5.958984375,4.8251953125));
#3807 = ( GEOMETRIC_REPRESENTATION_CONTEXT(2) 
PARAMETRIC_REPRESENTATION_CONTEXT() REPRESENTATION_CONTEXT('2D SPACE',''
  ) );
#3808 = ORIENTED_EDGE('',*,*,#3716,.F.);
#3809 = ORIENTED_EDGE('',*,*,#2300,.F.);
#3810 = ADVANCED_FACE('',(#3811),#2286,.T.);
#3811 = FACE_BOUND('',#3812,.T.);
#3812 = EDGE_LOOP('',(#3813,#3814,#3835,#3836));
#3813 = ORIENTED_EDGE('',*,*,#2760,.T.);
#3814 = ORIENTED_EDGE('',*,*,#3815,.T.);
#3815 = EDGE_CURVE('',#2738,#3766,#3816,.T.);
#3816 = SURFACE_CURVE('',#3817,(#3821,#3828),.PCURVE_S1.);
#3817 = B_SPLINE_CURVE_WITH_KNOTS('',2,(#3818,#3819,#3820),
  .UNSPECIFIED.,.F.,.F.,(3,3),(0.,1.),.PIECEWISE_BEZIER_KNOTS.);
#3818 = CARTESIAN_POINT('',(-2.124755859375,-20.48,34.6453125));
#3819 = CARTESIAN_POINT('',(-0.758056640625,-20.48,34.6453125));
#3820 = CARTESIAN_POINT('',(-0.14501953125,-20.48,34.2322265625));
#3821 = PCURVE('',#2286,#3822);
#3822 = DEFINITIONAL_REPRESENTATION('',(#3823),#3827);
#3823 = LINE('',#3824,#3825);
#3824 = CARTESIAN_POINT('',(0.,-1.3));
#3825 = VECTOR('',#3826,1.);
#3826 = DIRECTION('',(1.,0.));
#3827 = ( GEOMETRIC_REPRESENTATION_CONTEXT(2) 
PARAMETRIC_REPRESENTATION_CONTEXT() REPRESENTATION_CONTEXT('2D SPACE',''
  ) );
#3828 = PCURVE('',#2649,#3829);
#3829 = DEFINITIONAL_REPRESENTATION('',(#3830),#3834);
#3830 = B_SPLINE_CURVE_WITH_KNOTS('',2,(#3831,#3832,#3833),
  .UNSPECIFIED.,.F.,.F.,(3,3),(0.,1.),.PIECEWISE_BEZIER_KNOTS.);
#3831 = CARTESIAN_POINT('',(3.3662109375,6.56103515625));
#3832 = CARTESIAN_POINT('',(4.73291015625,6.56103515625));
#3833 = CARTESIAN_POINT('',(5.345947265625,6.14794921875));
#3834 = ( GEOMETRIC_REPRESENTATION_CONTEXT(2) 
PARAMETRIC_REPRESENTATION_CONTEXT() REPRESENTATION_CONTEXT('2D SPACE',''
  ) );
#3835 = ORIENTED_EDGE('',*,*,#3765,.F.);
#3836 = ORIENTED_EDGE('',*,*,#2270,.F.);
#3837 = ADVANCED_FACE('',(#3838,#3851,#4057),#2649,.T.);
#3838 = FACE_BOUND('',#3839,.F.);
#3839 = EDGE_LOOP('',(#3840,#3841,#3842,#3843,#3844,#3845,#3846,#3847,
    #3848,#3849,#3850));
#3840 = ORIENTED_EDGE('',*,*,#3641,.T.);
#3841 = ORIENTED_EDGE('',*,*,#3592,.T.);
#3842 = ORIENTED_EDGE('',*,*,#3543,.T.);
#3843 = ORIENTED_EDGE('',*,*,#3494,.T.);
#3844 = ORIENTED_EDGE('',*,*,#2633,.T.);
#3845 = ORIENTED_EDGE('',*,*,#2688,.T.);
#3846 = ORIENTED_EDGE('',*,*,#2737,.T.);
#3847 = ORIENTED_EDGE('',*,*,#3815,.T.);
#3848 = ORIENTED_EDGE('',*,*,#3788,.T.);
#3849 = ORIENTED_EDGE('',*,*,#3739,.T.);
#3850 = ORIENTED_EDGE('',*,*,#3690,.T.);
#3851 = FACE_BOUND('',#3852,.F.);
#3852 = EDGE_LOOP('',(#3853,#3883,#3913,#3943,#3973,#4003,#4031));
#3853 = ORIENTED_EDGE('',*,*,#3854,.T.);
#3854 = EDGE_CURVE('',#3855,#3857,#3859,.T.);
#3855 = VERTEX_POINT('',#3856);
#3856 = CARTESIAN_POINT('',(-2.972900390625,-20.48,32.1052734375));
#3857 = VERTEX_POINT('',#3858);
#3858 = CARTESIAN_POINT('',(-2.036865234375,-20.48,32.1052734375));
#3859 = SURFACE_CURVE('',#3860,(#3864,#3871),.PCURVE_S1.);
#3860 = LINE('',#3861,#3862);
#3861 = CARTESIAN_POINT('',(-2.972900390625,-20.48,32.1052734375));
#3862 = VECTOR('',#3863,1.);
#3863 = DIRECTION('',(1.,0.,0.));
#3864 = PCURVE('',#2649,#3865);
#3865 = DEFINITIONAL_REPRESENTATION('',(#3866),#3870);
#3866 = LINE('',#3867,#3868);
#3867 = CARTESIAN_POINT('',(2.51806640625,4.02099609375));
#3868 = VECTOR('',#3869,1.);
#3869 = DIRECTION('',(1.,0.));
#3870 = ( GEOMETRIC_REPRESENTATION_CONTEXT(2) 
PARAMETRIC_REPRESENTATION_CONTEXT() REPRESENTATION_CONTEXT('2D SPACE',''
  ) );
#3871 = PCURVE('',#3872,#3877);
#3872 = PLANE('',#3873);
#3873 = AXIS2_PLACEMENT_3D('',#3874,#3875,#3876);
#3874 = CARTESIAN_POINT('',(-2.972900390625,-21.78,32.1052734375));
#3875 = DIRECTION('',(0.,0.,-1.));
#3876 = DIRECTION('',(1.,0.,0.));
#3877 = DEFINITIONAL_REPRESENTATION('',(#3878),#3882);
#3878 = LINE('',#3879,#3880);
#3879 = CARTESIAN_POINT('',(0.,-1.3));
#3880 = VECTOR('',#3881,1.);
#3881 = DIRECTION('',(1.,0.));
#3882 = ( GEOMETRIC_REPRESENTATION_CONTEXT(2) 
PARAMETRIC_REPRESENTATION_CONTEXT() REPRESENTATION_CONTEXT('2D SPACE',''
  ) );
#3883 = ORIENTED_EDGE('',*,*,#3884,.T.);
#3884 = EDGE_CURVE('',#3857,#3885,#3887,.T.);
#3885 = VERTEX_POINT('',#3886);
#3886 = CARTESIAN_POINT('',(-1.430419921875,-20.48,32.2810546875));
#3887 = SURFACE_CURVE('',#3888,(#3892,#3899),.PCURVE_S1.);
#3888 = B_SPLINE_CURVE_WITH_KNOTS('',2,(#3889,#3890,#3891),
  .UNSPECIFIED.,.F.,.F.,(3,3),(0.,1.),.PIECEWISE_BEZIER_KNOTS.);
#3889 = CARTESIAN_POINT('',(-2.036865234375,-20.48,32.1052734375));
#3890 = CARTESIAN_POINT('',(-1.636962890625,-20.48,32.1052734375));
#3891 = CARTESIAN_POINT('',(-1.430419921875,-20.48,32.2810546875));
#3892 = PCURVE('',#2649,#3893);
#3893 = DEFINITIONAL_REPRESENTATION('',(#3894),#3898);
#3894 = B_SPLINE_CURVE_WITH_KNOTS('',2,(#3895,#3896,#3897),
  .UNSPECIFIED.,.F.,.F.,(3,3),(0.,1.),.PIECEWISE_BEZIER_KNOTS.);
#3895 = CARTESIAN_POINT('',(3.4541015625,4.02099609375));
#3896 = CARTESIAN_POINT('',(3.85400390625,4.02099609375));
#3897 = CARTESIAN_POINT('',(4.060546875,4.19677734375));
#3898 = ( GEOMETRIC_REPRESENTATION_CONTEXT(2) 
PARAMETRIC_REPRESENTATION_CONTEXT() REPRESENTATION_CONTEXT('2D SPACE',''
  ) );
#3899 = PCURVE('',#3900,#3907);
#3900 = SURFACE_OF_LINEAR_EXTRUSION('',#3901,#3905);
#3901 = B_SPLINE_CURVE_WITH_KNOTS('',2,(#3902,#3903,#3904),
  .UNSPECIFIED.,.F.,.F.,(3,3),(0.,1.),.PIECEWISE_BEZIER_KNOTS.);
#3902 = CARTESIAN_POINT('',(-2.036865234375,-21.78,32.1052734375));
#3903 = CARTESIAN_POINT('',(-1.636962890625,-21.78,32.1052734375));
#3904 = CARTESIAN_POINT('',(-1.430419921875,-21.78,32.2810546875));
#3905 = VECTOR('',#3906,1.);
#3906 = DIRECTION('',(0.,-1.,0.));
#3907 = DEFINITIONAL_REPRESENTATION('',(#3908),#3912);
#3908 = LINE('',#3909,#3910);
#3909 = CARTESIAN_POINT('',(0.,-1.3));
#3910 = VECTOR('',#3911,1.);
#3911 = DIRECTION('',(1.,0.));
#3912 = ( GEOMETRIC_REPRESENTATION_CONTEXT(2) 
PARAMETRIC_REPRESENTATION_CONTEXT() REPRESENTATION_CONTEXT('2D SPACE',''
  ) );
#3913 = ORIENTED_EDGE('',*,*,#3914,.T.);
#3914 = EDGE_CURVE('',#3885,#3915,#3917,.T.);
#3915 = VERTEX_POINT('',#3916);
#3916 = CARTESIAN_POINT('',(-1.223876953125,-20.48,32.799609375));
#3917 = SURFACE_CURVE('',#3918,(#3922,#3929),.PCURVE_S1.);
#3918 = B_SPLINE_CURVE_WITH_KNOTS('',2,(#3919,#3920,#3921),
  .UNSPECIFIED.,.F.,.F.,(3,3),(0.,1.),.PIECEWISE_BEZIER_KNOTS.);
#3919 = CARTESIAN_POINT('',(-1.430419921875,-20.48,32.2810546875));
#3920 = CARTESIAN_POINT('',(-1.223876953125,-20.48,32.4568359375));
#3921 = CARTESIAN_POINT('',(-1.223876953125,-20.48,32.799609375));
#3922 = PCURVE('',#2649,#3923);
#3923 = DEFINITIONAL_REPRESENTATION('',(#3924),#3928);
#3924 = B_SPLINE_CURVE_WITH_KNOTS('',2,(#3925,#3926,#3927),
  .UNSPECIFIED.,.F.,.F.,(3,3),(0.,1.),.PIECEWISE_BEZIER_KNOTS.);
#3925 = CARTESIAN_POINT('',(4.060546875,4.19677734375));
#3926 = CARTESIAN_POINT('',(4.26708984375,4.37255859375));
#3927 = CARTESIAN_POINT('',(4.26708984375,4.71533203125));
#3928 = ( GEOMETRIC_REPRESENTATION_CONTEXT(2) 
PARAMETRIC_REPRESENTATION_CONTEXT() REPRESENTATION_CONTEXT('2D SPACE',''
  ) );
#3929 = PCURVE('',#3930,#3937);
#3930 = SURFACE_OF_LINEAR_EXTRUSION('',#3931,#3935);
#3931 = B_SPLINE_CURVE_WITH_KNOTS('',2,(#3932,#3933,#3934),
  .UNSPECIFIED.,.F.,.F.,(3,3),(0.,1.),.PIECEWISE_BEZIER_KNOTS.);
#3932 = CARTESIAN_POINT('',(-1.430419921875,-21.78,32.2810546875));
#3933 = CARTESIAN_POINT('',(-1.223876953125,-21.78,32.4568359375));
#3934 = CARTESIAN_POINT('',(-1.223876953125,-21.78,32.799609375));
#3935 = VECTOR('',#3936,1.);
#3936 = DIRECTION('',(0.,-1.,0.));
#3937 = DEFINITIONAL_REPRESENTATION('',(#3938),#3942);
#3938 = LINE('',#3939,#3940);
#3939 = CARTESIAN_POINT('',(0.,-1.3));
#3940 = VECTOR('',#3941,1.);
#3941 = DIRECTION('',(1.,0.));
#3942 = ( GEOMETRIC_REPRESENTATION_CONTEXT(2) 
PARAMETRIC_REPRESENTATION_CONTEXT() REPRESENTATION_CONTEXT('2D SPACE',''
  ) );
#3943 = ORIENTED_EDGE('',*,*,#3944,.T.);
#3944 = EDGE_CURVE('',#3915,#3945,#3947,.T.);
#3945 = VERTEX_POINT('',#3946);
#3946 = CARTESIAN_POINT('',(-1.430419921875,-20.48,33.315966796875));
#3947 = SURFACE_CURVE('',#3948,(#3952,#3959),.PCURVE_S1.);
#3948 = B_SPLINE_CURVE_WITH_KNOTS('',2,(#3949,#3950,#3951),
  .UNSPECIFIED.,.F.,.F.,(3,3),(0.,1.),.PIECEWISE_BEZIER_KNOTS.);
#3949 = CARTESIAN_POINT('',(-1.223876953125,-20.48,32.799609375));
#3950 = CARTESIAN_POINT('',(-1.223876953125,-20.48,33.13798828125));
#3951 = CARTESIAN_POINT('',(-1.430419921875,-20.48,33.315966796875));
#3952 = PCURVE('',#2649,#3953);
#3953 = DEFINITIONAL_REPRESENTATION('',(#3954),#3958);
#3954 = B_SPLINE_CURVE_WITH_KNOTS('',2,(#3955,#3956,#3957),
  .UNSPECIFIED.,.F.,.F.,(3,3),(0.,1.),.PIECEWISE_BEZIER_KNOTS.);
#3955 = CARTESIAN_POINT('',(4.26708984375,4.71533203125));
#3956 = CARTESIAN_POINT('',(4.26708984375,5.0537109375));
#3957 = CARTESIAN_POINT('',(4.060546875,5.231689453125));
#3958 = ( GEOMETRIC_REPRESENTATION_CONTEXT(2) 
PARAMETRIC_REPRESENTATION_CONTEXT() REPRESENTATION_CONTEXT('2D SPACE',''
  ) );
#3959 = PCURVE('',#3960,#3967);
#3960 = SURFACE_OF_LINEAR_EXTRUSION('',#3961,#3965);
#3961 = B_SPLINE_CURVE_WITH_KNOTS('',2,(#3962,#3963,#3964),
  .UNSPECIFIED.,.F.,.F.,(3,3),(0.,1.),.PIECEWISE_BEZIER_KNOTS.);
#3962 = CARTESIAN_POINT('',(-1.223876953125,-21.78,32.799609375));
#3963 = CARTESIAN_POINT('',(-1.223876953125,-21.78,33.13798828125));
#3964 = CARTESIAN_POINT('',(-1.430419921875,-21.78,33.315966796875));
#3965 = VECTOR('',#3966,1.);
#3966 = DIRECTION('',(0.,-1.,0.));
#3967 = DEFINITIONAL_REPRESENTATION('',(#3968),#3972);
#3968 = LINE('',#3969,#3970);
#3969 = CARTESIAN_POINT('',(0.,-1.3));
#3970 = VECTOR('',#3971,1.);
#3971 = DIRECTION('',(1.,0.));
#3972 = ( GEOMETRIC_REPRESENTATION_CONTEXT(2) 
PARAMETRIC_REPRESENTATION_CONTEXT() REPRESENTATION_CONTEXT('2D SPACE',''
  ) );
#3973 = ORIENTED_EDGE('',*,*,#3974,.T.);
#3974 = EDGE_CURVE('',#3945,#3975,#3977,.T.);
#3975 = VERTEX_POINT('',#3976);
#3976 = CARTESIAN_POINT('',(-2.036865234375,-20.48,33.4939453125));
#3977 = SURFACE_CURVE('',#3978,(#3982,#3989),.PCURVE_S1.);
#3978 = B_SPLINE_CURVE_WITH_KNOTS('',2,(#3979,#3980,#3981),
  .UNSPECIFIED.,.F.,.F.,(3,3),(0.,1.),.PIECEWISE_BEZIER_KNOTS.);
#3979 = CARTESIAN_POINT('',(-1.430419921875,-20.48,33.315966796875));
#3980 = CARTESIAN_POINT('',(-1.636962890625,-20.48,33.4939453125));
#3981 = CARTESIAN_POINT('',(-2.036865234375,-20.48,33.4939453125));
#3982 = PCURVE('',#2649,#3983);
#3983 = DEFINITIONAL_REPRESENTATION('',(#3984),#3988);
#3984 = B_SPLINE_CURVE_WITH_KNOTS('',2,(#3985,#3986,#3987),
  .UNSPECIFIED.,.F.,.F.,(3,3),(0.,1.),.PIECEWISE_BEZIER_KNOTS.);
#3985 = CARTESIAN_POINT('',(4.060546875,5.231689453125));
#3986 = CARTESIAN_POINT('',(3.85400390625,5.40966796875));
#3987 = CARTESIAN_POINT('',(3.4541015625,5.40966796875));
#3988 = ( GEOMETRIC_REPRESENTATION_CONTEXT(2) 
PARAMETRIC_REPRESENTATION_CONTEXT() REPRESENTATION_CONTEXT('2D SPACE',''
  ) );
#3989 = PCURVE('',#3990,#3997);
#3990 = SURFACE_OF_LINEAR_EXTRUSION('',#3991,#3995);
#3991 = B_SPLINE_CURVE_WITH_KNOTS('',2,(#3992,#3993,#3994),
  .UNSPECIFIED.,.F.,.F.,(3,3),(0.,1.),.PIECEWISE_BEZIER_KNOTS.);
#3992 = CARTESIAN_POINT('',(-1.430419921875,-21.78,33.315966796875));
#3993 = CARTESIAN_POINT('',(-1.636962890625,-21.78,33.4939453125));
#3994 = CARTESIAN_POINT('',(-2.036865234375,-21.78,33.4939453125));
#3995 = VECTOR('',#3996,1.);
#3996 = DIRECTION('',(0.,-1.,0.));
#3997 = DEFINITIONAL_REPRESENTATION('',(#3998),#4002);
#3998 = LINE('',#3999,#4000);
#3999 = CARTESIAN_POINT('',(0.,-1.3));
#4000 = VECTOR('',#4001,1.);
#4001 = DIRECTION('',(1.,0.));
#4002 = ( GEOMETRIC_REPRESENTATION_CONTEXT(2) 
PARAMETRIC_REPRESENTATION_CONTEXT() REPRESENTATION_CONTEXT('2D SPACE',''
  ) );
#4003 = ORIENTED_EDGE('',*,*,#4004,.T.);
#4004 = EDGE_CURVE('',#3975,#4005,#4007,.T.);
#4005 = VERTEX_POINT('',#4006);
#4006 = CARTESIAN_POINT('',(-2.972900390625,-20.48,33.4939453125));
#4007 = SURFACE_CURVE('',#4008,(#4012,#4019),.PCURVE_S1.);
#4008 = LINE('',#4009,#4010);
#4009 = CARTESIAN_POINT('',(-2.036865234375,-20.48,33.4939453125));
#4010 = VECTOR('',#4011,1.);
#4011 = DIRECTION('',(-1.,0.,0.));
#4012 = PCURVE('',#2649,#4013);
#4013 = DEFINITIONAL_REPRESENTATION('',(#4014),#4018);
#4014 = LINE('',#4015,#4016);
#4015 = CARTESIAN_POINT('',(3.4541015625,5.40966796875));
#4016 = VECTOR('',#4017,1.);
#4017 = DIRECTION('',(-1.,0.));
#4018 = ( GEOMETRIC_REPRESENTATION_CONTEXT(2) 
PARAMETRIC_REPRESENTATION_CONTEXT() REPRESENTATION_CONTEXT('2D SPACE',''
  ) );
#4019 = PCURVE('',#4020,#4025);
#4020 = PLANE('',#4021);
#4021 = AXIS2_PLACEMENT_3D('',#4022,#4023,#4024);
#4022 = CARTESIAN_POINT('',(-2.036865234375,-21.78,33.4939453125));
#4023 = DIRECTION('',(0.,0.,1.));
#4024 = DIRECTION('',(-1.,0.,0.));
#4025 = DEFINITIONAL_REPRESENTATION('',(#4026),#4030);
#4026 = LINE('',#4027,#4028);
#4027 = CARTESIAN_POINT('',(0.,-1.3));
#4028 = VECTOR('',#4029,1.);
#4029 = DIRECTION('',(1.,0.));
#4030 = ( GEOMETRIC_REPRESENTATION_CONTEXT(2) 
PARAMETRIC_REPRESENTATION_CONTEXT() REPRESENTATION_CONTEXT('2D SPACE',''
  ) );
#4031 = ORIENTED_EDGE('',*,*,#4032,.T.);
#4032 = EDGE_CURVE('',#4005,#3855,#4033,.T.);
#4033 = SURFACE_CURVE('',#4034,(#4038,#4045),.PCURVE_S1.);
#4034 = LINE('',#4035,#4036);
#4035 = CARTESIAN_POINT('',(-2.972900390625,-20.48,33.4939453125));
#4036 = VECTOR('',#4037,1.);
#4037 = DIRECTION('',(0.,0.,-1.));
#4038 = PCURVE('',#2649,#4039);
#4039 = DEFINITIONAL_REPRESENTATION('',(#4040),#4044);
#4040 = LINE('',#4041,#4042);
#4041 = CARTESIAN_POINT('',(2.51806640625,5.40966796875));
#4042 = VECTOR('',#4043,1.);
#4043 = DIRECTION('',(0.,-1.));
#4044 = ( GEOMETRIC_REPRESENTATION_CONTEXT(2) 
PARAMETRIC_REPRESENTATION_CONTEXT() REPRESENTATION_CONTEXT('2D SPACE',''
  ) );
#4045 = PCURVE('',#4046,#4051);
#4046 = PLANE('',#4047);
#4047 = AXIS2_PLACEMENT_3D('',#4048,#4049,#4050);
#4048 = CARTESIAN_POINT('',(-2.972900390625,-21.78,33.4939453125));
#4049 = DIRECTION('',(-1.,0.,0.));
#4050 = DIRECTION('',(0.,0.,-1.));
#4051 = DEFINITIONAL_REPRESENTATION('',(#4052),#4056);
#4052 = LINE('',#4053,#4054);
#4053 = CARTESIAN_POINT('',(0.,-1.3));
#4054 = VECTOR('',#4055,1.);
#4055 = DIRECTION('',(1.,0.));
#4056 = ( GEOMETRIC_REPRESENTATION_CONTEXT(2) 
PARAMETRIC_REPRESENTATION_CONTEXT() REPRESENTATION_CONTEXT('2D SPACE',''
  ) );
#4057 = FACE_BOUND('',#4058,.F.);
#4058 = EDGE_LOOP('',(#4059,#4089,#4119,#4149,#4179,#4209,#4237));
#4059 = ORIENTED_EDGE('',*,*,#4060,.T.);
#4060 = EDGE_CURVE('',#4061,#4063,#4065,.T.);
#4061 = VERTEX_POINT('',#4062);
#4062 = CARTESIAN_POINT('',(-2.972900390625,-20.48,29.23564453125));
#4063 = VERTEX_POINT('',#4064);
#4064 = CARTESIAN_POINT('',(-1.979736328125,-20.48,29.23564453125));
#4065 = SURFACE_CURVE('',#4066,(#4070,#4077),.PCURVE_S1.);
#4066 = LINE('',#4067,#4068);
#4067 = CARTESIAN_POINT('',(-2.972900390625,-20.48,29.23564453125));
#4068 = VECTOR('',#4069,1.);
#4069 = DIRECTION('',(1.,0.,0.));
#4070 = PCURVE('',#2649,#4071);
#4071 = DEFINITIONAL_REPRESENTATION('',(#4072),#4076);
#4072 = LINE('',#4073,#4074);
#4073 = CARTESIAN_POINT('',(2.51806640625,1.1513671875));
#4074 = VECTOR('',#4075,1.);
#4075 = DIRECTION('',(1.,0.));
#4076 = ( GEOMETRIC_REPRESENTATION_CONTEXT(2) 
PARAMETRIC_REPRESENTATION_CONTEXT() REPRESENTATION_CONTEXT('2D SPACE',''
  ) );
#4077 = PCURVE('',#4078,#4083);
#4078 = PLANE('',#4079);
#4079 = AXIS2_PLACEMENT_3D('',#4080,#4081,#4082);
#4080 = CARTESIAN_POINT('',(-2.972900390625,-21.78,29.23564453125));
#4081 = DIRECTION('',(0.,0.,-1.));
#4082 = DIRECTION('',(1.,0.,0.));
#4083 = DEFINITIONAL_REPRESENTATION('',(#4084),#4088);
#4084 = LINE('',#4085,#4086);
#4085 = CARTESIAN_POINT('',(0.,-1.3));
#4086 = VECTOR('',#4087,1.);
#4087 = DIRECTION('',(1.,0.));
#4088 = ( GEOMETRIC_REPRESENTATION_CONTEXT(2) 
PARAMETRIC_REPRESENTATION_CONTEXT() REPRESENTATION_CONTEXT('2D SPACE',''
  ) );
#4089 = ORIENTED_EDGE('',*,*,#4090,.T.);
#4090 = EDGE_CURVE('',#4063,#4091,#4093,.T.);
#4091 = VERTEX_POINT('',#4092);
#4092 = CARTESIAN_POINT('',(-1.212890625,-20.48,29.4509765625));
#4093 = SURFACE_CURVE('',#4094,(#4098,#4105),.PCURVE_S1.);
#4094 = B_SPLINE_CURVE_WITH_KNOTS('',2,(#4095,#4096,#4097),
  .UNSPECIFIED.,.F.,.F.,(3,3),(0.,1.),.PIECEWISE_BEZIER_KNOTS.);
#4095 = CARTESIAN_POINT('',(-1.979736328125,-20.48,29.23564453125));
#4096 = CARTESIAN_POINT('',(-1.469970703125,-20.48,29.23564453125));
#4097 = CARTESIAN_POINT('',(-1.212890625,-20.48,29.4509765625));
#4098 = PCURVE('',#2649,#4099);
#4099 = DEFINITIONAL_REPRESENTATION('',(#4100),#4104);
#4100 = B_SPLINE_CURVE_WITH_KNOTS('',2,(#4101,#4102,#4103),
  .UNSPECIFIED.,.F.,.F.,(3,3),(0.,1.),.PIECEWISE_BEZIER_KNOTS.);
#4101 = CARTESIAN_POINT('',(3.51123046875,1.1513671875));
#4102 = CARTESIAN_POINT('',(4.02099609375,1.1513671875));
#4103 = CARTESIAN_POINT('',(4.278076171875,1.36669921875));
#4104 = ( GEOMETRIC_REPRESENTATION_CONTEXT(2) 
PARAMETRIC_REPRESENTATION_CONTEXT() REPRESENTATION_CONTEXT('2D SPACE',''
  ) );
#4105 = PCURVE('',#4106,#4113);
#4106 = SURFACE_OF_LINEAR_EXTRUSION('',#4107,#4111);
#4107 = B_SPLINE_CURVE_WITH_KNOTS('',2,(#4108,#4109,#4110),
  .UNSPECIFIED.,.F.,.F.,(3,3),(0.,1.),.PIECEWISE_BEZIER_KNOTS.);
#4108 = CARTESIAN_POINT('',(-1.979736328125,-21.78,29.23564453125));
#4109 = CARTESIAN_POINT('',(-1.469970703125,-21.78,29.23564453125));
#4110 = CARTESIAN_POINT('',(-1.212890625,-21.78,29.4509765625));
#4111 = VECTOR('',#4112,1.);
#4112 = DIRECTION('',(0.,-1.,0.));
#4113 = DEFINITIONAL_REPRESENTATION('',(#4114),#4118);
#4114 = LINE('',#4115,#4116);
#4115 = CARTESIAN_POINT('',(0.,-1.3));
#4116 = VECTOR('',#4117,1.);
#4117 = DIRECTION('',(1.,0.));
#4118 = ( GEOMETRIC_REPRESENTATION_CONTEXT(2) 
PARAMETRIC_REPRESENTATION_CONTEXT() REPRESENTATION_CONTEXT('2D SPACE',''
  ) );
#4119 = ORIENTED_EDGE('',*,*,#4120,.T.);
#4120 = EDGE_CURVE('',#4091,#4121,#4123,.T.);
#4121 = VERTEX_POINT('',#4122);
#4122 = CARTESIAN_POINT('',(-0.955810546875,-20.48,30.1013671875));
#4123 = SURFACE_CURVE('',#4124,(#4128,#4135),.PCURVE_S1.);
#4124 = B_SPLINE_CURVE_WITH_KNOTS('',2,(#4125,#4126,#4127),
  .UNSPECIFIED.,.F.,.F.,(3,3),(0.,1.),.PIECEWISE_BEZIER_KNOTS.);
#4125 = CARTESIAN_POINT('',(-1.212890625,-20.48,29.4509765625));
#4126 = CARTESIAN_POINT('',(-0.955810546875,-20.48,29.66630859375));
#4127 = CARTESIAN_POINT('',(-0.955810546875,-20.48,30.1013671875));
#4128 = PCURVE('',#2649,#4129);
#4129 = DEFINITIONAL_REPRESENTATION('',(#4130),#4134);
#4130 = B_SPLINE_CURVE_WITH_KNOTS('',2,(#4131,#4132,#4133),
  .UNSPECIFIED.,.F.,.F.,(3,3),(0.,1.),.PIECEWISE_BEZIER_KNOTS.);
#4131 = CARTESIAN_POINT('',(4.278076171875,1.36669921875));
#4132 = CARTESIAN_POINT('',(4.53515625,1.58203125));
#4133 = CARTESIAN_POINT('',(4.53515625,2.01708984375));
#4134 = ( GEOMETRIC_REPRESENTATION_CONTEXT(2) 
PARAMETRIC_REPRESENTATION_CONTEXT() REPRESENTATION_CONTEXT('2D SPACE',''
  ) );
#4135 = PCURVE('',#4136,#4143);
#4136 = SURFACE_OF_LINEAR_EXTRUSION('',#4137,#4141);
#4137 = B_SPLINE_CURVE_WITH_KNOTS('',2,(#4138,#4139,#4140),
  .UNSPECIFIED.,.F.,.F.,(3,3),(0.,1.),.PIECEWISE_BEZIER_KNOTS.);
#4138 = CARTESIAN_POINT('',(-1.212890625,-21.78,29.4509765625));
#4139 = CARTESIAN_POINT('',(-0.955810546875,-21.78,29.66630859375));
#4140 = CARTESIAN_POINT('',(-0.955810546875,-21.78,30.1013671875));
#4141 = VECTOR('',#4142,1.);
#4142 = DIRECTION('',(0.,-1.,0.));
#4143 = DEFINITIONAL_REPRESENTATION('',(#4144),#4148);
#4144 = LINE('',#4145,#4146);
#4145 = CARTESIAN_POINT('',(0.,-1.3));
#4146 = VECTOR('',#4147,1.);
#4147 = DIRECTION('',(1.,0.));
#4148 = ( GEOMETRIC_REPRESENTATION_CONTEXT(2) 
PARAMETRIC_REPRESENTATION_CONTEXT() REPRESENTATION_CONTEXT('2D SPACE',''
  ) );
#4149 = ORIENTED_EDGE('',*,*,#4150,.T.);
#4150 = EDGE_CURVE('',#4121,#4151,#4153,.T.);
#4151 = VERTEX_POINT('',#4152);
#4152 = CARTESIAN_POINT('',(-1.210693359375,-20.48,30.740771484375));
#4153 = SURFACE_CURVE('',#4154,(#4158,#4165),.PCURVE_S1.);
#4154 = B_SPLINE_CURVE_WITH_KNOTS('',2,(#4155,#4156,#4157),
  .UNSPECIFIED.,.F.,.F.,(3,3),(0.,1.),.PIECEWISE_BEZIER_KNOTS.);
#4155 = CARTESIAN_POINT('',(-0.955810546875,-20.48,30.1013671875));
#4156 = CARTESIAN_POINT('',(-0.955810546875,-20.48,30.52763671875));
#4157 = CARTESIAN_POINT('',(-1.210693359375,-20.48,30.740771484375));
#4158 = PCURVE('',#2649,#4159);
#4159 = DEFINITIONAL_REPRESENTATION('',(#4160),#4164);
#4160 = B_SPLINE_CURVE_WITH_KNOTS('',2,(#4161,#4162,#4163),
  .UNSPECIFIED.,.F.,.F.,(3,3),(0.,1.),.PIECEWISE_BEZIER_KNOTS.);
#4161 = CARTESIAN_POINT('',(4.53515625,2.01708984375));
#4162 = CARTESIAN_POINT('',(4.53515625,2.443359375));
#4163 = CARTESIAN_POINT('',(4.2802734375,2.656494140625));
#4164 = ( GEOMETRIC_REPRESENTATION_CONTEXT(2) 
PARAMETRIC_REPRESENTATION_CONTEXT() REPRESENTATION_CONTEXT('2D SPACE',''
  ) );
#4165 = PCURVE('',#4166,#4173);
#4166 = SURFACE_OF_LINEAR_EXTRUSION('',#4167,#4171);
#4167 = B_SPLINE_CURVE_WITH_KNOTS('',2,(#4168,#4169,#4170),
  .UNSPECIFIED.,.F.,.F.,(3,3),(0.,1.),.PIECEWISE_BEZIER_KNOTS.);
#4168 = CARTESIAN_POINT('',(-0.955810546875,-21.78,30.1013671875));
#4169 = CARTESIAN_POINT('',(-0.955810546875,-21.78,30.52763671875));
#4170 = CARTESIAN_POINT('',(-1.210693359375,-21.78,30.740771484375));
#4171 = VECTOR('',#4172,1.);
#4172 = DIRECTION('',(0.,-1.,0.));
#4173 = DEFINITIONAL_REPRESENTATION('',(#4174),#4178);
#4174 = LINE('',#4175,#4176);
#4175 = CARTESIAN_POINT('',(0.,-1.3));
#4176 = VECTOR('',#4177,1.);
#4177 = DIRECTION('',(1.,0.));
#4178 = ( GEOMETRIC_REPRESENTATION_CONTEXT(2) 
PARAMETRIC_REPRESENTATION_CONTEXT() REPRESENTATION_CONTEXT('2D SPACE',''
  ) );
#4179 = ORIENTED_EDGE('',*,*,#4180,.T.);
#4180 = EDGE_CURVE('',#4151,#4181,#4183,.T.);
#4181 = VERTEX_POINT('',#4182);
#4182 = CARTESIAN_POINT('',(-1.979736328125,-20.48,30.95390625));
#4183 = SURFACE_CURVE('',#4184,(#4188,#4195),.PCURVE_S1.);
#4184 = B_SPLINE_CURVE_WITH_KNOTS('',2,(#4185,#4186,#4187),
  .UNSPECIFIED.,.F.,.F.,(3,3),(0.,1.),.PIECEWISE_BEZIER_KNOTS.);
#4185 = CARTESIAN_POINT('',(-1.210693359375,-20.48,30.740771484375));
#4186 = CARTESIAN_POINT('',(-1.465576171875,-20.48,30.95390625));
#4187 = CARTESIAN_POINT('',(-1.979736328125,-20.48,30.95390625));
#4188 = PCURVE('',#2649,#4189);
#4189 = DEFINITIONAL_REPRESENTATION('',(#4190),#4194);
#4190 = B_SPLINE_CURVE_WITH_KNOTS('',2,(#4191,#4192,#4193),
  .UNSPECIFIED.,.F.,.F.,(3,3),(0.,1.),.PIECEWISE_BEZIER_KNOTS.);
#4191 = CARTESIAN_POINT('',(4.2802734375,2.656494140625));
#4192 = CARTESIAN_POINT('',(4.025390625,2.86962890625));
#4193 = CARTESIAN_POINT('',(3.51123046875,2.86962890625));
#4194 = ( GEOMETRIC_REPRESENTATION_CONTEXT(2) 
PARAMETRIC_REPRESENTATION_CONTEXT() REPRESENTATION_CONTEXT('2D SPACE',''
  ) );
#4195 = PCURVE('',#4196,#4203);
#4196 = SURFACE_OF_LINEAR_EXTRUSION('',#4197,#4201);
#4197 = B_SPLINE_CURVE_WITH_KNOTS('',2,(#4198,#4199,#4200),
  .UNSPECIFIED.,.F.,.F.,(3,3),(0.,1.),.PIECEWISE_BEZIER_KNOTS.);
#4198 = CARTESIAN_POINT('',(-1.210693359375,-21.78,30.740771484375));
#4199 = CARTESIAN_POINT('',(-1.465576171875,-21.78,30.95390625));
#4200 = CARTESIAN_POINT('',(-1.979736328125,-21.78,30.95390625));
#4201 = VECTOR('',#4202,1.);
#4202 = DIRECTION('',(0.,-1.,0.));
#4203 = DEFINITIONAL_REPRESENTATION('',(#4204),#4208);
#4204 = LINE('',#4205,#4206);
#4205 = CARTESIAN_POINT('',(0.,-1.3));
#4206 = VECTOR('',#4207,1.);
#4207 = DIRECTION('',(1.,0.));
#4208 = ( GEOMETRIC_REPRESENTATION_CONTEXT(2) 
PARAMETRIC_REPRESENTATION_CONTEXT() REPRESENTATION_CONTEXT('2D SPACE',''
  ) );
#4209 = ORIENTED_EDGE('',*,*,#4210,.T.);
#4210 = EDGE_CURVE('',#4181,#4211,#4213,.T.);
#4211 = VERTEX_POINT('',#4212);
#4212 = CARTESIAN_POINT('',(-2.972900390625,-20.48,30.95390625));
#4213 = SURFACE_CURVE('',#4214,(#4218,#4225),.PCURVE_S1.);
#4214 = LINE('',#4215,#4216);
#4215 = CARTESIAN_POINT('',(-1.979736328125,-20.48,30.95390625));
#4216 = VECTOR('',#4217,1.);
#4217 = DIRECTION('',(-1.,0.,0.));
#4218 = PCURVE('',#2649,#4219);
#4219 = DEFINITIONAL_REPRESENTATION('',(#4220),#4224);
#4220 = LINE('',#4221,#4222);
#4221 = CARTESIAN_POINT('',(3.51123046875,2.86962890625));
#4222 = VECTOR('',#4223,1.);
#4223 = DIRECTION('',(-1.,0.));
#4224 = ( GEOMETRIC_REPRESENTATION_CONTEXT(2) 
PARAMETRIC_REPRESENTATION_CONTEXT() REPRESENTATION_CONTEXT('2D SPACE',''
  ) );
#4225 = PCURVE('',#4226,#4231);
#4226 = PLANE('',#4227);
#4227 = AXIS2_PLACEMENT_3D('',#4228,#4229,#4230);
#4228 = CARTESIAN_POINT('',(-1.979736328125,-21.78,30.95390625));
#4229 = DIRECTION('',(0.,0.,1.));
#4230 = DIRECTION('',(-1.,0.,0.));
#4231 = DEFINITIONAL_REPRESENTATION('',(#4232),#4236);
#4232 = LINE('',#4233,#4234);
#4233 = CARTESIAN_POINT('',(0.,-1.3));
#4234 = VECTOR('',#4235,1.);
#4235 = DIRECTION('',(1.,0.));
#4236 = ( GEOMETRIC_REPRESENTATION_CONTEXT(2) 
PARAMETRIC_REPRESENTATION_CONTEXT() REPRESENTATION_CONTEXT('2D SPACE',''
  ) );
#4237 = ORIENTED_EDGE('',*,*,#4238,.T.);
#4238 = EDGE_CURVE('',#4211,#4061,#4239,.T.);
#4239 = SURFACE_CURVE('',#4240,(#4244,#4251),.PCURVE_S1.);
#4240 = LINE('',#4241,#4242);
#4241 = CARTESIAN_POINT('',(-2.972900390625,-20.48,30.95390625));
#4242 = VECTOR('',#4243,1.);
#4243 = DIRECTION('',(0.,0.,-1.));
#4244 = PCURVE('',#2649,#4245);
#4245 = DEFINITIONAL_REPRESENTATION('',(#4246),#4250);
#4246 = LINE('',#4247,#4248);
#4247 = CARTESIAN_POINT('',(2.51806640625,2.86962890625));
#4248 = VECTOR('',#4249,1.);
#4249 = DIRECTION('',(0.,-1.));
#4250 = ( GEOMETRIC_REPRESENTATION_CONTEXT(2) 
PARAMETRIC_REPRESENTATION_CONTEXT() REPRESENTATION_CONTEXT('2D SPACE',''
  ) );
#4251 = PCURVE('',#4252,#4257);
#4252 = PLANE('',#4253);
#4253 = AXIS2_PLACEMENT_3D('',#4254,#4255,#4256);
#4254 = CARTESIAN_POINT('',(-2.972900390625,-21.78,30.95390625));
#4255 = DIRECTION('',(-1.,0.,0.));
#4256 = DIRECTION('',(0.,0.,-1.));
#4257 = DEFINITIONAL_REPRESENTATION('',(#4258),#4262);
#4258 = LINE('',#4259,#4260);
#4259 = CARTESIAN_POINT('',(0.,-1.3));
#4260 = VECTOR('',#4261,1.);
#4261 = DIRECTION('',(1.,0.));
#4262 = ( GEOMETRIC_REPRESENTATION_CONTEXT(2) 
PARAMETRIC_REPRESENTATION_CONTEXT() REPRESENTATION_CONTEXT('2D SPACE',''
  ) );
#4263 = ADVANCED_FACE('',(#4264),#3124,.T.);
#4264 = FACE_BOUND('',#4265,.T.);
#4265 = EDGE_LOOP('',(#4266,#4301,#4322,#4323));
#4266 = ORIENTED_EDGE('',*,*,#4267,.F.);
#4267 = EDGE_CURVE('',#4268,#4270,#4272,.T.);
#4268 = VERTEX_POINT('',#4269);
#4269 = CARTESIAN_POINT('',(4.493408203125,-21.53623185982,
    33.36650390625));
#4270 = VERTEX_POINT('',#4271);
#4271 = CARTESIAN_POINT('',(3.886962890625,-21.65390310052,
    33.36650390625));
#4272 = SURFACE_CURVE('',#4273,(#4278,#4289),.PCURVE_S1.);
#4273 = CIRCLE('',#4274,22.);
#4274 = AXIS2_PLACEMENT_3D('',#4275,#4276,#4277);
#4275 = CARTESIAN_POINT('',(0.,0.,33.36650390625));
#4276 = DIRECTION('',(0.,0.,-1.));
#4277 = DIRECTION('',(1.,0.,0.));
#4278 = PCURVE('',#3124,#4279);
#4279 = DEFINITIONAL_REPRESENTATION('',(#4280),#4288);
#4280 = ( BOUNDED_CURVE() B_SPLINE_CURVE(2,(#4281,#4282,#4283,#4284,
#4285,#4286,#4287),.UNSPECIFIED.,.T.,.F.) B_SPLINE_CURVE_WITH_KNOTS((1,2
    ,2,2,2,1),(-2.094395102393,0.,2.094395102393,4.188790204786,
6.28318530718,8.377580409573),.UNSPECIFIED.) CURVE() 
GEOMETRIC_REPRESENTATION_ITEM() RATIONAL_B_SPLINE_CURVE((1.,0.5,1.,0.5,
1.,0.5,1.)) REPRESENTATION_ITEM('') );
#4281 = CARTESIAN_POINT('',(-17.50659179687,-21.78));
#4282 = CARTESIAN_POINT('',(-17.50659179687,16.325117766515));
#4283 = CARTESIAN_POINT('',(15.493408203125,-2.727441116742));
#4284 = CARTESIAN_POINT('',(48.493408203125,-21.78));
#4285 = CARTESIAN_POINT('',(15.493408203125,-40.83255888325));
#4286 = CARTESIAN_POINT('',(-17.50659179687,-59.88511776651));
#4287 = CARTESIAN_POINT('',(-17.50659179687,-21.78));
#4288 = ( GEOMETRIC_REPRESENTATION_CONTEXT(2) 
PARAMETRIC_REPRESENTATION_CONTEXT() REPRESENTATION_CONTEXT('2D SPACE',''
  ) );
#4289 = PCURVE('',#4290,#4295);
#4290 = CYLINDRICAL_SURFACE('',#4291,22.);
#4291 = AXIS2_PLACEMENT_3D('',#4292,#4293,#4294);
#4292 = CARTESIAN_POINT('',(0.,0.,0.));
#4293 = DIRECTION('',(-0.,-0.,-1.));
#4294 = DIRECTION('',(1.,0.,0.));
#4295 = DEFINITIONAL_REPRESENTATION('',(#4296),#4300);
#4296 = LINE('',#4297,#4298);
#4297 = CARTESIAN_POINT('',(-6.28318530718,-33.36650390625));
#4298 = VECTOR('',#4299,1.);
#4299 = DIRECTION('',(1.,-0.));
#4300 = ( GEOMETRIC_REPRESENTATION_CONTEXT(2) 
PARAMETRIC_REPRESENTATION_CONTEXT() REPRESENTATION_CONTEXT('2D SPACE',''
  ) );
#4301 = ORIENTED_EDGE('',*,*,#4302,.T.);
#4302 = EDGE_CURVE('',#4268,#3107,#4303,.T.);
#4303 = SURFACE_CURVE('',#4304,(#4308,#4315),.PCURVE_S1.);
#4304 = LINE('',#4305,#4306);
#4305 = CARTESIAN_POINT('',(4.493408203125,-21.78,33.36650390625));
#4306 = VECTOR('',#4307,1.);
#4307 = DIRECTION('',(-0.,1.,-0.));
#4308 = PCURVE('',#3124,#4309);
#4309 = DEFINITIONAL_REPRESENTATION('',(#4310),#4314);
#4310 = LINE('',#4311,#4312);
#4311 = CARTESIAN_POINT('',(0.,0.));
#4312 = VECTOR('',#4313,1.);
#4313 = DIRECTION('',(0.,-1.));
#4314 = ( GEOMETRIC_REPRESENTATION_CONTEXT(2) 
PARAMETRIC_REPRESENTATION_CONTEXT() REPRESENTATION_CONTEXT('2D SPACE',''
  ) );
#4315 = PCURVE('',#3152,#4316);
#4316 = DEFINITIONAL_REPRESENTATION('',(#4317),#4321);
#4317 = LINE('',#4318,#4319);
#4318 = CARTESIAN_POINT('',(1.,0.));
#4319 = VECTOR('',#4320,1.);
#4320 = DIRECTION('',(0.,-1.));
#4321 = ( GEOMETRIC_REPRESENTATION_CONTEXT(2) 
PARAMETRIC_REPRESENTATION_CONTEXT() REPRESENTATION_CONTEXT('2D SPACE',''
  ) );
#4322 = ORIENTED_EDGE('',*,*,#3106,.T.);
#4323 = ORIENTED_EDGE('',*,*,#4324,.F.);
#4324 = EDGE_CURVE('',#4270,#3109,#4325,.T.);
#4325 = SURFACE_CURVE('',#4326,(#4330,#4337),.PCURVE_S1.);
#4326 = LINE('',#4327,#4328);
#4327 = CARTESIAN_POINT('',(3.886962890625,-21.78,33.36650390625));
#4328 = VECTOR('',#4329,1.);
#4329 = DIRECTION('',(-0.,1.,-0.));
#4330 = PCURVE('',#3124,#4331);
#4331 = DEFINITIONAL_REPRESENTATION('',(#4332),#4336);
#4332 = LINE('',#4333,#4334);
#4333 = CARTESIAN_POINT('',(0.6064453125,0.));
#4334 = VECTOR('',#4335,1.);
#4335 = DIRECTION('',(0.,-1.));
#4336 = ( GEOMETRIC_REPRESENTATION_CONTEXT(2) 
PARAMETRIC_REPRESENTATION_CONTEXT() REPRESENTATION_CONTEXT('2D SPACE',''
  ) );
#4337 = PCURVE('',#3298,#4338);
#4338 = DEFINITIONAL_REPRESENTATION('',(#4339),#4343);
#4339 = LINE('',#4340,#4341);
#4340 = CARTESIAN_POINT('',(0.,0.));
#4341 = VECTOR('',#4342,1.);
#4342 = DIRECTION('',(0.,-1.));
#4343 = ( GEOMETRIC_REPRESENTATION_CONTEXT(2) 
PARAMETRIC_REPRESENTATION_CONTEXT() REPRESENTATION_CONTEXT('2D SPACE',''
  ) );
#4344 = ADVANCED_FACE('',(#4345),#3152,.T.);
#4345 = FACE_BOUND('',#4346,.T.);
#4346 = EDGE_LOOP('',(#4347,#4415,#4436,#4437));
#4347 = ORIENTED_EDGE('',*,*,#4348,.T.);
#4348 = EDGE_CURVE('',#4268,#4349,#4351,.T.);
#4349 = VERTEX_POINT('',#4350);
#4350 = CARTESIAN_POINT('',(6.079833984375,-21.14321684896,
    32.85673828125));
#4351 = SURFACE_CURVE('',#4352,(#4371,#4393),.PCURVE_S1.);
#4352 = B_SPLINE_CURVE_WITH_KNOTS('',5,(#4353,#4354,#4355,#4356,#4357,
    #4358,#4359,#4360,#4361,#4362,#4363,#4364,#4365,#4366,#4367,#4368,
    #4369,#4370),.UNSPECIFIED.,.F.,.F.,(6,4,4,4,6),(0.,0.285928917344,
    0.515129121152,0.736770322218,1.),.UNSPECIFIED.);
#4353 = CARTESIAN_POINT('',(4.493408203125,-21.53623185982,
    33.36650390625));
#4354 = CARTESIAN_POINT('',(4.600169036243,-21.51395683945,
    33.36650390625));
#4355 = CARTESIAN_POINT('',(4.706139984526,-21.49115630298,
    33.36315592115));
#4356 = CARTESIAN_POINT('',(4.811044987638,-21.46790451829,
    33.356151457018));
#4357 = CARTESIAN_POINT('',(4.914489556286,-21.4443153268,
    33.345154918209));
#4358 = CARTESIAN_POINT('',(5.09735405963,-21.40149444716,
    33.317653747223));
#4359 = CARTESIAN_POINT('',(5.177468166103,-21.38232687196,
    33.302674945062));
#4360 = CARTESIAN_POINT('',(5.256076356691,-21.3631275513,33.28481405279
    ));
#4361 = CARTESIAN_POINT('',(5.33288702826,-21.3439981501,33.263959276341
    ));
#4362 = CARTESIAN_POINT('',(5.479850435402,-21.30673121064,
    33.216982589564));
#4363 = CARTESIAN_POINT('',(5.550144051441,-21.28858052711,
    33.191055607352));
#4364 = CARTESIAN_POINT('',(5.618203532362,-21.27070455362,
    33.162267815986));
#4365 = CARTESIAN_POINT('',(5.683780560483,-21.25320878478,
    33.130652460513));
#4366 = CARTESIAN_POINT('',(5.821366473129,-21.2159769997,
    33.055562396906));
#4367 = CARTESIAN_POINT('',(5.892284484808,-21.19643354606,
    33.010969455412));
#4368 = CARTESIAN_POINT('',(5.95908035708,-21.17772303828,
    32.962747819579));
#4369 = CARTESIAN_POINT('',(6.021603882909,-21.1599611955,
    32.911211601976));
#4370 = CARTESIAN_POINT('',(6.079833984375,-21.14321684896,
    32.85673828125));
#4371 = PCURVE('',#3152,#4372);
#4372 = DEFINITIONAL_REPRESENTATION('',(#4373),#4392);
#4373 = B_SPLINE_CURVE_WITH_KNOTS('',5,(#4374,#4375,#4376,#4377,#4378,
    #4379,#4380,#4381,#4382,#4383,#4384,#4385,#4386,#4387,#4388,#4389,
    #4390,#4391),.UNSPECIFIED.,.F.,.F.,(6,4,4,4,6),(0.,0.285928917344,
    0.515129121152,0.736770322218,1.),.UNSPECIFIED.);
#4374 = CARTESIAN_POINT('',(1.,-0.243768140176));
#4375 = CARTESIAN_POINT('',(0.948746791789,-0.266043160543));
#4376 = CARTESIAN_POINT('',(0.896307071254,-0.288843697016));
#4377 = CARTESIAN_POINT('',(0.842669098012,-0.312095481707));
#4378 = CARTESIAN_POINT('',(0.787865312099,-0.335684673195));
#4379 = CARTESIAN_POINT('',(0.687215455727,-0.37850555284));
#4380 = CARTESIAN_POINT('',(0.641749699309,-0.397673128035));
#4381 = CARTESIAN_POINT('',(0.595659059295,-0.416872448697));
#4382 = CARTESIAN_POINT('',(0.54903124553,-0.436001849891));
#4383 = CARTESIAN_POINT('',(0.456508702672,-0.473268789359));
#4384 = CARTESIAN_POINT('',(0.41063750033,-0.491419472882));
#4385 = CARTESIAN_POINT('',(0.364500966484,-0.50929544638));
#4386 = CARTESIAN_POINT('',(0.318233859605,-0.526791215212));
#4387 = CARTESIAN_POINT('',(0.217065735998,-0.564023000292));
#4388 = CARTESIAN_POINT('',(0.162165467858,-0.583566453938));
#4389 = CARTESIAN_POINT('',(0.107547143265,-0.602276961711));
#4390 = CARTESIAN_POINT('',(5.342977052073E-02,-0.620038804497));
#4391 = CARTESIAN_POINT('',(0.,-0.636783151033));
#4392 = ( GEOMETRIC_REPRESENTATION_CONTEXT(2) 
PARAMETRIC_REPRESENTATION_CONTEXT() REPRESENTATION_CONTEXT('2D SPACE',''
  ) );
#4393 = PCURVE('',#4290,#4394);
#4394 = DEFINITIONAL_REPRESENTATION('',(#4395),#4414);
#4395 = B_SPLINE_CURVE_WITH_KNOTS('',5,(#4396,#4397,#4398,#4399,#4400,
    #4401,#4402,#4403,#4404,#4405,#4406,#4407,#4408,#4409,#4410,#4411,
    #4412,#4413),.UNSPECIFIED.,.F.,.F.,(6,4,4,4,6),(0.,0.285928917344,
    0.515129121152,0.736770322218,1.),.UNSPECIFIED.);
#4396 = CARTESIAN_POINT('',(-4.91808221246,-33.36650390625));
#4397 = CARTESIAN_POINT('',(-4.923039478607,-33.36650390625));
#4398 = CARTESIAN_POINT('',(-4.927966476713,-33.36315592115));
#4399 = CARTESIAN_POINT('',(-4.932850486673,-33.35615145701));
#4400 = CARTESIAN_POINT('',(-4.937673136177,-33.3451549182));
#4401 = CARTESIAN_POINT('',(-4.946210009808,-33.31765374722));
#4402 = CARTESIAN_POINT('',(-4.949954291539,-33.30267494506));
#4403 = CARTESIAN_POINT('',(-4.953632368732,-33.28481405279));
#4404 = CARTESIAN_POINT('',(-4.957230376494,-33.26395927634));
#4405 = CARTESIAN_POINT('',(-4.964121961346,-33.21698258956));
#4406 = CARTESIAN_POINT('',(-4.967421892448,-33.19105560735));
#4407 = CARTESIAN_POINT('',(-4.970620399624,-33.16226781598));
#4408 = CARTESIAN_POINT('',(-4.973705417592,-33.13065246051));
#4409 = CARTESIAN_POINT('',(-4.980184259376,-33.0555623969));
#4410 = CARTESIAN_POINT('',(-4.983527933168,-33.01096945541));
#4411 = CARTESIAN_POINT('',(-4.98668094384,-32.96274781957));
#4412 = CARTESIAN_POINT('',(-4.989635360351,-32.91121160197));
#4413 = CARTESIAN_POINT('',(-4.992389439916,-32.85673828125));
#4414 = ( GEOMETRIC_REPRESENTATION_CONTEXT(2) 
PARAMETRIC_REPRESENTATION_CONTEXT() REPRESENTATION_CONTEXT('2D SPACE',''
  ) );
#4415 = ORIENTED_EDGE('',*,*,#4416,.T.);
#4416 = EDGE_CURVE('',#4349,#3137,#4417,.T.);
#4417 = SURFACE_CURVE('',#4418,(#4422,#4429),.PCURVE_S1.);
#4418 = LINE('',#4419,#4420);
#4419 = CARTESIAN_POINT('',(6.079833984375,-21.78,32.85673828125));
#4420 = VECTOR('',#4421,1.);
#4421 = DIRECTION('',(-0.,1.,-0.));
#4422 = PCURVE('',#3152,#4423);
#4423 = DEFINITIONAL_REPRESENTATION('',(#4424),#4428);
#4424 = LINE('',#4425,#4426);
#4425 = CARTESIAN_POINT('',(0.,0.));
#4426 = VECTOR('',#4427,1.);
#4427 = DIRECTION('',(0.,-1.));
#4428 = ( GEOMETRIC_REPRESENTATION_CONTEXT(2) 
PARAMETRIC_REPRESENTATION_CONTEXT() REPRESENTATION_CONTEXT('2D SPACE',''
  ) );
#4429 = PCURVE('',#3182,#4430);
#4430 = DEFINITIONAL_REPRESENTATION('',(#4431),#4435);
#4431 = LINE('',#4432,#4433);
#4432 = CARTESIAN_POINT('',(1.,0.));
#4433 = VECTOR('',#4434,1.);
#4434 = DIRECTION('',(0.,-1.));
#4435 = ( GEOMETRIC_REPRESENTATION_CONTEXT(2) 
PARAMETRIC_REPRESENTATION_CONTEXT() REPRESENTATION_CONTEXT('2D SPACE',''
  ) );
#4436 = ORIENTED_EDGE('',*,*,#3136,.T.);
#4437 = ORIENTED_EDGE('',*,*,#4302,.F.);
#4438 = ADVANCED_FACE('',(#4439),#3298,.T.);
#4439 = FACE_BOUND('',#4440,.T.);
#4440 = EDGE_LOOP('',(#4441,#4462,#4463,#4464));
#4441 = ORIENTED_EDGE('',*,*,#4442,.F.);
#4442 = EDGE_CURVE('',#4270,#4443,#4445,.T.);
#4443 = VERTEX_POINT('',#4444);
#4444 = CARTESIAN_POINT('',(3.886962890625,-21.65390310052,29.3630859375
    ));
#4445 = SURFACE_CURVE('',#4446,(#4450,#4456),.PCURVE_S1.);
#4446 = LINE('',#4447,#4448);
#4447 = CARTESIAN_POINT('',(3.886962890625,-21.65390310052,0.));
#4448 = VECTOR('',#4449,1.);
#4449 = DIRECTION('',(-0.,-0.,-1.));
#4450 = PCURVE('',#3298,#4451);
#4451 = DEFINITIONAL_REPRESENTATION('',(#4452),#4455);
#4452 = B_SPLINE_CURVE_WITH_KNOTS('',1,(#4453,#4454),.UNSPECIFIED.,.F.,
  .F.,(2,2),(-33.76684570312,-28.96274414062),.PIECEWISE_BEZIER_KNOTS.);
#4453 = CARTESIAN_POINT('',(-0.400341796875,-0.126096899476));
#4454 = CARTESIAN_POINT('',(4.403759765625,-0.126096899476));
#4455 = ( GEOMETRIC_REPRESENTATION_CONTEXT(2) 
PARAMETRIC_REPRESENTATION_CONTEXT() REPRESENTATION_CONTEXT('2D SPACE',''
  ) );
#4456 = PCURVE('',#4290,#4457);
#4457 = DEFINITIONAL_REPRESENTATION('',(#4458),#4461);
#4458 = B_SPLINE_CURVE_WITH_KNOTS('',1,(#4459,#4460),.UNSPECIFIED.,.F.,
  .F.,(2,2),(-33.76684570312,-28.96274414062),.PIECEWISE_BEZIER_KNOTS.);
#4459 = CARTESIAN_POINT('',(-4.890001473069,-33.76684570312));
#4460 = CARTESIAN_POINT('',(-4.890001473069,-28.96274414062));
#4461 = ( GEOMETRIC_REPRESENTATION_CONTEXT(2) 
PARAMETRIC_REPRESENTATION_CONTEXT() REPRESENTATION_CONTEXT('2D SPACE',''
  ) );
#4462 = ORIENTED_EDGE('',*,*,#4324,.T.);
#4463 = ORIENTED_EDGE('',*,*,#3284,.T.);
#4464 = ORIENTED_EDGE('',*,*,#4465,.F.);
#4465 = EDGE_CURVE('',#4443,#3257,#4466,.T.);
#4466 = SURFACE_CURVE('',#4467,(#4471,#4478),.PCURVE_S1.);
#4467 = LINE('',#4468,#4469);
#4468 = CARTESIAN_POINT('',(3.886962890625,-21.78,29.3630859375));
#4469 = VECTOR('',#4470,1.);
#4470 = DIRECTION('',(-0.,1.,-0.));
#4471 = PCURVE('',#3298,#4472);
#4472 = DEFINITIONAL_REPRESENTATION('',(#4473),#4477);
#4473 = LINE('',#4474,#4475);
#4474 = CARTESIAN_POINT('',(4.00341796875,0.));
#4475 = VECTOR('',#4476,1.);
#4476 = DIRECTION('',(0.,-1.));
#4477 = ( GEOMETRIC_REPRESENTATION_CONTEXT(2) 
PARAMETRIC_REPRESENTATION_CONTEXT() REPRESENTATION_CONTEXT('2D SPACE',''
  ) );
#4478 = PCURVE('',#3272,#4479);
#4479 = DEFINITIONAL_REPRESENTATION('',(#4480),#4484);
#4480 = LINE('',#4481,#4482);
#4481 = CARTESIAN_POINT('',(0.,0.));
#4482 = VECTOR('',#4483,1.);
#4483 = DIRECTION('',(0.,-1.));
#4484 = ( GEOMETRIC_REPRESENTATION_CONTEXT(2) 
PARAMETRIC_REPRESENTATION_CONTEXT() REPRESENTATION_CONTEXT('2D SPACE',''
  ) );
#4485 = ADVANCED_FACE('',(#4486),#3182,.T.);
#4486 = FACE_BOUND('',#4487,.T.);
#4487 = EDGE_LOOP('',(#4488,#4556,#4577,#4578));
#4488 = ORIENTED_EDGE('',*,*,#4489,.T.);
#4489 = EDGE_CURVE('',#4349,#4490,#4492,.T.);
#4490 = VERTEX_POINT('',#4491);
#4491 = CARTESIAN_POINT('',(6.624755859375,-20.97886102255,
    31.37138671875));
#4492 = SURFACE_CURVE('',#4493,(#4512,#4534),.PCURVE_S1.);
#4493 = B_SPLINE_CURVE_WITH_KNOTS('',5,(#4494,#4495,#4496,#4497,#4498,
    #4499,#4500,#4501,#4502,#4503,#4504,#4505,#4506,#4507,#4508,#4509,
    #4510,#4511),.UNSPECIFIED.,.F.,.F.,(6,4,4,4,6),(0.,0.222888960491,
    0.458966621092,0.715885576614,1.),.UNSPECIFIED.);
#4494 = CARTESIAN_POINT('',(6.079833984375,-21.14321684896,
    32.85673828125));
#4495 = CARTESIAN_POINT('',(6.135984198278,-21.12707058413,
    32.804210661793));
#4496 = CARTESIAN_POINT('',(6.188073533039,-21.11189018393,
    32.749007660423));
#4497 = CARTESIAN_POINT('',(6.23602543146,-21.09775559633,
    32.691406978511));
#4498 = CARTESIAN_POINT('',(6.279912983714,-21.08469667093,
    32.631715413777));
#4499 = CARTESIAN_POINT('',(6.362206056751,-21.06001631019,
    32.505093599892));
#4500 = CARTESIAN_POINT('',(6.400134656683,-21.04852534624,
    32.437942152603));
#4501 = CARTESIAN_POINT('',(6.433838578514,-21.03823352381,
    32.36910584207));
#4502 = CARTESIAN_POINT('',(6.463578852049,-21.02909630277,
    32.298886683208));
#4503 = CARTESIAN_POINT('',(6.517964284323,-21.0123064282,
    32.149853979267));
#4504 = CARTESIAN_POINT('',(6.541926777438,-21.00485641148,
    32.070832269719));
#4505 = CARTESIAN_POINT('',(6.56185801584,-20.9986308101,31.99075525414)
  );
#4506 = CARTESIAN_POINT('',(6.578104820352,-20.99353993436,
    31.909859855759));
#4507 = CARTESIAN_POINT('',(6.605209662237,-20.98502866072,
    31.738128037953));
#4508 = CARTESIAN_POINT('',(6.615314626145,-20.98184269214,
    31.647151788543));
#4509 = CARTESIAN_POINT('',(6.621709740598,-20.97982259185,
    31.555604102011));
#4510 = CARTESIAN_POINT('',(6.624755859375,-20.97886102255,
    31.463647995794));
#4511 = CARTESIAN_POINT('',(6.624755859375,-20.97886102255,
    31.37138671875));
#4512 = PCURVE('',#3182,#4513);
#4513 = DEFINITIONAL_REPRESENTATION('',(#4514),#4533);
#4514 = B_SPLINE_CURVE_WITH_KNOTS('',5,(#4515,#4516,#4517,#4518,#4519,
    #4520,#4521,#4522,#4523,#4524,#4525,#4526,#4527,#4528,#4529,#4530,
    #4531,#4532),.UNSPECIFIED.,.F.,.F.,(6,4,4,4,6),(0.,0.222888960491,
    0.458966621092,0.715885576614,1.),.UNSPECIFIED.);
#4515 = CARTESIAN_POINT('',(1.,-0.636783151033));
#4516 = CARTESIAN_POINT('',(0.948478656777,-0.652929415868));
#4517 = CARTESIAN_POINT('',(0.897365281086,-0.668109816068));
#4518 = CARTESIAN_POINT('',(0.846835739251,-0.682244403665));
#4519 = CARTESIAN_POINT('',(0.797015247003,-0.695303329061));
#4520 = CARTESIAN_POINT('',(0.696066109318,-0.71998368981));
#4521 = CARTESIAN_POINT('',(0.645033043502,-0.73147465376));
#4522 = CARTESIAN_POINT('',(0.594987361299,-0.741766476185));
#4523 = CARTESIAN_POINT('',(0.545969487916,-0.750903697225));
#4524 = CARTESIAN_POINT('',(0.445761259622,-0.767693571797));
#4525 = CARTESIAN_POINT('',(0.39476330423,-0.775143588519));
#4526 = CARTESIAN_POINT('',(0.344990646608,-0.7813691899));
#4527 = CARTESIAN_POINT('',(0.296412765284,-0.786460065636));
#4528 = CARTESIAN_POINT('',(0.196523007561,-0.794971339276));
#4529 = CARTESIAN_POINT('',(0.145469399729,-0.798157307851));
#4530 = CARTESIAN_POINT('',(9.574826590127E-02,-0.800177408143));
#4531 = CARTESIAN_POINT('',(4.728505890545E-02,-0.801138977445));
#4532 = CARTESIAN_POINT('',(0.,-0.801138977445));
#4533 = ( GEOMETRIC_REPRESENTATION_CONTEXT(2) 
PARAMETRIC_REPRESENTATION_CONTEXT() REPRESENTATION_CONTEXT('2D SPACE',''
  ) );
#4534 = PCURVE('',#4290,#4535);
#4535 = DEFINITIONAL_REPRESENTATION('',(#4536),#4555);
#4536 = B_SPLINE_CURVE_WITH_KNOTS('',5,(#4537,#4538,#4539,#4540,#4541,
    #4542,#4543,#4544,#4545,#4546,#4547,#4548,#4549,#4550,#4551,#4552,
    #4553,#4554),.UNSPECIFIED.,.F.,.F.,(6,4,4,4,6),(0.,0.222888960491,
    0.458966621092,0.715885576614,1.),.UNSPECIFIED.);
#4537 = CARTESIAN_POINT('',(-4.992389439916,-32.85673828125));
#4538 = CARTESIAN_POINT('',(-4.995045148094,-32.80421066179));
#4539 = CARTESIAN_POINT('',(-4.997511326635,-32.74900766042));
#4540 = CARTESIAN_POINT('',(-4.99978366595,-32.69140697851));
#4541 = CARTESIAN_POINT('',(-5.001864989333,-32.63171541377));
#4542 = CARTESIAN_POINT('',(-5.005770185616,-32.50509359989));
#4543 = CARTESIAN_POINT('',(-5.007571590447,-32.4379421526));
#4544 = CARTESIAN_POINT('',(-5.009173417111,-32.36910584207));
#4545 = CARTESIAN_POINT('',(-5.010587609359,-32.2988866832));
#4546 = CARTESIAN_POINT('',(-5.013174797729,-32.14985397926));
#4547 = CARTESIAN_POINT('',(-5.01431542735,-32.07083226971));
#4548 = CARTESIAN_POINT('',(-5.01526455922,-31.99075525414));
#4549 = CARTESIAN_POINT('',(-5.016038456096,-31.90985985575));
#4550 = CARTESIAN_POINT('',(-5.017329808639,-31.73812803795));
#4551 = CARTESIAN_POINT('',(-5.017811413667,-31.64715178854));
#4552 = CARTESIAN_POINT('',(-5.018116258317,-31.55560410201));
#4553 = CARTESIAN_POINT('',(-5.018261453188,-31.46364799579));
#4554 = CARTESIAN_POINT('',(-5.018261453188,-31.37138671875));
#4555 = ( GEOMETRIC_REPRESENTATION_CONTEXT(2) 
PARAMETRIC_REPRESENTATION_CONTEXT() REPRESENTATION_CONTEXT('2D SPACE',''
  ) );
#4556 = ORIENTED_EDGE('',*,*,#4557,.T.);
#4557 = EDGE_CURVE('',#4490,#3167,#4558,.T.);
#4558 = SURFACE_CURVE('',#4559,(#4563,#4570),.PCURVE_S1.);
#4559 = LINE('',#4560,#4561);
#4560 = CARTESIAN_POINT('',(6.624755859375,-21.78,31.37138671875));
#4561 = VECTOR('',#4562,1.);
#4562 = DIRECTION('',(-0.,1.,-0.));
#4563 = PCURVE('',#3182,#4564);
#4564 = DEFINITIONAL_REPRESENTATION('',(#4565),#4569);
#4565 = LINE('',#4566,#4567);
#4566 = CARTESIAN_POINT('',(0.,0.));
#4567 = VECTOR('',#4568,1.);
#4568 = DIRECTION('',(0.,-1.));
#4569 = ( GEOMETRIC_REPRESENTATION_CONTEXT(2) 
PARAMETRIC_REPRESENTATION_CONTEXT() REPRESENTATION_CONTEXT('2D SPACE',''
  ) );
#4570 = PCURVE('',#3212,#4571);
#4571 = DEFINITIONAL_REPRESENTATION('',(#4572),#4576);
#4572 = LINE('',#4573,#4574);
#4573 = CARTESIAN_POINT('',(1.,0.));
#4574 = VECTOR('',#4575,1.);
#4575 = DIRECTION('',(0.,-1.));
#4576 = ( GEOMETRIC_REPRESENTATION_CONTEXT(2) 
PARAMETRIC_REPRESENTATION_CONTEXT() REPRESENTATION_CONTEXT('2D SPACE',''
  ) );
#4577 = ORIENTED_EDGE('',*,*,#3166,.T.);
#4578 = ORIENTED_EDGE('',*,*,#4416,.F.);
#4579 = ADVANCED_FACE('',(#4580),#3272,.T.);
#4580 = FACE_BOUND('',#4581,.T.);
#4581 = EDGE_LOOP('',(#4582,#4606,#4607,#4608));
#4582 = ORIENTED_EDGE('',*,*,#4583,.T.);
#4583 = EDGE_CURVE('',#4584,#4443,#4586,.T.);
#4584 = VERTEX_POINT('',#4585);
#4585 = CARTESIAN_POINT('',(4.493408203125,-21.53623185982,29.3630859375
    ));
#4586 = SURFACE_CURVE('',#4587,(#4592,#4599),.PCURVE_S1.);
#4587 = CIRCLE('',#4588,22.);
#4588 = AXIS2_PLACEMENT_3D('',#4589,#4590,#4591);
#4589 = CARTESIAN_POINT('',(0.,0.,29.3630859375));
#4590 = DIRECTION('',(0.,0.,-1.));
#4591 = DIRECTION('',(1.,0.,0.));
#4592 = PCURVE('',#3272,#4593);
#4593 = DEFINITIONAL_REPRESENTATION('',(#4594),#4598);
#4594 = CIRCLE('',#4595,22.);
#4595 = AXIS2_PLACEMENT_2D('',#4596,#4597);
#4596 = CARTESIAN_POINT('',(-3.886962890625,-21.78));
#4597 = DIRECTION('',(1.,0.));
#4598 = ( GEOMETRIC_REPRESENTATION_CONTEXT(2) 
PARAMETRIC_REPRESENTATION_CONTEXT() REPRESENTATION_CONTEXT('2D SPACE',''
  ) );
#4599 = PCURVE('',#4290,#4600);
#4600 = DEFINITIONAL_REPRESENTATION('',(#4601),#4605);
#4601 = LINE('',#4602,#4603);
#4602 = CARTESIAN_POINT('',(-6.28318530718,-29.3630859375));
#4603 = VECTOR('',#4604,1.);
#4604 = DIRECTION('',(1.,-0.));
#4605 = ( GEOMETRIC_REPRESENTATION_CONTEXT(2) 
PARAMETRIC_REPRESENTATION_CONTEXT() REPRESENTATION_CONTEXT('2D SPACE',''
  ) );
#4606 = ORIENTED_EDGE('',*,*,#4465,.T.);
#4607 = ORIENTED_EDGE('',*,*,#3256,.T.);
#4608 = ORIENTED_EDGE('',*,*,#4609,.F.);
#4609 = EDGE_CURVE('',#4584,#3227,#4610,.T.);
#4610 = SURFACE_CURVE('',#4611,(#4615,#4622),.PCURVE_S1.);
#4611 = LINE('',#4612,#4613);
#4612 = CARTESIAN_POINT('',(4.493408203125,-21.78,29.3630859375));
#4613 = VECTOR('',#4614,1.);
#4614 = DIRECTION('',(-0.,1.,-0.));
#4615 = PCURVE('',#3272,#4616);
#4616 = DEFINITIONAL_REPRESENTATION('',(#4617),#4621);
#4617 = LINE('',#4618,#4619);
#4618 = CARTESIAN_POINT('',(0.6064453125,0.));
#4619 = VECTOR('',#4620,1.);
#4620 = DIRECTION('',(0.,-1.));
#4621 = ( GEOMETRIC_REPRESENTATION_CONTEXT(2) 
PARAMETRIC_REPRESENTATION_CONTEXT() REPRESENTATION_CONTEXT('2D SPACE',''
  ) );
#4622 = PCURVE('',#3242,#4623);
#4623 = DEFINITIONAL_REPRESENTATION('',(#4624),#4628);
#4624 = LINE('',#4625,#4626);
#4625 = CARTESIAN_POINT('',(0.,0.));
#4626 = VECTOR('',#4627,1.);
#4627 = DIRECTION('',(0.,-1.));
#4628 = ( GEOMETRIC_REPRESENTATION_CONTEXT(2) 
PARAMETRIC_REPRESENTATION_CONTEXT() REPRESENTATION_CONTEXT('2D SPACE',''
  ) );
#4629 = ADVANCED_FACE('',(#4630),#3212,.T.);
#4630 = FACE_BOUND('',#4631,.T.);
#4631 = EDGE_LOOP('',(#4632,#4700,#4721,#4722));
#4632 = ORIENTED_EDGE('',*,*,#4633,.T.);
#4633 = EDGE_CURVE('',#4490,#4634,#4636,.T.);
#4634 = VERTEX_POINT('',#4635);
#4635 = CARTESIAN_POINT('',(6.07763671875,-21.14384855968,29.87724609375
    ));
#4636 = SURFACE_CURVE('',#4637,(#4656,#4678),.PCURVE_S1.);
#4637 = B_SPLINE_CURVE_WITH_KNOTS('',5,(#4638,#4639,#4640,#4641,#4642,
    #4643,#4644,#4645,#4646,#4647,#4648,#4649,#4650,#4651,#4652,#4653,
    #4654,#4655),.UNSPECIFIED.,.F.,.F.,(6,4,4,4,6),(0.,0.284675733995,
    0.540505872989,0.777567732888,1.),.UNSPECIFIED.);
#4638 = CARTESIAN_POINT('',(6.624755859375,-20.97886102255,
    31.37138671875));
#4639 = CARTESIAN_POINT('',(6.624755859375,-20.97886102255,
    31.27846157068));
#4640 = CARTESIAN_POINT('',(6.621681066205,-20.9798316409,
    31.185840819054));
#4641 = CARTESIAN_POINT('',(6.615225922622,-20.98187070833,
    31.093628447591));
#4642 = CARTESIAN_POINT('',(6.605026697264,-20.98508634801,
    31.001988627647));
#4643 = CARTESIAN_POINT('',(6.577751868893,-20.9936505506,
    30.829507730244));
#4644 = CARTESIAN_POINT('',(6.561478267176,-20.9987495082,
    30.748518186636));
#4645 = CARTESIAN_POINT('',(6.541535396557,-21.00497831137,
    30.668339310064));
#4646 = CARTESIAN_POINT('',(6.517580972858,-21.0124252782,
    30.589204703297));
#4647 = CARTESIAN_POINT('',(6.463038556614,-21.0292626203,
    30.439321768325));
#4648 = CARTESIAN_POINT('',(6.43306702806,-21.03847004127,
    30.368386851994));
#4649 = CARTESIAN_POINT('',(6.399087183207,-21.04884467331,
    30.298842914101));
#4650 = CARTESIAN_POINT('',(6.360835091166,-21.06043124638,
    30.230994838221));
#4651 = CARTESIAN_POINT('',(6.278066996655,-21.08524660535,
    30.103431103745));
#4652 = CARTESIAN_POINT('',(6.234082266196,-21.09833018775,
    30.043470345412));
#4653 = CARTESIAN_POINT('',(6.186039507714,-21.1124866001,29.98558809637
    ));
#4654 = CARTESIAN_POINT('',(6.133866103559,-21.1276858553,
    29.930088166221));
#4655 = CARTESIAN_POINT('',(6.07763671875,-21.14384855968,29.87724609375
    ));
#4656 = PCURVE('',#3212,#4657);
#4657 = DEFINITIONAL_REPRESENTATION('',(#4658),#4677);
#4658 = B_SPLINE_CURVE_WITH_KNOTS('',5,(#4659,#4660,#4661,#4662,#4663,
    #4664,#4665,#4666,#4667,#4668,#4669,#4670,#4671,#4672,#4673,#4674,
    #4675,#4676),.UNSPECIFIED.,.F.,.F.,(6,4,4,4,6),(0.,0.284675733995,
    0.540505872989,0.777567732888,1.),.UNSPECIFIED.);
#4659 = CARTESIAN_POINT('',(1.,-0.801138977445));
#4660 = CARTESIAN_POINT('',(0.95258826526,-0.801138977445));
#4661 = CARTESIAN_POINT('',(0.90399614998,-0.8001683591));
#4662 = CARTESIAN_POINT('',(0.854143974289,-0.798129291668));
#4663 = CARTESIAN_POINT('',(0.80295749611,-0.794913651988));
#4664 = CARTESIAN_POINT('',(0.70310711854,-0.786349449395));
#4665 = CARTESIAN_POINT('',(0.654715858392,-0.7812504918));
#4666 = CARTESIAN_POINT('',(0.605144284344,-0.775021688627));
#4667 = CARTESIAN_POINT('',(0.554362895856,-0.767574721797));
#4668 = CARTESIAN_POINT('',(0.45419730017,-0.750737379696));
#4669 = CARTESIAN_POINT('',(0.404985684564,-0.741529958725));
#4670 = CARTESIAN_POINT('',(0.354742556262,-0.731155326687));
#4671 = CARTESIAN_POINT('',(0.303508819816,-0.719568753614));
#4672 = CARTESIAN_POINT('',(0.202469583923,-0.694753394642));
#4673 = CARTESIAN_POINT('',(0.152769815276,-0.681669812246));
#4674 = CARTESIAN_POINT('',(0.102367727233,-0.667513399891));
#4675 = CARTESIAN_POINT('',(5.13867827261E-02,-0.652314144698));
#4676 = CARTESIAN_POINT('',(0.,-0.636151440315));
#4677 = ( GEOMETRIC_REPRESENTATION_CONTEXT(2) 
PARAMETRIC_REPRESENTATION_CONTEXT() REPRESENTATION_CONTEXT('2D SPACE',''
  ) );
#4678 = PCURVE('',#4290,#4679);
#4679 = DEFINITIONAL_REPRESENTATION('',(#4680),#4699);
#4680 = B_SPLINE_CURVE_WITH_KNOTS('',5,(#4681,#4682,#4683,#4684,#4685,
    #4686,#4687,#4688,#4689,#4690,#4691,#4692,#4693,#4694,#4695,#4696,
    #4697,#4698),.UNSPECIFIED.,.F.,.F.,(6,4,4,4,6),(0.,0.284675733995,
    0.540505872989,0.777567732888,1.),.UNSPECIFIED.);
#4681 = CARTESIAN_POINT('',(-5.018261453188,-31.37138671875));
#4682 = CARTESIAN_POINT('',(-5.018261453188,-31.27846157068));
#4683 = CARTESIAN_POINT('',(-5.01811489157,-31.18584081905));
#4684 = CARTESIAN_POINT('',(-5.017807185364,-31.09362844759));
#4685 = CARTESIAN_POINT('',(-5.017321088477,-31.00198862764));
#4686 = CARTESIAN_POINT('',(-5.016021643404,-30.82950773024));
#4687 = CARTESIAN_POINT('',(-5.015246474356,-30.74851818663));
#4688 = CARTESIAN_POINT('',(-5.014296794412,-30.66833931006));
#4689 = CARTESIAN_POINT('',(-5.013156556193,-30.58920470329));
#4690 = CARTESIAN_POINT('',(-5.010561913246,-30.43932176832));
#4691 = CARTESIAN_POINT('',(-5.009136735852,-30.36838685199));
#4692 = CARTESIAN_POINT('',(-5.007521814802,-30.2988429141));
#4693 = CARTESIAN_POINT('',(-5.00570507755,-30.23099483822));
#4694 = CARTESIAN_POINT('',(-5.001777436703,-30.10343110374));
#4695 = CARTESIAN_POINT('',(-4.999691559969,-30.04347034541));
#4696 = CARTESIAN_POINT('',(-4.99741497874,-29.98558809637));
#4697 = CARTESIAN_POINT('',(-4.994944891739,-29.93008816622));
#4698 = CARTESIAN_POINT('',(-4.992285518511,-29.87724609375));
#4699 = ( GEOMETRIC_REPRESENTATION_CONTEXT(2) 
PARAMETRIC_REPRESENTATION_CONTEXT() REPRESENTATION_CONTEXT('2D SPACE',''
  ) );
#4700 = ORIENTED_EDGE('',*,*,#4701,.T.);
#4701 = EDGE_CURVE('',#4634,#3197,#4702,.T.);
#4702 = SURFACE_CURVE('',#4703,(#4707,#4714),.PCURVE_S1.);
#4703 = LINE('',#4704,#4705);
#4704 = CARTESIAN_POINT('',(6.07763671875,-21.78,29.87724609375));
#4705 = VECTOR('',#4706,1.);
#4706 = DIRECTION('',(-0.,1.,-0.));
#4707 = PCURVE('',#3212,#4708);
#4708 = DEFINITIONAL_REPRESENTATION('',(#4709),#4713);
#4709 = LINE('',#4710,#4711);
#4710 = CARTESIAN_POINT('',(0.,0.));
#4711 = VECTOR('',#4712,1.);
#4712 = DIRECTION('',(0.,-1.));
#4713 = ( GEOMETRIC_REPRESENTATION_CONTEXT(2) 
PARAMETRIC_REPRESENTATION_CONTEXT() REPRESENTATION_CONTEXT('2D SPACE',''
  ) );
#4714 = PCURVE('',#3242,#4715);
#4715 = DEFINITIONAL_REPRESENTATION('',(#4716),#4720);
#4716 = LINE('',#4717,#4718);
#4717 = CARTESIAN_POINT('',(1.,0.));
#4718 = VECTOR('',#4719,1.);
#4719 = DIRECTION('',(0.,-1.));
#4720 = ( GEOMETRIC_REPRESENTATION_CONTEXT(2) 
PARAMETRIC_REPRESENTATION_CONTEXT() REPRESENTATION_CONTEXT('2D SPACE',''
  ) );
#4721 = ORIENTED_EDGE('',*,*,#3196,.T.);
#4722 = ORIENTED_EDGE('',*,*,#4557,.F.);
#4723 = ADVANCED_FACE('',(#4724),#3242,.T.);
#4724 = FACE_BOUND('',#4725,.T.);
#4725 = EDGE_LOOP('',(#4726,#4792,#4793,#4794));
#4726 = ORIENTED_EDGE('',*,*,#4727,.T.);
#4727 = EDGE_CURVE('',#4634,#4584,#4728,.T.);
#4728 = SURFACE_CURVE('',#4729,(#4748,#4770),.PCURVE_S1.);
#4729 = B_SPLINE_CURVE_WITH_KNOTS('',5,(#4730,#4731,#4732,#4733,#4734,
    #4735,#4736,#4737,#4738,#4739,#4740,#4741,#4742,#4743,#4744,#4745,
    #4746,#4747),.UNSPECIFIED.,.F.,.F.,(6,4,4,4,6),(0.,0.278602629771,
    0.575337743911,0.723116128588,1.),.UNSPECIFIED.);
#4730 = CARTESIAN_POINT('',(6.07763671875,-21.14384855968,29.87724609375
    ));
#4731 = CARTESIAN_POINT('',(6.016063584542,-21.16154728375,
    29.819382184495));
#4732 = CARTESIAN_POINT('',(5.949738320993,-21.1803692342,
    29.764767539659));
#4733 = CARTESIAN_POINT('',(5.878673397869,-21.20023746348,
    29.713851265456));
#4734 = CARTESIAN_POINT('',(5.803036615962,-21.22101777433,
    29.667009725969));
#4735 = CARTESIAN_POINT('',(5.638254354169,-21.26541405824,
    29.579172620998));
#4736 = CARTESIAN_POINT('',(5.548529013201,-21.28913237972,
    29.538744748044));
#4737 = CARTESIAN_POINT('',(5.454565203425,-21.31343732192,
    29.50347868153));
#4738 = CARTESIAN_POINT('',(5.356989676979,-21.33807340119,
    29.473373536238));
#4739 = CARTESIAN_POINT('',(5.206417351138,-21.37512282659,
    29.435757000999));
#4740 = CARTESIAN_POINT('',(5.155626430816,-21.38746480205,
    29.424489289839));
#4741 = CARTESIAN_POINT('',(5.104180742379,-21.39980374495,
    29.414436858011));
#4742 = CARTESIAN_POINT('',(5.052153804948,-21.41211462379,
    29.405569203686));
#4743 = CARTESIAN_POINT('',(4.901173848798,-21.44734746145,
    29.383381048917));
#4744 = CARTESIAN_POINT('',(4.80093563398,-21.47014300038,
    29.372940107259));
#4745 = CARTESIAN_POINT('',(4.69933851141,-21.49261897482,
    29.366276409575));
#4746 = CARTESIAN_POINT('',(4.596743589938,-21.51467153869,29.3630859375
    ));
#4747 = CARTESIAN_POINT('',(4.493408203125,-21.53623185982,29.3630859375
    ));
#4748 = PCURVE('',#3242,#4749);
#4749 = DEFINITIONAL_REPRESENTATION('',(#4750),#4769);
#4750 = B_SPLINE_CURVE_WITH_KNOTS('',5,(#4751,#4752,#4753,#4754,#4755,
    #4756,#4757,#4758,#4759,#4760,#4761,#4762,#4763,#4764,#4765,#4766,
    #4767,#4768),.UNSPECIFIED.,.F.,.F.,(6,4,4,4,6),(0.,0.278602629771,
    0.575337743911,0.723116128588,1.),.UNSPECIFIED.);
#4751 = CARTESIAN_POINT('',(1.,-0.636151440315));
#4752 = CARTESIAN_POINT('',(0.943729683687,-0.618452716249));
#4753 = CARTESIAN_POINT('',(0.886661183421,-0.599630765798));
#4754 = CARTESIAN_POINT('',(0.829006851033,-0.579762536519));
#4755 = CARTESIAN_POINT('',(0.771020503796,-0.558982225662));
#4756 = CARTESIAN_POINT('',(0.651221050588,-0.514585941751));
#4757 = CARTESIAN_POINT('',(0.589389212284,-0.490867620275));
#4758 = CARTESIAN_POINT('',(0.527885540241,-0.466562678073));
#4759 = CARTESIAN_POINT('',(0.467011790739,-0.441926598804));
#4760 = CARTESIAN_POINT('',(0.377136717334,-0.404877173406));
#4761 = CARTESIAN_POINT('',(0.347473041431,-0.392535197944));
#4762 = CARTESIAN_POINT('',(0.318052050973,-0.380196255041));
#4763 = CARTESIAN_POINT('',(0.288895176265,-0.367885376206));
#4764 = CARTESIAN_POINT('',(0.205912087812,-0.332652538547));
#4765 = CARTESIAN_POINT('',(0.152789270858,-0.309856999619));
#4766 = CARTESIAN_POINT('',(0.100746751472,-0.287381025176));
#4767 = CARTESIAN_POINT('',(4.981894354809E-02,-0.265328461304));
#4768 = CARTESIAN_POINT('',(0.,-0.243768140176));
#4769 = ( GEOMETRIC_REPRESENTATION_CONTEXT(2) 
PARAMETRIC_REPRESENTATION_CONTEXT() REPRESENTATION_CONTEXT('2D SPACE',''
  ) );
#4770 = PCURVE('',#4290,#4771);
#4771 = DEFINITIONAL_REPRESENTATION('',(#4772),#4791);
#4772 = B_SPLINE_CURVE_WITH_KNOTS('',5,(#4773,#4774,#4775,#4776,#4777,
    #4778,#4779,#4780,#4781,#4782,#4783,#4784,#4785,#4786,#4787,#4788,
    #4789,#4790),.UNSPECIFIED.,.F.,.F.,(6,4,4,4,6),(0.,0.278602629771,
    0.575337743911,0.723116128588,1.),.UNSPECIFIED.);
#4773 = CARTESIAN_POINT('',(-4.992285518511,-29.87724609375));
#4774 = CARTESIAN_POINT('',(-4.989373412229,-29.81938218449));
#4775 = CARTESIAN_POINT('',(-4.986239601478,-29.76476753965));
#4776 = CARTESIAN_POINT('',(-4.982885547034,-29.71385126545));
#4777 = CARTESIAN_POINT('',(-4.979320162253,-29.66700972596));
#4778 = CARTESIAN_POINT('',(-4.971562970997,-29.57917262099));
#4779 = CARTESIAN_POINT('',(-4.967344504322,-29.53874474804));
#4780 = CARTESIAN_POINT('',(-4.96293294499,-29.50347868153));
#4781 = CARTESIAN_POINT('',(-4.958358594201,-29.47337353623));
#4782 = CARTESIAN_POINT('',(-4.951310253849,-29.43575700099));
#4783 = CARTESIAN_POINT('',(-4.948934403017,-29.42448928983));
#4784 = CARTESIAN_POINT('',(-4.946529657841,-29.41443685801));
#4785 = CARTESIAN_POINT('',(-4.944099504477,-29.40556920368));
#4786 = CARTESIAN_POINT('',(-4.937052393234,-29.38338104891));
#4787 = CARTESIAN_POINT('',(-4.932379851937,-29.37294010725));
#4788 = CARTESIAN_POINT('',(-4.927650256686,-29.36627640957));
#4789 = CARTESIAN_POINT('',(-4.922880423563,-29.3630859375));
#4790 = CARTESIAN_POINT('',(-4.91808221246,-29.3630859375));
#4791 = ( GEOMETRIC_REPRESENTATION_CONTEXT(2) 
PARAMETRIC_REPRESENTATION_CONTEXT() REPRESENTATION_CONTEXT('2D SPACE',''
  ) );
#4792 = ORIENTED_EDGE('',*,*,#4609,.T.);
#4793 = ORIENTED_EDGE('',*,*,#3226,.T.);
#4794 = ORIENTED_EDGE('',*,*,#4701,.F.);
#4795 = ADVANCED_FACE('',(#4796),#3442,.T.);
#4796 = FACE_BOUND('',#4797,.F.);
#4797 = EDGE_LOOP('',(#4798,#4820,#4821,#4822));
#4798 = ORIENTED_EDGE('',*,*,#4799,.F.);
#4799 = EDGE_CURVE('',#3422,#4800,#4802,.T.);
#4800 = VERTEX_POINT('',#4801);
#4801 = CARTESIAN_POINT('',(19.,-4.65365783676E-15,102.8));
#4802 = SEAM_CURVE('',#4803,(#4808,#4814),.PCURVE_S1.);
#4803 = CIRCLE('',#4804,1.2);
#4804 = AXIS2_PLACEMENT_3D('',#4805,#4806,#4807);
#4805 = CARTESIAN_POINT('',(20.2,-4.947573068555E-15,102.8));
#4806 = DIRECTION('',(-2.449293598295E-16,-1.,0.));
#4807 = DIRECTION('',(1.,-2.449293598295E-16,0.));
#4808 = PCURVE('',#3442,#4809);
#4809 = DEFINITIONAL_REPRESENTATION('',(#4810),#4813);
#4810 = B_SPLINE_CURVE_WITH_KNOTS('',1,(#4811,#4812),.UNSPECIFIED.,.F.,
  .F.,(2,2),(1.570796326795,3.14159265359),.PIECEWISE_BEZIER_KNOTS.);
#4811 = CARTESIAN_POINT('',(0.,1.570796326795));
#4812 = CARTESIAN_POINT('',(0.,3.14159265359));
#4813 = ( GEOMETRIC_REPRESENTATION_CONTEXT(2) 
PARAMETRIC_REPRESENTATION_CONTEXT() REPRESENTATION_CONTEXT('2D SPACE',''
  ) );
#4814 = PCURVE('',#3442,#4815);
#4815 = DEFINITIONAL_REPRESENTATION('',(#4816),#4819);
#4816 = B_SPLINE_CURVE_WITH_KNOTS('',1,(#4817,#4818),.UNSPECIFIED.,.F.,
  .F.,(2,2),(1.570796326795,3.14159265359),.PIECEWISE_BEZIER_KNOTS.);
#4817 = CARTESIAN_POINT('',(-6.28318530718,1.570796326795));
#4818 = CARTESIAN_POINT('',(-6.28318530718,3.14159265359));
#4819 = ( GEOMETRIC_REPRESENTATION_CONTEXT(2) 
PARAMETRIC_REPRESENTATION_CONTEXT() REPRESENTATION_CONTEXT('2D SPACE',''
  ) );
#4820 = ORIENTED_EDGE('',*,*,#3421,.F.);
#4821 = ORIENTED_EDGE('',*,*,#4799,.T.);
#4822 = ORIENTED_EDGE('',*,*,#4823,.T.);
#4823 = EDGE_CURVE('',#4800,#4800,#4824,.T.);
#4824 = SURFACE_CURVE('',#4825,(#4830,#4837),.PCURVE_S1.);
#4825 = CIRCLE('',#4826,19.);
#4826 = AXIS2_PLACEMENT_3D('',#4827,#4828,#4829);
#4827 = CARTESIAN_POINT('',(0.,0.,102.8));
#4828 = DIRECTION('',(0.,-0.,-1.));
#4829 = DIRECTION('',(1.,-2.449293598295E-16,0.));
#4830 = PCURVE('',#3442,#4831);
#4831 = DEFINITIONAL_REPRESENTATION('',(#4832),#4836);
#4832 = LINE('',#4833,#4834);
#4833 = CARTESIAN_POINT('',(-0.,3.14159265359));
#4834 = VECTOR('',#4835,1.);
#4835 = DIRECTION('',(-1.,0.));
#4836 = ( GEOMETRIC_REPRESENTATION_CONTEXT(2) 
PARAMETRIC_REPRESENTATION_CONTEXT() REPRESENTATION_CONTEXT('2D SPACE',''
  ) );
#4837 = PCURVE('',#4838,#4843);
#4838 = CYLINDRICAL_SURFACE('',#4839,19.);
#4839 = AXIS2_PLACEMENT_3D('',#4840,#4841,#4842);
#4840 = CARTESIAN_POINT('',(0.,0.,3.));
#4841 = DIRECTION('',(-0.,-0.,-1.));
#4842 = DIRECTION('',(1.,0.,0.));
#4843 = DEFINITIONAL_REPRESENTATION('',(#4844),#4848);
#4844 = LINE('',#4845,#4846);
#4845 = CARTESIAN_POINT('',(-6.28318530718,-99.8));
#4846 = VECTOR('',#4847,1.);
#4847 = DIRECTION('',(1.,-0.));
#4848 = ( GEOMETRIC_REPRESENTATION_CONTEXT(2) 
PARAMETRIC_REPRESENTATION_CONTEXT() REPRESENTATION_CONTEXT('2D SPACE',''
  ) );
#4849 = ADVANCED_FACE('',(#4850),#3872,.T.);
#4850 = FACE_BOUND('',#4851,.T.);
#4851 = EDGE_LOOP('',(#4852,#4875,#4876,#4899));
#4852 = ORIENTED_EDGE('',*,*,#4853,.T.);
#4853 = EDGE_CURVE('',#4854,#3855,#4856,.T.);
#4854 = VERTEX_POINT('',#4855);
#4855 = CARTESIAN_POINT('',(-2.972900390625,-21.78,32.1052734375));
#4856 = SURFACE_CURVE('',#4857,(#4861,#4868),.PCURVE_S1.);
#4857 = LINE('',#4858,#4859);
#4858 = CARTESIAN_POINT('',(-2.972900390625,-21.78,32.1052734375));
#4859 = VECTOR('',#4860,1.);
#4860 = DIRECTION('',(-0.,1.,-0.));
#4861 = PCURVE('',#3872,#4862);
#4862 = DEFINITIONAL_REPRESENTATION('',(#4863),#4867);
#4863 = LINE('',#4864,#4865);
#4864 = CARTESIAN_POINT('',(0.,0.));
#4865 = VECTOR('',#4866,1.);
#4866 = DIRECTION('',(0.,-1.));
#4867 = ( GEOMETRIC_REPRESENTATION_CONTEXT(2) 
PARAMETRIC_REPRESENTATION_CONTEXT() REPRESENTATION_CONTEXT('2D SPACE',''
  ) );
#4868 = PCURVE('',#4046,#4869);
#4869 = DEFINITIONAL_REPRESENTATION('',(#4870),#4874);
#4870 = LINE('',#4871,#4872);
#4871 = CARTESIAN_POINT('',(1.388671875,0.));
#4872 = VECTOR('',#4873,1.);
#4873 = DIRECTION('',(0.,-1.));
#4874 = ( GEOMETRIC_REPRESENTATION_CONTEXT(2) 
PARAMETRIC_REPRESENTATION_CONTEXT() REPRESENTATION_CONTEXT('2D SPACE',''
  ) );
#4875 = ORIENTED_EDGE('',*,*,#3854,.T.);
#4876 = ORIENTED_EDGE('',*,*,#4877,.F.);
#4877 = EDGE_CURVE('',#4878,#3857,#4880,.T.);
#4878 = VERTEX_POINT('',#4879);
#4879 = CARTESIAN_POINT('',(-2.036865234375,-21.78,32.1052734375));
#4880 = SURFACE_CURVE('',#4881,(#4885,#4892),.PCURVE_S1.);
#4881 = LINE('',#4882,#4883);
#4882 = CARTESIAN_POINT('',(-2.036865234375,-21.78,32.1052734375));
#4883 = VECTOR('',#4884,1.);
#4884 = DIRECTION('',(-0.,1.,-0.));
#4885 = PCURVE('',#3872,#4886);
#4886 = DEFINITIONAL_REPRESENTATION('',(#4887),#4891);
#4887 = LINE('',#4888,#4889);
#4888 = CARTESIAN_POINT('',(0.93603515625,0.));
#4889 = VECTOR('',#4890,1.);
#4890 = DIRECTION('',(0.,-1.));
#4891 = ( GEOMETRIC_REPRESENTATION_CONTEXT(2) 
PARAMETRIC_REPRESENTATION_CONTEXT() REPRESENTATION_CONTEXT('2D SPACE',''
  ) );
#4892 = PCURVE('',#3900,#4893);
#4893 = DEFINITIONAL_REPRESENTATION('',(#4894),#4898);
#4894 = LINE('',#4895,#4896);
#4895 = CARTESIAN_POINT('',(0.,0.));
#4896 = VECTOR('',#4897,1.);
#4897 = DIRECTION('',(0.,-1.));
#4898 = ( GEOMETRIC_REPRESENTATION_CONTEXT(2) 
PARAMETRIC_REPRESENTATION_CONTEXT() REPRESENTATION_CONTEXT('2D SPACE',''
  ) );
#4899 = ORIENTED_EDGE('',*,*,#4900,.F.);
#4900 = EDGE_CURVE('',#4854,#4878,#4901,.T.);
#4901 = SURFACE_CURVE('',#4902,(#4906,#4913),.PCURVE_S1.);
#4902 = LINE('',#4903,#4904);
#4903 = CARTESIAN_POINT('',(-2.972900390625,-21.78,32.1052734375));
#4904 = VECTOR('',#4905,1.);
#4905 = DIRECTION('',(1.,0.,0.));
#4906 = PCURVE('',#3872,#4907);
#4907 = DEFINITIONAL_REPRESENTATION('',(#4908),#4912);
#4908 = LINE('',#4909,#4910);
#4909 = CARTESIAN_POINT('',(0.,0.));
#4910 = VECTOR('',#4911,1.);
#4911 = DIRECTION('',(1.,0.));
#4912 = ( GEOMETRIC_REPRESENTATION_CONTEXT(2) 
PARAMETRIC_REPRESENTATION_CONTEXT() REPRESENTATION_CONTEXT('2D SPACE',''
  ) );
#4913 = PCURVE('',#4914,#4919);
#4914 = PLANE('',#4915);
#4915 = AXIS2_PLACEMENT_3D('',#4916,#4917,#4918);
#4916 = CARTESIAN_POINT('',(0.213980799216,-21.78,31.268380037898));
#4917 = DIRECTION('',(-0.,-1.,-0.));
#4918 = DIRECTION('',(0.,0.,-1.));
#4919 = DEFINITIONAL_REPRESENTATION('',(#4920),#4924);
#4920 = LINE('',#4921,#4922);
#4921 = CARTESIAN_POINT('',(-0.836893399602,-3.186881189841));
#4922 = VECTOR('',#4923,1.);
#4923 = DIRECTION('',(0.,1.));
#4924 = ( GEOMETRIC_REPRESENTATION_CONTEXT(2) 
PARAMETRIC_REPRESENTATION_CONTEXT() REPRESENTATION_CONTEXT('2D SPACE',''
  ) );
#4925 = ADVANCED_FACE('',(#4926),#3900,.T.);
#4926 = FACE_BOUND('',#4927,.T.);
#4927 = EDGE_LOOP('',(#4928,#4929,#4930,#4953));
#4928 = ORIENTED_EDGE('',*,*,#4877,.T.);
#4929 = ORIENTED_EDGE('',*,*,#3884,.T.);
#4930 = ORIENTED_EDGE('',*,*,#4931,.F.);
#4931 = EDGE_CURVE('',#4932,#3885,#4934,.T.);
#4932 = VERTEX_POINT('',#4933);
#4933 = CARTESIAN_POINT('',(-1.430419921875,-21.78,32.2810546875));
#4934 = SURFACE_CURVE('',#4935,(#4939,#4946),.PCURVE_S1.);
#4935 = LINE('',#4936,#4937);
#4936 = CARTESIAN_POINT('',(-1.430419921875,-21.78,32.2810546875));
#4937 = VECTOR('',#4938,1.);
#4938 = DIRECTION('',(-0.,1.,-0.));
#4939 = PCURVE('',#3900,#4940);
#4940 = DEFINITIONAL_REPRESENTATION('',(#4941),#4945);
#4941 = LINE('',#4942,#4943);
#4942 = CARTESIAN_POINT('',(1.,0.));
#4943 = VECTOR('',#4944,1.);
#4944 = DIRECTION('',(0.,-1.));
#4945 = ( GEOMETRIC_REPRESENTATION_CONTEXT(2) 
PARAMETRIC_REPRESENTATION_CONTEXT() REPRESENTATION_CONTEXT('2D SPACE',''
  ) );
#4946 = PCURVE('',#3930,#4947);
#4947 = DEFINITIONAL_REPRESENTATION('',(#4948),#4952);
#4948 = LINE('',#4949,#4950);
#4949 = CARTESIAN_POINT('',(0.,0.));
#4950 = VECTOR('',#4951,1.);
#4951 = DIRECTION('',(0.,-1.));
#4952 = ( GEOMETRIC_REPRESENTATION_CONTEXT(2) 
PARAMETRIC_REPRESENTATION_CONTEXT() REPRESENTATION_CONTEXT('2D SPACE',''
  ) );
#4953 = ORIENTED_EDGE('',*,*,#4954,.F.);
#4954 = EDGE_CURVE('',#4878,#4932,#4955,.T.);
#4955 = SURFACE_CURVE('',#4956,(#4960,#4967),.PCURVE_S1.);
#4956 = B_SPLINE_CURVE_WITH_KNOTS('',2,(#4957,#4958,#4959),
  .UNSPECIFIED.,.F.,.F.,(3,3),(0.,1.),.PIECEWISE_BEZIER_KNOTS.);
#4957 = CARTESIAN_POINT('',(-2.036865234375,-21.78,32.1052734375));
#4958 = CARTESIAN_POINT('',(-1.636962890625,-21.78,32.1052734375));
#4959 = CARTESIAN_POINT('',(-1.430419921875,-21.78,32.2810546875));
#4960 = PCURVE('',#3900,#4961);
#4961 = DEFINITIONAL_REPRESENTATION('',(#4962),#4966);
#4962 = LINE('',#4963,#4964);
#4963 = CARTESIAN_POINT('',(0.,0.));
#4964 = VECTOR('',#4965,1.);
#4965 = DIRECTION('',(1.,0.));
#4966 = ( GEOMETRIC_REPRESENTATION_CONTEXT(2) 
PARAMETRIC_REPRESENTATION_CONTEXT() REPRESENTATION_CONTEXT('2D SPACE',''
  ) );
#4967 = PCURVE('',#4914,#4968);
#4968 = DEFINITIONAL_REPRESENTATION('',(#4969),#4973);
#4969 = B_SPLINE_CURVE_WITH_KNOTS('',2,(#4970,#4971,#4972),
  .UNSPECIFIED.,.F.,.F.,(3,3),(0.,1.),.PIECEWISE_BEZIER_KNOTS.);
#4970 = CARTESIAN_POINT('',(-0.836893399602,-2.250846033591));
#4971 = CARTESIAN_POINT('',(-0.836893399602,-1.850943689841));
#4972 = CARTESIAN_POINT('',(-1.012674649602,-1.644400721091));
#4973 = ( GEOMETRIC_REPRESENTATION_CONTEXT(2) 
PARAMETRIC_REPRESENTATION_CONTEXT() REPRESENTATION_CONTEXT('2D SPACE',''
  ) );
#4974 = ADVANCED_FACE('',(#4975),#3930,.T.);
#4975 = FACE_BOUND('',#4976,.T.);
#4976 = EDGE_LOOP('',(#4977,#4978,#4979,#5002));
#4977 = ORIENTED_EDGE('',*,*,#4931,.T.);
#4978 = ORIENTED_EDGE('',*,*,#3914,.T.);
#4979 = ORIENTED_EDGE('',*,*,#4980,.F.);
#4980 = EDGE_CURVE('',#4981,#3915,#4983,.T.);
#4981 = VERTEX_POINT('',#4982);
#4982 = CARTESIAN_POINT('',(-1.223876953125,-21.78,32.799609375));
#4983 = SURFACE_CURVE('',#4984,(#4988,#4995),.PCURVE_S1.);
#4984 = LINE('',#4985,#4986);
#4985 = CARTESIAN_POINT('',(-1.223876953125,-21.78,32.799609375));
#4986 = VECTOR('',#4987,1.);
#4987 = DIRECTION('',(-0.,1.,-0.));
#4988 = PCURVE('',#3930,#4989);
#4989 = DEFINITIONAL_REPRESENTATION('',(#4990),#4994);
#4990 = LINE('',#4991,#4992);
#4991 = CARTESIAN_POINT('',(1.,0.));
#4992 = VECTOR('',#4993,1.);
#4993 = DIRECTION('',(0.,-1.));
#4994 = ( GEOMETRIC_REPRESENTATION_CONTEXT(2) 
PARAMETRIC_REPRESENTATION_CONTEXT() REPRESENTATION_CONTEXT('2D SPACE',''
  ) );
#4995 = PCURVE('',#3960,#4996);
#4996 = DEFINITIONAL_REPRESENTATION('',(#4997),#5001);
#4997 = LINE('',#4998,#4999);
#4998 = CARTESIAN_POINT('',(0.,0.));
#4999 = VECTOR('',#5000,1.);
#5000 = DIRECTION('',(0.,-1.));
#5001 = ( GEOMETRIC_REPRESENTATION_CONTEXT(2) 
PARAMETRIC_REPRESENTATION_CONTEXT() REPRESENTATION_CONTEXT('2D SPACE',''
  ) );
#5002 = ORIENTED_EDGE('',*,*,#5003,.F.);
#5003 = EDGE_CURVE('',#4932,#4981,#5004,.T.);
#5004 = SURFACE_CURVE('',#5005,(#5009,#5016),.PCURVE_S1.);
#5005 = B_SPLINE_CURVE_WITH_KNOTS('',2,(#5006,#5007,#5008),
  .UNSPECIFIED.,.F.,.F.,(3,3),(0.,1.),.PIECEWISE_BEZIER_KNOTS.);
#5006 = CARTESIAN_POINT('',(-1.430419921875,-21.78,32.2810546875));
#5007 = CARTESIAN_POINT('',(-1.223876953125,-21.78,32.4568359375));
#5008 = CARTESIAN_POINT('',(-1.223876953125,-21.78,32.799609375));
#5009 = PCURVE('',#3930,#5010);
#5010 = DEFINITIONAL_REPRESENTATION('',(#5011),#5015);
#5011 = LINE('',#5012,#5013);
#5012 = CARTESIAN_POINT('',(0.,0.));
#5013 = VECTOR('',#5014,1.);
#5014 = DIRECTION('',(1.,0.));
#5015 = ( GEOMETRIC_REPRESENTATION_CONTEXT(2) 
PARAMETRIC_REPRESENTATION_CONTEXT() REPRESENTATION_CONTEXT('2D SPACE',''
  ) );
#5016 = PCURVE('',#4914,#5017);
#5017 = DEFINITIONAL_REPRESENTATION('',(#5018),#5022);
#5018 = B_SPLINE_CURVE_WITH_KNOTS('',2,(#5019,#5020,#5021),
  .UNSPECIFIED.,.F.,.F.,(3,3),(0.,1.),.PIECEWISE_BEZIER_KNOTS.);
#5019 = CARTESIAN_POINT('',(-1.012674649602,-1.644400721091));
#5020 = CARTESIAN_POINT('',(-1.188455899602,-1.437857752341));
#5021 = CARTESIAN_POINT('',(-1.531229337102,-1.437857752341));
#5022 = ( GEOMETRIC_REPRESENTATION_CONTEXT(2) 
PARAMETRIC_REPRESENTATION_CONTEXT() REPRESENTATION_CONTEXT('2D SPACE',''
  ) );
#5023 = ADVANCED_FACE('',(#5024),#3960,.T.);
#5024 = FACE_BOUND('',#5025,.T.);
#5025 = EDGE_LOOP('',(#5026,#5027,#5028,#5051));
#5026 = ORIENTED_EDGE('',*,*,#4980,.T.);
#5027 = ORIENTED_EDGE('',*,*,#3944,.T.);
#5028 = ORIENTED_EDGE('',*,*,#5029,.F.);
#5029 = EDGE_CURVE('',#5030,#3945,#5032,.T.);
#5030 = VERTEX_POINT('',#5031);
#5031 = CARTESIAN_POINT('',(-1.430419921875,-21.78,33.315966796875));
#5032 = SURFACE_CURVE('',#5033,(#5037,#5044),.PCURVE_S1.);
#5033 = LINE('',#5034,#5035);
#5034 = CARTESIAN_POINT('',(-1.430419921875,-21.78,33.315966796875));
#5035 = VECTOR('',#5036,1.);
#5036 = DIRECTION('',(-0.,1.,-0.));
#5037 = PCURVE('',#3960,#5038);
#5038 = DEFINITIONAL_REPRESENTATION('',(#5039),#5043);
#5039 = LINE('',#5040,#5041);
#5040 = CARTESIAN_POINT('',(1.,0.));
#5041 = VECTOR('',#5042,1.);
#5042 = DIRECTION('',(0.,-1.));
#5043 = ( GEOMETRIC_REPRESENTATION_CONTEXT(2) 
PARAMETRIC_REPRESENTATION_CONTEXT() REPRESENTATION_CONTEXT('2D SPACE',''
  ) );
#5044 = PCURVE('',#3990,#5045);
#5045 = DEFINITIONAL_REPRESENTATION('',(#5046),#5050);
#5046 = LINE('',#5047,#5048);
#5047 = CARTESIAN_POINT('',(0.,0.));
#5048 = VECTOR('',#5049,1.);
#5049 = DIRECTION('',(0.,-1.));
#5050 = ( GEOMETRIC_REPRESENTATION_CONTEXT(2) 
PARAMETRIC_REPRESENTATION_CONTEXT() REPRESENTATION_CONTEXT('2D SPACE',''
  ) );
#5051 = ORIENTED_EDGE('',*,*,#5052,.F.);
#5052 = EDGE_CURVE('',#4981,#5030,#5053,.T.);
#5053 = SURFACE_CURVE('',#5054,(#5058,#5065),.PCURVE_S1.);
#5054 = B_SPLINE_CURVE_WITH_KNOTS('',2,(#5055,#5056,#5057),
  .UNSPECIFIED.,.F.,.F.,(3,3),(0.,1.),.PIECEWISE_BEZIER_KNOTS.);
#5055 = CARTESIAN_POINT('',(-1.223876953125,-21.78,32.799609375));
#5056 = CARTESIAN_POINT('',(-1.223876953125,-21.78,33.13798828125));
#5057 = CARTESIAN_POINT('',(-1.430419921875,-21.78,33.315966796875));
#5058 = PCURVE('',#3960,#5059);
#5059 = DEFINITIONAL_REPRESENTATION('',(#5060),#5064);
#5060 = LINE('',#5061,#5062);
#5061 = CARTESIAN_POINT('',(0.,0.));
#5062 = VECTOR('',#5063,1.);
#5063 = DIRECTION('',(1.,0.));
#5064 = ( GEOMETRIC_REPRESENTATION_CONTEXT(2) 
PARAMETRIC_REPRESENTATION_CONTEXT() REPRESENTATION_CONTEXT('2D SPACE',''
  ) );
#5065 = PCURVE('',#4914,#5066);
#5066 = DEFINITIONAL_REPRESENTATION('',(#5067),#5071);
#5067 = B_SPLINE_CURVE_WITH_KNOTS('',2,(#5068,#5069,#5070),
  .UNSPECIFIED.,.F.,.F.,(3,3),(0.,1.),.PIECEWISE_BEZIER_KNOTS.);
#5068 = CARTESIAN_POINT('',(-1.531229337102,-1.437857752341));
#5069 = CARTESIAN_POINT('',(-1.869608243352,-1.437857752341));
#5070 = CARTESIAN_POINT('',(-2.047586758977,-1.644400721091));
#5071 = ( GEOMETRIC_REPRESENTATION_CONTEXT(2) 
PARAMETRIC_REPRESENTATION_CONTEXT() REPRESENTATION_CONTEXT('2D SPACE',''
  ) );
#5072 = ADVANCED_FACE('',(#5073),#3990,.T.);
#5073 = FACE_BOUND('',#5074,.T.);
#5074 = EDGE_LOOP('',(#5075,#5076,#5077,#5100));
#5075 = ORIENTED_EDGE('',*,*,#5029,.T.);
#5076 = ORIENTED_EDGE('',*,*,#3974,.T.);
#5077 = ORIENTED_EDGE('',*,*,#5078,.F.);
#5078 = EDGE_CURVE('',#5079,#3975,#5081,.T.);
#5079 = VERTEX_POINT('',#5080);
#5080 = CARTESIAN_POINT('',(-2.036865234375,-21.78,33.4939453125));
#5081 = SURFACE_CURVE('',#5082,(#5086,#5093),.PCURVE_S1.);
#5082 = LINE('',#5083,#5084);
#5083 = CARTESIAN_POINT('',(-2.036865234375,-21.78,33.4939453125));
#5084 = VECTOR('',#5085,1.);
#5085 = DIRECTION('',(-0.,1.,-0.));
#5086 = PCURVE('',#3990,#5087);
#5087 = DEFINITIONAL_REPRESENTATION('',(#5088),#5092);
#5088 = LINE('',#5089,#5090);
#5089 = CARTESIAN_POINT('',(1.,0.));
#5090 = VECTOR('',#5091,1.);
#5091 = DIRECTION('',(0.,-1.));
#5092 = ( GEOMETRIC_REPRESENTATION_CONTEXT(2) 
PARAMETRIC_REPRESENTATION_CONTEXT() REPRESENTATION_CONTEXT('2D SPACE',''
  ) );
#5093 = PCURVE('',#4020,#5094);
#5094 = DEFINITIONAL_REPRESENTATION('',(#5095),#5099);
#5095 = LINE('',#5096,#5097);
#5096 = CARTESIAN_POINT('',(0.,0.));
#5097 = VECTOR('',#5098,1.);
#5098 = DIRECTION('',(0.,-1.));
#5099 = ( GEOMETRIC_REPRESENTATION_CONTEXT(2) 
PARAMETRIC_REPRESENTATION_CONTEXT() REPRESENTATION_CONTEXT('2D SPACE',''
  ) );
#5100 = ORIENTED_EDGE('',*,*,#5101,.F.);
#5101 = EDGE_CURVE('',#5030,#5079,#5102,.T.);
#5102 = SURFACE_CURVE('',#5103,(#5107,#5114),.PCURVE_S1.);
#5103 = B_SPLINE_CURVE_WITH_KNOTS('',2,(#5104,#5105,#5106),
  .UNSPECIFIED.,.F.,.F.,(3,3),(0.,1.),.PIECEWISE_BEZIER_KNOTS.);
#5104 = CARTESIAN_POINT('',(-1.430419921875,-21.78,33.315966796875));
#5105 = CARTESIAN_POINT('',(-1.636962890625,-21.78,33.4939453125));
#5106 = CARTESIAN_POINT('',(-2.036865234375,-21.78,33.4939453125));
#5107 = PCURVE('',#3990,#5108);
#5108 = DEFINITIONAL_REPRESENTATION('',(#5109),#5113);
#5109 = LINE('',#5110,#5111);
#5110 = CARTESIAN_POINT('',(0.,0.));
#5111 = VECTOR('',#5112,1.);
#5112 = DIRECTION('',(1.,0.));
#5113 = ( GEOMETRIC_REPRESENTATION_CONTEXT(2) 
PARAMETRIC_REPRESENTATION_CONTEXT() REPRESENTATION_CONTEXT('2D SPACE',''
  ) );
#5114 = PCURVE('',#4914,#5115);
#5115 = DEFINITIONAL_REPRESENTATION('',(#5116),#5120);
#5116 = B_SPLINE_CURVE_WITH_KNOTS('',2,(#5117,#5118,#5119),
  .UNSPECIFIED.,.F.,.F.,(3,3),(0.,1.),.PIECEWISE_BEZIER_KNOTS.);
#5117 = CARTESIAN_POINT('',(-2.047586758977,-1.644400721091));
#5118 = CARTESIAN_POINT('',(-2.225565274602,-1.850943689841));
#5119 = CARTESIAN_POINT('',(-2.225565274602,-2.250846033591));
#5120 = ( GEOMETRIC_REPRESENTATION_CONTEXT(2) 
PARAMETRIC_REPRESENTATION_CONTEXT() REPRESENTATION_CONTEXT('2D SPACE',''
  ) );
#5121 = ADVANCED_FACE('',(#5122),#4020,.T.);
#5122 = FACE_BOUND('',#5123,.T.);
#5123 = EDGE_LOOP('',(#5124,#5125,#5126,#5149));
#5124 = ORIENTED_EDGE('',*,*,#5078,.T.);
#5125 = ORIENTED_EDGE('',*,*,#4004,.T.);
#5126 = ORIENTED_EDGE('',*,*,#5127,.F.);
#5127 = EDGE_CURVE('',#5128,#4005,#5130,.T.);
#5128 = VERTEX_POINT('',#5129);
#5129 = CARTESIAN_POINT('',(-2.972900390625,-21.78,33.4939453125));
#5130 = SURFACE_CURVE('',#5131,(#5135,#5142),.PCURVE_S1.);
#5131 = LINE('',#5132,#5133);
#5132 = CARTESIAN_POINT('',(-2.972900390625,-21.78,33.4939453125));
#5133 = VECTOR('',#5134,1.);
#5134 = DIRECTION('',(-0.,1.,-0.));
#5135 = PCURVE('',#4020,#5136);
#5136 = DEFINITIONAL_REPRESENTATION('',(#5137),#5141);
#5137 = LINE('',#5138,#5139);
#5138 = CARTESIAN_POINT('',(0.93603515625,0.));
#5139 = VECTOR('',#5140,1.);
#5140 = DIRECTION('',(0.,-1.));
#5141 = ( GEOMETRIC_REPRESENTATION_CONTEXT(2) 
PARAMETRIC_REPRESENTATION_CONTEXT() REPRESENTATION_CONTEXT('2D SPACE',''
  ) );
#5142 = PCURVE('',#4046,#5143);
#5143 = DEFINITIONAL_REPRESENTATION('',(#5144),#5148);
#5144 = LINE('',#5145,#5146);
#5145 = CARTESIAN_POINT('',(0.,0.));
#5146 = VECTOR('',#5147,1.);
#5147 = DIRECTION('',(0.,-1.));
#5148 = ( GEOMETRIC_REPRESENTATION_CONTEXT(2) 
PARAMETRIC_REPRESENTATION_CONTEXT() REPRESENTATION_CONTEXT('2D SPACE',''
  ) );
#5149 = ORIENTED_EDGE('',*,*,#5150,.F.);
#5150 = EDGE_CURVE('',#5079,#5128,#5151,.T.);
#5151 = SURFACE_CURVE('',#5152,(#5156,#5163),.PCURVE_S1.);
#5152 = LINE('',#5153,#5154);
#5153 = CARTESIAN_POINT('',(-2.036865234375,-21.78,33.4939453125));
#5154 = VECTOR('',#5155,1.);
#5155 = DIRECTION('',(-1.,0.,0.));
#5156 = PCURVE('',#4020,#5157);
#5157 = DEFINITIONAL_REPRESENTATION('',(#5158),#5162);
#5158 = LINE('',#5159,#5160);
#5159 = CARTESIAN_POINT('',(0.,0.));
#5160 = VECTOR('',#5161,1.);
#5161 = DIRECTION('',(1.,0.));
#5162 = ( GEOMETRIC_REPRESENTATION_CONTEXT(2) 
PARAMETRIC_REPRESENTATION_CONTEXT() REPRESENTATION_CONTEXT('2D SPACE',''
  ) );
#5163 = PCURVE('',#4914,#5164);
#5164 = DEFINITIONAL_REPRESENTATION('',(#5165),#5169);
#5165 = LINE('',#5166,#5167);
#5166 = CARTESIAN_POINT('',(-2.225565274602,-2.250846033591));
#5167 = VECTOR('',#5168,1.);
#5168 = DIRECTION('',(0.,-1.));
#5169 = ( GEOMETRIC_REPRESENTATION_CONTEXT(2) 
PARAMETRIC_REPRESENTATION_CONTEXT() REPRESENTATION_CONTEXT('2D SPACE',''
  ) );
#5170 = ADVANCED_FACE('',(#5171),#4046,.T.);
#5171 = FACE_BOUND('',#5172,.T.);
#5172 = EDGE_LOOP('',(#5173,#5174,#5175,#5176));
#5173 = ORIENTED_EDGE('',*,*,#5127,.T.);
#5174 = ORIENTED_EDGE('',*,*,#4032,.T.);
#5175 = ORIENTED_EDGE('',*,*,#4853,.F.);
#5176 = ORIENTED_EDGE('',*,*,#5177,.F.);
#5177 = EDGE_CURVE('',#5128,#4854,#5178,.T.);
#5178 = SURFACE_CURVE('',#5179,(#5183,#5190),.PCURVE_S1.);
#5179 = LINE('',#5180,#5181);
#5180 = CARTESIAN_POINT('',(-2.972900390625,-21.78,33.4939453125));
#5181 = VECTOR('',#5182,1.);
#5182 = DIRECTION('',(0.,0.,-1.));
#5183 = PCURVE('',#4046,#5184);
#5184 = DEFINITIONAL_REPRESENTATION('',(#5185),#5189);
#5185 = LINE('',#5186,#5187);
#5186 = CARTESIAN_POINT('',(0.,0.));
#5187 = VECTOR('',#5188,1.);
#5188 = DIRECTION('',(1.,0.));
#5189 = ( GEOMETRIC_REPRESENTATION_CONTEXT(2) 
PARAMETRIC_REPRESENTATION_CONTEXT() REPRESENTATION_CONTEXT('2D SPACE',''
  ) );
#5190 = PCURVE('',#4914,#5191);
#5191 = DEFINITIONAL_REPRESENTATION('',(#5192),#5196);
#5192 = LINE('',#5193,#5194);
#5193 = CARTESIAN_POINT('',(-2.225565274602,-3.186881189841));
#5194 = VECTOR('',#5195,1.);
#5195 = DIRECTION('',(1.,0.));
#5196 = ( GEOMETRIC_REPRESENTATION_CONTEXT(2) 
PARAMETRIC_REPRESENTATION_CONTEXT() REPRESENTATION_CONTEXT('2D SPACE',''
  ) );
#5197 = ADVANCED_FACE('',(#5198),#4078,.T.);
#5198 = FACE_BOUND('',#5199,.T.);
#5199 = EDGE_LOOP('',(#5200,#5223,#5224,#5247));
#5200 = ORIENTED_EDGE('',*,*,#5201,.T.);
#5201 = EDGE_CURVE('',#5202,#4061,#5204,.T.);
#5202 = VERTEX_POINT('',#5203);
#5203 = CARTESIAN_POINT('',(-2.972900390625,-21.78,29.23564453125));
#5204 = SURFACE_CURVE('',#5205,(#5209,#5216),.PCURVE_S1.);
#5205 = LINE('',#5206,#5207);
#5206 = CARTESIAN_POINT('',(-2.972900390625,-21.78,29.23564453125));
#5207 = VECTOR('',#5208,1.);
#5208 = DIRECTION('',(-0.,1.,-0.));
#5209 = PCURVE('',#4078,#5210);
#5210 = DEFINITIONAL_REPRESENTATION('',(#5211),#5215);
#5211 = LINE('',#5212,#5213);
#5212 = CARTESIAN_POINT('',(0.,0.));
#5213 = VECTOR('',#5214,1.);
#5214 = DIRECTION('',(0.,-1.));
#5215 = ( GEOMETRIC_REPRESENTATION_CONTEXT(2) 
PARAMETRIC_REPRESENTATION_CONTEXT() REPRESENTATION_CONTEXT('2D SPACE',''
  ) );
#5216 = PCURVE('',#4252,#5217);
#5217 = DEFINITIONAL_REPRESENTATION('',(#5218),#5222);
#5218 = LINE('',#5219,#5220);
#5219 = CARTESIAN_POINT('',(1.71826171875,0.));
#5220 = VECTOR('',#5221,1.);
#5221 = DIRECTION('',(0.,-1.));
#5222 = ( GEOMETRIC_REPRESENTATION_CONTEXT(2) 
PARAMETRIC_REPRESENTATION_CONTEXT() REPRESENTATION_CONTEXT('2D SPACE',''
  ) );
#5223 = ORIENTED_EDGE('',*,*,#4060,.T.);
#5224 = ORIENTED_EDGE('',*,*,#5225,.F.);
#5225 = EDGE_CURVE('',#5226,#4063,#5228,.T.);
#5226 = VERTEX_POINT('',#5227);
#5227 = CARTESIAN_POINT('',(-1.979736328125,-21.78,29.23564453125));
#5228 = SURFACE_CURVE('',#5229,(#5233,#5240),.PCURVE_S1.);
#5229 = LINE('',#5230,#5231);
#5230 = CARTESIAN_POINT('',(-1.979736328125,-21.78,29.23564453125));
#5231 = VECTOR('',#5232,1.);
#5232 = DIRECTION('',(-0.,1.,-0.));
#5233 = PCURVE('',#4078,#5234);
#5234 = DEFINITIONAL_REPRESENTATION('',(#5235),#5239);
#5235 = LINE('',#5236,#5237);
#5236 = CARTESIAN_POINT('',(0.9931640625,0.));
#5237 = VECTOR('',#5238,1.);
#5238 = DIRECTION('',(0.,-1.));
#5239 = ( GEOMETRIC_REPRESENTATION_CONTEXT(2) 
PARAMETRIC_REPRESENTATION_CONTEXT() REPRESENTATION_CONTEXT('2D SPACE',''
  ) );
#5240 = PCURVE('',#4106,#5241);
#5241 = DEFINITIONAL_REPRESENTATION('',(#5242),#5246);
#5242 = LINE('',#5243,#5244);
#5243 = CARTESIAN_POINT('',(0.,0.));
#5244 = VECTOR('',#5245,1.);
#5245 = DIRECTION('',(0.,-1.));
#5246 = ( GEOMETRIC_REPRESENTATION_CONTEXT(2) 
PARAMETRIC_REPRESENTATION_CONTEXT() REPRESENTATION_CONTEXT('2D SPACE',''
  ) );
#5247 = ORIENTED_EDGE('',*,*,#5248,.F.);
#5248 = EDGE_CURVE('',#5202,#5226,#5249,.T.);
#5249 = SURFACE_CURVE('',#5250,(#5254,#5261),.PCURVE_S1.);
#5250 = LINE('',#5251,#5252);
#5251 = CARTESIAN_POINT('',(-2.972900390625,-21.78,29.23564453125));
#5252 = VECTOR('',#5253,1.);
#5253 = DIRECTION('',(1.,0.,0.));
#5254 = PCURVE('',#4078,#5255);
#5255 = DEFINITIONAL_REPRESENTATION('',(#5256),#5260);
#5256 = LINE('',#5257,#5258);
#5257 = CARTESIAN_POINT('',(0.,0.));
#5258 = VECTOR('',#5259,1.);
#5259 = DIRECTION('',(1.,0.));
#5260 = ( GEOMETRIC_REPRESENTATION_CONTEXT(2) 
PARAMETRIC_REPRESENTATION_CONTEXT() REPRESENTATION_CONTEXT('2D SPACE',''
  ) );
#5261 = PCURVE('',#5262,#5267);
#5262 = PLANE('',#5263);
#5263 = AXIS2_PLACEMENT_3D('',#5264,#5265,#5266);
#5264 = CARTESIAN_POINT('',(0.213980799216,-21.78,31.268380037898));
#5265 = DIRECTION('',(-0.,-1.,-0.));
#5266 = DIRECTION('',(0.,0.,-1.));
#5267 = DEFINITIONAL_REPRESENTATION('',(#5268),#5272);
#5268 = LINE('',#5269,#5270);
#5269 = CARTESIAN_POINT('',(2.032735506648,-3.186881189841));
#5270 = VECTOR('',#5271,1.);
#5271 = DIRECTION('',(0.,1.));
#5272 = ( GEOMETRIC_REPRESENTATION_CONTEXT(2) 
PARAMETRIC_REPRESENTATION_CONTEXT() REPRESENTATION_CONTEXT('2D SPACE',''
  ) );
#5273 = ADVANCED_FACE('',(#5274),#4106,.T.);
#5274 = FACE_BOUND('',#5275,.T.);
#5275 = EDGE_LOOP('',(#5276,#5277,#5278,#5301));
#5276 = ORIENTED_EDGE('',*,*,#5225,.T.);
#5277 = ORIENTED_EDGE('',*,*,#4090,.T.);
#5278 = ORIENTED_EDGE('',*,*,#5279,.F.);
#5279 = EDGE_CURVE('',#5280,#4091,#5282,.T.);
#5280 = VERTEX_POINT('',#5281);
#5281 = CARTESIAN_POINT('',(-1.212890625,-21.78,29.4509765625));
#5282 = SURFACE_CURVE('',#5283,(#5287,#5294),.PCURVE_S1.);
#5283 = LINE('',#5284,#5285);
#5284 = CARTESIAN_POINT('',(-1.212890625,-21.78,29.4509765625));
#5285 = VECTOR('',#5286,1.);
#5286 = DIRECTION('',(-0.,1.,-0.));
#5287 = PCURVE('',#4106,#5288);
#5288 = DEFINITIONAL_REPRESENTATION('',(#5289),#5293);
#5289 = LINE('',#5290,#5291);
#5290 = CARTESIAN_POINT('',(1.,0.));
#5291 = VECTOR('',#5292,1.);
#5292 = DIRECTION('',(0.,-1.));
#5293 = ( GEOMETRIC_REPRESENTATION_CONTEXT(2) 
PARAMETRIC_REPRESENTATION_CONTEXT() REPRESENTATION_CONTEXT('2D SPACE',''
  ) );
#5294 = PCURVE('',#4136,#5295);
#5295 = DEFINITIONAL_REPRESENTATION('',(#5296),#5300);
#5296 = LINE('',#5297,#5298);
#5297 = CARTESIAN_POINT('',(0.,0.));
#5298 = VECTOR('',#5299,1.);
#5299 = DIRECTION('',(0.,-1.));
#5300 = ( GEOMETRIC_REPRESENTATION_CONTEXT(2) 
PARAMETRIC_REPRESENTATION_CONTEXT() REPRESENTATION_CONTEXT('2D SPACE',''
  ) );
#5301 = ORIENTED_EDGE('',*,*,#5302,.F.);
#5302 = EDGE_CURVE('',#5226,#5280,#5303,.T.);
#5303 = SURFACE_CURVE('',#5304,(#5308,#5315),.PCURVE_S1.);
#5304 = B_SPLINE_CURVE_WITH_KNOTS('',2,(#5305,#5306,#5307),
  .UNSPECIFIED.,.F.,.F.,(3,3),(0.,1.),.PIECEWISE_BEZIER_KNOTS.);
#5305 = CARTESIAN_POINT('',(-1.979736328125,-21.78,29.23564453125));
#5306 = CARTESIAN_POINT('',(-1.469970703125,-21.78,29.23564453125));
#5307 = CARTESIAN_POINT('',(-1.212890625,-21.78,29.4509765625));
#5308 = PCURVE('',#4106,#5309);
#5309 = DEFINITIONAL_REPRESENTATION('',(#5310),#5314);
#5310 = LINE('',#5311,#5312);
#5311 = CARTESIAN_POINT('',(0.,0.));
#5312 = VECTOR('',#5313,1.);
#5313 = DIRECTION('',(1.,0.));
#5314 = ( GEOMETRIC_REPRESENTATION_CONTEXT(2) 
PARAMETRIC_REPRESENTATION_CONTEXT() REPRESENTATION_CONTEXT('2D SPACE',''
  ) );
#5315 = PCURVE('',#5262,#5316);
#5316 = DEFINITIONAL_REPRESENTATION('',(#5317),#5321);
#5317 = B_SPLINE_CURVE_WITH_KNOTS('',2,(#5318,#5319,#5320),
  .UNSPECIFIED.,.F.,.F.,(3,3),(0.,1.),.PIECEWISE_BEZIER_KNOTS.);
#5318 = CARTESIAN_POINT('',(2.032735506648,-2.193717127341));
#5319 = CARTESIAN_POINT('',(2.032735506648,-1.683951502341));
#5320 = CARTESIAN_POINT('',(1.817403475398,-1.426871424216));
#5321 = ( GEOMETRIC_REPRESENTATION_CONTEXT(2) 
PARAMETRIC_REPRESENTATION_CONTEXT() REPRESENTATION_CONTEXT('2D SPACE',''
  ) );
#5322 = ADVANCED_FACE('',(#5323),#4136,.T.);
#5323 = FACE_BOUND('',#5324,.T.);
#5324 = EDGE_LOOP('',(#5325,#5326,#5327,#5350));
#5325 = ORIENTED_EDGE('',*,*,#5279,.T.);
#5326 = ORIENTED_EDGE('',*,*,#4120,.T.);
#5327 = ORIENTED_EDGE('',*,*,#5328,.F.);
#5328 = EDGE_CURVE('',#5329,#4121,#5331,.T.);
#5329 = VERTEX_POINT('',#5330);
#5330 = CARTESIAN_POINT('',(-0.955810546875,-21.78,30.1013671875));
#5331 = SURFACE_CURVE('',#5332,(#5336,#5343),.PCURVE_S1.);
#5332 = LINE('',#5333,#5334);
#5333 = CARTESIAN_POINT('',(-0.955810546875,-21.78,30.1013671875));
#5334 = VECTOR('',#5335,1.);
#5335 = DIRECTION('',(-0.,1.,-0.));
#5336 = PCURVE('',#4136,#5337);
#5337 = DEFINITIONAL_REPRESENTATION('',(#5338),#5342);
#5338 = LINE('',#5339,#5340);
#5339 = CARTESIAN_POINT('',(1.,0.));
#5340 = VECTOR('',#5341,1.);
#5341 = DIRECTION('',(0.,-1.));
#5342 = ( GEOMETRIC_REPRESENTATION_CONTEXT(2) 
PARAMETRIC_REPRESENTATION_CONTEXT() REPRESENTATION_CONTEXT('2D SPACE',''
  ) );
#5343 = PCURVE('',#4166,#5344);
#5344 = DEFINITIONAL_REPRESENTATION('',(#5345),#5349);
#5345 = LINE('',#5346,#5347);
#5346 = CARTESIAN_POINT('',(0.,0.));
#5347 = VECTOR('',#5348,1.);
#5348 = DIRECTION('',(0.,-1.));
#5349 = ( GEOMETRIC_REPRESENTATION_CONTEXT(2) 
PARAMETRIC_REPRESENTATION_CONTEXT() REPRESENTATION_CONTEXT('2D SPACE',''
  ) );
#5350 = ORIENTED_EDGE('',*,*,#5351,.F.);
#5351 = EDGE_CURVE('',#5280,#5329,#5352,.T.);
#5352 = SURFACE_CURVE('',#5353,(#5357,#5364),.PCURVE_S1.);
#5353 = B_SPLINE_CURVE_WITH_KNOTS('',2,(#5354,#5355,#5356),
  .UNSPECIFIED.,.F.,.F.,(3,3),(0.,1.),.PIECEWISE_BEZIER_KNOTS.);
#5354 = CARTESIAN_POINT('',(-1.212890625,-21.78,29.4509765625));
#5355 = CARTESIAN_POINT('',(-0.955810546875,-21.78,29.66630859375));
#5356 = CARTESIAN_POINT('',(-0.955810546875,-21.78,30.1013671875));
#5357 = PCURVE('',#4136,#5358);
#5358 = DEFINITIONAL_REPRESENTATION('',(#5359),#5363);
#5359 = LINE('',#5360,#5361);
#5360 = CARTESIAN_POINT('',(0.,0.));
#5361 = VECTOR('',#5362,1.);
#5362 = DIRECTION('',(1.,0.));
#5363 = ( GEOMETRIC_REPRESENTATION_CONTEXT(2) 
PARAMETRIC_REPRESENTATION_CONTEXT() REPRESENTATION_CONTEXT('2D SPACE',''
  ) );
#5364 = PCURVE('',#5262,#5365);
#5365 = DEFINITIONAL_REPRESENTATION('',(#5366),#5370);
#5366 = B_SPLINE_CURVE_WITH_KNOTS('',2,(#5367,#5368,#5369),
  .UNSPECIFIED.,.F.,.F.,(3,3),(0.,1.),.PIECEWISE_BEZIER_KNOTS.);
#5367 = CARTESIAN_POINT('',(1.817403475398,-1.426871424216));
#5368 = CARTESIAN_POINT('',(1.602071444148,-1.169791346091));
#5369 = CARTESIAN_POINT('',(1.167012850398,-1.169791346091));
#5370 = ( GEOMETRIC_REPRESENTATION_CONTEXT(2) 
PARAMETRIC_REPRESENTATION_CONTEXT() REPRESENTATION_CONTEXT('2D SPACE',''
  ) );
#5371 = ADVANCED_FACE('',(#5372),#4166,.T.);
#5372 = FACE_BOUND('',#5373,.T.);
#5373 = EDGE_LOOP('',(#5374,#5375,#5376,#5399));
#5374 = ORIENTED_EDGE('',*,*,#5328,.T.);
#5375 = ORIENTED_EDGE('',*,*,#4150,.T.);
#5376 = ORIENTED_EDGE('',*,*,#5377,.F.);
#5377 = EDGE_CURVE('',#5378,#4151,#5380,.T.);
#5378 = VERTEX_POINT('',#5379);
#5379 = CARTESIAN_POINT('',(-1.210693359375,-21.78,30.740771484375));
#5380 = SURFACE_CURVE('',#5381,(#5385,#5392),.PCURVE_S1.);
#5381 = LINE('',#5382,#5383);
#5382 = CARTESIAN_POINT('',(-1.210693359375,-21.78,30.740771484375));
#5383 = VECTOR('',#5384,1.);
#5384 = DIRECTION('',(-0.,1.,-0.));
#5385 = PCURVE('',#4166,#5386);
#5386 = DEFINITIONAL_REPRESENTATION('',(#5387),#5391);
#5387 = LINE('',#5388,#5389);
#5388 = CARTESIAN_POINT('',(1.,0.));
#5389 = VECTOR('',#5390,1.);
#5390 = DIRECTION('',(0.,-1.));
#5391 = ( GEOMETRIC_REPRESENTATION_CONTEXT(2) 
PARAMETRIC_REPRESENTATION_CONTEXT() REPRESENTATION_CONTEXT('2D SPACE',''
  ) );
#5392 = PCURVE('',#4196,#5393);
#5393 = DEFINITIONAL_REPRESENTATION('',(#5394),#5398);
#5394 = LINE('',#5395,#5396);
#5395 = CARTESIAN_POINT('',(0.,0.));
#5396 = VECTOR('',#5397,1.);
#5397 = DIRECTION('',(0.,-1.));
#5398 = ( GEOMETRIC_REPRESENTATION_CONTEXT(2) 
PARAMETRIC_REPRESENTATION_CONTEXT() REPRESENTATION_CONTEXT('2D SPACE',''
  ) );
#5399 = ORIENTED_EDGE('',*,*,#5400,.F.);
#5400 = EDGE_CURVE('',#5329,#5378,#5401,.T.);
#5401 = SURFACE_CURVE('',#5402,(#5406,#5413),.PCURVE_S1.);
#5402 = B_SPLINE_CURVE_WITH_KNOTS('',2,(#5403,#5404,#5405),
  .UNSPECIFIED.,.F.,.F.,(3,3),(0.,1.),.PIECEWISE_BEZIER_KNOTS.);
#5403 = CARTESIAN_POINT('',(-0.955810546875,-21.78,30.1013671875));
#5404 = CARTESIAN_POINT('',(-0.955810546875,-21.78,30.52763671875));
#5405 = CARTESIAN_POINT('',(-1.210693359375,-21.78,30.740771484375));
#5406 = PCURVE('',#4166,#5407);
#5407 = DEFINITIONAL_REPRESENTATION('',(#5408),#5412);
#5408 = LINE('',#5409,#5410);
#5409 = CARTESIAN_POINT('',(0.,0.));
#5410 = VECTOR('',#5411,1.);
#5411 = DIRECTION('',(1.,0.));
#5412 = ( GEOMETRIC_REPRESENTATION_CONTEXT(2) 
PARAMETRIC_REPRESENTATION_CONTEXT() REPRESENTATION_CONTEXT('2D SPACE',''
  ) );
#5413 = PCURVE('',#5262,#5414);
#5414 = DEFINITIONAL_REPRESENTATION('',(#5415),#5419);
#5415 = B_SPLINE_CURVE_WITH_KNOTS('',2,(#5416,#5417,#5418),
  .UNSPECIFIED.,.F.,.F.,(3,3),(0.,1.),.PIECEWISE_BEZIER_KNOTS.);
#5416 = CARTESIAN_POINT('',(1.167012850398,-1.169791346091));
#5417 = CARTESIAN_POINT('',(0.740743319148,-1.169791346091));
#5418 = CARTESIAN_POINT('',(0.527608553523,-1.424674158591));
#5419 = ( GEOMETRIC_REPRESENTATION_CONTEXT(2) 
PARAMETRIC_REPRESENTATION_CONTEXT() REPRESENTATION_CONTEXT('2D SPACE',''
  ) );
#5420 = ADVANCED_FACE('',(#5421),#4196,.T.);
#5421 = FACE_BOUND('',#5422,.T.);
#5422 = EDGE_LOOP('',(#5423,#5424,#5425,#5448));
#5423 = ORIENTED_EDGE('',*,*,#5377,.T.);
#5424 = ORIENTED_EDGE('',*,*,#4180,.T.);
#5425 = ORIENTED_EDGE('',*,*,#5426,.F.);
#5426 = EDGE_CURVE('',#5427,#4181,#5429,.T.);
#5427 = VERTEX_POINT('',#5428);
#5428 = CARTESIAN_POINT('',(-1.979736328125,-21.78,30.95390625));
#5429 = SURFACE_CURVE('',#5430,(#5434,#5441),.PCURVE_S1.);
#5430 = LINE('',#5431,#5432);
#5431 = CARTESIAN_POINT('',(-1.979736328125,-21.78,30.95390625));
#5432 = VECTOR('',#5433,1.);
#5433 = DIRECTION('',(-0.,1.,-0.));
#5434 = PCURVE('',#4196,#5435);
#5435 = DEFINITIONAL_REPRESENTATION('',(#5436),#5440);
#5436 = LINE('',#5437,#5438);
#5437 = CARTESIAN_POINT('',(1.,0.));
#5438 = VECTOR('',#5439,1.);
#5439 = DIRECTION('',(0.,-1.));
#5440 = ( GEOMETRIC_REPRESENTATION_CONTEXT(2) 
PARAMETRIC_REPRESENTATION_CONTEXT() REPRESENTATION_CONTEXT('2D SPACE',''
  ) );
#5441 = PCURVE('',#4226,#5442);
#5442 = DEFINITIONAL_REPRESENTATION('',(#5443),#5447);
#5443 = LINE('',#5444,#5445);
#5444 = CARTESIAN_POINT('',(0.,0.));
#5445 = VECTOR('',#5446,1.);
#5446 = DIRECTION('',(0.,-1.));
#5447 = ( GEOMETRIC_REPRESENTATION_CONTEXT(2) 
PARAMETRIC_REPRESENTATION_CONTEXT() REPRESENTATION_CONTEXT('2D SPACE',''
  ) );
#5448 = ORIENTED_EDGE('',*,*,#5449,.F.);
#5449 = EDGE_CURVE('',#5378,#5427,#5450,.T.);
#5450 = SURFACE_CURVE('',#5451,(#5455,#5462),.PCURVE_S1.);
#5451 = B_SPLINE_CURVE_WITH_KNOTS('',2,(#5452,#5453,#5454),
  .UNSPECIFIED.,.F.,.F.,(3,3),(0.,1.),.PIECEWISE_BEZIER_KNOTS.);
#5452 = CARTESIAN_POINT('',(-1.210693359375,-21.78,30.740771484375));
#5453 = CARTESIAN_POINT('',(-1.465576171875,-21.78,30.95390625));
#5454 = CARTESIAN_POINT('',(-1.979736328125,-21.78,30.95390625));
#5455 = PCURVE('',#4196,#5456);
#5456 = DEFINITIONAL_REPRESENTATION('',(#5457),#5461);
#5457 = LINE('',#5458,#5459);
#5458 = CARTESIAN_POINT('',(0.,0.));
#5459 = VECTOR('',#5460,1.);
#5460 = DIRECTION('',(1.,0.));
#5461 = ( GEOMETRIC_REPRESENTATION_CONTEXT(2) 
PARAMETRIC_REPRESENTATION_CONTEXT() REPRESENTATION_CONTEXT('2D SPACE',''
  ) );
#5462 = PCURVE('',#5262,#5463);
#5463 = DEFINITIONAL_REPRESENTATION('',(#5464),#5468);
#5464 = B_SPLINE_CURVE_WITH_KNOTS('',2,(#5465,#5466,#5467),
  .UNSPECIFIED.,.F.,.F.,(3,3),(0.,1.),.PIECEWISE_BEZIER_KNOTS.);
#5465 = CARTESIAN_POINT('',(0.527608553523,-1.424674158591));
#5466 = CARTESIAN_POINT('',(0.314473787898,-1.679556971091));
#5467 = CARTESIAN_POINT('',(0.314473787898,-2.193717127341));
#5468 = ( GEOMETRIC_REPRESENTATION_CONTEXT(2) 
PARAMETRIC_REPRESENTATION_CONTEXT() REPRESENTATION_CONTEXT('2D SPACE',''
  ) );
#5469 = ADVANCED_FACE('',(#5470),#4226,.T.);
#5470 = FACE_BOUND('',#5471,.T.);
#5471 = EDGE_LOOP('',(#5472,#5473,#5474,#5497));
#5472 = ORIENTED_EDGE('',*,*,#5426,.T.);
#5473 = ORIENTED_EDGE('',*,*,#4210,.T.);
#5474 = ORIENTED_EDGE('',*,*,#5475,.F.);
#5475 = EDGE_CURVE('',#5476,#4211,#5478,.T.);
#5476 = VERTEX_POINT('',#5477);
#5477 = CARTESIAN_POINT('',(-2.972900390625,-21.78,30.95390625));
#5478 = SURFACE_CURVE('',#5479,(#5483,#5490),.PCURVE_S1.);
#5479 = LINE('',#5480,#5481);
#5480 = CARTESIAN_POINT('',(-2.972900390625,-21.78,30.95390625));
#5481 = VECTOR('',#5482,1.);
#5482 = DIRECTION('',(-0.,1.,-0.));
#5483 = PCURVE('',#4226,#5484);
#5484 = DEFINITIONAL_REPRESENTATION('',(#5485),#5489);
#5485 = LINE('',#5486,#5487);
#5486 = CARTESIAN_POINT('',(0.9931640625,0.));
#5487 = VECTOR('',#5488,1.);
#5488 = DIRECTION('',(0.,-1.));
#5489 = ( GEOMETRIC_REPRESENTATION_CONTEXT(2) 
PARAMETRIC_REPRESENTATION_CONTEXT() REPRESENTATION_CONTEXT('2D SPACE',''
  ) );
#5490 = PCURVE('',#4252,#5491);
#5491 = DEFINITIONAL_REPRESENTATION('',(#5492),#5496);
#5492 = LINE('',#5493,#5494);
#5493 = CARTESIAN_POINT('',(0.,0.));
#5494 = VECTOR('',#5495,1.);
#5495 = DIRECTION('',(0.,-1.));
#5496 = ( GEOMETRIC_REPRESENTATION_CONTEXT(2) 
PARAMETRIC_REPRESENTATION_CONTEXT() REPRESENTATION_CONTEXT('2D SPACE',''
  ) );
#5497 = ORIENTED_EDGE('',*,*,#5498,.F.);
#5498 = EDGE_CURVE('',#5427,#5476,#5499,.T.);
#5499 = SURFACE_CURVE('',#5500,(#5504,#5511),.PCURVE_S1.);
#5500 = LINE('',#5501,#5502);
#5501 = CARTESIAN_POINT('',(-1.979736328125,-21.78,30.95390625));
#5502 = VECTOR('',#5503,1.);
#5503 = DIRECTION('',(-1.,0.,0.));
#5504 = PCURVE('',#4226,#5505);
#5505 = DEFINITIONAL_REPRESENTATION('',(#5506),#5510);
#5506 = LINE('',#5507,#5508);
#5507 = CARTESIAN_POINT('',(0.,0.));
#5508 = VECTOR('',#5509,1.);
#5509 = DIRECTION('',(1.,0.));
#5510 = ( GEOMETRIC_REPRESENTATION_CONTEXT(2) 
PARAMETRIC_REPRESENTATION_CONTEXT() REPRESENTATION_CONTEXT('2D SPACE',''
  ) );
#5511 = PCURVE('',#5262,#5512);
#5512 = DEFINITIONAL_REPRESENTATION('',(#5513),#5517);
#5513 = LINE('',#5514,#5515);
#5514 = CARTESIAN_POINT('',(0.314473787898,-2.193717127341));
#5515 = VECTOR('',#5516,1.);
#5516 = DIRECTION('',(0.,-1.));
#5517 = ( GEOMETRIC_REPRESENTATION_CONTEXT(2) 
PARAMETRIC_REPRESENTATION_CONTEXT() REPRESENTATION_CONTEXT('2D SPACE',''
  ) );
#5518 = ADVANCED_FACE('',(#5519),#4252,.T.);
#5519 = FACE_BOUND('',#5520,.T.);
#5520 = EDGE_LOOP('',(#5521,#5522,#5523,#5524));
#5521 = ORIENTED_EDGE('',*,*,#5475,.T.);
#5522 = ORIENTED_EDGE('',*,*,#4238,.T.);
#5523 = ORIENTED_EDGE('',*,*,#5201,.F.);
#5524 = ORIENTED_EDGE('',*,*,#5525,.F.);
#5525 = EDGE_CURVE('',#5476,#5202,#5526,.T.);
#5526 = SURFACE_CURVE('',#5527,(#5531,#5538),.PCURVE_S1.);
#5527 = LINE('',#5528,#5529);
#5528 = CARTESIAN_POINT('',(-2.972900390625,-21.78,30.95390625));
#5529 = VECTOR('',#5530,1.);
#5530 = DIRECTION('',(0.,0.,-1.));
#5531 = PCURVE('',#4252,#5532);
#5532 = DEFINITIONAL_REPRESENTATION('',(#5533),#5537);
#5533 = LINE('',#5534,#5535);
#5534 = CARTESIAN_POINT('',(0.,0.));
#5535 = VECTOR('',#5536,1.);
#5536 = DIRECTION('',(1.,0.));
#5537 = ( GEOMETRIC_REPRESENTATION_CONTEXT(2) 
PARAMETRIC_REPRESENTATION_CONTEXT() REPRESENTATION_CONTEXT('2D SPACE',''
  ) );
#5538 = PCURVE('',#5262,#5539);
#5539 = DEFINITIONAL_REPRESENTATION('',(#5540),#5544);
#5540 = LINE('',#5541,#5542);
#5541 = CARTESIAN_POINT('',(0.314473787898,-3.186881189841));
#5542 = VECTOR('',#5543,1.);
#5543 = DIRECTION('',(1.,0.));
#5544 = ( GEOMETRIC_REPRESENTATION_CONTEXT(2) 
PARAMETRIC_REPRESENTATION_CONTEXT() REPRESENTATION_CONTEXT('2D SPACE',''
  ) );
#5545 = ADVANCED_FACE('',(#5546),#4290,.T.);
#5546 = FACE_BOUND('',#5547,.F.);
#5547 = EDGE_LOOP('',(#5548,#5549,#5550,#5551,#5552,#5553,#5554));
#5548 = ORIENTED_EDGE('',*,*,#4267,.F.);
#5549 = ORIENTED_EDGE('',*,*,#4348,.T.);
#5550 = ORIENTED_EDGE('',*,*,#4489,.T.);
#5551 = ORIENTED_EDGE('',*,*,#4633,.T.);
#5552 = ORIENTED_EDGE('',*,*,#4727,.T.);
#5553 = ORIENTED_EDGE('',*,*,#4583,.T.);
#5554 = ORIENTED_EDGE('',*,*,#4442,.F.);
#5555 = ADVANCED_FACE('',(#5556),#4838,.F.);
#5556 = FACE_BOUND('',#5557,.T.);
#5557 = EDGE_LOOP('',(#5558,#5581,#5608,#5609));
#5558 = ORIENTED_EDGE('',*,*,#5559,.F.);
#5559 = EDGE_CURVE('',#5560,#4800,#5562,.T.);
#5560 = VERTEX_POINT('',#5561);
#5561 = CARTESIAN_POINT('',(19.,0.,4.2));
#5562 = SEAM_CURVE('',#5563,(#5567,#5574),.PCURVE_S1.);
#5563 = LINE('',#5564,#5565);
#5564 = CARTESIAN_POINT('',(19.,0.,3.));
#5565 = VECTOR('',#5566,1.);
#5566 = DIRECTION('',(0.,0.,1.));
#5567 = PCURVE('',#4838,#5568);
#5568 = DEFINITIONAL_REPRESENTATION('',(#5569),#5573);
#5569 = LINE('',#5570,#5571);
#5570 = CARTESIAN_POINT('',(-6.28318530718,0.));
#5571 = VECTOR('',#5572,1.);
#5572 = DIRECTION('',(-0.,-1.));
#5573 = ( GEOMETRIC_REPRESENTATION_CONTEXT(2) 
PARAMETRIC_REPRESENTATION_CONTEXT() REPRESENTATION_CONTEXT('2D SPACE',''
  ) );
#5574 = PCURVE('',#4838,#5575);
#5575 = DEFINITIONAL_REPRESENTATION('',(#5576),#5580);
#5576 = LINE('',#5577,#5578);
#5577 = CARTESIAN_POINT('',(-0.,0.));
#5578 = VECTOR('',#5579,1.);
#5579 = DIRECTION('',(-0.,-1.));
#5580 = ( GEOMETRIC_REPRESENTATION_CONTEXT(2) 
PARAMETRIC_REPRESENTATION_CONTEXT() REPRESENTATION_CONTEXT('2D SPACE',''
  ) );
#5581 = ORIENTED_EDGE('',*,*,#5582,.F.);
#5582 = EDGE_CURVE('',#5560,#5560,#5583,.T.);
#5583 = SURFACE_CURVE('',#5584,(#5589,#5596),.PCURVE_S1.);
#5584 = CIRCLE('',#5585,19.);
#5585 = AXIS2_PLACEMENT_3D('',#5586,#5587,#5588);
#5586 = CARTESIAN_POINT('',(0.,0.,4.2));
#5587 = DIRECTION('',(0.,0.,1.));
#5588 = DIRECTION('',(1.,0.,-0.));
#5589 = PCURVE('',#4838,#5590);
#5590 = DEFINITIONAL_REPRESENTATION('',(#5591),#5595);
#5591 = LINE('',#5592,#5593);
#5592 = CARTESIAN_POINT('',(-0.,-1.2));
#5593 = VECTOR('',#5594,1.);
#5594 = DIRECTION('',(-1.,0.));
#5595 = ( GEOMETRIC_REPRESENTATION_CONTEXT(2) 
PARAMETRIC_REPRESENTATION_CONTEXT() REPRESENTATION_CONTEXT('2D SPACE',''
  ) );
#5596 = PCURVE('',#5597,#5602);
#5597 = TOROIDAL_SURFACE('',#5598,17.8,1.2);
#5598 = AXIS2_PLACEMENT_3D('',#5599,#5600,#5601);
#5599 = CARTESIAN_POINT('',(0.,0.,4.2));
#5600 = DIRECTION('',(-0.,-0.,-1.));
#5601 = DIRECTION('',(1.,0.,-0.));
#5602 = DEFINITIONAL_REPRESENTATION('',(#5603),#5607);
#5603 = LINE('',#5604,#5605);
#5604 = CARTESIAN_POINT('',(-0.,0.));
#5605 = VECTOR('',#5606,1.);
#5606 = DIRECTION('',(-1.,0.));
#5607 = ( GEOMETRIC_REPRESENTATION_CONTEXT(2) 
PARAMETRIC_REPRESENTATION_CONTEXT() REPRESENTATION_CONTEXT('2D SPACE',''
  ) );
#5608 = ORIENTED_EDGE('',*,*,#5559,.T.);
#5609 = ORIENTED_EDGE('',*,*,#4823,.F.);
#5610 = ADVANCED_FACE('',(#5611),#4914,.T.);
#5611 = FACE_BOUND('',#5612,.T.);
#5612 = EDGE_LOOP('',(#5613,#5614,#5615,#5616,#5617,#5618,#5619));
#5613 = ORIENTED_EDGE('',*,*,#5177,.T.);
#5614 = ORIENTED_EDGE('',*,*,#4900,.T.);
#5615 = ORIENTED_EDGE('',*,*,#4954,.T.);
#5616 = ORIENTED_EDGE('',*,*,#5003,.T.);
#5617 = ORIENTED_EDGE('',*,*,#5052,.T.);
#5618 = ORIENTED_EDGE('',*,*,#5101,.T.);
#5619 = ORIENTED_EDGE('',*,*,#5150,.T.);
#5620 = ADVANCED_FACE('',(#5621),#5262,.T.);
#5621 = FACE_BOUND('',#5622,.T.);
#5622 = EDGE_LOOP('',(#5623,#5624,#5625,#5626,#5627,#5628,#5629));
#5623 = ORIENTED_EDGE('',*,*,#5525,.T.);
#5624 = ORIENTED_EDGE('',*,*,#5248,.T.);
#5625 = ORIENTED_EDGE('',*,*,#5302,.T.);
#5626 = ORIENTED_EDGE('',*,*,#5351,.T.);
#5627 = ORIENTED_EDGE('',*,*,#5400,.T.);
#5628 = ORIENTED_EDGE('',*,*,#5449,.T.);
#5629 = ORIENTED_EDGE('',*,*,#5498,.T.);
#5630 = ADVANCED_FACE('',(#5631),#5597,.F.);
#5631 = FACE_BOUND('',#5632,.T.);
#5632 = EDGE_LOOP('',(#5633,#5655,#5656,#5657));
#5633 = ORIENTED_EDGE('',*,*,#5634,.F.);
#5634 = EDGE_CURVE('',#5560,#5635,#5637,.T.);
#5635 = VERTEX_POINT('',#5636);
#5636 = CARTESIAN_POINT('',(17.8,0.,3.));
#5637 = SEAM_CURVE('',#5638,(#5643,#5649),.PCURVE_S1.);
#5638 = CIRCLE('',#5639,1.2);
#5639 = AXIS2_PLACEMENT_3D('',#5640,#5641,#5642);
#5640 = CARTESIAN_POINT('',(17.8,0.,4.2));
#5641 = DIRECTION('',(0.,1.,0.));
#5642 = DIRECTION('',(1.,0.,-0.));
#5643 = PCURVE('',#5597,#5644);
#5644 = DEFINITIONAL_REPRESENTATION('',(#5645),#5648);
#5645 = B_SPLINE_CURVE_WITH_KNOTS('',1,(#5646,#5647),.UNSPECIFIED.,.F.,
  .F.,(2,2),(0.,1.570796326795),.PIECEWISE_BEZIER_KNOTS.);
#5646 = CARTESIAN_POINT('',(0.,0.));
#5647 = CARTESIAN_POINT('',(0.,1.570796326795));
#5648 = ( GEOMETRIC_REPRESENTATION_CONTEXT(2) 
PARAMETRIC_REPRESENTATION_CONTEXT() REPRESENTATION_CONTEXT('2D SPACE',''
  ) );
#5649 = PCURVE('',#5597,#5650);
#5650 = DEFINITIONAL_REPRESENTATION('',(#5651),#5654);
#5651 = B_SPLINE_CURVE_WITH_KNOTS('',1,(#5652,#5653),.UNSPECIFIED.,.F.,
  .F.,(2,2),(0.,1.570796326795),.PIECEWISE_BEZIER_KNOTS.);
#5652 = CARTESIAN_POINT('',(-6.28318530718,0.));
#5653 = CARTESIAN_POINT('',(-6.28318530718,1.570796326795));
#5654 = ( GEOMETRIC_REPRESENTATION_CONTEXT(2) 
PARAMETRIC_REPRESENTATION_CONTEXT() REPRESENTATION_CONTEXT('2D SPACE',''
  ) );
#5655 = ORIENTED_EDGE('',*,*,#5582,.F.);
#5656 = ORIENTED_EDGE('',*,*,#5634,.T.);
#5657 = ORIENTED_EDGE('',*,*,#5658,.T.);
#5658 = EDGE_CURVE('',#5635,#5635,#5659,.T.);
#5659 = SURFACE_CURVE('',#5660,(#5665,#5672),.PCURVE_S1.);
#5660 = CIRCLE('',#5661,17.8);
#5661 = AXIS2_PLACEMENT_3D('',#5662,#5663,#5664);
#5662 = CARTESIAN_POINT('',(0.,0.,3.));
#5663 = DIRECTION('',(0.,0.,1.));
#5664 = DIRECTION('',(1.,0.,-0.));
#5665 = PCURVE('',#5597,#5666);
#5666 = DEFINITIONAL_REPRESENTATION('',(#5667),#5671);
#5667 = LINE('',#5668,#5669);
#5668 = CARTESIAN_POINT('',(-0.,1.570796326795));
#5669 = VECTOR('',#5670,1.);
#5670 = DIRECTION('',(-1.,0.));
#5671 = ( GEOMETRIC_REPRESENTATION_CONTEXT(2) 
PARAMETRIC_REPRESENTATION_CONTEXT() REPRESENTATION_CONTEXT('2D SPACE',''
  ) );
#5672 = PCURVE('',#5673,#5678);
#5673 = PLANE('',#5674);
#5674 = AXIS2_PLACEMENT_3D('',#5675,#5676,#5677);
#5675 = CARTESIAN_POINT('',(-1.727292798997E-15,3.759188932048E-16,3.));
#5676 = DIRECTION('',(0.,0.,1.));
#5677 = DIRECTION('',(1.,0.,-0.));
#5678 = DEFINITIONAL_REPRESENTATION('',(#5679),#5683);
#5679 = CIRCLE('',#5680,17.8);
#5680 = AXIS2_PLACEMENT_2D('',#5681,#5682);
#5681 = CARTESIAN_POINT('',(1.727292798997E-15,-3.759188932048E-16));
#5682 = DIRECTION('',(1.,0.));
#5683 = ( GEOMETRIC_REPRESENTATION_CONTEXT(2) 
PARAMETRIC_REPRESENTATION_CONTEXT() REPRESENTATION_CONTEXT('2D SPACE',''
  ) );
#5684 = ADVANCED_FACE('',(#5685),#5673,.T.);
#5685 = FACE_BOUND('',#5686,.T.);
#5686 = EDGE_LOOP('',(#5687));
#5687 = ORIENTED_EDGE('',*,*,#5658,.T.);
#5688 = ( GEOMETRIC_REPRESENTATION_CONTEXT(3) 
GLOBAL_UNCERTAINTY_ASSIGNED_CONTEXT((#5692)) 
GLOBAL_UNIT_ASSIGNED_CONTEXT((#5689,#5690,#5691)) REPRESENTATION_CONTEXT
('Context #1','3D Context with UNIT and UNCERTAINTY') );
#5689 = ( LENGTH_UNIT() NAMED_UNIT(*) SI_UNIT(.MILLI.,.METRE.) );
#5690 = ( NAMED_UNIT(*) PLANE_ANGLE_UNIT() SI_UNIT($,.RADIAN.) );
#5691 = ( NAMED_UNIT(*) SI_UNIT($,.STERADIAN.) SOLID_ANGLE_UNIT() );
#5692 = UNCERTAINTY_MEASURE_WITH_UNIT(LENGTH_MEASURE(1.E-06),#5689,
  'distance_accuracy_value','confusion accuracy');
#5693 = PRODUCT_RELATED_PRODUCT_CATEGORY('part',$,(#7));
ENDSEC;
END-ISO-10303-21;
